Timestamp,SGRWO-1,SGRWO-2,SGRWO-3,SGRWO-4,SGRWO-5,SGRWO-6
01/08/2022 00:00,,,,,,
01/08/2022 00:30,,,,,,
01/08/2022 01:00,,NOTE: only became fully operational October 17th or so!,,,,
01/08/2022 01:30,,,,,,
01/08/2022 02:00,,,,,,
01/08/2022 02:30,,,,,,
01/08/2022 03:00,,,,,,
01/08/2022 03:30,,,,,,
01/08/2022 04:00,,,,,,
01/08/2022 04:30,,,,,,
01/08/2022 05:00,,,,,,
01/08/2022 05:30,,,,,,
01/08/2022 06:00,,,,,,
01/08/2022 06:30,,,,,,
01/08/2022 07:00,,,,,,
01/08/2022 07:30,,,,,,
01/08/2022 08:00,,,,,,
01/08/2022 08:30,,,,,,
01/08/2022 09:00,,,,,,
01/08/2022 09:30,,,,,,
01/08/2022 10:00,,,,,,
01/08/2022 10:30,,,,,,
01/08/2022 11:00,,,,,,
01/08/2022 11:30,,,,,,
01/08/2022 12:00,,,,,,
01/08/2022 12:30,,,,,,
01/08/2022 13:00,,,,,,
01/08/2022 13:30,,,,,,
01/08/2022 14:00,,,,,,
01/08/2022 14:30,,,,,,
01/08/2022 15:00,,,,,,
01/08/2022 15:30,,,,,,
01/08/2022 16:00,,,,,,
01/08/2022 16:30,,,,,,
01/08/2022 17:00,,,,,,
01/08/2022 17:30,,,,,,
01/08/2022 18:00,,,,,,
01/08/2022 18:30,,,,,,
01/08/2022 19:00,,,,,,
01/08/2022 19:30,,,,,,
01/08/2022 20:00,,,,,,
01/08/2022 20:30,,,,,,
01/08/2022 21:00,,,,,,
01/08/2022 21:30,,,,,,
01/08/2022 22:00,,,,,,
01/08/2022 22:30,,,,,,
01/08/2022 23:00,,,,,,
01/08/2022 23:30,,,,,,
02/08/2022 00:00,,,,,,
02/08/2022 00:30,,,,,,
02/08/2022 01:00,,,,,,
02/08/2022 01:30,,,,,,
02/08/2022 02:00,,,,,,
02/08/2022 02:30,,,,,,
02/08/2022 03:00,,,,,,
02/08/2022 03:30,,,,,,
02/08/2022 04:00,,,,,,
02/08/2022 04:30,,,,,,
02/08/2022 05:00,,,,,,
02/08/2022 05:30,,,,,,
02/08/2022 06:00,,,,,,
02/08/2022 06:30,,,,,,
02/08/2022 07:00,,,,,,
02/08/2022 07:30,,,,,,
02/08/2022 08:00,,,,,,
02/08/2022 08:30,,,,,,
02/08/2022 09:00,,,,,,
02/08/2022 09:30,,,,,,
02/08/2022 10:00,,,,,,
02/08/2022 10:30,,,,,,
02/08/2022 11:00,,,,,,
02/08/2022 11:30,,,,,,
02/08/2022 12:00,,,,,,
02/08/2022 12:30,,,,,,
02/08/2022 13:00,,,,,,
02/08/2022 13:30,,,,,,
02/08/2022 14:00,,,,,,
02/08/2022 14:30,,,,,,
02/08/2022 15:00,,,,,,
02/08/2022 15:30,,,,,,
02/08/2022 16:00,,,,,,
02/08/2022 16:30,,,,,,
02/08/2022 17:00,,,,,,
02/08/2022 17:30,,,,,,
02/08/2022 18:00,,,,,,
02/08/2022 18:30,,,,,,
02/08/2022 19:00,,,,,,
02/08/2022 19:30,,,,,,
02/08/2022 20:00,,,,,,
02/08/2022 20:30,,,,,,
02/08/2022 21:00,,,,,,
02/08/2022 21:30,,,,,,
02/08/2022 22:00,,,,,,
02/08/2022 22:30,,,,,,
02/08/2022 23:00,,,,,,
02/08/2022 23:30,,,,,,
03/08/2022 00:00,,,,,,
03/08/2022 00:30,,,,,,
03/08/2022 01:00,,,,,,
03/08/2022 01:30,,,,,,
03/08/2022 02:00,,,,,,
03/08/2022 02:30,,,,,,
03/08/2022 03:00,,,,,,
03/08/2022 03:30,,,,,,
03/08/2022 04:00,,,,,,
03/08/2022 04:30,,,,,,
03/08/2022 05:00,,,,,,
03/08/2022 05:30,,,,,,
03/08/2022 06:00,,,,,,
03/08/2022 06:30,,,,,,
03/08/2022 07:00,,,,,,
03/08/2022 07:30,,,,,,
03/08/2022 08:00,,,,,,
03/08/2022 08:30,,,,,,
03/08/2022 09:00,,,,,,
03/08/2022 09:30,,,,,,
03/08/2022 10:00,,,,,,
03/08/2022 10:30,,,,,,
03/08/2022 11:00,,,,,,
03/08/2022 11:30,,,,,,
03/08/2022 12:00,,,,,,
03/08/2022 12:30,,,,,,
03/08/2022 13:00,,,,,,
03/08/2022 13:30,,,,,,
03/08/2022 14:00,,,,,,
03/08/2022 14:30,,,,,,
03/08/2022 15:00,,,,,,
03/08/2022 15:30,,,,,,
03/08/2022 16:00,,,,,,
03/08/2022 16:30,,,,,,
03/08/2022 17:00,,,,,,
03/08/2022 17:30,,,,,,
03/08/2022 18:00,,,,,,
03/08/2022 18:30,,,,,,
03/08/2022 19:00,,,,,,
03/08/2022 19:30,,,,,,
03/08/2022 20:00,,,,,,
03/08/2022 20:30,,,,,,
03/08/2022 21:00,,,,,,
03/08/2022 21:30,,,,,,
03/08/2022 22:00,,,,,,
03/08/2022 22:30,,,,,,
03/08/2022 23:00,,,,,,
03/08/2022 23:30,,,,,,
04/08/2022 00:00,,,,,,
04/08/2022 00:30,,,,,,
04/08/2022 01:00,,,,,,
04/08/2022 01:30,,,,,,
04/08/2022 02:00,,,,,,
04/08/2022 02:30,,,,,,
04/08/2022 03:00,,,,,,
04/08/2022 03:30,,,,,,
04/08/2022 04:00,,,,,,
04/08/2022 04:30,,,,,,
04/08/2022 05:00,,,,,,
04/08/2022 05:30,,,,,,
04/08/2022 06:00,,,,,,
04/08/2022 06:30,,,,,,
04/08/2022 07:00,,,,,,
04/08/2022 07:30,,,,,,
04/08/2022 08:00,,,,,,
04/08/2022 08:30,,,,,,
04/08/2022 09:00,,,,,,
04/08/2022 09:30,,,,,,
04/08/2022 10:00,,,,,,
04/08/2022 10:30,,,,,,
04/08/2022 11:00,,,,,,
04/08/2022 11:30,,,,,,
04/08/2022 12:00,,,,,,
04/08/2022 12:30,,,,,,
04/08/2022 13:00,,,,,,
04/08/2022 13:30,,,,,,
04/08/2022 14:00,,,,,,
04/08/2022 14:30,,,,,,
04/08/2022 15:00,,,,,,
04/08/2022 15:30,,,,,,
04/08/2022 16:00,,,,,,
04/08/2022 16:30,,,,,,
04/08/2022 17:00,,,,,,
04/08/2022 17:30,,,,,,
04/08/2022 18:00,,,,,,
04/08/2022 18:30,,,,,,
04/08/2022 19:00,,,,,,
04/08/2022 19:30,,,,,,
04/08/2022 20:00,,,,,,
04/08/2022 20:30,,,,,,
04/08/2022 21:00,,,,,,
04/08/2022 21:30,,,,,,
04/08/2022 22:00,,,,,,
04/08/2022 22:30,,,,,,
04/08/2022 23:00,,,,,,
04/08/2022 23:30,,,,,,
05/08/2022 00:00,,,,,,
05/08/2022 00:30,,,,,,
05/08/2022 01:00,,,,,,
05/08/2022 01:30,,,,,,
05/08/2022 02:00,,,,,,
05/08/2022 02:30,,,,,,
05/08/2022 03:00,,,,,,
05/08/2022 03:30,,,,,,
05/08/2022 04:00,,,,,,
05/08/2022 04:30,,,,,,
05/08/2022 05:00,,,,,,
05/08/2022 05:30,,,,,,
05/08/2022 06:00,,,,,,
05/08/2022 06:30,,,,,,
05/08/2022 07:00,,,,,,
05/08/2022 07:30,,,,,,
05/08/2022 08:00,,,,,,
05/08/2022 08:30,,,,,,
05/08/2022 09:00,,,,,,
05/08/2022 09:30,,,,,,
05/08/2022 10:00,,,,,,
05/08/2022 10:30,,,,,,
05/08/2022 11:00,,,,,,
05/08/2022 11:30,,,,,,
05/08/2022 12:00,,,,,,
05/08/2022 12:30,,,,,,
05/08/2022 13:00,,,,,,
05/08/2022 13:30,,,,,,
05/08/2022 14:00,,,,,,
05/08/2022 14:30,,,,,,
05/08/2022 15:00,,,,,,
05/08/2022 15:30,,,,,,
05/08/2022 16:00,,,,,,
05/08/2022 16:30,,,,,,
05/08/2022 17:00,,,,,,
05/08/2022 17:30,,,,,,
05/08/2022 18:00,,,,,,
05/08/2022 18:30,,,,,,
05/08/2022 19:00,,,,,,
05/08/2022 19:30,,,,,,
05/08/2022 20:00,,,,,,
05/08/2022 20:30,,,,,,
05/08/2022 21:00,,,,,,
05/08/2022 21:30,,,,,,
05/08/2022 22:00,,,,,,
05/08/2022 22:30,,,,,,
05/08/2022 23:00,,,,,,
05/08/2022 23:30,,,,,,
06/08/2022 00:00,,,,,,
06/08/2022 00:30,,,,,,
06/08/2022 01:00,,,,,,
06/08/2022 01:30,,,,,,
06/08/2022 02:00,,,,,,
06/08/2022 02:30,,,,,,
06/08/2022 03:00,,,,,,
06/08/2022 03:30,,,,,,
06/08/2022 04:00,,,,,,
06/08/2022 04:30,,,,,,
06/08/2022 05:00,,,,,,
06/08/2022 05:30,,,,,,
06/08/2022 06:00,,,,,,
06/08/2022 06:30,,,,,,
06/08/2022 07:00,,,,,,
06/08/2022 07:30,,,,,,
06/08/2022 08:00,,,,,,
06/08/2022 08:30,,,,,,
06/08/2022 09:00,,,,,,
06/08/2022 09:30,,,,,,
06/08/2022 10:00,,,,,,
06/08/2022 10:30,,,,,,
06/08/2022 11:00,,,,,,
06/08/2022 11:30,,,,,,
06/08/2022 12:00,,,,,,
06/08/2022 12:30,,,,,,
06/08/2022 13:00,,,,,,
06/08/2022 13:30,,,,,,
06/08/2022 14:00,,,,,,
06/08/2022 14:30,,,,,,
06/08/2022 15:00,,,,,,
06/08/2022 15:30,,,,,,
06/08/2022 16:00,,,,,,
06/08/2022 16:30,,,,,,
06/08/2022 17:00,,,,,,
06/08/2022 17:30,,,,,,
06/08/2022 18:00,,,,,,
06/08/2022 18:30,,,,,,
06/08/2022 19:00,,,,,,
06/08/2022 19:30,,,,,,
06/08/2022 20:00,,,,,,
06/08/2022 20:30,,,,,,
06/08/2022 21:00,,,,,,
06/08/2022 21:30,,,,,,
06/08/2022 22:00,,,,,,
06/08/2022 22:30,,,,,,
06/08/2022 23:00,,,,,,
06/08/2022 23:30,,,,,,
07/08/2022 00:00,,,,,,
07/08/2022 00:30,,,,,,
07/08/2022 01:00,,,,,,
07/08/2022 01:30,,,,,,
07/08/2022 02:00,,,,,,
07/08/2022 02:30,,,,,,
07/08/2022 03:00,,,,,,
07/08/2022 03:30,,,,,,
07/08/2022 04:00,,,,,,
07/08/2022 04:30,,,,,,
07/08/2022 05:00,,,,,,
07/08/2022 05:30,,,,,,
07/08/2022 06:00,,,,,,
07/08/2022 06:30,,,,,,
07/08/2022 07:00,,,,,,
07/08/2022 07:30,,,,,,
07/08/2022 08:00,,,,,,
07/08/2022 08:30,,,,,,
07/08/2022 09:00,,,,,,
07/08/2022 09:30,,,,,,
07/08/2022 10:00,,,,,,
07/08/2022 10:30,,,,,,
07/08/2022 11:00,,,,,,
07/08/2022 11:30,,,,,,
07/08/2022 12:00,,,,,,
07/08/2022 12:30,,,,,,
07/08/2022 13:00,,,,,,
07/08/2022 13:30,,,,,,
07/08/2022 14:00,,,,,,
07/08/2022 14:30,,,,,,
07/08/2022 15:00,,,,,,
07/08/2022 15:30,,,,,,
07/08/2022 16:00,,,,,,
07/08/2022 16:30,,,,,,
07/08/2022 17:00,,,,,,
07/08/2022 17:30,,,,,,
07/08/2022 18:00,,,,,,
07/08/2022 18:30,,,,,,
07/08/2022 19:00,,,,,,
07/08/2022 19:30,,,,,,
07/08/2022 20:00,,,,,,
07/08/2022 20:30,,,,,,
07/08/2022 21:00,,,,,,
07/08/2022 21:30,,,,,,
07/08/2022 22:00,,,,,,
07/08/2022 22:30,,,,,,
07/08/2022 23:00,,,,,,
07/08/2022 23:30,,,,,,
08/08/2022 00:00,,,,,,
08/08/2022 00:30,,,,,,
08/08/2022 01:00,,,,,,
08/08/2022 01:30,,,,,,
08/08/2022 02:00,,,,,,
08/08/2022 02:30,,,,,,
08/08/2022 03:00,,,,,,
08/08/2022 03:30,,,,,,
08/08/2022 04:00,,,,,,
08/08/2022 04:30,,,,,,
08/08/2022 05:00,,,,,,
08/08/2022 05:30,,,,,,
08/08/2022 06:00,,,,,,
08/08/2022 06:30,,,,,,
08/08/2022 07:00,,,,,,
08/08/2022 07:30,,,,,,
08/08/2022 08:00,,,,,,
08/08/2022 08:30,,,,,,
08/08/2022 09:00,,,,,,
08/08/2022 09:30,,,,,,
08/08/2022 10:00,,,,,,
08/08/2022 10:30,,,,,,
08/08/2022 11:00,,,,,,
08/08/2022 11:30,,,,,,
08/08/2022 12:00,,,,,,
08/08/2022 12:30,,,,,,
08/08/2022 13:00,,,,,,
08/08/2022 13:30,,,,,,
08/08/2022 14:00,,,,,,
08/08/2022 14:30,,,,,,
08/08/2022 15:00,,,,,,
08/08/2022 15:30,,,,,,
08/08/2022 16:00,,,,,,
08/08/2022 16:30,,,,,,
08/08/2022 17:00,,,,,,
08/08/2022 17:30,,,,,,
08/08/2022 18:00,,,,,,
08/08/2022 18:30,,,,,,
08/08/2022 19:00,,,,,,
08/08/2022 19:30,,,,,,
08/08/2022 20:00,,,,,,
08/08/2022 20:30,,,,,,
08/08/2022 21:00,,,,,,
08/08/2022 21:30,,,,,,
08/08/2022 22:00,,,,,,
08/08/2022 22:30,,,,,,
08/08/2022 23:00,,,,,,
08/08/2022 23:30,,,,,,
09/08/2022 00:00,,,,,,
09/08/2022 00:30,,,,,,
09/08/2022 01:00,,,,,,
09/08/2022 01:30,,,,,,
09/08/2022 02:00,,,,,,
09/08/2022 02:30,,,,,,
09/08/2022 03:00,,,,,,
09/08/2022 03:30,,,,,,
09/08/2022 04:00,,,,,,
09/08/2022 04:30,,,,,,
09/08/2022 05:00,,,,,,
09/08/2022 05:30,,,,,,
09/08/2022 06:00,,,,,,
09/08/2022 06:30,,,,,,
09/08/2022 07:00,,,,,,
09/08/2022 07:30,,,,,,
09/08/2022 08:00,,,,,,
09/08/2022 08:30,,,,,,
09/08/2022 09:00,,,,,,
09/08/2022 09:30,,,,,,
09/08/2022 10:00,,,,,,
09/08/2022 10:30,,,,,,
09/08/2022 11:00,,,,,,
09/08/2022 11:30,,,,,,
09/08/2022 12:00,,,,,,
09/08/2022 12:30,,,,,,
09/08/2022 13:00,,,,,,
09/08/2022 13:30,,,,,,
09/08/2022 14:00,,,,,,
09/08/2022 14:30,,,,,,
09/08/2022 15:00,,,,,,
09/08/2022 15:30,,,,,,
09/08/2022 16:00,,,,,,
09/08/2022 16:30,,,,,,
09/08/2022 17:00,,,,,,
09/08/2022 17:30,,,,,,
09/08/2022 18:00,,,,,,
09/08/2022 18:30,,,,,,
09/08/2022 19:00,,,,,,
09/08/2022 19:30,,,,,,
09/08/2022 20:00,,,,,,
09/08/2022 20:30,,,,,,
09/08/2022 21:00,,,,,,
09/08/2022 21:30,,,,,,
09/08/2022 22:00,,,,,,
09/08/2022 22:30,,,,,,
09/08/2022 23:00,,,,,,
09/08/2022 23:30,,,,,,
10/08/2022 00:00,,,,,,
10/08/2022 00:30,,,,,,
10/08/2022 01:00,,,,,,
10/08/2022 01:30,,,,,,
10/08/2022 02:00,,,,,,
10/08/2022 02:30,,,,,,
10/08/2022 03:00,,,,,,
10/08/2022 03:30,,,,,,
10/08/2022 04:00,,,,,,
10/08/2022 04:30,,,,,,
10/08/2022 05:00,,,,,,
10/08/2022 05:30,,,,,,
10/08/2022 06:00,,,,,,
10/08/2022 06:30,,,,,,
10/08/2022 07:00,,,,,,
10/08/2022 07:30,,,,,,
10/08/2022 08:00,,,,,,
10/08/2022 08:30,,,,,,
10/08/2022 09:00,,,,,,
10/08/2022 09:30,,,,,,
10/08/2022 10:00,,,,,,
10/08/2022 10:30,,,,,,
10/08/2022 11:00,,,,,,
10/08/2022 11:30,,,,,,
10/08/2022 12:00,,,,,,
10/08/2022 12:30,,,,,,
10/08/2022 13:00,,,,,,
10/08/2022 13:30,,,,,,
10/08/2022 14:00,,,,,,
10/08/2022 14:30,,,,,,
10/08/2022 15:00,,,,,,
10/08/2022 15:30,,,,,,
10/08/2022 16:00,,,,,,
10/08/2022 16:30,,,,,,
10/08/2022 17:00,,,,,,
10/08/2022 17:30,,,,,,
10/08/2022 18:00,,,,,,
10/08/2022 18:30,,,,,,
10/08/2022 19:00,,,,,,
10/08/2022 19:30,,,,,,
10/08/2022 20:00,,,,,,
10/08/2022 20:30,,,,,,
10/08/2022 21:00,,,,,,
10/08/2022 21:30,,,,,,
10/08/2022 22:00,,,,,,
10/08/2022 22:30,,,,,,
10/08/2022 23:00,,,,,,
10/08/2022 23:30,,,,,,
11/08/2022 00:00,,,,,,
11/08/2022 00:30,,,,,,
11/08/2022 01:00,,,,,,
11/08/2022 01:30,,,,,,
11/08/2022 02:00,,,,,,
11/08/2022 02:30,,,,,,
11/08/2022 03:00,,,,,,
11/08/2022 03:30,,,,,,
11/08/2022 04:00,,,,,,
11/08/2022 04:30,,,,,,
11/08/2022 05:00,,,,,,
11/08/2022 05:30,,,,,,
11/08/2022 06:00,,,,,,
11/08/2022 06:30,,,,,,
11/08/2022 07:00,,,,,,
11/08/2022 07:30,,,,,,
11/08/2022 08:00,,,,,,
11/08/2022 08:30,,,,,,
11/08/2022 09:00,,,,,,
11/08/2022 09:30,,,,,,
11/08/2022 10:00,,,,,,
11/08/2022 10:30,,,,,,
11/08/2022 11:00,,,,,,
11/08/2022 11:30,,,,,,
11/08/2022 12:00,,,,,,
11/08/2022 12:30,,,,,,
11/08/2022 13:00,,,,,,
11/08/2022 13:30,,,,,,
11/08/2022 14:00,,,,,,
11/08/2022 14:30,,,,,,
11/08/2022 15:00,,,,,,
11/08/2022 15:30,,,,,,
11/08/2022 16:00,,,,,,
11/08/2022 16:30,,,,,,
11/08/2022 17:00,,,,,,
11/08/2022 17:30,,,,,,
11/08/2022 18:00,,,,,,
11/08/2022 18:30,,,,,,
11/08/2022 19:00,,,,,,
11/08/2022 19:30,,,,,,
11/08/2022 20:00,,,,,,
11/08/2022 20:30,,,,,,
11/08/2022 21:00,,,,,,
11/08/2022 21:30,,,,,,
11/08/2022 22:00,,,,,,
11/08/2022 22:30,,,,,,
11/08/2022 23:00,,,,,,
11/08/2022 23:30,,,,,,
12/08/2022 00:00,,,,,,
12/08/2022 00:30,,,,,,
12/08/2022 01:00,,,,,,
12/08/2022 01:30,,,,,,
12/08/2022 02:00,,,,,,
12/08/2022 02:30,,,,,,
12/08/2022 03:00,,,,,,
12/08/2022 03:30,,,,,,
12/08/2022 04:00,,,,,,
12/08/2022 04:30,,,,,,
12/08/2022 05:00,,,,,,
12/08/2022 05:30,,,,,,
12/08/2022 06:00,,,,,,
12/08/2022 06:30,,,,,,
12/08/2022 07:00,,,,,,
12/08/2022 07:30,,,,,,
12/08/2022 08:00,,,,,,
12/08/2022 08:30,,,,,,
12/08/2022 09:00,,,,,,
12/08/2022 09:30,,,,,,
12/08/2022 10:00,,,,,,
12/08/2022 10:30,,,,,,
12/08/2022 11:00,,,,,,
12/08/2022 11:30,,,,,,
12/08/2022 12:00,,,,,,
12/08/2022 12:30,,,,,,
12/08/2022 13:00,,,,,,
12/08/2022 13:30,,,,,,
12/08/2022 14:00,,,,,,
12/08/2022 14:30,,,,,,
12/08/2022 15:00,,,,,,
12/08/2022 15:30,,,,,,
12/08/2022 16:00,,,,,,
12/08/2022 16:30,,,,,,
12/08/2022 17:00,,,,,,
12/08/2022 17:30,,,,,,
12/08/2022 18:00,,,,,,
12/08/2022 18:30,,,,,,
12/08/2022 19:00,,,,,,
12/08/2022 19:30,,,,,,
12/08/2022 20:00,,,,,,
12/08/2022 20:30,,,,,,
12/08/2022 21:00,,,,,,
12/08/2022 21:30,,,,,,
12/08/2022 22:00,,,,,,
12/08/2022 22:30,,,,,,
12/08/2022 23:00,,,,,,
12/08/2022 23:30,,,,,,
13/08/2022 00:00,,,,,,
13/08/2022 00:30,,,,,,
13/08/2022 01:00,,,,,,
13/08/2022 01:30,,,,,,
13/08/2022 02:00,,,,,,
13/08/2022 02:30,,,,,,
13/08/2022 03:00,,,,,,
13/08/2022 03:30,,,,,,
13/08/2022 04:00,,,,,,
13/08/2022 04:30,,,,,,
13/08/2022 05:00,,,,,,
13/08/2022 05:30,,,,,,
13/08/2022 06:00,,,,,,
13/08/2022 06:30,,,,,,
13/08/2022 07:00,,,,,,
13/08/2022 07:30,,,,,,
13/08/2022 08:00,,,,,,
13/08/2022 08:30,,,,,,
13/08/2022 09:00,,,,,,
13/08/2022 09:30,,,,,,
13/08/2022 10:00,,,,,,
13/08/2022 10:30,,,,,,
13/08/2022 11:00,,,,,,
13/08/2022 11:30,,,,,,
13/08/2022 12:00,,,,,,
13/08/2022 12:30,,,,,,
13/08/2022 13:00,,,,,,
13/08/2022 13:30,,,,,,
13/08/2022 14:00,,,,,,
13/08/2022 14:30,,,,,,
13/08/2022 15:00,,,,,,
13/08/2022 15:30,,,,,,
13/08/2022 16:00,,,,,,
13/08/2022 16:30,,,,,,
13/08/2022 17:00,,,,,,
13/08/2022 17:30,,,,,,
13/08/2022 18:00,,,,,,
13/08/2022 18:30,,,,,,
13/08/2022 19:00,,,,,,
13/08/2022 19:30,,,,,,
13/08/2022 20:00,,,,,,
13/08/2022 20:30,,,,,,
13/08/2022 21:00,,,,,,
13/08/2022 21:30,,,,,,
13/08/2022 22:00,,,,,,
13/08/2022 22:30,,,,,,
13/08/2022 23:00,,,,,,
13/08/2022 23:30,,,,,,
14/08/2022 00:00,,,,,,
14/08/2022 00:30,,,,,,
14/08/2022 01:00,,,,,,
14/08/2022 01:30,,,,,,
14/08/2022 02:00,,,,,,
14/08/2022 02:30,,,,,,
14/08/2022 03:00,,,,,,
14/08/2022 03:30,,,,,,
14/08/2022 04:00,,,,,,
14/08/2022 04:30,,,,,,
14/08/2022 05:00,,,,,,
14/08/2022 05:30,,,,,,
14/08/2022 06:00,,,,,,
14/08/2022 06:30,,,,,,
14/08/2022 07:00,,,,,,
14/08/2022 07:30,,,,,,
14/08/2022 08:00,,,,,,
14/08/2022 08:30,,,,,,
14/08/2022 09:00,,,,,,
14/08/2022 09:30,,,,,,
14/08/2022 10:00,,,,,,
14/08/2022 10:30,,,,,,
14/08/2022 11:00,,,,,,
14/08/2022 11:30,,,,,,
14/08/2022 12:00,,,,,,
14/08/2022 12:30,,,,,,
14/08/2022 13:00,,,,,,
14/08/2022 13:30,,,,,,
14/08/2022 14:00,,,,,,
14/08/2022 14:30,,,,,,
14/08/2022 15:00,,,,,,
14/08/2022 15:30,,,,,,
14/08/2022 16:00,,,,,,
14/08/2022 16:30,,,,,,
14/08/2022 17:00,,,,,,
14/08/2022 17:30,,,,,,
14/08/2022 18:00,,,,,,
14/08/2022 18:30,,,,,,
14/08/2022 19:00,,,,,,
14/08/2022 19:30,,,,,,
14/08/2022 20:00,,,,,,
14/08/2022 20:30,,,,,,
14/08/2022 21:00,,,,,,
14/08/2022 21:30,,,,,,
14/08/2022 22:00,,,,,,
14/08/2022 22:30,,,,,,
14/08/2022 23:00,,,,,,
14/08/2022 23:30,,,,,,
15/08/2022 00:00,,,,,,
15/08/2022 00:30,,,,,,
15/08/2022 01:00,,,,,,
15/08/2022 01:30,,,,,,
15/08/2022 02:00,,,,,,
15/08/2022 02:30,,,,,,
15/08/2022 03:00,,,,,,
15/08/2022 03:30,,,,,,
15/08/2022 04:00,,,,,,
15/08/2022 04:30,,,,,,
15/08/2022 05:00,,,,,,
15/08/2022 05:30,,,,,,
15/08/2022 06:00,,,,,,
15/08/2022 06:30,,,,,,
15/08/2022 07:00,,,,,,
15/08/2022 07:30,,,,,,
15/08/2022 08:00,,,,,,
15/08/2022 08:30,,,,,,
15/08/2022 09:00,,,,,,
15/08/2022 09:30,,,,,,
15/08/2022 10:00,,,,,,
15/08/2022 10:30,,,,,,
15/08/2022 11:00,,,,,,
15/08/2022 11:30,,,,,,
15/08/2022 12:00,,,,,,
15/08/2022 12:30,,,,,,
15/08/2022 13:00,,,,,,
15/08/2022 13:30,,,,,,
15/08/2022 14:00,,,,,,
15/08/2022 14:30,,,,,,
15/08/2022 15:00,,,,,,
15/08/2022 15:30,,,,,,
15/08/2022 16:00,,,,,,
15/08/2022 16:30,,,,,,
15/08/2022 17:00,,,,,,
15/08/2022 17:30,,,,,,
15/08/2022 18:00,,,,,,
15/08/2022 18:30,,,,,,
15/08/2022 19:00,,,,,,
15/08/2022 19:30,,,,,,
15/08/2022 20:00,,,,,,
15/08/2022 20:30,,,,,,
15/08/2022 21:00,,,,,,
15/08/2022 21:30,,,,,,
15/08/2022 22:00,,,,,,
15/08/2022 22:30,,,,,,
15/08/2022 23:00,,,,,,
15/08/2022 23:30,,,,,,
16/08/2022 00:00,,,,,,
16/08/2022 00:30,,,,,,
16/08/2022 01:00,,,,,,
16/08/2022 01:30,,,,,,
16/08/2022 02:00,,,,,,
16/08/2022 02:30,,,,,,
16/08/2022 03:00,,,,,,
16/08/2022 03:30,,,,,,
16/08/2022 04:00,,,,,,
16/08/2022 04:30,,,,,,
16/08/2022 05:00,,,,,,
16/08/2022 05:30,,,,,,
16/08/2022 06:00,,,,,,
16/08/2022 06:30,,,,,,
16/08/2022 07:00,,,,,,
16/08/2022 07:30,,,,,,
16/08/2022 08:00,,,,,,
16/08/2022 08:30,,,,,,
16/08/2022 09:00,,,,,,
16/08/2022 09:30,,,,,,
16/08/2022 10:00,,,,,,
16/08/2022 10:30,,,,,,
16/08/2022 11:00,,,,,,
16/08/2022 11:30,,,,,,
16/08/2022 12:00,,,,,,
16/08/2022 12:30,,,,,,
16/08/2022 13:00,,,,,,
16/08/2022 13:30,,,,,,
16/08/2022 14:00,,,,,,
16/08/2022 14:30,,,,,,
16/08/2022 15:00,,,,,,
16/08/2022 15:30,,,,,,
16/08/2022 16:00,,,,,,
16/08/2022 16:30,,,,,,
16/08/2022 17:00,,,,,,
16/08/2022 17:30,,,,,,
16/08/2022 18:00,,,,,,
16/08/2022 18:30,,,,,,
16/08/2022 19:00,,,,,,
16/08/2022 19:30,,,,,,
16/08/2022 20:00,,,,,,
16/08/2022 20:30,,,,,,
16/08/2022 21:00,,,,,,
16/08/2022 21:30,,,,,,
16/08/2022 22:00,,,,,,
16/08/2022 22:30,,,,,,
16/08/2022 23:00,,,,,,
16/08/2022 23:30,,,,,,
17/08/2022 00:00,,,,,,
17/08/2022 00:30,,,,,,
17/08/2022 01:00,,,,,,
17/08/2022 01:30,,,,,,
17/08/2022 02:00,,,,,,
17/08/2022 02:30,,,,,,
17/08/2022 03:00,,,,,,
17/08/2022 03:30,,,,,,
17/08/2022 04:00,,,,,,
17/08/2022 04:30,,,,,,
17/08/2022 05:00,,,,,,
17/08/2022 05:30,,,,,,
17/08/2022 06:00,,,,,,
17/08/2022 06:30,,,,,,
17/08/2022 07:00,,,,,,
17/08/2022 07:30,,,,,,
17/08/2022 08:00,,,,,,
17/08/2022 08:30,,,,,,
17/08/2022 09:00,,,,,,
17/08/2022 09:30,,,,,,
17/08/2022 10:00,,,,,,
17/08/2022 10:30,,,,,,
17/08/2022 11:00,,,,,,
17/08/2022 11:30,,,,,,
17/08/2022 12:00,,,,,,
17/08/2022 12:30,,,,,,
17/08/2022 13:00,,,,,,
17/08/2022 13:30,,,,,,
17/08/2022 14:00,,,,,,
17/08/2022 14:30,,,,,,
17/08/2022 15:00,,,,,,
17/08/2022 15:30,,,,,,
17/08/2022 16:00,,,,,,
17/08/2022 16:30,,,,,,
17/08/2022 17:00,,,,,,
17/08/2022 17:30,,,,,,
17/08/2022 18:00,,,,,,
17/08/2022 18:30,,,,,,
17/08/2022 19:00,,,,,,
17/08/2022 19:30,,,,,,
17/08/2022 20:00,,,,,,
17/08/2022 20:30,,,,,,
17/08/2022 21:00,,,,,,
17/08/2022 21:30,,,,,,
17/08/2022 22:00,,,,,,
17/08/2022 22:30,,,,,,
17/08/2022 23:00,,,,,,
17/08/2022 23:30,,,,,,
18/08/2022 00:00,,,,,,
18/08/2022 00:30,,,,,,
18/08/2022 01:00,,,,,,
18/08/2022 01:30,,,,,,
18/08/2022 02:00,,,,,,
18/08/2022 02:30,,,,,,
18/08/2022 03:00,,,,,,
18/08/2022 03:30,,,,,,
18/08/2022 04:00,,,,,,
18/08/2022 04:30,,,,,,
18/08/2022 05:00,,,,,,
18/08/2022 05:30,,,,,,
18/08/2022 06:00,,,,,,
18/08/2022 06:30,,,,,,
18/08/2022 07:00,,,,,,
18/08/2022 07:30,,,,,,
18/08/2022 08:00,,,,,,
18/08/2022 08:30,,,,,,
18/08/2022 09:00,,,,,,
18/08/2022 09:30,,,,,,
18/08/2022 10:00,,,,,,
18/08/2022 10:30,,,,,,
18/08/2022 11:00,,,,,,
18/08/2022 11:30,,,,,,
18/08/2022 12:00,,,,,,
18/08/2022 12:30,,,,,,
18/08/2022 13:00,,,,,,
18/08/2022 13:30,,,,,,
18/08/2022 14:00,,,,,,
18/08/2022 14:30,,,,,,
18/08/2022 15:00,,,,,,
18/08/2022 15:30,,,,,,
18/08/2022 16:00,,,,,,
18/08/2022 16:30,,,,,,
18/08/2022 17:00,,,,,,
18/08/2022 17:30,,,,,,
18/08/2022 18:00,,,,,,
18/08/2022 18:30,,,,,,
18/08/2022 19:00,,,,,,
18/08/2022 19:30,,,,,,
18/08/2022 20:00,,,,,,
18/08/2022 20:30,,,,,,
18/08/2022 21:00,,,,,,
18/08/2022 21:30,,,,,,
18/08/2022 22:00,,,,,,
18/08/2022 22:30,,,,,,
18/08/2022 23:00,,,,,,
18/08/2022 23:30,,,,,,
19/08/2022 00:00,,,,,,
19/08/2022 00:30,,,,,,
19/08/2022 01:00,,,,,,
19/08/2022 01:30,,,,,,
19/08/2022 02:00,,,,,,
19/08/2022 02:30,,,,,,
19/08/2022 03:00,,,,,,
19/08/2022 03:30,,,,,,
19/08/2022 04:00,,,,,,
19/08/2022 04:30,,,,,,
19/08/2022 05:00,,,,,,
19/08/2022 05:30,,,,,,
19/08/2022 06:00,,,,,,
19/08/2022 06:30,,,,,,
19/08/2022 07:00,,,,,,
19/08/2022 07:30,,,,,,
19/08/2022 08:00,,,,,,
19/08/2022 08:30,,,,,,
19/08/2022 09:00,,,,,,
19/08/2022 09:30,,,,,,
19/08/2022 10:00,,,,,,
19/08/2022 10:30,,,,,,
19/08/2022 11:00,,,,,,
19/08/2022 11:30,,,,,,
19/08/2022 12:00,,,,,,
19/08/2022 12:30,,,,,,
19/08/2022 13:00,,,,,,
19/08/2022 13:30,,,,,,
19/08/2022 14:00,,,,,,
19/08/2022 14:30,,,,,,
19/08/2022 15:00,,,,,,
19/08/2022 15:30,,,,,,
19/08/2022 16:00,,,,,,
19/08/2022 16:30,,,,,,
19/08/2022 17:00,,,,,,
19/08/2022 17:30,,,,,,
19/08/2022 18:00,,,,,,
19/08/2022 18:30,,,,,,
19/08/2022 19:00,,,,,,
19/08/2022 19:30,,,,,,
19/08/2022 20:00,,,,,,
19/08/2022 20:30,,,,,,
19/08/2022 21:00,,,,,,
19/08/2022 21:30,,,,,,
19/08/2022 22:00,,,,,,
19/08/2022 22:30,,,,,,
19/08/2022 23:00,,,,,,
19/08/2022 23:30,,,,,,
20/08/2022 00:00,,,,,,
20/08/2022 00:30,,,,,,
20/08/2022 01:00,,,,,,
20/08/2022 01:30,,,,,,
20/08/2022 02:00,,,,,,
20/08/2022 02:30,,,,,,
20/08/2022 03:00,,,,,,
20/08/2022 03:30,,,,,,
20/08/2022 04:00,,,,,,
20/08/2022 04:30,,,,,,
20/08/2022 05:00,,,,,,
20/08/2022 05:30,,,,,,
20/08/2022 06:00,,,,,,
20/08/2022 06:30,,,,,,
20/08/2022 07:00,,,,,,
20/08/2022 07:30,,,,,,
20/08/2022 08:00,,,,,,
20/08/2022 08:30,,,,,,
20/08/2022 09:00,,,,,,
20/08/2022 09:30,,,,,,
20/08/2022 10:00,,,,,,
20/08/2022 10:30,,,,,,
20/08/2022 11:00,,,,,,
20/08/2022 11:30,,,,,,
20/08/2022 12:00,,,,,,
20/08/2022 12:30,,,,,,
20/08/2022 13:00,,,,,,
20/08/2022 13:30,,,,,,
20/08/2022 14:00,,,,,,
20/08/2022 14:30,,,,,,
20/08/2022 15:00,,,,,,
20/08/2022 15:30,,,,,,
20/08/2022 16:00,,,,,,
20/08/2022 16:30,,,,,,
20/08/2022 17:00,,,,,,
20/08/2022 17:30,,,,,,
20/08/2022 18:00,,,,,,
20/08/2022 18:30,,,,,,
20/08/2022 19:00,,,,,,
20/08/2022 19:30,,,,,,
20/08/2022 20:00,,,,,,
20/08/2022 20:30,,,,,,
20/08/2022 21:00,,,,,,
20/08/2022 21:30,,,,,,
20/08/2022 22:00,,,,,,
20/08/2022 22:30,,,,,,
20/08/2022 23:00,,,,,,
20/08/2022 23:30,,,,,,
21/08/2022 00:00,,,,,,
21/08/2022 00:30,,,,,,
21/08/2022 01:00,,,,,,
21/08/2022 01:30,,,,,,
21/08/2022 02:00,,,,,,
21/08/2022 02:30,,,,,,
21/08/2022 03:00,,,,,,
21/08/2022 03:30,,,,,,
21/08/2022 04:00,,,,,,
21/08/2022 04:30,,,,,,
21/08/2022 05:00,,,,,,
21/08/2022 05:30,,,,,,
21/08/2022 06:00,,,,,,
21/08/2022 06:30,,,,,,
21/08/2022 07:00,,,,,,
21/08/2022 07:30,,,,,,
21/08/2022 08:00,,,,,,
21/08/2022 08:30,,,,,,
21/08/2022 09:00,,,,,,
21/08/2022 09:30,,,,,,
21/08/2022 10:00,,,,,,
21/08/2022 10:30,,,,,,
21/08/2022 11:00,,,,,,
21/08/2022 11:30,,,,,,
21/08/2022 12:00,,,,,,
21/08/2022 12:30,,,,,,
21/08/2022 13:00,,,,,,
21/08/2022 13:30,,,,,,
21/08/2022 14:00,,,,,,
21/08/2022 14:30,,,,,,
21/08/2022 15:00,,,,,,
21/08/2022 15:30,,,,,,
21/08/2022 16:00,,,,,,
21/08/2022 16:30,,,,,,
21/08/2022 17:00,,,,,,
21/08/2022 17:30,,,,,,
21/08/2022 18:00,,,,,,
21/08/2022 18:30,,,,,,
21/08/2022 19:00,,,,,,
21/08/2022 19:30,,,,,,
21/08/2022 20:00,,,,,,
21/08/2022 20:30,,,,,,
21/08/2022 21:00,,,,,,
21/08/2022 21:30,,,,,,
21/08/2022 22:00,,,,,,
21/08/2022 22:30,,,,,,
21/08/2022 23:00,,,,,,
21/08/2022 23:30,,,,,,
22/08/2022 00:00,,,,,,
22/08/2022 00:30,,,,,,
22/08/2022 01:00,,,,,,
22/08/2022 01:30,,,,,,
22/08/2022 02:00,,,,,,
22/08/2022 02:30,,,,,,
22/08/2022 03:00,,,,,,
22/08/2022 03:30,,,,,,
22/08/2022 04:00,,,,,,
22/08/2022 04:30,,,,,,
22/08/2022 05:00,,,,,,
22/08/2022 05:30,,,,,,
22/08/2022 06:00,,,,,,
22/08/2022 06:30,,,,,,
22/08/2022 07:00,,,,,,
22/08/2022 07:30,,,,,,
22/08/2022 08:00,,,,,,
22/08/2022 08:30,,,,,,
22/08/2022 09:00,,,,,,
22/08/2022 09:30,,,,,,
22/08/2022 10:00,,,,,,
22/08/2022 10:30,,,,,,
22/08/2022 11:00,,,,,,
22/08/2022 11:30,,,,,,
22/08/2022 12:00,,,,,,
22/08/2022 12:30,,,,,,
22/08/2022 13:00,,,,,,
22/08/2022 13:30,,,,,,
22/08/2022 14:00,,,,,,
22/08/2022 14:30,,,,,,
22/08/2022 15:00,,,,,,
22/08/2022 15:30,,,,,,
22/08/2022 16:00,,,,,,
22/08/2022 16:30,,,,,,
22/08/2022 17:00,,,,,,
22/08/2022 17:30,,,,,,
22/08/2022 18:00,,,,,,
22/08/2022 18:30,,,,,,
22/08/2022 19:00,,,,,,
22/08/2022 19:30,,,,,,
22/08/2022 20:00,,,,,,
22/08/2022 20:30,,,,,,
22/08/2022 21:00,,,,,,
22/08/2022 21:30,,,,,,
22/08/2022 22:00,,,,,,
22/08/2022 22:30,,,,,,
22/08/2022 23:00,,,,,,
22/08/2022 23:30,,,,,,
23/08/2022 00:00,,,,,,
23/08/2022 00:30,,,,,,
23/08/2022 01:00,,,,,,
23/08/2022 01:30,,,,,,
23/08/2022 02:00,,,,,,
23/08/2022 02:30,,,,,,
23/08/2022 03:00,,,,,,
23/08/2022 03:30,,,,,,
23/08/2022 04:00,,,,,,
23/08/2022 04:30,,,,,,
23/08/2022 05:00,,,,,,
23/08/2022 05:30,,,,,,
23/08/2022 06:00,,,,,,
23/08/2022 06:30,,,,,,
23/08/2022 07:00,,,,,,
23/08/2022 07:30,,,,,,
23/08/2022 08:00,,,,,,
23/08/2022 08:30,,,,,,
23/08/2022 09:00,,,,,,
23/08/2022 09:30,,,,,,
23/08/2022 10:00,,,,,,
23/08/2022 10:30,,,,,,
23/08/2022 11:00,,,,,,
23/08/2022 11:30,,,,,,
23/08/2022 12:00,,,,,,
23/08/2022 12:30,,,,,,
23/08/2022 13:00,,,,,,
23/08/2022 13:30,,,,,,
23/08/2022 14:00,,,,,,
23/08/2022 14:30,,,,,,
23/08/2022 15:00,,,,,,
23/08/2022 15:30,,,,,,
23/08/2022 16:00,,,,,,
23/08/2022 16:30,,,,,,
23/08/2022 17:00,,,,,,
23/08/2022 17:30,,,,,,
23/08/2022 18:00,,,,,,
23/08/2022 18:30,,,,,,
23/08/2022 19:00,,,,,,
23/08/2022 19:30,,,,,,
23/08/2022 20:00,,,,,,
23/08/2022 20:30,,,,,,
23/08/2022 21:00,,,,,,
23/08/2022 21:30,,,,,,
23/08/2022 22:00,,,,,,
23/08/2022 22:30,,,,,,
23/08/2022 23:00,,,,,,
23/08/2022 23:30,,,,,,
24/08/2022 00:00,,,,,,
24/08/2022 00:30,,,,,,
24/08/2022 01:00,,,,,,
24/08/2022 01:30,,,,,,
24/08/2022 02:00,,,,,,
24/08/2022 02:30,,,,,,
24/08/2022 03:00,,,,,,
24/08/2022 03:30,,,,,,
24/08/2022 04:00,,,,,,
24/08/2022 04:30,,,,,,
24/08/2022 05:00,,,,,,
24/08/2022 05:30,,,,,,
24/08/2022 06:00,,,,,,
24/08/2022 06:30,,,,,,
24/08/2022 07:00,,,,,,
24/08/2022 07:30,,,,,,
24/08/2022 08:00,,,,,,
24/08/2022 08:30,,,,,,
24/08/2022 09:00,,,,,,
24/08/2022 09:30,,,,,,
24/08/2022 10:00,,,,,,
24/08/2022 10:30,,,,,,
24/08/2022 11:00,,,,,,
24/08/2022 11:30,,,,,,
24/08/2022 12:00,,,,,,
24/08/2022 12:30,,,,,,
24/08/2022 13:00,,,,,,
24/08/2022 13:30,,,,,,
24/08/2022 14:00,,,,,,
24/08/2022 14:30,,,,,,
24/08/2022 15:00,,,,,,
24/08/2022 15:30,,,,,,
24/08/2022 16:00,,,,,,
24/08/2022 16:30,,,,,,
24/08/2022 17:00,,,,,,
24/08/2022 17:30,,,,,,
24/08/2022 18:00,,,,,,
24/08/2022 18:30,,,,,,
24/08/2022 19:00,,,,,,
24/08/2022 19:30,,,,,,
24/08/2022 20:00,,,,,,
24/08/2022 20:30,,,,,,
24/08/2022 21:00,,,,,,
24/08/2022 21:30,,,,,,
24/08/2022 22:00,,,,,,
24/08/2022 22:30,,,,,,
24/08/2022 23:00,,,,,,
24/08/2022 23:30,,,,,,
25/08/2022 00:00,,,,,,
25/08/2022 00:30,,,,,,
25/08/2022 01:00,,,,,,
25/08/2022 01:30,,,,,,
25/08/2022 02:00,,,,,,
25/08/2022 02:30,,,,,,
25/08/2022 03:00,,,,,,
25/08/2022 03:30,,,,,,
25/08/2022 04:00,,,,,,
25/08/2022 04:30,,,,,,
25/08/2022 05:00,,,,,,
25/08/2022 05:30,,,,,,
25/08/2022 06:00,,,,,,
25/08/2022 06:30,,,,,,
25/08/2022 07:00,,,,,,
25/08/2022 07:30,,,,,,
25/08/2022 08:00,,,,,,
25/08/2022 08:30,,,,,,
25/08/2022 09:00,,,,,,
25/08/2022 09:30,,,,,,
25/08/2022 10:00,,,,,,
25/08/2022 10:30,,,,,,
25/08/2022 11:00,,,,,,
25/08/2022 11:30,,,,,,
25/08/2022 12:00,,,,,,
25/08/2022 12:30,,,,,,
25/08/2022 13:00,,,,,,
25/08/2022 13:30,,,,,,
25/08/2022 14:00,,,,,,
25/08/2022 14:30,,,,,,
25/08/2022 15:00,,,,,,
25/08/2022 15:30,,,,,,
25/08/2022 16:00,,,,,,
25/08/2022 16:30,,,,,,
25/08/2022 17:00,,,,,,
25/08/2022 17:30,,,,,,
25/08/2022 18:00,,,,,,
25/08/2022 18:30,,,,,,
25/08/2022 19:00,,,,,,
25/08/2022 19:30,,,,,,
25/08/2022 20:00,,,,,,
25/08/2022 20:30,,,,,,
25/08/2022 21:00,,,,,,
25/08/2022 21:30,,,,,,
25/08/2022 22:00,,,,,,
25/08/2022 22:30,,,,,,
25/08/2022 23:00,,,,,,
25/08/2022 23:30,,,,,,
26/08/2022 00:00,,,,,,
26/08/2022 00:30,,,,,,
26/08/2022 01:00,,,,,,
26/08/2022 01:30,,,,,,
26/08/2022 02:00,,,,,,
26/08/2022 02:30,,,,,,
26/08/2022 03:00,,,,,,
26/08/2022 03:30,,,,,,
26/08/2022 04:00,,,,,,
26/08/2022 04:30,,,,,,
26/08/2022 05:00,,,,,,
26/08/2022 05:30,,,,,,
26/08/2022 06:00,,,,,,
26/08/2022 06:30,,,,,,
26/08/2022 07:00,,,,,,
26/08/2022 07:30,,,,,,
26/08/2022 08:00,,,,,,
26/08/2022 08:30,,,,,,
26/08/2022 09:00,,,,,,
26/08/2022 09:30,,,,,,
26/08/2022 10:00,,,,,,
26/08/2022 10:30,,,,,,
26/08/2022 11:00,,,,,,
26/08/2022 11:30,,,,,,
26/08/2022 12:00,,,,,,
26/08/2022 12:30,,,,,,
26/08/2022 13:00,,,,,,
26/08/2022 13:30,,,,,,
26/08/2022 14:00,,,,,,
26/08/2022 14:30,,,,,,
26/08/2022 15:00,,,,,,
26/08/2022 15:30,,,,,,
26/08/2022 16:00,,,,,,
26/08/2022 16:30,,,,,,
26/08/2022 17:00,,,,,,
26/08/2022 17:30,,,,,,
26/08/2022 18:00,,,,,,
26/08/2022 18:30,,,,,,
26/08/2022 19:00,,,,,,
26/08/2022 19:30,,,,,,
26/08/2022 20:00,,,,,,
26/08/2022 20:30,,,,,,
26/08/2022 21:00,,,,,,
26/08/2022 21:30,,,,,,
26/08/2022 22:00,,,,,,
26/08/2022 22:30,,,,,,
26/08/2022 23:00,,,,,,
26/08/2022 23:30,,,,,,
27/08/2022 00:00,,,,,,
27/08/2022 00:30,,,,,,
27/08/2022 01:00,,,,,,
27/08/2022 01:30,,,,,,
27/08/2022 02:00,,,,,,
27/08/2022 02:30,,,,,,
27/08/2022 03:00,,,,,,
27/08/2022 03:30,,,,,,
27/08/2022 04:00,,,,,,
27/08/2022 04:30,,,,,,
27/08/2022 05:00,,,,,,
27/08/2022 05:30,,,,,,
27/08/2022 06:00,,,,,,
27/08/2022 06:30,,,,,,
27/08/2022 07:00,,,,,,
27/08/2022 07:30,,,,,,
27/08/2022 08:00,,,,,,
27/08/2022 08:30,,,,,,
27/08/2022 09:00,,,,,,
27/08/2022 09:30,,,,,,
27/08/2022 10:00,,,,,,
27/08/2022 10:30,,,,,,
27/08/2022 11:00,,,,,,
27/08/2022 11:30,,,,,,
27/08/2022 12:00,,,,,,
27/08/2022 12:30,,,,,,
27/08/2022 13:00,,,,,,
27/08/2022 13:30,,,,,,
27/08/2022 14:00,,,,,,
27/08/2022 14:30,,,,,,
27/08/2022 15:00,,,,,,
27/08/2022 15:30,,,,,,
27/08/2022 16:00,,,,,,
27/08/2022 16:30,,,,,,
27/08/2022 17:00,,,,,,
27/08/2022 17:30,,,,,,
27/08/2022 18:00,,,,,,
27/08/2022 18:30,,,,,,
27/08/2022 19:00,,,,,,
27/08/2022 19:30,,,,,,
27/08/2022 20:00,,,,,,
27/08/2022 20:30,,,,,,
27/08/2022 21:00,,,,,,
27/08/2022 21:30,,,,,,
27/08/2022 22:00,,,,,,
27/08/2022 22:30,,,,,,
27/08/2022 23:00,,,,,,
27/08/2022 23:30,,,,,,
28/08/2022 00:00,,,,,,
28/08/2022 00:30,,,,,,
28/08/2022 01:00,,,,,,
28/08/2022 01:30,,,,,,
28/08/2022 02:00,,,,,,
28/08/2022 02:30,,,,,,
28/08/2022 03:00,,,,,,
28/08/2022 03:30,,,,,,
28/08/2022 04:00,,,,,,
28/08/2022 04:30,,,,,,
28/08/2022 05:00,,,,,,
28/08/2022 05:30,,,,,,
28/08/2022 06:00,,,,,,
28/08/2022 06:30,,,,,,
28/08/2022 07:00,,,,,,
28/08/2022 07:30,,,,,,
28/08/2022 08:00,,,,,,
28/08/2022 08:30,,,,,,
28/08/2022 09:00,,,,,,
28/08/2022 09:30,,,,,,
28/08/2022 10:00,,,,,,
28/08/2022 10:30,,,,,,
28/08/2022 11:00,,,,,,
28/08/2022 11:30,,,,,,
28/08/2022 12:00,,,,,,
28/08/2022 12:30,,,,,,
28/08/2022 13:00,,,,,,
28/08/2022 13:30,,,,,,
28/08/2022 14:00,,,,,,
28/08/2022 14:30,,,,,,
28/08/2022 15:00,,,,,,
28/08/2022 15:30,,,,,,
28/08/2022 16:00,,,,,,
28/08/2022 16:30,,,,,,
28/08/2022 17:00,,,,,,
28/08/2022 17:30,,,,,,
28/08/2022 18:00,,,,,,
28/08/2022 18:30,,,,,,
28/08/2022 19:00,,,,,,
28/08/2022 19:30,,,,,,
28/08/2022 20:00,,,,,,
28/08/2022 20:30,,,,,,
28/08/2022 21:00,,,,,,
28/08/2022 21:30,,,,,,
28/08/2022 22:00,,,,,,
28/08/2022 22:30,,,,,,
28/08/2022 23:00,,,,,,
28/08/2022 23:30,,,,,,
29/08/2022 00:00,,,,,,
29/08/2022 00:30,,,,,,
29/08/2022 01:00,,,,,,
29/08/2022 01:30,,,,,,
29/08/2022 02:00,,,,,,
29/08/2022 02:30,,,,,,
29/08/2022 03:00,,,,,,
29/08/2022 03:30,,,,,,
29/08/2022 04:00,,,,,,
29/08/2022 04:30,,,,,,
29/08/2022 05:00,,,,,,
29/08/2022 05:30,,,,,,
29/08/2022 06:00,,,,,,
29/08/2022 06:30,,,,,,
29/08/2022 07:00,,,,,,
29/08/2022 07:30,,,,,,
29/08/2022 08:00,,,,,,
29/08/2022 08:30,,,,,,
29/08/2022 09:00,,,,,,
29/08/2022 09:30,,,,,,
29/08/2022 10:00,,,,,,
29/08/2022 10:30,,,,,,
29/08/2022 11:00,,,,,,
29/08/2022 11:30,,,,,,
29/08/2022 12:00,,,,,,
29/08/2022 12:30,,,,,,
29/08/2022 13:00,,,,,,
29/08/2022 13:30,,,,,,
29/08/2022 14:00,,,,,,
29/08/2022 14:30,,,,,,
29/08/2022 15:00,,,,,,
29/08/2022 15:30,,,,,,
29/08/2022 16:00,,,,,,
29/08/2022 16:30,,,,,,
29/08/2022 17:00,,,,,,
29/08/2022 17:30,,,,,,
29/08/2022 18:00,,,,,,
29/08/2022 18:30,,,,,,
29/08/2022 19:00,,,,,,
29/08/2022 19:30,,,,,,
29/08/2022 20:00,,,,,,
29/08/2022 20:30,,,,,,
29/08/2022 21:00,,,,,,
29/08/2022 21:30,,,,,,
29/08/2022 22:00,,,,,,
29/08/2022 22:30,,,,,,
29/08/2022 23:00,,,,,,
29/08/2022 23:30,,,,,,
30/08/2022 00:00,,,,,,
30/08/2022 00:30,,,,,,
30/08/2022 01:00,,,,,,
30/08/2022 01:30,,,,,,
30/08/2022 02:00,,,,,,
30/08/2022 02:30,,,,,,
30/08/2022 03:00,,,,,,
30/08/2022 03:30,,,,,,
30/08/2022 04:00,,,,,,
30/08/2022 04:30,,,,,,
30/08/2022 05:00,,,,,,
30/08/2022 05:30,,,,,,
30/08/2022 06:00,,,,,,
30/08/2022 06:30,,,,,,
30/08/2022 07:00,,,,,,
30/08/2022 07:30,,,,,,
30/08/2022 08:00,,,,,,
30/08/2022 08:30,,,,,,
30/08/2022 09:00,,,,,,
30/08/2022 09:30,,,,,,
30/08/2022 10:00,,,,,,
30/08/2022 10:30,,,,,,
30/08/2022 11:00,,,,,,
30/08/2022 11:30,,,,,,
30/08/2022 12:00,,,,,,
30/08/2022 12:30,,,,,,
30/08/2022 13:00,,,,,,
30/08/2022 13:30,,,,,,
30/08/2022 14:00,,,,,,
30/08/2022 14:30,,,,,,
30/08/2022 15:00,,,,,,
30/08/2022 15:30,,,,,,
30/08/2022 16:00,,,,,,
30/08/2022 16:30,,,,,,
30/08/2022 17:00,,,,,,
30/08/2022 17:30,,,,,,
30/08/2022 18:00,,,,,,
30/08/2022 18:30,,,,,,
30/08/2022 19:00,,,,,,
30/08/2022 19:30,,,,,,
30/08/2022 20:00,,,,,,
30/08/2022 20:30,,,,,,
30/08/2022 21:00,,,,,,
30/08/2022 21:30,,,,,,
30/08/2022 22:00,,,,,,
30/08/2022 22:30,,,,,,
30/08/2022 23:00,,,,,,
30/08/2022 23:30,,,,,,
31/08/2022 00:00,,,,,,
31/08/2022 00:30,,,,,,
31/08/2022 01:00,,,,,,
31/08/2022 01:30,,,,,,
31/08/2022 02:00,,,,,,
31/08/2022 02:30,,,,,,
31/08/2022 03:00,,,,,,
31/08/2022 03:30,,,,,,
31/08/2022 04:00,,,,,,
31/08/2022 04:30,,,,,,
31/08/2022 05:00,,,,,,
31/08/2022 05:30,,,,,,
31/08/2022 06:00,,,,,,
31/08/2022 06:30,,,,,,
31/08/2022 07:00,,,,,,
31/08/2022 07:30,,,,,,
31/08/2022 08:00,,,,,,
31/08/2022 08:30,,,,,,
31/08/2022 09:00,,,,,,
31/08/2022 09:30,,,,,,
31/08/2022 10:00,,,,,,
31/08/2022 10:30,,,,,,
31/08/2022 11:00,,,,,,
31/08/2022 11:30,,,,,,
31/08/2022 12:00,,,,,,
31/08/2022 12:30,,,,,,
31/08/2022 13:00,,,,,,
31/08/2022 13:30,,,,,,
31/08/2022 14:00,,,,,,
31/08/2022 14:30,,,,,,
31/08/2022 15:00,,,,,,
31/08/2022 15:30,,,,,,
31/08/2022 16:00,,,,,,
31/08/2022 16:30,,,,,,
31/08/2022 17:00,,,,,,
31/08/2022 17:30,,,,,,
31/08/2022 18:00,,,,,,
31/08/2022 18:30,,,,,,
31/08/2022 19:00,,,,,,
31/08/2022 19:30,,,,,,
31/08/2022 20:00,,,,,,
31/08/2022 20:30,,,,,,
31/08/2022 21:00,,,,,,
31/08/2022 21:30,,,,,,
31/08/2022 22:00,,,,,,
31/08/2022 22:30,,,,,,
31/08/2022 23:00,,,,,,
31/08/2022 23:30,,,,,,
01/09/2022 00:00,,,,,,
01/09/2022 00:30,,,,,,
01/09/2022 01:00,,,,,,
01/09/2022 01:30,,,,,,
01/09/2022 02:00,,,,,,
01/09/2022 02:30,,,,,,
01/09/2022 03:00,,,,,,
01/09/2022 03:30,,,,,,
01/09/2022 04:00,,,,,,
01/09/2022 04:30,,,,,,
01/09/2022 05:00,,,,,,
01/09/2022 05:30,,,,,,
01/09/2022 06:00,,,,,,
01/09/2022 06:30,,,,,,
01/09/2022 07:00,,,,,,
01/09/2022 07:30,,,,,,
01/09/2022 08:00,,,,,,
01/09/2022 08:30,,,,,,
01/09/2022 09:00,,,,,,
01/09/2022 09:30,,,,,,
01/09/2022 10:00,,,,,,
01/09/2022 10:30,,,,,,
01/09/2022 11:00,,,,,,
01/09/2022 11:30,,,,,,
01/09/2022 12:00,,,,,,
01/09/2022 12:30,,,,,,
01/09/2022 13:00,,,,,,
01/09/2022 13:30,,,,,,
01/09/2022 14:00,,,,,,
01/09/2022 14:30,,,,,,
01/09/2022 15:00,,,,,,
01/09/2022 15:30,,,,,,
01/09/2022 16:00,,,,,,
01/09/2022 16:30,,,,,,
01/09/2022 17:00,,,,,,
01/09/2022 17:30,,,,,,
01/09/2022 18:00,,,,,,
01/09/2022 18:30,,,,,,
01/09/2022 19:00,,,,,,
01/09/2022 19:30,,,,,,
01/09/2022 20:00,,,,,,
01/09/2022 20:30,,,,,,
01/09/2022 21:00,,,,,,
01/09/2022 21:30,,,,,,
01/09/2022 22:00,,,,,,
01/09/2022 22:30,,,,,,
01/09/2022 23:00,,,,,,
01/09/2022 23:30,,,,,,
02/09/2022 00:00,,,,,,
02/09/2022 00:30,,,,,,
02/09/2022 01:00,,,,,,
02/09/2022 01:30,,,,,,
02/09/2022 02:00,,,,,,
02/09/2022 02:30,,,,,,
02/09/2022 03:00,,,,,,
02/09/2022 03:30,,,,,,
02/09/2022 04:00,,,,,,
02/09/2022 04:30,,,,,,
02/09/2022 05:00,,,,,,
02/09/2022 05:30,,,,,,
02/09/2022 06:00,,,,,,
02/09/2022 06:30,,,,,,
02/09/2022 07:00,,,,,,
02/09/2022 07:30,,,,,,
02/09/2022 08:00,,,,,,
02/09/2022 08:30,,,,,,
02/09/2022 09:00,,,,,,
02/09/2022 09:30,,,,,,
02/09/2022 10:00,,,,,,
02/09/2022 10:30,,,,,,
02/09/2022 11:00,,,,,,
02/09/2022 11:30,,,,,,
02/09/2022 12:00,,,,,,
02/09/2022 12:30,,,,,,
02/09/2022 13:00,,,,,,
02/09/2022 13:30,,,,,,
02/09/2022 14:00,,,,,,
02/09/2022 14:30,,,,,,
02/09/2022 15:00,,,,,,
02/09/2022 15:30,,,,,,
02/09/2022 16:00,,,,,,
02/09/2022 16:30,,,,,,
02/09/2022 17:00,,,,,,
02/09/2022 17:30,,,,,,
02/09/2022 18:00,,,,,,
02/09/2022 18:30,,,,,,
02/09/2022 19:00,,,,,,
02/09/2022 19:30,,,,,,
02/09/2022 20:00,,,,,,
02/09/2022 20:30,,,,,,
02/09/2022 21:00,,,,,,
02/09/2022 21:30,,,,,,
02/09/2022 22:00,,,,,,
02/09/2022 22:30,,,,,,
02/09/2022 23:00,,,,,,
02/09/2022 23:30,,,,,,
03/09/2022 00:00,,,,,,
03/09/2022 00:30,,,,,,
03/09/2022 01:00,,,,,,
03/09/2022 01:30,,,,,,
03/09/2022 02:00,,,,,,
03/09/2022 02:30,,,,,,
03/09/2022 03:00,,,,,,
03/09/2022 03:30,,,,,,
03/09/2022 04:00,,,,,,
03/09/2022 04:30,,,,,,
03/09/2022 05:00,,,,,,
03/09/2022 05:30,,,,,,
03/09/2022 06:00,,,,,,
03/09/2022 06:30,,,,,,
03/09/2022 07:00,,,,,,
03/09/2022 07:30,,,,,,
03/09/2022 08:00,,,,,,
03/09/2022 08:30,,,,,,
03/09/2022 09:00,,,,,,
03/09/2022 09:30,,,,,,
03/09/2022 10:00,,,,,,
03/09/2022 10:30,,,,,,
03/09/2022 11:00,,,,,,
03/09/2022 11:30,,,,,,
03/09/2022 12:00,,,,,,
03/09/2022 12:30,,,,,,
03/09/2022 13:00,,,,,,
03/09/2022 13:30,,,,,,
03/09/2022 14:00,,,,,,
03/09/2022 14:30,,,,,,
03/09/2022 15:00,,,,,,
03/09/2022 15:30,,,,,,
03/09/2022 16:00,,,,,,
03/09/2022 16:30,,,,,,
03/09/2022 17:00,,,,,,
03/09/2022 17:30,,,,,,
03/09/2022 18:00,,,,,,
03/09/2022 18:30,,,,,,
03/09/2022 19:00,,,,,,
03/09/2022 19:30,,,,,,
03/09/2022 20:00,,,,,,
03/09/2022 20:30,,,,,,
03/09/2022 21:00,,,,,,
03/09/2022 21:30,,,,,,
03/09/2022 22:00,,,,,,
03/09/2022 22:30,,,,,,
03/09/2022 23:00,,,,,,
03/09/2022 23:30,,,,,,
04/09/2022 00:00,,,,,,
04/09/2022 00:30,,,,,,
04/09/2022 01:00,,,,,,
04/09/2022 01:30,,,,,,
04/09/2022 02:00,,,,,,
04/09/2022 02:30,,,,,,
04/09/2022 03:00,,,,,,
04/09/2022 03:30,,,,,,
04/09/2022 04:00,,,,,,
04/09/2022 04:30,,,,,,
04/09/2022 05:00,,,,,,
04/09/2022 05:30,,,,,,
04/09/2022 06:00,,,,,,
04/09/2022 06:30,,,,,,
04/09/2022 07:00,,,,,,
04/09/2022 07:30,,,,,,
04/09/2022 08:00,,,,,,
04/09/2022 08:30,,,,,,
04/09/2022 09:00,,,,,,
04/09/2022 09:30,,,,,,
04/09/2022 10:00,,,,,,
04/09/2022 10:30,,,,,,
04/09/2022 11:00,,,,,,
04/09/2022 11:30,,,,,,
04/09/2022 12:00,,,,,,
04/09/2022 12:30,,,,,,
04/09/2022 13:00,,,,,,
04/09/2022 13:30,,,,,,
04/09/2022 14:00,,,,,,
04/09/2022 14:30,,,,,,
04/09/2022 15:00,,,,,,
04/09/2022 15:30,,,,,,
04/09/2022 16:00,,,,,,
04/09/2022 16:30,,,,,,
04/09/2022 17:00,,,,,,
04/09/2022 17:30,,,,,,
04/09/2022 18:00,,,,,,
04/09/2022 18:30,,,,,,
04/09/2022 19:00,,,,,,
04/09/2022 19:30,,,,,,
04/09/2022 20:00,,,,,,
04/09/2022 20:30,,,,,,
04/09/2022 21:00,,,,,,
04/09/2022 21:30,,,,,,
04/09/2022 22:00,,,,,,
04/09/2022 22:30,,,,,,
04/09/2022 23:00,,,,,,
04/09/2022 23:30,,,,,,
05/09/2022 00:00,,,,,,
05/09/2022 00:30,,,,,,
05/09/2022 01:00,,,,,,
05/09/2022 01:30,,,,,,
05/09/2022 02:00,,,,,,
05/09/2022 02:30,,,,,,
05/09/2022 03:00,,,,,,
05/09/2022 03:30,,,,,,
05/09/2022 04:00,,,,,,
05/09/2022 04:30,,,,,,
05/09/2022 05:00,,,,,,
05/09/2022 05:30,,,,,,
05/09/2022 06:00,,,,,,
05/09/2022 06:30,,,,,,
05/09/2022 07:00,,,,,,
05/09/2022 07:30,,,,,,
05/09/2022 08:00,,,,,,
05/09/2022 08:30,,,,,,
05/09/2022 09:00,,,,,,
05/09/2022 09:30,,,,,,
05/09/2022 10:00,,,,,,
05/09/2022 10:30,,,,,,
05/09/2022 11:00,,,,,,
05/09/2022 11:30,,,,,,
05/09/2022 12:00,,,,,,
05/09/2022 12:30,,,,,,
05/09/2022 13:00,,,,,,
05/09/2022 13:30,,,,,,
05/09/2022 14:00,,,,,,
05/09/2022 14:30,,,,,,
05/09/2022 15:00,,,,,,
05/09/2022 15:30,,,,,,
05/09/2022 16:00,,,,,,
05/09/2022 16:30,,,,,,
05/09/2022 17:00,,,,,,
05/09/2022 17:30,,,,,,
05/09/2022 18:00,,,,,,
05/09/2022 18:30,,,,,,
05/09/2022 19:00,,,,,,
05/09/2022 19:30,,,,,,
05/09/2022 20:00,,,,,,
05/09/2022 20:30,,,,,,
05/09/2022 21:00,,,,,,
05/09/2022 21:30,,,,,,
05/09/2022 22:00,,,,,,
05/09/2022 22:30,,,,,,
05/09/2022 23:00,,,,,,
05/09/2022 23:30,,,,,,
06/09/2022 00:00,,,,,,
06/09/2022 00:30,,,,,,
06/09/2022 01:00,,,,,,
06/09/2022 01:30,,,,,,
06/09/2022 02:00,,,,,,
06/09/2022 02:30,,,,,,
06/09/2022 03:00,,,,,,
06/09/2022 03:30,,,,,,
06/09/2022 04:00,,,,,,
06/09/2022 04:30,,,,,,
06/09/2022 05:00,,,,,,
06/09/2022 05:30,,,,,,
06/09/2022 06:00,,,,,,
06/09/2022 06:30,,,,,,
06/09/2022 07:00,,,,,,
06/09/2022 07:30,,,,,,
06/09/2022 08:00,,,,,,
06/09/2022 08:30,,,,,,
06/09/2022 09:00,,,,,,
06/09/2022 09:30,,,,,,
06/09/2022 10:00,,,,,,
06/09/2022 10:30,,,,,,
06/09/2022 11:00,,,,,,
06/09/2022 11:30,,,,,,
06/09/2022 12:00,,,,,,
06/09/2022 12:30,,,,,,
06/09/2022 13:00,,,,,,
06/09/2022 13:30,,,,,,
06/09/2022 14:00,,,,,,
06/09/2022 14:30,,,,,,
06/09/2022 15:00,,,,,,
06/09/2022 15:30,,,,,,
06/09/2022 16:00,,,,,,
06/09/2022 16:30,,,,,,
06/09/2022 17:00,,,,,,
06/09/2022 17:30,,,,,,
06/09/2022 18:00,,,,,,
06/09/2022 18:30,,,,,,
06/09/2022 19:00,,,,,,
06/09/2022 19:30,,,,,,
06/09/2022 20:00,,,,,,
06/09/2022 20:30,,,,,,
06/09/2022 21:00,,,,,,
06/09/2022 21:30,,,,,,
06/09/2022 22:00,,,,,,
06/09/2022 22:30,,,,,,
06/09/2022 23:00,,,,,,
06/09/2022 23:30,,,,,,
07/09/2022 00:00,,,,,,
07/09/2022 00:30,,,,,,
07/09/2022 01:00,,,,,,
07/09/2022 01:30,,,,,,
07/09/2022 02:00,,,,,,
07/09/2022 02:30,,,,,,
07/09/2022 03:00,,,,,,
07/09/2022 03:30,,,,,,
07/09/2022 04:00,,,,,,
07/09/2022 04:30,,,,,,
07/09/2022 05:00,,,,,,
07/09/2022 05:30,,,,,,
07/09/2022 06:00,,,,,,
07/09/2022 06:30,,,,,,
07/09/2022 07:00,,,,,,
07/09/2022 07:30,,,,,,
07/09/2022 08:00,,,,,,
07/09/2022 08:30,,,,,,
07/09/2022 09:00,,,,,,
07/09/2022 09:30,,,,,,
07/09/2022 10:00,,,,,,
07/09/2022 10:30,,,,,,
07/09/2022 11:00,,,,,,
07/09/2022 11:30,,,,,,
07/09/2022 12:00,,,,,,
07/09/2022 12:30,,,,,,
07/09/2022 13:00,,,,,,
07/09/2022 13:30,,,,,,
07/09/2022 14:00,,,,,,
07/09/2022 14:30,,,,,,
07/09/2022 15:00,,,,,,
07/09/2022 15:30,,,,,,
07/09/2022 16:00,,,,,,
07/09/2022 16:30,,,,,,
07/09/2022 17:00,,,,,,
07/09/2022 17:30,,,,,,
07/09/2022 18:00,,,,,,
07/09/2022 18:30,,,,,,
07/09/2022 19:00,,,,,,
07/09/2022 19:30,,,,,,
07/09/2022 20:00,,,,,,
07/09/2022 20:30,,,,,,
07/09/2022 21:00,,,,,,
07/09/2022 21:30,,,,,,
07/09/2022 22:00,,,,,,
07/09/2022 22:30,,,,,,
07/09/2022 23:00,,,,,,
07/09/2022 23:30,,,,,,
08/09/2022 00:00,,,,,,
08/09/2022 00:30,,,,,,
08/09/2022 01:00,,,,,,
08/09/2022 01:30,,,,,,
08/09/2022 02:00,,,,,,
08/09/2022 02:30,,,,,,
08/09/2022 03:00,,,,,,
08/09/2022 03:30,,,,,,
08/09/2022 04:00,,,,,,
08/09/2022 04:30,,,,,,
08/09/2022 05:00,,,,,,
08/09/2022 05:30,,,,,,
08/09/2022 06:00,,,,,,
08/09/2022 06:30,,,,,,
08/09/2022 07:00,,,,,,
08/09/2022 07:30,,,,,,
08/09/2022 08:00,,,,,,
08/09/2022 08:30,,,,,,
08/09/2022 09:00,,,,,,
08/09/2022 09:30,,,,,,
08/09/2022 10:00,,,,,,
08/09/2022 10:30,,,,,,
08/09/2022 11:00,,,,,,
08/09/2022 11:30,,,,,,
08/09/2022 12:00,,,,,,
08/09/2022 12:30,,,,,,
08/09/2022 13:00,,,,,,
08/09/2022 13:30,,,,,,
08/09/2022 14:00,,,,,,
08/09/2022 14:30,,,,,,
08/09/2022 15:00,,,,,,
08/09/2022 15:30,,,,,,
08/09/2022 16:00,,,,,,
08/09/2022 16:30,,,,,,
08/09/2022 17:00,,,,,,
08/09/2022 17:30,,,,,,
08/09/2022 18:00,,,,,,
08/09/2022 18:30,,,,,,
08/09/2022 19:00,,,,,,
08/09/2022 19:30,,,,,,
08/09/2022 20:00,,,,,,
08/09/2022 20:30,,,,,,
08/09/2022 21:00,,,,,,
08/09/2022 21:30,,,,,,
08/09/2022 22:00,,,,,,
08/09/2022 22:30,,,,,,
08/09/2022 23:00,,,,,,
08/09/2022 23:30,,,,,,
09/09/2022 00:00,,,,,,
09/09/2022 00:30,,,,,,
09/09/2022 01:00,,,,,,
09/09/2022 01:30,,,,,,
09/09/2022 02:00,,,,,,
09/09/2022 02:30,,,,,,
09/09/2022 03:00,,,,,,
09/09/2022 03:30,,,,,,
09/09/2022 04:00,,,,,,
09/09/2022 04:30,,,,,,
09/09/2022 05:00,,,,,,
09/09/2022 05:30,,,,,,
09/09/2022 06:00,,,,,,
09/09/2022 06:30,,,,,,
09/09/2022 07:00,,,,,,
09/09/2022 07:30,,,,,,
09/09/2022 08:00,,,,,,
09/09/2022 08:30,,,,,,
09/09/2022 09:00,,,,,,
09/09/2022 09:30,,,,,,
09/09/2022 10:00,,,,,,
09/09/2022 10:30,,,,,,
09/09/2022 11:00,,,,,,
09/09/2022 11:30,,,,,,
09/09/2022 12:00,,,,,,
09/09/2022 12:30,,,,,,
09/09/2022 13:00,,,,,,
09/09/2022 13:30,,,,,,
09/09/2022 14:00,,,,,,
09/09/2022 14:30,,,,,,
09/09/2022 15:00,,,,,,
09/09/2022 15:30,,,,,,
09/09/2022 16:00,,,,,,
09/09/2022 16:30,,,,,,
09/09/2022 17:00,,,,,,
09/09/2022 17:30,,,,,,
09/09/2022 18:00,,,,,,
09/09/2022 18:30,,,,,,
09/09/2022 19:00,,,,,,
09/09/2022 19:30,,,,,,
09/09/2022 20:00,,,,,,
09/09/2022 20:30,,,,,,
09/09/2022 21:00,,,,,,
09/09/2022 21:30,,,,,,
09/09/2022 22:00,,,,,,
09/09/2022 22:30,,,,,,
09/09/2022 23:00,,,,,,
09/09/2022 23:30,,,,,,
10/09/2022 00:00,,,,,,
10/09/2022 00:30,,,,,,
10/09/2022 01:00,,,,,,
10/09/2022 01:30,,,,,,
10/09/2022 02:00,,,,,,
10/09/2022 02:30,,,,,,
10/09/2022 03:00,,,,,,
10/09/2022 03:30,,,,,,
10/09/2022 04:00,,,,,,
10/09/2022 04:30,,,,,,
10/09/2022 05:00,,,,,,
10/09/2022 05:30,,,,,,
10/09/2022 06:00,,,,,,
10/09/2022 06:30,,,,,,
10/09/2022 07:00,,,,,,
10/09/2022 07:30,,,,,,
10/09/2022 08:00,,,,,,
10/09/2022 08:30,,,,,,
10/09/2022 09:00,,,,,,
10/09/2022 09:30,,,,,,
10/09/2022 10:00,,,,,,
10/09/2022 10:30,,,,,,
10/09/2022 11:00,,,,,,
10/09/2022 11:30,,,,,,
10/09/2022 12:00,,,,,,
10/09/2022 12:30,,,,,,
10/09/2022 13:00,,,,,,
10/09/2022 13:30,,,,,,
10/09/2022 14:00,,,,,,
10/09/2022 14:30,,,,,,
10/09/2022 15:00,,,,,,
10/09/2022 15:30,,,,,,
10/09/2022 16:00,,,,,,
10/09/2022 16:30,,,,,,
10/09/2022 17:00,,,,,,
10/09/2022 17:30,,,,,,
10/09/2022 18:00,,,,,,
10/09/2022 18:30,,,,,,
10/09/2022 19:00,,,,,,
10/09/2022 19:30,,,,,,
10/09/2022 20:00,,,,,,
10/09/2022 20:30,,,,,,
10/09/2022 21:00,,,,,,
10/09/2022 21:30,,,,,,
10/09/2022 22:00,,,,,,
10/09/2022 22:30,,,,,,
10/09/2022 23:00,,,,,,
10/09/2022 23:30,,,,,,
11/09/2022 00:00,,,,,,
11/09/2022 00:30,,,,,,
11/09/2022 01:00,,,,,,
11/09/2022 01:30,,,,,,
11/09/2022 02:00,,,,,,
11/09/2022 02:30,,,,,,
11/09/2022 03:00,,,,,,
11/09/2022 03:30,,,,,,
11/09/2022 04:00,,,,,,
11/09/2022 04:30,,,,,,
11/09/2022 05:00,,,,,,
11/09/2022 05:30,,,,,,
11/09/2022 06:00,,,,,,
11/09/2022 06:30,,,,,,
11/09/2022 07:00,,,,,,
11/09/2022 07:30,,,,,,
11/09/2022 08:00,,,,,,
11/09/2022 08:30,,,,,,
11/09/2022 09:00,,,,,,
11/09/2022 09:30,,,,,,
11/09/2022 10:00,,,,,,
11/09/2022 10:30,,,,,,
11/09/2022 11:00,,,,,,
11/09/2022 11:30,,,,,,
11/09/2022 12:00,,,,,,
11/09/2022 12:30,,,,,,
11/09/2022 13:00,,,,,,
11/09/2022 13:30,,,,,,
11/09/2022 14:00,,,,,,
11/09/2022 14:30,,,,,,
11/09/2022 15:00,,,,,,
11/09/2022 15:30,,,,,,
11/09/2022 16:00,,,,,,
11/09/2022 16:30,,,,,,
11/09/2022 17:00,,,,,,
11/09/2022 17:30,,,,,,
11/09/2022 18:00,,,,,,
11/09/2022 18:30,,,,,,
11/09/2022 19:00,,,,,,
11/09/2022 19:30,,,,,,
11/09/2022 20:00,,,,,,
11/09/2022 20:30,,,,,,
11/09/2022 21:00,,,,,,
11/09/2022 21:30,,,,,,
11/09/2022 22:00,,,,,,
11/09/2022 22:30,,,,,,
11/09/2022 23:00,,,,,,
11/09/2022 23:30,,,,,,
12/09/2022 00:00,,,,,,
12/09/2022 00:30,,,,,,
12/09/2022 01:00,,,,,,
12/09/2022 01:30,,,,,,
12/09/2022 02:00,,,,,,
12/09/2022 02:30,,,,,,
12/09/2022 03:00,,,,,,
12/09/2022 03:30,,,,,,
12/09/2022 04:00,,,,,,
12/09/2022 04:30,,,,,,
12/09/2022 05:00,,,,,,
12/09/2022 05:30,,,,,,
12/09/2022 06:00,,,,,,
12/09/2022 06:30,,,,,,
12/09/2022 07:00,,,,,,
12/09/2022 07:30,,,,,,
12/09/2022 08:00,,,,,,
12/09/2022 08:30,,,,,,
12/09/2022 09:00,,,,,,
12/09/2022 09:30,,,,,,
12/09/2022 10:00,,,,,,
12/09/2022 10:30,,,,,,
12/09/2022 11:00,,,,,,
12/09/2022 11:30,,,,,,
12/09/2022 12:00,,,,,,
12/09/2022 12:30,,,,,,
12/09/2022 13:00,,,,,,
12/09/2022 13:30,,,,,,
12/09/2022 14:00,,,,,,
12/09/2022 14:30,,,,,,
12/09/2022 15:00,,,,,,
12/09/2022 15:30,,,,,,
12/09/2022 16:00,,,,,,
12/09/2022 16:30,,,,,,
12/09/2022 17:00,,,,,,
12/09/2022 17:30,,,,,,
12/09/2022 18:00,,,,,,
12/09/2022 18:30,,,,,,
12/09/2022 19:00,,,,,,
12/09/2022 19:30,,,,,,
12/09/2022 20:00,,,,,,
12/09/2022 20:30,,,,,,
12/09/2022 21:00,,,,,,
12/09/2022 21:30,,,,,,
12/09/2022 22:00,,,,,,
12/09/2022 22:30,,,,,,
12/09/2022 23:00,,,,,,
12/09/2022 23:30,,,,,,
13/09/2022 00:00,,,,,,
13/09/2022 00:30,,,,,,
13/09/2022 01:00,,,,,,
13/09/2022 01:30,,,,,,
13/09/2022 02:00,,,,,,
13/09/2022 02:30,,,,,,
13/09/2022 03:00,,,,,,
13/09/2022 03:30,,,,,,
13/09/2022 04:00,,,,,,
13/09/2022 04:30,,,,,,
13/09/2022 05:00,,,,,,
13/09/2022 05:30,,,,,,
13/09/2022 06:00,,,,,,
13/09/2022 06:30,,,,,,
13/09/2022 07:00,,,,,,
13/09/2022 07:30,,,,,,
13/09/2022 08:00,,,,,,
13/09/2022 08:30,,,,,,
13/09/2022 09:00,,,,,,
13/09/2022 09:30,,,,,,
13/09/2022 10:00,,,,,,
13/09/2022 10:30,,,,,,
13/09/2022 11:00,,,,,,
13/09/2022 11:30,,,,,,
13/09/2022 12:00,,,,,,
13/09/2022 12:30,,,,,,
13/09/2022 13:00,,,,,,
13/09/2022 13:30,,,,,,
13/09/2022 14:00,,,,,,
13/09/2022 14:30,,,,,,
13/09/2022 15:00,,,,,,
13/09/2022 15:30,,,,,,
13/09/2022 16:00,,,,,,
13/09/2022 16:30,,,,,,
13/09/2022 17:00,,,,,,
13/09/2022 17:30,,,,,,
13/09/2022 18:00,,,,,,
13/09/2022 18:30,,,,,,
13/09/2022 19:00,,,,,,
13/09/2022 19:30,,,,,,
13/09/2022 20:00,,,,,,
13/09/2022 20:30,,,,,,
13/09/2022 21:00,,,,,,
13/09/2022 21:30,,,,,,
13/09/2022 22:00,,,,,,
13/09/2022 22:30,,,,,,
13/09/2022 23:00,,,,,,
13/09/2022 23:30,,,,,,
14/09/2022 00:00,,,,,,
14/09/2022 00:30,,,,,,
14/09/2022 01:00,,,,,,
14/09/2022 01:30,,,,,,
14/09/2022 02:00,,,,,,
14/09/2022 02:30,,,,,,
14/09/2022 03:00,,,,,,
14/09/2022 03:30,,,,,,
14/09/2022 04:00,,,,,,
14/09/2022 04:30,,,,,,
14/09/2022 05:00,,,,,,
14/09/2022 05:30,,,,,,
14/09/2022 06:00,,,,,,
14/09/2022 06:30,,,,,,
14/09/2022 07:00,,,,,,
14/09/2022 07:30,,,,,,
14/09/2022 08:00,,,,,,
14/09/2022 08:30,,,,,,
14/09/2022 09:00,,,,,,
14/09/2022 09:30,,,,,,
14/09/2022 10:00,,,,,,
14/09/2022 10:30,,,,,,
14/09/2022 11:00,,,,,,
14/09/2022 11:30,,,,,,
14/09/2022 12:00,,,,,,
14/09/2022 12:30,,,,,,
14/09/2022 13:00,,,,,,
14/09/2022 13:30,,,,,,
14/09/2022 14:00,,,,,,
14/09/2022 14:30,,,,,,
14/09/2022 15:00,,,,,,
14/09/2022 15:30,,,,,,
14/09/2022 16:00,,,,,,
14/09/2022 16:30,,,,,,
14/09/2022 17:00,,,,,,
14/09/2022 17:30,,,,,,
14/09/2022 18:00,,,,,,
14/09/2022 18:30,,,,,,
14/09/2022 19:00,,,,,,
14/09/2022 19:30,,,,,,
14/09/2022 20:00,,,,,,
14/09/2022 20:30,,,,,,
14/09/2022 21:00,,,,,,
14/09/2022 21:30,,,,,,
14/09/2022 22:00,,,,,,
14/09/2022 22:30,,,,,,
14/09/2022 23:00,,,,,,
14/09/2022 23:30,,,,,,
15/09/2022 00:00,,,,,,
15/09/2022 00:30,,,,,,
15/09/2022 01:00,,,,,,
15/09/2022 01:30,,,,,,
15/09/2022 02:00,,,,,,
15/09/2022 02:30,,,,,,
15/09/2022 03:00,,,,,,
15/09/2022 03:30,,,,,,
15/09/2022 04:00,,,,,,
15/09/2022 04:30,,,,,,
15/09/2022 05:00,,,,,,
15/09/2022 05:30,,,,,,
15/09/2022 06:00,,,,,,
15/09/2022 06:30,,,,,,
15/09/2022 07:00,,,,,,
15/09/2022 07:30,,,,,,
15/09/2022 08:00,,,,,,
15/09/2022 08:30,,,,,,
15/09/2022 09:00,,,,,,
15/09/2022 09:30,,,,,,
15/09/2022 10:00,,,,,,
15/09/2022 10:30,,,,,,
15/09/2022 11:00,,,,,,
15/09/2022 11:30,,,,,,
15/09/2022 12:00,,,,,,
15/09/2022 12:30,,,,,,
15/09/2022 13:00,,,,,,
15/09/2022 13:30,,,,,,
15/09/2022 14:00,,,,,,
15/09/2022 14:30,,,,,,
15/09/2022 15:00,,,,,,
15/09/2022 15:30,,,,,,
15/09/2022 16:00,,,,,,
15/09/2022 16:30,,,,,,
15/09/2022 17:00,,,,,,
15/09/2022 17:30,,,,,,
15/09/2022 18:00,,,,,,
15/09/2022 18:30,,,,,,
15/09/2022 19:00,,,,,,
15/09/2022 19:30,,,,,,
15/09/2022 20:00,,,,,,
15/09/2022 20:30,,,,,,
15/09/2022 21:00,,,,,,
15/09/2022 21:30,,,,,,
15/09/2022 22:00,,,,,,
15/09/2022 22:30,,,,,,
15/09/2022 23:00,,,,,,
15/09/2022 23:30,,,,,,
16/09/2022 00:00,,,,,,
16/09/2022 00:30,,,,,,
16/09/2022 01:00,,,,,,
16/09/2022 01:30,,,,,,
16/09/2022 02:00,,,,,,
16/09/2022 02:30,,,,,,
16/09/2022 03:00,,,,,,
16/09/2022 03:30,,,,,,
16/09/2022 04:00,,,,,,
16/09/2022 04:30,,,,,,
16/09/2022 05:00,,,,,,
16/09/2022 05:30,,,,,,
16/09/2022 06:00,,,,,,
16/09/2022 06:30,,,,,,
16/09/2022 07:00,,,,,,
16/09/2022 07:30,,,,,,
16/09/2022 08:00,,,,,,
16/09/2022 08:30,,,,,,
16/09/2022 09:00,,,,,,
16/09/2022 09:30,,,,,,
16/09/2022 10:00,,,,,,
16/09/2022 10:30,,,,,,
16/09/2022 11:00,,,,,,
16/09/2022 11:30,,,,,,
16/09/2022 12:00,,,,,,
16/09/2022 12:30,,,,,,
16/09/2022 13:00,,,,,,
16/09/2022 13:30,,,,,,
16/09/2022 14:00,,,,,,
16/09/2022 14:30,,,,,,
16/09/2022 15:00,,,,,,
16/09/2022 15:30,,,,,,
16/09/2022 16:00,,,,,,
16/09/2022 16:30,,,,,,
16/09/2022 17:00,,,,,,
16/09/2022 17:30,,,,,,
16/09/2022 18:00,,,,,,
16/09/2022 18:30,,,,,,
16/09/2022 19:00,,,,,,
16/09/2022 19:30,,,,,,
16/09/2022 20:00,,,,,,
16/09/2022 20:30,,,,,,
16/09/2022 21:00,,,,,,
16/09/2022 21:30,,,,,,
16/09/2022 22:00,,,,,,
16/09/2022 22:30,,,,,,
16/09/2022 23:00,,,,,,
16/09/2022 23:30,,,,,,
17/09/2022 00:00,,,,,,
17/09/2022 00:30,,,,,,
17/09/2022 01:00,,,,,,
17/09/2022 01:30,,,,,,
17/09/2022 02:00,,,,,,
17/09/2022 02:30,,,,,,
17/09/2022 03:00,,,,,,
17/09/2022 03:30,,,,,,
17/09/2022 04:00,,,,,,
17/09/2022 04:30,,,,,,
17/09/2022 05:00,,,,,,
17/09/2022 05:30,,,,,,
17/09/2022 06:00,,,,,,
17/09/2022 06:30,,,,,,
17/09/2022 07:00,,,,,,
17/09/2022 07:30,,,,,,
17/09/2022 08:00,,,,,,
17/09/2022 08:30,,,,,,
17/09/2022 09:00,,,,,,
17/09/2022 09:30,,,,,,
17/09/2022 10:00,,,,,,
17/09/2022 10:30,,,,,,
17/09/2022 11:00,,,,,,
17/09/2022 11:30,,,,,,
17/09/2022 12:00,,,,,,
17/09/2022 12:30,,,,,,
17/09/2022 13:00,,,,,,
17/09/2022 13:30,,,,,,
17/09/2022 14:00,,,,,,
17/09/2022 14:30,,,,,,
17/09/2022 15:00,,,,,,
17/09/2022 15:30,,,,,,
17/09/2022 16:00,,,,,,
17/09/2022 16:30,,,,,,
17/09/2022 17:00,,,,,,
17/09/2022 17:30,,,,,,
17/09/2022 18:00,,,,,,
17/09/2022 18:30,,,,,,
17/09/2022 19:00,,,,,,
17/09/2022 19:30,,,,,,
17/09/2022 20:00,,,,,,
17/09/2022 20:30,,,,,,
17/09/2022 21:00,,,,,,
17/09/2022 21:30,,,,,,
17/09/2022 22:00,,,,,,
17/09/2022 22:30,,,,,,
17/09/2022 23:00,,,,,,
17/09/2022 23:30,,,,,,
18/09/2022 00:00,,,,,,
18/09/2022 00:30,,,,,,
18/09/2022 01:00,,,,,,
18/09/2022 01:30,,,,,,
18/09/2022 02:00,,,,,,
18/09/2022 02:30,,,,,,
18/09/2022 03:00,,,,,,
18/09/2022 03:30,,,,,,
18/09/2022 04:00,,,,,,
18/09/2022 04:30,,,,,,
18/09/2022 05:00,,,,,,
18/09/2022 05:30,,,,,,
18/09/2022 06:00,,,,,,
18/09/2022 06:30,,,,,,
18/09/2022 07:00,,,,,,
18/09/2022 07:30,,,,,,
18/09/2022 08:00,,,,,,
18/09/2022 08:30,,,,,,
18/09/2022 09:00,,,,,,
18/09/2022 09:30,,,,,,
18/09/2022 10:00,,,,,,
18/09/2022 10:30,,,,,,
18/09/2022 11:00,,,,,,
18/09/2022 11:30,,,,,,
18/09/2022 12:00,,,,,,
18/09/2022 12:30,,,,,,
18/09/2022 13:00,,,,,,
18/09/2022 13:30,,,,,,
18/09/2022 14:00,,,,,,
18/09/2022 14:30,,,,,,
18/09/2022 15:00,,,,,,
18/09/2022 15:30,,,,,,
18/09/2022 16:00,,,,,,
18/09/2022 16:30,,,,,,
18/09/2022 17:00,,,,,,
18/09/2022 17:30,,,,,,
18/09/2022 18:00,,,,,,
18/09/2022 18:30,,,,,,
18/09/2022 19:00,,,,,,
18/09/2022 19:30,,,,,,
18/09/2022 20:00,,,,,,
18/09/2022 20:30,,,,,,
18/09/2022 21:00,,,,,,
18/09/2022 21:30,,,,,,
18/09/2022 22:00,,,,,,
18/09/2022 22:30,,,,,,
18/09/2022 23:00,,,,,,
18/09/2022 23:30,,,,,,
19/09/2022 00:00,,,,,,
19/09/2022 00:30,,,,,,
19/09/2022 01:00,,,,,,
19/09/2022 01:30,,,,,,
19/09/2022 02:00,,,,,,
19/09/2022 02:30,,,,,,
19/09/2022 03:00,,,,,,
19/09/2022 03:30,,,,,,
19/09/2022 04:00,,,,,,
19/09/2022 04:30,,,,,,
19/09/2022 05:00,,,,,,
19/09/2022 05:30,,,,,,
19/09/2022 06:00,,,,,,
19/09/2022 06:30,,,,,,
19/09/2022 07:00,,,,,,
19/09/2022 07:30,,,,,,
19/09/2022 08:00,,,,,,
19/09/2022 08:30,,,,,,
19/09/2022 09:00,,,,,,
19/09/2022 09:30,,,,,,
19/09/2022 10:00,,,,,,
19/09/2022 10:30,,,,,,
19/09/2022 11:00,,,,,,
19/09/2022 11:30,,,,,,
19/09/2022 12:00,,,,,,
19/09/2022 12:30,,,,,,
19/09/2022 13:00,,,,,,
19/09/2022 13:30,,,,,,
19/09/2022 14:00,,,,,,
19/09/2022 14:30,,,,,,
19/09/2022 15:00,,,,,,
19/09/2022 15:30,,,,,,
19/09/2022 16:00,,,,,,
19/09/2022 16:30,,,,,,
19/09/2022 17:00,,,,,,
19/09/2022 17:30,,,,,,
19/09/2022 18:00,,,,,,
19/09/2022 18:30,,,,,,
19/09/2022 19:00,,,,,,
19/09/2022 19:30,,,,,,
19/09/2022 20:00,,,,,,
19/09/2022 20:30,,,,,,
19/09/2022 21:00,,,,,,
19/09/2022 21:30,,,,,,
19/09/2022 22:00,,,,,,
19/09/2022 22:30,,,,,,
19/09/2022 23:00,,,,,,
19/09/2022 23:30,,,,,,
20/09/2022 00:00,,,,,,
20/09/2022 00:30,,,,,,
20/09/2022 01:00,,,,,,
20/09/2022 01:30,,,,,,
20/09/2022 02:00,,,,,,
20/09/2022 02:30,,,,,,
20/09/2022 03:00,,,,,,
20/09/2022 03:30,,,,,,
20/09/2022 04:00,,,,,,
20/09/2022 04:30,,,,,,
20/09/2022 05:00,,,,,,
20/09/2022 05:30,,,,,,
20/09/2022 06:00,,,,,,
20/09/2022 06:30,,,,,,
20/09/2022 07:00,,,,,,
20/09/2022 07:30,,,,,,
20/09/2022 08:00,,,,,,
20/09/2022 08:30,,,,,,
20/09/2022 09:00,,,,,,
20/09/2022 09:30,,,,,,
20/09/2022 10:00,,,,,,
20/09/2022 10:30,,,,,,
20/09/2022 11:00,,,,,,
20/09/2022 11:30,,,,,,
20/09/2022 12:00,,,,,,
20/09/2022 12:30,,,,,,
20/09/2022 13:00,,,,,,
20/09/2022 13:30,,,,,,
20/09/2022 14:00,,,,,,
20/09/2022 14:30,,,,,,
20/09/2022 15:00,,,,,,
20/09/2022 15:30,,,,,,
20/09/2022 16:00,,,,,,
20/09/2022 16:30,,,,,,
20/09/2022 17:00,,,,,,
20/09/2022 17:30,,,,,,
20/09/2022 18:00,,,,,,
20/09/2022 18:30,,,,,,
20/09/2022 19:00,,,,,,
20/09/2022 19:30,,,,,,
20/09/2022 20:00,,,,,,
20/09/2022 20:30,,,,,,
20/09/2022 21:00,,,,,,
20/09/2022 21:30,,,,,,
20/09/2022 22:00,,,,,,
20/09/2022 22:30,,,,,,
20/09/2022 23:00,,,,,,
20/09/2022 23:30,,,,,,
21/09/2022 00:00,,,,,,
21/09/2022 00:30,,,,,,
21/09/2022 01:00,,,,,,
21/09/2022 01:30,,,,,,
21/09/2022 02:00,,,,,,
21/09/2022 02:30,,,,,,
21/09/2022 03:00,,,,,,
21/09/2022 03:30,,,,,,
21/09/2022 04:00,,,,,,
21/09/2022 04:30,,,,,,
21/09/2022 05:00,,,,,,
21/09/2022 05:30,,,,,,
21/09/2022 06:00,,,,,,
21/09/2022 06:30,,,,,,
21/09/2022 07:00,,,,,,
21/09/2022 07:30,,,,,,
21/09/2022 08:00,,,,,,
21/09/2022 08:30,,,,,,
21/09/2022 09:00,,,,,,
21/09/2022 09:30,,,,,,
21/09/2022 10:00,,,,,,
21/09/2022 10:30,,,,,,
21/09/2022 11:00,,,,,,
21/09/2022 11:30,,,,,,
21/09/2022 12:00,,,,,,
21/09/2022 12:30,,,,,,
21/09/2022 13:00,,,,,,
21/09/2022 13:30,,,,,,
21/09/2022 14:00,,,,,,
21/09/2022 14:30,,,,,,
21/09/2022 15:00,,,,,,
21/09/2022 15:30,,,,,,
21/09/2022 16:00,,,,,,
21/09/2022 16:30,,,,,,
21/09/2022 17:00,,,,,,
21/09/2022 17:30,,,,,,
21/09/2022 18:00,,,,,,
21/09/2022 18:30,,,,,,
21/09/2022 19:00,,,,,,
21/09/2022 19:30,,,,,,
21/09/2022 20:00,,,,,,
21/09/2022 20:30,,,,,,
21/09/2022 21:00,,,,,,
21/09/2022 21:30,,,,,,
21/09/2022 22:00,,,,,,
21/09/2022 22:30,,,,,,
21/09/2022 23:00,,,,,,
21/09/2022 23:30,,,,,,
22/09/2022 00:00,,,,,,
22/09/2022 00:30,,,,,,
22/09/2022 01:00,,,,,,
22/09/2022 01:30,,,,,,
22/09/2022 02:00,,,,,,
22/09/2022 02:30,,,,,,
22/09/2022 03:00,,,,,,
22/09/2022 03:30,,,,,,
22/09/2022 04:00,,,,,,
22/09/2022 04:30,,,,,,
22/09/2022 05:00,,,,,,
22/09/2022 05:30,,,,,,
22/09/2022 06:00,,,,,,
22/09/2022 06:30,,,,,,
22/09/2022 07:00,,,,,,
22/09/2022 07:30,,,,,,
22/09/2022 08:00,,,,,,
22/09/2022 08:30,,,,,,
22/09/2022 09:00,,,,,,
22/09/2022 09:30,,,,,,
22/09/2022 10:00,,,,,,
22/09/2022 10:30,,,,,,
22/09/2022 11:00,,,,,,
22/09/2022 11:30,,,,,,
22/09/2022 12:00,,,,,,
22/09/2022 12:30,,,,,,
22/09/2022 13:00,,,,,,
22/09/2022 13:30,,,,,,
22/09/2022 14:00,,,,,,
22/09/2022 14:30,,,,,,
22/09/2022 15:00,,,,,,
22/09/2022 15:30,,,,,,
22/09/2022 16:00,,,,,,
22/09/2022 16:30,,,,,,
22/09/2022 17:00,,,,,,
22/09/2022 17:30,,,,,,
22/09/2022 18:00,,,,,,
22/09/2022 18:30,,,,,,
22/09/2022 19:00,,,,,,
22/09/2022 19:30,,,,,,
22/09/2022 20:00,,,,,,
22/09/2022 20:30,,,,,,
22/09/2022 21:00,,,,,,
22/09/2022 21:30,,,,,,
22/09/2022 22:00,,,,,,
22/09/2022 22:30,,,,,,
22/09/2022 23:00,,,,,,
22/09/2022 23:30,,,,,,
23/09/2022 00:00,,,,,,
23/09/2022 00:30,,,,,,
23/09/2022 01:00,,,,,,
23/09/2022 01:30,,,,,,
23/09/2022 02:00,,,,,,
23/09/2022 02:30,,,,,,
23/09/2022 03:00,,,,,,
23/09/2022 03:30,,,,,,
23/09/2022 04:00,,,,,,
23/09/2022 04:30,,,,,,
23/09/2022 05:00,,,,,,
23/09/2022 05:30,,,,,,
23/09/2022 06:00,,,,,,
23/09/2022 06:30,,,,,,
23/09/2022 07:00,,,,,,
23/09/2022 07:30,,,,,,
23/09/2022 08:00,,,,,,
23/09/2022 08:30,,,,,,
23/09/2022 09:00,,,,,,
23/09/2022 09:30,,,,,,
23/09/2022 10:00,,,,,,
23/09/2022 10:30,,,,,,
23/09/2022 11:00,,,,,,
23/09/2022 11:30,,,,,,
23/09/2022 12:00,,,,,,
23/09/2022 12:30,,,,,,
23/09/2022 13:00,,,,,,
23/09/2022 13:30,,,,,,
23/09/2022 14:00,,,,,,
23/09/2022 14:30,,,,,,
23/09/2022 15:00,,,,,,
23/09/2022 15:30,,,,,,
23/09/2022 16:00,,,,,,
23/09/2022 16:30,,,,,,
23/09/2022 17:00,,,,,,
23/09/2022 17:30,,,,,,
23/09/2022 18:00,,,,,,
23/09/2022 18:30,,,,,,
23/09/2022 19:00,,,,,,
23/09/2022 19:30,,,,,,
23/09/2022 20:00,,,,,,
23/09/2022 20:30,,,,,,
23/09/2022 21:00,,,,,,
23/09/2022 21:30,,,,,,
23/09/2022 22:00,,,,,,
23/09/2022 22:30,,,,,,
23/09/2022 23:00,,,,,,
23/09/2022 23:30,,,,,,
24/09/2022 00:00,,,,,,
24/09/2022 00:30,,,,,,
24/09/2022 01:00,,,,,,
24/09/2022 01:30,,,,,,
24/09/2022 02:00,,,,,,
24/09/2022 02:30,,,,,,
24/09/2022 03:00,,,,,,
24/09/2022 03:30,,,,,,
24/09/2022 04:00,,,,,,
24/09/2022 04:30,,,,,,
24/09/2022 05:00,,,,,,
24/09/2022 05:30,,,,,,
24/09/2022 06:00,,,,,,
24/09/2022 06:30,,,,,,
24/09/2022 07:00,,,,,,
24/09/2022 07:30,,,,,,
24/09/2022 08:00,,,,,,
24/09/2022 08:30,,,,,,
24/09/2022 09:00,,,,,,
24/09/2022 09:30,,,,,,
24/09/2022 10:00,,,,,,
24/09/2022 10:30,,,,,,
24/09/2022 11:00,,,,,,
24/09/2022 11:30,,,,,,
24/09/2022 12:00,,,,,,
24/09/2022 12:30,,,,,,
24/09/2022 13:00,,,,,,
24/09/2022 13:30,,,,,,
24/09/2022 14:00,,,,,,
24/09/2022 14:30,,,,,,
24/09/2022 15:00,,,,,,
24/09/2022 15:30,,,,,,
24/09/2022 16:00,,,,,,
24/09/2022 16:30,,,,,,
24/09/2022 17:00,,,,,,
24/09/2022 17:30,,,,,,
24/09/2022 18:00,,,,,,
24/09/2022 18:30,,,,,,
24/09/2022 19:00,,,,,,
24/09/2022 19:30,,,,,,
24/09/2022 20:00,,,,,,
24/09/2022 20:30,,,,,,
24/09/2022 21:00,,,,,,
24/09/2022 21:30,,,,,,
24/09/2022 22:00,,,,,,
24/09/2022 22:30,,,,,,
24/09/2022 23:00,,,,,,
24/09/2022 23:30,,,,,,
25/09/2022 00:00,,,,,,
25/09/2022 00:30,,,,,,
25/09/2022 01:00,,,,,,
25/09/2022 01:30,,,,,,
25/09/2022 02:00,,,,,,
25/09/2022 02:30,,,,,,
25/09/2022 03:00,,,,,,
25/09/2022 03:30,,,,,,
25/09/2022 04:00,,,,,,
25/09/2022 04:30,,,,,,
25/09/2022 05:00,,,,,,
25/09/2022 05:30,,,,,,
25/09/2022 06:00,,,,,,
25/09/2022 06:30,,,,,,
25/09/2022 07:00,,,,,,
25/09/2022 07:30,,,,,,
25/09/2022 08:00,,,,,,
25/09/2022 08:30,,,,,,
25/09/2022 09:00,,,,,,
25/09/2022 09:30,,,,,,
25/09/2022 10:00,,,,,,
25/09/2022 10:30,,,,,,
25/09/2022 11:00,,,,,,
25/09/2022 11:30,,,,,,
25/09/2022 12:00,,,,,,
25/09/2022 12:30,,,,,,
25/09/2022 13:00,,,,,,
25/09/2022 13:30,,,,,,
25/09/2022 14:00,,,,,,
25/09/2022 14:30,,,,,,
25/09/2022 15:00,,,,,,
25/09/2022 15:30,,,,,,
25/09/2022 16:00,,,,,,
25/09/2022 16:30,,,,,,
25/09/2022 17:00,,,,,,
25/09/2022 17:30,,,,,,
25/09/2022 18:00,,,,,,
25/09/2022 18:30,,,,,,
25/09/2022 19:00,,,,,,
25/09/2022 19:30,,,,,,
25/09/2022 20:00,,,,,,
25/09/2022 20:30,,,,,,
25/09/2022 21:00,,,,,,
25/09/2022 21:30,,,,,,
25/09/2022 22:00,,,,,,
25/09/2022 22:30,,,,,,
25/09/2022 23:00,,,,,,
25/09/2022 23:30,,,,,,
26/09/2022 00:00,,,,,,
26/09/2022 00:30,,,,,,
26/09/2022 01:00,,,,,,
26/09/2022 01:30,,,,,,
26/09/2022 02:00,,,,,,
26/09/2022 02:30,,,,,,
26/09/2022 03:00,,,,,,
26/09/2022 03:30,,,,,,
26/09/2022 04:00,,,,,,
26/09/2022 04:30,,,,,,
26/09/2022 05:00,,,,,,
26/09/2022 05:30,,,,,,
26/09/2022 06:00,,,,,,
26/09/2022 06:30,,,,,,
26/09/2022 07:00,,,,,,
26/09/2022 07:30,,,,,,
26/09/2022 08:00,,,,,,
26/09/2022 08:30,,,,,,
26/09/2022 09:00,,,,,,
26/09/2022 09:30,,,,,,
26/09/2022 10:00,,,,,,
26/09/2022 10:30,,,,,,
26/09/2022 11:00,,,,,,
26/09/2022 11:30,,,,,,
26/09/2022 12:00,,,,,,
26/09/2022 12:30,,,,,,
26/09/2022 13:00,,,,,,
26/09/2022 13:30,,,,,,
26/09/2022 14:00,,,,,,
26/09/2022 14:30,,,,,,
26/09/2022 15:00,,,,,,
26/09/2022 15:30,,,,,,
26/09/2022 16:00,,,,,,
26/09/2022 16:30,,,,,,
26/09/2022 17:00,,,,,,
26/09/2022 17:30,,,,,,
26/09/2022 18:00,,,,,,
26/09/2022 18:30,,,,,,
26/09/2022 19:00,,,,,,
26/09/2022 19:30,,,,,,
26/09/2022 20:00,,,,,,
26/09/2022 20:30,,,,,,
26/09/2022 21:00,,,,,,
26/09/2022 21:30,,,,,,
26/09/2022 22:00,,,,,,
26/09/2022 22:30,,,,,,
26/09/2022 23:00,,,,,,
26/09/2022 23:30,,,,,,
27/09/2022 00:00,,,,,,
27/09/2022 00:30,,,,,,
27/09/2022 01:00,,,,,,
27/09/2022 01:30,,,,,,
27/09/2022 02:00,,,,,,
27/09/2022 02:30,,,,,,
27/09/2022 03:00,,,,,,
27/09/2022 03:30,,,,,,
27/09/2022 04:00,,,,,,
27/09/2022 04:30,,,,,,
27/09/2022 05:00,,,,,,
27/09/2022 05:30,,,,,,
27/09/2022 06:00,,,,,,
27/09/2022 06:30,,,,,,
27/09/2022 07:00,,,,,,
27/09/2022 07:30,,,,,,
27/09/2022 08:00,,,,,,
27/09/2022 08:30,,,,,,
27/09/2022 09:00,,,,,,
27/09/2022 09:30,,,,,,
27/09/2022 10:00,,,,,,
27/09/2022 10:30,,,,,,
27/09/2022 11:00,,,,,,
27/09/2022 11:30,,,,,,
27/09/2022 12:00,,,,,,
27/09/2022 12:30,,,,,,
27/09/2022 13:00,,,,,,
27/09/2022 13:30,,,,,,
27/09/2022 14:00,,,,,,
27/09/2022 14:30,,,,,,
27/09/2022 15:00,,,,,,
27/09/2022 15:30,,,,,,
27/09/2022 16:00,,,,,,
27/09/2022 16:30,,,,,,
27/09/2022 17:00,,,,,,
27/09/2022 17:30,,,,,,
27/09/2022 18:00,,,,,,
27/09/2022 18:30,,,,,,
27/09/2022 19:00,,,,,,
27/09/2022 19:30,,,,,,
27/09/2022 20:00,,,,,,
27/09/2022 20:30,,,,,,
27/09/2022 21:00,,,,,,
27/09/2022 21:30,,,,,,
27/09/2022 22:00,,,,,,
27/09/2022 22:30,,,,,,
27/09/2022 23:00,,,,,,
27/09/2022 23:30,,,,,,
28/09/2022 00:00,,,,,,
28/09/2022 00:30,,,,,,
28/09/2022 01:00,,,,,,
28/09/2022 01:30,,,,,,
28/09/2022 02:00,,,,,,
28/09/2022 02:30,,,,,,
28/09/2022 03:00,,,,,,
28/09/2022 03:30,,,,,,
28/09/2022 04:00,,,,,,
28/09/2022 04:30,,,,,,
28/09/2022 05:00,,,,,,
28/09/2022 05:30,,,,,,
28/09/2022 06:00,,,,,,
28/09/2022 06:30,,,,,,
28/09/2022 07:00,,,,,,
28/09/2022 07:30,,,,,,
28/09/2022 08:00,,,,,,
28/09/2022 08:30,,,,,,
28/09/2022 09:00,,,,,,
28/09/2022 09:30,,,,,,
28/09/2022 10:00,,,,,,
28/09/2022 10:30,,,,,,
28/09/2022 11:00,,,,,,
28/09/2022 11:30,,,,,,
28/09/2022 12:00,,,,,,
28/09/2022 12:30,,,,,,
28/09/2022 13:00,,,,,,
28/09/2022 13:30,,,,,,
28/09/2022 14:00,,,,,,
28/09/2022 14:30,,,,,,
28/09/2022 15:00,,,,,,
28/09/2022 15:30,,,,,,
28/09/2022 16:00,,,,,,
28/09/2022 16:30,,,,,,
28/09/2022 17:00,,,,,,
28/09/2022 17:30,,,,,,
28/09/2022 18:00,,,,,,
28/09/2022 18:30,,,,,,
28/09/2022 19:00,,,,,,
28/09/2022 19:30,,,,,,
28/09/2022 20:00,,,,,,
28/09/2022 20:30,,,,,,
28/09/2022 21:00,,,,,,
28/09/2022 21:30,,,,,,
28/09/2022 22:00,,,,,,
28/09/2022 22:30,,,,,,
28/09/2022 23:00,,,,,,
28/09/2022 23:30,,,,,,
29/09/2022 00:00,,,,,,
29/09/2022 00:30,,,,,,
29/09/2022 01:00,,,,,,
29/09/2022 01:30,,,,,,
29/09/2022 02:00,,,,,,
29/09/2022 02:30,,,,,,
29/09/2022 03:00,,,,,,
29/09/2022 03:30,,,,,,
29/09/2022 04:00,,,,,,
29/09/2022 04:30,,,,,,
29/09/2022 05:00,,,,,,
29/09/2022 05:30,,,,,,
29/09/2022 06:00,,,,,,
29/09/2022 06:30,,,,,,
29/09/2022 07:00,,,,,,
29/09/2022 07:30,,,,,,
29/09/2022 08:00,,,,,,
29/09/2022 08:30,,,,,,
29/09/2022 09:00,,,,,,
29/09/2022 09:30,,,,,,
29/09/2022 10:00,,,,,,
29/09/2022 10:30,,,,,,
29/09/2022 11:00,,,,,,
29/09/2022 11:30,,,,,,
29/09/2022 12:00,,,,,,
29/09/2022 12:30,,,,,,
29/09/2022 13:00,,,,,,
29/09/2022 13:30,,,,,,
29/09/2022 14:00,,,,,,
29/09/2022 14:30,,,,,,
29/09/2022 15:00,,,,,,
29/09/2022 15:30,,,,,,
29/09/2022 16:00,,,,,,
29/09/2022 16:30,,,,,,
29/09/2022 17:00,,,,,,
29/09/2022 17:30,,,,,,
29/09/2022 18:00,,,,,,
29/09/2022 18:30,,,,,,
29/09/2022 19:00,,,,,,
29/09/2022 19:30,,,,,,
29/09/2022 20:00,,,,,,
29/09/2022 20:30,,,,,,
29/09/2022 21:00,,,,,,
29/09/2022 21:30,,,,,,
29/09/2022 22:00,,,,,,
29/09/2022 22:30,,,,,,
29/09/2022 23:00,,,,,,
29/09/2022 23:30,,,,,,
30/09/2022 00:00,,,,,,
30/09/2022 00:30,,,,,,
30/09/2022 01:00,,,,,,
30/09/2022 01:30,,,,,,
30/09/2022 02:00,,,,,,
30/09/2022 02:30,,,,,,
30/09/2022 03:00,,,,,,
30/09/2022 03:30,,,,,,
30/09/2022 04:00,,,,,,
30/09/2022 04:30,,,,,,
30/09/2022 05:00,,,,,,
30/09/2022 05:30,,,,,,
30/09/2022 06:00,,,,,,
30/09/2022 06:30,,,,,,
30/09/2022 07:00,,,,,,
30/09/2022 07:30,,,,,,
30/09/2022 08:00,,,,,,
30/09/2022 08:30,,,,,,
30/09/2022 09:00,,,,,,
30/09/2022 09:30,,,,,,
30/09/2022 10:00,,,,,,
30/09/2022 10:30,,,,,,
30/09/2022 11:00,,,,,,
30/09/2022 11:30,,,,,,
30/09/2022 12:00,,,,,,
30/09/2022 12:30,,,,,,
30/09/2022 13:00,,,,,,
30/09/2022 13:30,,,,,,
30/09/2022 14:00,,,,,,
30/09/2022 14:30,,,,,,
30/09/2022 15:00,,,,,,
30/09/2022 15:30,,,,,,
30/09/2022 16:00,,,,,,
30/09/2022 16:30,,,,,,
30/09/2022 17:00,,,,,,
30/09/2022 17:30,,,,,,
30/09/2022 18:00,,,,,,
30/09/2022 18:30,,,,,,
30/09/2022 19:00,,,,,,
30/09/2022 19:30,,,,,,
30/09/2022 20:00,,,,,,
30/09/2022 20:30,,,,,,
30/09/2022 21:00,,,,,,
30/09/2022 21:30,,,,,,
30/09/2022 22:00,,,,,,
30/09/2022 22:30,,,,,,
30/09/2022 23:00,,,,,,
30/09/2022 23:30,,,,,,
01/10/2022 00:00,,,,,,
01/10/2022 00:30,,,,,,
01/10/2022 01:00,,,,,,
01/10/2022 01:30,,,,,,
01/10/2022 02:00,,,,,,
01/10/2022 02:30,,,,,,
01/10/2022 03:00,,,,,,
01/10/2022 03:30,,,,,,
01/10/2022 04:00,,,,,,
01/10/2022 04:30,,,,,,
01/10/2022 05:00,,,,,,
01/10/2022 05:30,,,,,,
01/10/2022 06:00,,,,,,
01/10/2022 06:30,,,,,,
01/10/2022 07:00,,,,,,
01/10/2022 07:30,,,,,,
01/10/2022 08:00,,,,,,
01/10/2022 08:30,,,,,,
01/10/2022 09:00,,,,,,
01/10/2022 09:30,,,,,,
01/10/2022 10:00,,,,,,
01/10/2022 10:30,,,,,,
01/10/2022 11:00,,,,,,
01/10/2022 11:30,,,,,,
01/10/2022 12:00,,,,,,
01/10/2022 12:30,,,,,,
01/10/2022 13:00,,,,,,
01/10/2022 13:30,,,,,,
01/10/2022 14:00,,,,,,
01/10/2022 14:30,,,,,,
01/10/2022 15:00,,,,,,
01/10/2022 15:30,,,,,,
01/10/2022 16:00,,,,,,
01/10/2022 16:30,,,,,,
01/10/2022 17:00,,,,,,
01/10/2022 17:30,,,,,,
01/10/2022 18:00,,,,,,
01/10/2022 18:30,,,,,,
01/10/2022 19:00,,,,,,
01/10/2022 19:30,,,,,,
01/10/2022 20:00,,,,,,
01/10/2022 20:30,,,,,,
01/10/2022 21:00,,,,,,
01/10/2022 21:30,,,,,,
01/10/2022 22:00,,,,,,
01/10/2022 22:30,,,,,,
01/10/2022 23:00,,,,,,
01/10/2022 23:30,,,,,,
02/10/2022 00:00,,,,,,
02/10/2022 00:30,,,,,,
02/10/2022 01:00,,,,,,
02/10/2022 01:30,,,,,,
02/10/2022 02:00,,,,,,
02/10/2022 02:30,,,,,,
02/10/2022 03:00,,,,,,
02/10/2022 03:30,,,,,,
02/10/2022 04:00,,,,,,
02/10/2022 04:30,,,,,,
02/10/2022 05:00,,,,,,
02/10/2022 05:30,,,,,,
02/10/2022 06:00,,,,,,
02/10/2022 06:30,,,,,,
02/10/2022 07:00,,,,,,
02/10/2022 07:30,,,,,,
02/10/2022 08:00,,,,,,
02/10/2022 08:30,,,,,,
02/10/2022 09:00,,,,,,
02/10/2022 09:30,,,,,,
02/10/2022 10:00,,,,,,
02/10/2022 10:30,,,,,,
02/10/2022 11:00,,,,,,
02/10/2022 11:30,,,,,,
02/10/2022 12:00,,,,,,
02/10/2022 12:30,,,,,,
02/10/2022 13:00,,,,,,
02/10/2022 13:30,,,,,,
02/10/2022 14:00,,,,,,
02/10/2022 14:30,,,,,,
02/10/2022 15:00,,,,,,
02/10/2022 15:30,,,,,,
02/10/2022 16:00,,,,,,
02/10/2022 16:30,,,,,,
02/10/2022 17:00,,,,,,
02/10/2022 17:30,,,,,,
02/10/2022 18:00,,,,,,
02/10/2022 18:30,,,,,,
02/10/2022 19:00,,,,,,
02/10/2022 19:30,,,,,,
02/10/2022 20:00,,,,,,
02/10/2022 20:30,,,,,,
02/10/2022 21:00,,,,,,
02/10/2022 21:30,,,,,,
02/10/2022 22:00,,,,,,
02/10/2022 22:30,,,,,,
02/10/2022 23:00,,,,,,
02/10/2022 23:30,,,,,,
03/10/2022 00:00,,,,,,
03/10/2022 00:30,,,,,,
03/10/2022 01:00,,,,,,
03/10/2022 01:30,,,,,,
03/10/2022 02:00,,,,,,
03/10/2022 02:30,,,,,,
03/10/2022 03:00,,,,,,
03/10/2022 03:30,,,,,,
03/10/2022 04:00,,,,,,
03/10/2022 04:30,,,,,,
03/10/2022 05:00,,,,,,
03/10/2022 05:30,,,,,,
03/10/2022 06:00,,,,,,
03/10/2022 06:30,,,,,,
03/10/2022 07:00,,,,,,
03/10/2022 07:30,,,,,,
03/10/2022 08:00,,,,,,
03/10/2022 08:30,,,,,,
03/10/2022 09:00,,,,,,
03/10/2022 09:30,,,,,,
03/10/2022 10:00,,,,,,
03/10/2022 10:30,,,,,,
03/10/2022 11:00,,,,,,
03/10/2022 11:30,,,,,,
03/10/2022 12:00,,,,,,
03/10/2022 12:30,,,,,,
03/10/2022 13:00,,,,,,
03/10/2022 13:30,,,,,,
03/10/2022 14:00,,,,,,
03/10/2022 14:30,,,,,,
03/10/2022 15:00,,,,,,
03/10/2022 15:30,,,,,,
03/10/2022 16:00,,,,,,
03/10/2022 16:30,,,,,,
03/10/2022 17:00,,,,,,
03/10/2022 17:30,,,,,,
03/10/2022 18:00,,,,,,
03/10/2022 18:30,,,,,,
03/10/2022 19:00,,,,,,
03/10/2022 19:30,,,,,,
03/10/2022 20:00,,,,,,
03/10/2022 20:30,,,,,,
03/10/2022 21:00,,,,,,
03/10/2022 21:30,,,,,,
03/10/2022 22:00,,,,,,
03/10/2022 22:30,,,,,,
03/10/2022 23:00,,,,,,
03/10/2022 23:30,,,,,,
04/10/2022 00:00,,,,,,
04/10/2022 00:30,,,,,,
04/10/2022 01:00,,,,,,
04/10/2022 01:30,,,,,,
04/10/2022 02:00,,,,,,
04/10/2022 02:30,,,,,,
04/10/2022 03:00,,,,,,
04/10/2022 03:30,,,,,,
04/10/2022 04:00,,,,,,
04/10/2022 04:30,,,,,,
04/10/2022 05:00,,,,,,
04/10/2022 05:30,,,,,,
04/10/2022 06:00,,,,,,
04/10/2022 06:30,,,,,,
04/10/2022 07:00,,,,,,
04/10/2022 07:30,,,,,,
04/10/2022 08:00,,,,,,
04/10/2022 08:30,,,,,,
04/10/2022 09:00,,,,,,
04/10/2022 09:30,,,,,,
04/10/2022 10:00,,,,,,
04/10/2022 10:30,,,,,,
04/10/2022 11:00,,,,,,
04/10/2022 11:30,,,,,,
04/10/2022 12:00,,,,,,
04/10/2022 12:30,,,,,,
04/10/2022 13:00,,,,,,
04/10/2022 13:30,,,,,,
04/10/2022 14:00,,,,,,
04/10/2022 14:30,,,,,,
04/10/2022 15:00,,,,,,
04/10/2022 15:30,,,,,,
04/10/2022 16:00,,,,,,
04/10/2022 16:30,,,,,,
04/10/2022 17:00,,,,,,
04/10/2022 17:30,,,,,,
04/10/2022 18:00,,,,,,
04/10/2022 18:30,,,,,,
04/10/2022 19:00,,,,,,
04/10/2022 19:30,,,,,,
04/10/2022 20:00,,,,,,
04/10/2022 20:30,,,,,,
04/10/2022 21:00,,,,,,
04/10/2022 21:30,,,,,,
04/10/2022 22:00,,,,,,
04/10/2022 22:30,,,,,,
04/10/2022 23:00,,,,,,
04/10/2022 23:30,,,,,,
05/10/2022 00:00,,,,,,
05/10/2022 00:30,,,,,,
05/10/2022 01:00,,,,,,
05/10/2022 01:30,,,,,,
05/10/2022 02:00,,,,,,
05/10/2022 02:30,,,,,,
05/10/2022 03:00,,,,,,
05/10/2022 03:30,,,,,,
05/10/2022 04:00,,,,,,
05/10/2022 04:30,,,,,,
05/10/2022 05:00,,,,,,
05/10/2022 05:30,,,,,,
05/10/2022 06:00,,,,,,
05/10/2022 06:30,,,,,,
05/10/2022 07:00,,,,,,
05/10/2022 07:30,,,,,,
05/10/2022 08:00,,,,,,
05/10/2022 08:30,,,,,,
05/10/2022 09:00,,,,,,
05/10/2022 09:30,,,,,,
05/10/2022 10:00,,,,,,
05/10/2022 10:30,,,,,,
05/10/2022 11:00,,,,,,
05/10/2022 11:30,,,,,,
05/10/2022 12:00,,,,,,
05/10/2022 12:30,,,,,,
05/10/2022 13:00,,,,,,
05/10/2022 13:30,,,,,,
05/10/2022 14:00,,,,,,
05/10/2022 14:30,,,,,,
05/10/2022 15:00,,,,,,
05/10/2022 15:30,,,,,,
05/10/2022 16:00,,,,,,
05/10/2022 16:30,,,,,,
05/10/2022 17:00,,,,,,
05/10/2022 17:30,,,,,,
05/10/2022 18:00,,,,,,
05/10/2022 18:30,,,,,,
05/10/2022 19:00,,,,,,
05/10/2022 19:30,,,,,,
05/10/2022 20:00,,,,,,
05/10/2022 20:30,,,,,,
05/10/2022 21:00,,,,,,
05/10/2022 21:30,,,,,,
05/10/2022 22:00,,,,,,
05/10/2022 22:30,,,,,,
05/10/2022 23:00,,,,,,
05/10/2022 23:30,,,,,,
06/10/2022 00:00,,,,,,
06/10/2022 00:30,,,,,,
06/10/2022 01:00,,,,,,
06/10/2022 01:30,,,,,,
06/10/2022 02:00,,,,,,
06/10/2022 02:30,,,,,,
06/10/2022 03:00,,,,,,
06/10/2022 03:30,,,,,,
06/10/2022 04:00,,,,,,
06/10/2022 04:30,,,,,,
06/10/2022 05:00,,,,,,
06/10/2022 05:30,,,,,,
06/10/2022 06:00,,,,,,
06/10/2022 06:30,,,,,,
06/10/2022 07:00,,,,,,
06/10/2022 07:30,,,,,,
06/10/2022 08:00,,,,,,
06/10/2022 08:30,,,,,,
06/10/2022 09:00,,,,,,
06/10/2022 09:30,,,,,,
06/10/2022 10:00,,,,,,
06/10/2022 10:30,,,,,,
06/10/2022 11:00,,,,,,
06/10/2022 11:30,,,,,,
06/10/2022 12:00,,,,,,
06/10/2022 12:30,,,,,,
06/10/2022 13:00,,,,,,
06/10/2022 13:30,,,,,,
06/10/2022 14:00,,,,,,
06/10/2022 14:30,,,,,,
06/10/2022 15:00,,,,,,
06/10/2022 15:30,,,,,,
06/10/2022 16:00,,,,,,
06/10/2022 16:30,,,,,,
06/10/2022 17:00,,,,,,
06/10/2022 17:30,,,,,,
06/10/2022 18:00,,,,,,
06/10/2022 18:30,,,,,,
06/10/2022 19:00,,,,,,
06/10/2022 19:30,,,,,,
06/10/2022 20:00,,,,,,
06/10/2022 20:30,,,,,,
06/10/2022 21:00,,,,,,
06/10/2022 21:30,,,,,,
06/10/2022 22:00,,,,,,
06/10/2022 22:30,,,,,,
06/10/2022 23:00,,,,,,
06/10/2022 23:30,,,,,,
07/10/2022 00:00,,,,,,
07/10/2022 00:30,,,,,,
07/10/2022 01:00,,,,,,
07/10/2022 01:30,,,,,,
07/10/2022 02:00,,,,,,
07/10/2022 02:30,,,,,,
07/10/2022 03:00,,,,,,
07/10/2022 03:30,,,,,,
07/10/2022 04:00,,,,,,
07/10/2022 04:30,,,,,,
07/10/2022 05:00,,,,,,
07/10/2022 05:30,,,,,,
07/10/2022 06:00,,,,,,
07/10/2022 06:30,,,,,,
07/10/2022 07:00,,,,,,
07/10/2022 07:30,,,,,,
07/10/2022 08:00,,,,,,
07/10/2022 08:30,,,,,,
07/10/2022 09:00,,,,,,
07/10/2022 09:30,,,,,,
07/10/2022 10:00,,,,,,
07/10/2022 10:30,,,,,,
07/10/2022 11:00,,,,,,
07/10/2022 11:30,,,,,,
07/10/2022 12:00,,,,,,
07/10/2022 12:30,,,,,,
07/10/2022 13:00,,,,,,
07/10/2022 13:30,,,,,,
07/10/2022 14:00,,,,,,
07/10/2022 14:30,,,,,,
07/10/2022 15:00,,,,,,
07/10/2022 15:30,,,,,,
07/10/2022 16:00,,,,,,
07/10/2022 16:30,,,,,,
07/10/2022 17:00,,,,,,
07/10/2022 17:30,,,,,,
07/10/2022 18:00,,,,,,
07/10/2022 18:30,,,,,,
07/10/2022 19:00,,,,,,
07/10/2022 19:30,,,,,,
07/10/2022 20:00,,,,,,
07/10/2022 20:30,,,,,,
07/10/2022 21:00,,,,,,
07/10/2022 21:30,,,,,,
07/10/2022 22:00,,,,,,
07/10/2022 22:30,,,,,,
07/10/2022 23:00,,,,,,
07/10/2022 23:30,,,,,,
08/10/2022 00:00,,,,,,
08/10/2022 00:30,,,,,,
08/10/2022 01:00,,,,,,
08/10/2022 01:30,,,,,,
08/10/2022 02:00,,,,,,
08/10/2022 02:30,,,,,,
08/10/2022 03:00,,,,,,
08/10/2022 03:30,,,,,,
08/10/2022 04:00,,,,,,
08/10/2022 04:30,,,,,,
08/10/2022 05:00,,,,,,
08/10/2022 05:30,,,,,,
08/10/2022 06:00,,,,,,
08/10/2022 06:30,,,,,,
08/10/2022 07:00,,,,,,
08/10/2022 07:30,,,,,,
08/10/2022 08:00,,,,,,
08/10/2022 08:30,,,,,,
08/10/2022 09:00,,,,,,
08/10/2022 09:30,,,,,,
08/10/2022 10:00,,,,,,
08/10/2022 10:30,,,,,,
08/10/2022 11:00,,,,,,
08/10/2022 11:30,,,,,,
08/10/2022 12:00,,,,,,
08/10/2022 12:30,,,,,,
08/10/2022 13:00,,,,,,
08/10/2022 13:30,,,,,,
08/10/2022 14:00,,,,,,
08/10/2022 14:30,,,,,,
08/10/2022 15:00,,,,,,
08/10/2022 15:30,,,,,,
08/10/2022 16:00,,,,,,
08/10/2022 16:30,,,,,,
08/10/2022 17:00,,,,,,
08/10/2022 17:30,,,,,,
08/10/2022 18:00,,,,,,
08/10/2022 18:30,,,,,,
08/10/2022 19:00,,,,,,
08/10/2022 19:30,,,,,,
08/10/2022 20:00,,,,,,
08/10/2022 20:30,,,,,,
08/10/2022 21:00,,,,,,
08/10/2022 21:30,,,,,,
08/10/2022 22:00,,,,,,
08/10/2022 22:30,,,,,,
08/10/2022 23:00,,,,,,
08/10/2022 23:30,,,,,,
09/10/2022 00:00,,,,,,
09/10/2022 00:30,,,,,,
09/10/2022 01:00,,,,,,
09/10/2022 01:30,,,,,,
09/10/2022 02:00,,,,,,
09/10/2022 02:30,,,,,,
09/10/2022 03:00,,,,,,
09/10/2022 03:30,,,,,,
09/10/2022 04:00,,,,,,
09/10/2022 04:30,,,,,,
09/10/2022 05:00,,,,,,
09/10/2022 05:30,,,,,,
09/10/2022 06:00,,,,,,
09/10/2022 06:30,,,,,,
09/10/2022 07:00,,,,,,
09/10/2022 07:30,,,,,,
09/10/2022 08:00,,,,,,
09/10/2022 08:30,,,,,,
09/10/2022 09:00,,,,,,
09/10/2022 09:30,,,,,,
09/10/2022 10:00,,,,,,
09/10/2022 10:30,,,,,,
09/10/2022 11:00,,,,,,
09/10/2022 11:30,,,,,,
09/10/2022 12:00,,,,,,
09/10/2022 12:30,,,,,,
09/10/2022 13:00,,,,,,
09/10/2022 13:30,,,,,,
09/10/2022 14:00,,,,,,
09/10/2022 14:30,,,,,,
09/10/2022 15:00,,,,,,
09/10/2022 15:30,,,,,,
09/10/2022 16:00,,,,,,
09/10/2022 16:30,,,,,,
09/10/2022 17:00,,,,,,
09/10/2022 17:30,,,,,,
09/10/2022 18:00,,,,,,
09/10/2022 18:30,,,,,,
09/10/2022 19:00,,,,,,
09/10/2022 19:30,,,,,,
09/10/2022 20:00,,,,,,
09/10/2022 20:30,,,,,,
09/10/2022 21:00,,,,,,
09/10/2022 21:30,,,,,,
09/10/2022 22:00,,,,,,
09/10/2022 22:30,,,,,,
09/10/2022 23:00,,,,,,
09/10/2022 23:30,,,,,,
10/10/2022 00:00,,,,,,
10/10/2022 00:30,,,,,,
10/10/2022 01:00,,,,,,
10/10/2022 01:30,,,,,,
10/10/2022 02:00,,,,,,
10/10/2022 02:30,,,,,,
10/10/2022 03:00,,,,,,
10/10/2022 03:30,,,,,,
10/10/2022 04:00,,,,,,
10/10/2022 04:30,,,,,,
10/10/2022 05:00,,,,,,
10/10/2022 05:30,,,,,,
10/10/2022 06:00,,,,,,
10/10/2022 06:30,,,,,,
10/10/2022 07:00,,,,,,
10/10/2022 07:30,,,,,,
10/10/2022 08:00,,,,,,
10/10/2022 08:30,,,,,,
10/10/2022 09:00,,,,,,
10/10/2022 09:30,,,,,,
10/10/2022 10:00,,,,,,
10/10/2022 10:30,,,,,,
10/10/2022 11:00,,,,,,
10/10/2022 11:30,,,,,,
10/10/2022 12:00,,,,,,
10/10/2022 12:30,,,,,,
10/10/2022 13:00,,,,,,
10/10/2022 13:30,,,,,,
10/10/2022 14:00,,,,,,
10/10/2022 14:30,,,,,,
10/10/2022 15:00,,,,,,
10/10/2022 15:30,,,,,,
10/10/2022 16:00,,,,,,
10/10/2022 16:30,,,,,,
10/10/2022 17:00,,,,,,
10/10/2022 17:30,,,,,,
10/10/2022 18:00,,,,,,
10/10/2022 18:30,,,,,,
10/10/2022 19:00,,,,,,
10/10/2022 19:30,,,,,,
10/10/2022 20:00,,,,,,
10/10/2022 20:30,,,,,,
10/10/2022 21:00,,,,,,
10/10/2022 21:30,,,,,,
10/10/2022 22:00,,,,,,
10/10/2022 22:30,,,,,,
10/10/2022 23:00,,,,,,
10/10/2022 23:30,,,,,,
11/10/2022 00:00,,,,,,
11/10/2022 00:30,,,,,,
11/10/2022 01:00,,,,,,
11/10/2022 01:30,,,,,,
11/10/2022 02:00,,,,,,
11/10/2022 02:30,,,,,,
11/10/2022 03:00,,,,,,
11/10/2022 03:30,,,,,,
11/10/2022 04:00,,,,,,
11/10/2022 04:30,,,,,,
11/10/2022 05:00,,,,,,
11/10/2022 05:30,,,,,,
11/10/2022 06:00,,,,,,
11/10/2022 06:30,,,,,,
11/10/2022 07:00,,,,,,
11/10/2022 07:30,,,,,,
11/10/2022 08:00,,,,,,
11/10/2022 08:30,,,,,,
11/10/2022 09:00,,,,,,
11/10/2022 09:30,,,,,,
11/10/2022 10:00,,,,,,
11/10/2022 10:30,,,,,,
11/10/2022 11:00,,,,,,
11/10/2022 11:30,,,,,,
11/10/2022 12:00,,,,,,
11/10/2022 12:30,,,,,,
11/10/2022 13:00,,,,,,
11/10/2022 13:30,,,,,,
11/10/2022 14:00,,,,,,
11/10/2022 14:30,,,,,,
11/10/2022 15:00,,,,,,
11/10/2022 15:30,,,,,,
11/10/2022 16:00,,,,,,
11/10/2022 16:30,,,,,,
11/10/2022 17:00,,,,,,
11/10/2022 17:30,,,,,,
11/10/2022 18:00,,,,,,
11/10/2022 18:30,,,,,,
11/10/2022 19:00,,,,,,
11/10/2022 19:30,,,,,,
11/10/2022 20:00,,,,,,
11/10/2022 20:30,,,,,,
11/10/2022 21:00,,,,,,
11/10/2022 21:30,,,,,,
11/10/2022 22:00,,,,,,
11/10/2022 22:30,,,,,,
11/10/2022 23:00,,,,,,
11/10/2022 23:30,,,,,,
12/10/2022 00:00,,,,,,
12/10/2022 00:30,,,,,,
12/10/2022 01:00,,,,,,
12/10/2022 01:30,,,,,,
12/10/2022 02:00,,,,,,
12/10/2022 02:30,,,,,,
12/10/2022 03:00,,,,,,
12/10/2022 03:30,,,,,,
12/10/2022 04:00,,,,,,
12/10/2022 04:30,,,,,,
12/10/2022 05:00,,,,,,
12/10/2022 05:30,,,,,,
12/10/2022 06:00,,,,,,
12/10/2022 06:30,,,,,,
12/10/2022 07:00,,,,,,
12/10/2022 07:30,,,,,,
12/10/2022 08:00,,,,,,
12/10/2022 08:30,,,,,,
12/10/2022 09:00,,,,,,
12/10/2022 09:30,,,,,,
12/10/2022 10:00,,,,,,
12/10/2022 10:30,,,,,,
12/10/2022 11:00,,,,,,
12/10/2022 11:30,,,,,,
12/10/2022 12:00,,,,,,
12/10/2022 12:30,,,,,,
12/10/2022 13:00,,,,,,
12/10/2022 13:30,,,,,,
12/10/2022 14:00,,,,,,
12/10/2022 14:30,,,,,,
12/10/2022 15:00,,,,,,
12/10/2022 15:30,,,,,,
12/10/2022 16:00,,,,,,
12/10/2022 16:30,,,,,,
12/10/2022 17:00,,,,,,
12/10/2022 17:30,,,,,,
12/10/2022 18:00,,,,,,
12/10/2022 18:30,,,,,,
12/10/2022 19:00,,,,,,
12/10/2022 19:30,,,,,,
12/10/2022 20:00,,,,,,
12/10/2022 20:30,,,,,,
12/10/2022 21:00,,,,,,
12/10/2022 21:30,,,,,,
12/10/2022 22:00,,,,,,
12/10/2022 22:30,,,,,,
12/10/2022 23:00,,,,,,
12/10/2022 23:30,,,,,,
13/10/2022 00:00,,,,,,
13/10/2022 00:30,,,,,,
13/10/2022 01:00,,,,,,
13/10/2022 01:30,,,,,,
13/10/2022 02:00,,,,,,
13/10/2022 02:30,,,,,,
13/10/2022 03:00,,,,,,
13/10/2022 03:30,,,,,,
13/10/2022 04:00,,,,,,
13/10/2022 04:30,,,,,,
13/10/2022 05:00,,,,,,
13/10/2022 05:30,,,,,,
13/10/2022 06:00,,,,,,
13/10/2022 06:30,,,,,,
13/10/2022 07:00,,,,,,
13/10/2022 07:30,,,,,,
13/10/2022 08:00,,,,,,
13/10/2022 08:30,,,,,,
13/10/2022 09:00,,,,,,
13/10/2022 09:30,,,,,,
13/10/2022 10:00,,,,,,
13/10/2022 10:30,,,,,,
13/10/2022 11:00,,,,,,
13/10/2022 11:30,,,,,,
13/10/2022 12:00,,,,,,
13/10/2022 12:30,,,,,,
13/10/2022 13:00,,,,,,
13/10/2022 13:30,,,,,,
13/10/2022 14:00,,,,,,
13/10/2022 14:30,,,,,,
13/10/2022 15:00,,,,,,
13/10/2022 15:30,,,,,,
13/10/2022 16:00,,,,,,
13/10/2022 16:30,,,,,,
13/10/2022 17:00,,,,,,
13/10/2022 17:30,,,,,,
13/10/2022 18:00,,,,,,
13/10/2022 18:30,,,,,,
13/10/2022 19:00,,,,,,
13/10/2022 19:30,,,,,,
13/10/2022 20:00,,,,,,
13/10/2022 20:30,,,,,,
13/10/2022 21:00,,,,,,
13/10/2022 21:30,,,,,,
13/10/2022 22:00,,,,,,
13/10/2022 22:30,,,,,,
13/10/2022 23:00,,,,,,
13/10/2022 23:30,,,,,,
14/10/2022 00:00,,,,,,
14/10/2022 00:30,,,,,,
14/10/2022 01:00,,,,,,
14/10/2022 01:30,,,,,,
14/10/2022 02:00,,,,,,
14/10/2022 02:30,,,,,,
14/10/2022 03:00,,,,,,
14/10/2022 03:30,,,,,,
14/10/2022 04:00,,,,,,
14/10/2022 04:30,,,,,,
14/10/2022 05:00,,,,,,
14/10/2022 05:30,,,,,,
14/10/2022 06:00,,,,,,
14/10/2022 06:30,,,,,,
14/10/2022 07:00,,,,,,
14/10/2022 07:30,,,,,,
14/10/2022 08:00,,,,,,
14/10/2022 08:30,,,,,,
14/10/2022 09:00,,,,,,
14/10/2022 09:30,,,,,,
14/10/2022 10:00,,,,,,
14/10/2022 10:30,,,,,,
14/10/2022 11:00,,,,,,
14/10/2022 11:30,,,,,,
14/10/2022 12:00,,,,,,
14/10/2022 12:30,,,,,,
14/10/2022 13:00,,,,,,
14/10/2022 13:30,,,,,,
14/10/2022 14:00,,,,,,
14/10/2022 14:30,,,,,,
14/10/2022 15:00,,,,,,
14/10/2022 15:30,,,,,,
14/10/2022 16:00,,,,,,
14/10/2022 16:30,,,,,,
14/10/2022 17:00,,,,,,
14/10/2022 17:30,,,,,,
14/10/2022 18:00,,,,,,
14/10/2022 18:30,,,,,,
14/10/2022 19:00,,,,,,
14/10/2022 19:30,,,,,,
14/10/2022 20:00,,,,,,
14/10/2022 20:30,,,,,,
14/10/2022 21:00,,,,,,
14/10/2022 21:30,,,,,,
14/10/2022 22:00,,,,,,
14/10/2022 22:30,,,,,,
14/10/2022 23:00,,,,,,
14/10/2022 23:30,,,,,,
15/10/2022 00:00,,,,,,
15/10/2022 00:30,,,,,,
15/10/2022 01:00,,,,,,
15/10/2022 01:30,,,,,,
15/10/2022 02:00,,,,,,
15/10/2022 02:30,,,,,,
15/10/2022 03:00,,,,,,
15/10/2022 03:30,,,,,,
15/10/2022 04:00,,,,,,
15/10/2022 04:30,,,,,,
15/10/2022 05:00,,,,,,
15/10/2022 05:30,,,,,,
15/10/2022 06:00,,,,,,
15/10/2022 06:30,,,,,,
15/10/2022 07:00,,,,,,
15/10/2022 07:30,,,,,,
15/10/2022 08:00,,,,,,
15/10/2022 08:30,,,,,,
15/10/2022 09:00,,,,,,
15/10/2022 09:30,,,,,,
15/10/2022 10:00,,,,,,
15/10/2022 10:30,,,,,,
15/10/2022 11:00,,,,,,
15/10/2022 11:30,,,,,,
15/10/2022 12:00,,,,,,
15/10/2022 12:30,,,,,,
15/10/2022 13:00,,,,,,
15/10/2022 13:30,,,,,,
15/10/2022 14:00,,,,,,
15/10/2022 14:30,,,,,,
15/10/2022 15:00,,,,,,
15/10/2022 15:30,,,,,,
15/10/2022 16:00,,,,,,
15/10/2022 16:30,,,,,,
15/10/2022 17:00,,,,,,
15/10/2022 17:30,,,,,,
15/10/2022 18:00,,,,,,
15/10/2022 18:30,,,,,,
15/10/2022 19:00,,,,,,
15/10/2022 19:30,,,,,,
15/10/2022 20:00,,,,,,
15/10/2022 20:30,,,,,,
15/10/2022 21:00,,,,,,
15/10/2022 21:30,,,,,,
15/10/2022 22:00,,,,,,
15/10/2022 22:30,,,,,,
15/10/2022 23:00,,,,,,
15/10/2022 23:30,,,,,,
16/10/2022 00:00,,,,,,
16/10/2022 00:30,,,,,,
16/10/2022 01:00,,,,,,
16/10/2022 01:30,,,,,,
16/10/2022 02:00,,,,,,
16/10/2022 02:30,,,,,,
16/10/2022 03:00,,,,,,
16/10/2022 03:30,,,,,,
16/10/2022 04:00,,,,,,
16/10/2022 04:30,,,,,,
16/10/2022 05:00,,,,,,
16/10/2022 05:30,,,,,,
16/10/2022 06:00,,,,,,
16/10/2022 06:30,,,,,,
16/10/2022 07:00,,,,,,
16/10/2022 07:30,,,,,,
16/10/2022 08:00,,,,,,
16/10/2022 08:30,,,,,,
16/10/2022 09:00,,,,,,
16/10/2022 09:30,,,,,,
16/10/2022 10:00,,,,,,
16/10/2022 10:30,,,,,,
16/10/2022 11:00,,,,,,
16/10/2022 11:30,,,,,,
16/10/2022 12:00,,,,,,
16/10/2022 12:30,,,,,,
16/10/2022 13:00,,,,,,
16/10/2022 13:30,,,,,,
16/10/2022 14:00,,,,,,
16/10/2022 14:30,,,,,,
16/10/2022 15:00,,,,,,
16/10/2022 15:30,,,,,,
16/10/2022 16:00,,,,,,
16/10/2022 16:30,,,,,,
16/10/2022 17:00,,,,,,
16/10/2022 17:30,,,,,,
16/10/2022 18:00,,,,,,
16/10/2022 18:30,,,,,,
16/10/2022 19:00,,,,,,
16/10/2022 19:30,,,,,,
16/10/2022 20:00,,,,,,
16/10/2022 20:30,,,,,,
16/10/2022 21:00,,,,,,
16/10/2022 21:30,,,,,,
16/10/2022 22:00,,,,,,
16/10/2022 22:30,,,,,,
16/10/2022 23:00,,,,,,
16/10/2022 23:30,,,,,,
17/10/2022 00:00,,,,,,
17/10/2022 00:30,,,,,,
17/10/2022 01:00,,,,,,
17/10/2022 01:30,,,,,,
17/10/2022 02:00,,,,,,
17/10/2022 02:30,,,,,,
17/10/2022 03:00,,,,,,
17/10/2022 03:30,,,,,,
17/10/2022 04:00,,,,,,
17/10/2022 04:30,,,,,,
17/10/2022 05:00,,,,,,
17/10/2022 05:30,,,,,,
17/10/2022 06:00,,,,,,
17/10/2022 06:30,,,,,,
17/10/2022 07:00,,,,,,
17/10/2022 07:30,,,,,,
17/10/2022 08:00,,,,,,
17/10/2022 08:30,,,,,,
17/10/2022 09:00,,,,,,
17/10/2022 09:30,,,,,,
17/10/2022 10:00,,,,,,
17/10/2022 10:30,,,,,,
17/10/2022 11:00,,,,,,
17/10/2022 11:30,,,,,,
17/10/2022 12:00,,,,,,
17/10/2022 12:30,,,,,,
17/10/2022 13:00,,,,,,
17/10/2022 13:30,,,,,,
17/10/2022 14:00,,,,,,
17/10/2022 14:30,,,,,,
17/10/2022 15:00,,,,,,
17/10/2022 15:30,,,,,,
17/10/2022 16:00,,,,,,
17/10/2022 16:30,,,,,,
17/10/2022 17:00,,,,,,
17/10/2022 17:30,,,,,,
17/10/2022 18:00,,,,,,
17/10/2022 18:30,,,,,,
17/10/2022 19:00,,,,,,
17/10/2022 19:30,,,,,,
17/10/2022 20:00,,,,,,
17/10/2022 20:30,,,,,,
17/10/2022 21:00,,,,,,
17/10/2022 21:30,,,,,,
17/10/2022 22:00,,,,,,
17/10/2022 22:30,,,,,,
17/10/2022 23:00,,,,,,
17/10/2022 23:30,,,,,,
18/10/2022 00:00,,,,,,
18/10/2022 00:30,,,,,,
18/10/2022 01:00,,,,,,
18/10/2022 01:30,,,,,,
18/10/2022 02:00,,,,,,
18/10/2022 02:30,,,,,,
18/10/2022 03:00,,,,,,
18/10/2022 03:30,,,,,,
18/10/2022 04:00,,,,,,
18/10/2022 04:30,,,,,,
18/10/2022 05:00,,,,,,
18/10/2022 05:30,,,,,,
18/10/2022 06:00,,,,,,
18/10/2022 06:30,,,,,,
18/10/2022 07:00,,,,,,
18/10/2022 07:30,,,,,,
18/10/2022 08:00,,,,,,
18/10/2022 08:30,,,,,,
18/10/2022 09:00,,,,,,
18/10/2022 09:30,,,,,,
18/10/2022 10:00,,,,,,
18/10/2022 10:30,,,,,,
18/10/2022 11:00,,,,,,
18/10/2022 11:30,,,,,,
18/10/2022 12:00,,,,,,
18/10/2022 12:30,,,,,,
18/10/2022 13:00,,,,,,
18/10/2022 13:30,,,,,,
18/10/2022 14:00,,,,,,
18/10/2022 14:30,,,,,,
18/10/2022 15:00,,,,,,
18/10/2022 15:30,,,,,,
18/10/2022 16:00,,,,,,
18/10/2022 16:30,,,,,,
18/10/2022 17:00,,,,,,
18/10/2022 17:30,,,,,,
18/10/2022 18:00,,,,,,
18/10/2022 18:30,,,,,,
18/10/2022 19:00,,,,,,
18/10/2022 19:30,,,,,,
18/10/2022 20:00,,,,,,
18/10/2022 20:30,,,,,,
18/10/2022 21:00,,,,,,
18/10/2022 21:30,,,,,,
18/10/2022 22:00,,,,,,
18/10/2022 22:30,,,,,,
18/10/2022 23:00,,,,,,
18/10/2022 23:30,,,,,,
19/10/2022 00:00,,,,,,
19/10/2022 00:30,,,,,,
19/10/2022 01:00,,,,,,
19/10/2022 01:30,,,,,,
19/10/2022 02:00,,,,,,
19/10/2022 02:30,,,,,,
19/10/2022 03:00,,,,,,
19/10/2022 03:30,,,,,,
19/10/2022 04:00,,,,,,
19/10/2022 04:30,,,,,,
19/10/2022 05:00,,,,,,
19/10/2022 05:30,,,,,,
19/10/2022 06:00,,,,,,
19/10/2022 06:30,,,,,,
19/10/2022 07:00,,,,,,
19/10/2022 07:30,,,,,,
19/10/2022 08:00,,,,,,
19/10/2022 08:30,,,,,,
19/10/2022 09:00,,,,,,
19/10/2022 09:30,,,,,,
19/10/2022 10:00,,,,,,
19/10/2022 10:30,,,,,,
19/10/2022 11:00,,,,,,
19/10/2022 11:30,,,,,,
19/10/2022 12:00,,,,,,
19/10/2022 12:30,,,,,,
19/10/2022 13:00,,,,,,
19/10/2022 13:30,,,,,,
19/10/2022 14:00,,,,,,
19/10/2022 14:30,,,,,,
19/10/2022 15:00,,,,,,
19/10/2022 15:30,,,,,,
19/10/2022 16:00,,,,,,
19/10/2022 16:30,,,,,,
19/10/2022 17:00,,,,,,
19/10/2022 17:30,,,,,,
19/10/2022 18:00,,,,,,
19/10/2022 18:30,,,,,,
19/10/2022 19:00,,,,,,
19/10/2022 19:30,,,,,,
19/10/2022 20:00,,,,,,
19/10/2022 20:30,,,,,,
19/10/2022 21:00,,,,,,
19/10/2022 21:30,,,,,,
19/10/2022 22:00,,,,,,
19/10/2022 22:30,,,,,,
19/10/2022 23:00,,,,,,
19/10/2022 23:30,,,,,,
20/10/2022 00:00,,,,,,
20/10/2022 00:30,,,,,,
20/10/2022 01:00,,,,,,
20/10/2022 01:30,,,,,,
20/10/2022 02:00,,,,,,
20/10/2022 02:30,,,,,,
20/10/2022 03:00,,,,,,
20/10/2022 03:30,,,,,,
20/10/2022 04:00,,,,,,
20/10/2022 04:30,,,,,,
20/10/2022 05:00,,,,,,
20/10/2022 05:30,,,,,,
20/10/2022 06:00,,,,,,
20/10/2022 06:30,,,,,,
20/10/2022 07:00,,,,,,
20/10/2022 07:30,,,,,,
20/10/2022 08:00,,,,,,
20/10/2022 08:30,,,,,,
20/10/2022 09:00,,,,,,
20/10/2022 09:30,,,,,,
20/10/2022 10:00,,,,,,
20/10/2022 10:30,,,,,,
20/10/2022 11:00,,,,,,
20/10/2022 11:30,,,,,,
20/10/2022 12:00,,,,,,
20/10/2022 12:30,,,,,,
20/10/2022 13:00,,,,,,
20/10/2022 13:30,,,,,,
20/10/2022 14:00,,,,,,
20/10/2022 14:30,,,,,,
20/10/2022 15:00,,,,,,
20/10/2022 15:30,,,,,,
20/10/2022 16:00,,,,,,
20/10/2022 16:30,,,,,,
20/10/2022 17:00,,,,,,
20/10/2022 17:30,,,,,,
20/10/2022 18:00,,,,,,
20/10/2022 18:30,,,,,,
20/10/2022 19:00,,,,,,
20/10/2022 19:30,,,,,,
20/10/2022 20:00,,,,,,
20/10/2022 20:30,,,,,,
20/10/2022 21:00,,,,,,
20/10/2022 21:30,,,,,,
20/10/2022 22:00,,,,,,
20/10/2022 22:30,,,,,,
20/10/2022 23:00,,,,,,
20/10/2022 23:30,,,,,,
21/10/2022 00:00,,,,,,
21/10/2022 00:30,,,,,,
21/10/2022 01:00,,,,,,
21/10/2022 01:30,,,,,,
21/10/2022 02:00,,,,,,
21/10/2022 02:30,,,,,,
21/10/2022 03:00,,,,,,
21/10/2022 03:30,,,,,,
21/10/2022 04:00,,,,,,
21/10/2022 04:30,,,,,,
21/10/2022 05:00,,,,,,
21/10/2022 05:30,,,,,,
21/10/2022 06:00,,,,,,
21/10/2022 06:30,,,,,,
21/10/2022 07:00,,,,,,
21/10/2022 07:30,,,,,,
21/10/2022 08:00,,,,,,
21/10/2022 08:30,,,,,,
21/10/2022 09:00,,,,,,
21/10/2022 09:30,,,,,,
21/10/2022 10:00,,,,,,
21/10/2022 10:30,,,,,,
21/10/2022 11:00,,,,,,
21/10/2022 11:30,,,,,,
21/10/2022 12:00,,,,,,
21/10/2022 12:30,,,,,,
21/10/2022 13:00,,,,,,
21/10/2022 13:30,,,,,,
21/10/2022 14:00,,,,,,
21/10/2022 14:30,,,,,,
21/10/2022 15:00,,,,,,
21/10/2022 15:30,,,,,,
21/10/2022 16:00,,,,,,
21/10/2022 16:30,,,,,,
21/10/2022 17:00,,,,,,
21/10/2022 17:30,,,,,,
21/10/2022 18:00,,,,,,
21/10/2022 18:30,,,,,,
21/10/2022 19:00,,,,,,
21/10/2022 19:30,,,,,,
21/10/2022 20:00,,,,,,
21/10/2022 20:30,,,,,,
21/10/2022 21:00,,,,,,
21/10/2022 21:30,,,,,,
21/10/2022 22:00,,,,,,
21/10/2022 22:30,,,,,,
21/10/2022 23:00,,,,,,
21/10/2022 23:30,,,,,,
22/10/2022 00:00,,,,,,
22/10/2022 00:30,,,,,,
22/10/2022 01:00,,,,,,
22/10/2022 01:30,,,,,,
22/10/2022 02:00,,,,,,
22/10/2022 02:30,,,,,,
22/10/2022 03:00,,,,,,
22/10/2022 03:30,,,,,,
22/10/2022 04:00,,,,,,
22/10/2022 04:30,,,,,,
22/10/2022 05:00,,,,,,
22/10/2022 05:30,,,,,,
22/10/2022 06:00,,,,,,
22/10/2022 06:30,,,,,,
22/10/2022 07:00,,,,,,
22/10/2022 07:30,,,,,,
22/10/2022 08:00,,,,,,
22/10/2022 08:30,,,,,,
22/10/2022 09:00,,,,,,
22/10/2022 09:30,,,,,,
22/10/2022 10:00,,,,,,
22/10/2022 10:30,,,,,,
22/10/2022 11:00,,,,,,
22/10/2022 11:30,,,,,,
22/10/2022 12:00,,,,,,
22/10/2022 12:30,,,,,,
22/10/2022 13:00,,,,,,
22/10/2022 13:30,,,,,,
22/10/2022 14:00,,,,,,
22/10/2022 14:30,,,,,,
22/10/2022 15:00,,,,,,
22/10/2022 15:30,,,,,,
22/10/2022 16:00,,,,,,
22/10/2022 16:30,,,,,,
22/10/2022 17:00,,,,,,
22/10/2022 17:30,,,,,,
22/10/2022 18:00,,,,,,
22/10/2022 18:30,,,,,,
22/10/2022 19:00,,,,,,
22/10/2022 19:30,,,,,,
22/10/2022 20:00,,,,,,
22/10/2022 20:30,,,,,,
22/10/2022 21:00,,,,,,
22/10/2022 21:30,,,,,,
22/10/2022 22:00,,,,,,
22/10/2022 22:30,,,,,,
22/10/2022 23:00,,,,,,
22/10/2022 23:30,,,,,,
23/10/2022 00:00,,,,,,
23/10/2022 00:30,,,,,,
23/10/2022 01:00,,,,,,
23/10/2022 01:30,,,,,,
23/10/2022 02:00,,,,,,
23/10/2022 02:30,,,,,,
23/10/2022 03:00,,,,,,
23/10/2022 03:30,,,,,,
23/10/2022 04:00,,,,,,
23/10/2022 04:30,,,,,,
23/10/2022 05:00,,,,,,
23/10/2022 05:30,,,,,,
23/10/2022 06:00,,,,,,
23/10/2022 06:30,,,,,,
23/10/2022 07:00,,,,,,
23/10/2022 07:30,,,,,,
23/10/2022 08:00,,,,,,
23/10/2022 08:30,,,,,,
23/10/2022 09:00,,,,,,
23/10/2022 09:30,,,,,,
23/10/2022 10:00,,,,,,
23/10/2022 10:30,,,,,,
23/10/2022 11:00,,,,,,
23/10/2022 11:30,,,,,,
23/10/2022 12:00,,,,,,
23/10/2022 12:30,,,,,,
23/10/2022 13:00,,,,,,
23/10/2022 13:30,,,,,,
23/10/2022 14:00,,,,,,
23/10/2022 14:30,,,,,,
23/10/2022 15:00,,,,,,
23/10/2022 15:30,,,,,,
23/10/2022 16:00,,,,,,
23/10/2022 16:30,,,,,,
23/10/2022 17:00,,,,,,
23/10/2022 17:30,,,,,,
23/10/2022 18:00,,,,,,
23/10/2022 18:30,,,,,,
23/10/2022 19:00,,,,,,
23/10/2022 19:30,,,,,,
23/10/2022 20:00,,,,,,
23/10/2022 20:30,,,,,,
23/10/2022 21:00,,,,,,
23/10/2022 21:30,,,,,,
23/10/2022 22:00,,,,,,
23/10/2022 22:30,,,,,,
23/10/2022 23:00,,,,,,
23/10/2022 23:30,,,,,,
24/10/2022 00:00,,,,,,
24/10/2022 00:30,,,,,,
24/10/2022 01:00,,,,,,
24/10/2022 01:30,,,,,,
24/10/2022 02:00,,,,,,
24/10/2022 02:30,,,,,,
24/10/2022 03:00,,,,,,
24/10/2022 03:30,,,,,,
24/10/2022 04:00,,,,,,
24/10/2022 04:30,,,,,,
24/10/2022 05:00,,,,,,
24/10/2022 05:30,,,,,,
24/10/2022 06:00,,,,,,
24/10/2022 06:30,,,,,,
24/10/2022 07:00,,,,,,
24/10/2022 07:30,,,,,,
24/10/2022 08:00,,,,,,
24/10/2022 08:30,,,,,,
24/10/2022 09:00,,,,,,
24/10/2022 09:30,,,,,,
24/10/2022 10:00,,,,,,
24/10/2022 10:30,,,,,,
24/10/2022 11:00,,,,,,
24/10/2022 11:30,,,,,,
24/10/2022 12:00,,,,,,
24/10/2022 12:30,,,,,,
24/10/2022 13:00,,,,,,
24/10/2022 13:30,,,,,,
24/10/2022 14:00,,,,,,
24/10/2022 14:30,,,,,,
24/10/2022 15:00,,,,,,
24/10/2022 15:30,,,,,,
24/10/2022 16:00,,,,,,
24/10/2022 16:30,,,,,,
24/10/2022 17:00,,,,,,
24/10/2022 17:30,,,,,,
24/10/2022 18:00,,,,,,
24/10/2022 18:30,,,,,,
24/10/2022 19:00,,,,,,
24/10/2022 19:30,,,,,,
24/10/2022 20:00,,,,,,
24/10/2022 20:30,,,,,,
24/10/2022 21:00,,,,,,
24/10/2022 21:30,,,,,,
24/10/2022 22:00,,,,,,
24/10/2022 22:30,,,,,,
24/10/2022 23:00,,,,,,
24/10/2022 23:30,,,,,,
25/10/2022 00:00,,,,,,
25/10/2022 00:30,,,,,,
25/10/2022 01:00,,,,,,
25/10/2022 01:30,,,,,,
25/10/2022 02:00,,,,,,
25/10/2022 02:30,,,,,,
25/10/2022 03:00,,,,,,
25/10/2022 03:30,,,,,,
25/10/2022 04:00,,,,,,
25/10/2022 04:30,,,,,,
25/10/2022 05:00,,,,,,
25/10/2022 05:30,,,,,,
25/10/2022 06:00,,,,,,
25/10/2022 06:30,,,,,,
25/10/2022 07:00,,,,,,
25/10/2022 07:30,,,,,,
25/10/2022 08:00,,,,,,
25/10/2022 08:30,,,,,,
25/10/2022 09:00,,,,,,
25/10/2022 09:30,,,,,,
25/10/2022 10:00,,,,,,
25/10/2022 10:30,,,,,,
25/10/2022 11:00,,,,,,
25/10/2022 11:30,,,,,,
25/10/2022 12:00,,,,,,
25/10/2022 12:30,,,,,,
25/10/2022 13:00,,,,,,
25/10/2022 13:30,,,,,,
25/10/2022 14:00,,,,,,
25/10/2022 14:30,,,,,,
25/10/2022 15:00,,,,,,
25/10/2022 15:30,,,,,,
25/10/2022 16:00,,,,,,
25/10/2022 16:30,,,,,,
25/10/2022 17:00,,,,,,
25/10/2022 17:30,,,,,,
25/10/2022 18:00,,,,,,
25/10/2022 18:30,,,,,,
25/10/2022 19:00,,,,,,
25/10/2022 19:30,,,,,,
25/10/2022 20:00,,,,,,
25/10/2022 20:30,,,,,,
25/10/2022 21:00,,,,,,
25/10/2022 21:30,,,,,,
25/10/2022 22:00,,,,,,
25/10/2022 22:30,,,,,,
25/10/2022 23:00,,,,,,
25/10/2022 23:30,,,,,,
26/10/2022 00:00,,,,,,
26/10/2022 00:30,,,,,,
26/10/2022 01:00,,,,,,
26/10/2022 01:30,,,,,,
26/10/2022 02:00,,,,,,
26/10/2022 02:30,,,,,,
26/10/2022 03:00,,,,,,
26/10/2022 03:30,,,,,,
26/10/2022 04:00,,,,,,
26/10/2022 04:30,,,,,,
26/10/2022 05:00,,,,,,
26/10/2022 05:30,,,,,,
26/10/2022 06:00,,,,,,
26/10/2022 06:30,,,,,,
26/10/2022 07:00,,,,,,
26/10/2022 07:30,,,,,,
26/10/2022 08:00,,,,,,
26/10/2022 08:30,,,,,,
26/10/2022 09:00,,,,,,
26/10/2022 09:30,,,,,,
26/10/2022 10:00,,,,,,
26/10/2022 10:30,,,,,,
26/10/2022 11:00,,,,,,
26/10/2022 11:30,,,,,,
26/10/2022 12:00,,,,,,
26/10/2022 12:30,,,,,,
26/10/2022 13:00,,,,,,
26/10/2022 13:30,,,,,,
26/10/2022 14:00,,,,,,
26/10/2022 14:30,,,,,,
26/10/2022 15:00,,,,,,
26/10/2022 15:30,,,,,,
26/10/2022 16:00,,,,,,
26/10/2022 16:30,,,,,,
26/10/2022 17:00,,,,,,
26/10/2022 17:30,,,,,,
26/10/2022 18:00,,,,,,
26/10/2022 18:30,,,,,,
26/10/2022 19:00,,,,,,
26/10/2022 19:30,,,,,,
26/10/2022 20:00,,,,,,
26/10/2022 20:30,,,,,,
26/10/2022 21:00,,,,,,
26/10/2022 21:30,,,,,,
26/10/2022 22:00,,,,,,
26/10/2022 22:30,,,,,,
26/10/2022 23:00,,,,,,
26/10/2022 23:30,,,,,,
27/10/2022 00:00,,,,,,
27/10/2022 00:30,,,,,,
27/10/2022 01:00,,,,,,
27/10/2022 01:30,,,,,,
27/10/2022 02:00,,,,,,
27/10/2022 02:30,,,,,,
27/10/2022 03:00,,,,,,
27/10/2022 03:30,,,,,,
27/10/2022 04:00,,,,,,
27/10/2022 04:30,,,,,,
27/10/2022 05:00,,,,,,
27/10/2022 05:30,,,,,,
27/10/2022 06:00,,,,,,
27/10/2022 06:30,,,,,,
27/10/2022 07:00,,,,,,
27/10/2022 07:30,,,,,,
27/10/2022 08:00,,,,,,
27/10/2022 08:30,,,,,,
27/10/2022 09:00,,,,,,
27/10/2022 09:30,,,,,,
27/10/2022 10:00,,,,,,
27/10/2022 10:30,,,,,,
27/10/2022 11:00,,,,,,
27/10/2022 11:30,,,,,,
27/10/2022 12:00,,,,,,
27/10/2022 12:30,,,,,,
27/10/2022 13:00,,,,,,
27/10/2022 13:30,,,,,,
27/10/2022 14:00,,,,,,
27/10/2022 14:30,,,,,,
27/10/2022 15:00,,,,,,
27/10/2022 15:30,,,,,,
27/10/2022 16:00,,,,,,
27/10/2022 16:30,,,,,,
27/10/2022 17:00,,,,,,
27/10/2022 17:30,,,,,,
27/10/2022 18:00,,,,,,
27/10/2022 18:30,,,,,,
27/10/2022 19:00,,,,,,
27/10/2022 19:30,,,,,,
27/10/2022 20:00,,,,,,
27/10/2022 20:30,,,,,,
27/10/2022 21:00,,,,,,
27/10/2022 21:30,,,,,,
27/10/2022 22:00,,,,,,
27/10/2022 22:30,,,,,,
27/10/2022 23:00,,,,,,
27/10/2022 23:30,,,,,,
28/10/2022 00:00,,,,,,
28/10/2022 00:30,,,,,,
28/10/2022 01:00,,,,,,
28/10/2022 01:30,,,,,,
28/10/2022 02:00,,,,,,
28/10/2022 02:30,,,,,,
28/10/2022 03:00,,,,,,
28/10/2022 03:30,,,,,,
28/10/2022 04:00,,,,,,
28/10/2022 04:30,,,,,,
28/10/2022 05:00,,,,,,
28/10/2022 05:30,,,,,,
28/10/2022 06:00,,,,,,
28/10/2022 06:30,,,,,,
28/10/2022 07:00,,,,,,
28/10/2022 07:30,,,,,,
28/10/2022 08:00,,,,,,
28/10/2022 08:30,,,,,,
28/10/2022 09:00,,,,,,
28/10/2022 09:30,,,,,,
28/10/2022 10:00,,,,,,
28/10/2022 10:30,,,,,,
28/10/2022 11:00,,,,,,
28/10/2022 11:30,,,,,,
28/10/2022 12:00,,,,,,
28/10/2022 12:30,,,,,,
28/10/2022 13:00,,,,,,
28/10/2022 13:30,,,,,,
28/10/2022 14:00,,,,,,
28/10/2022 14:30,,,,,,
28/10/2022 15:00,,,,,,
28/10/2022 15:30,,,,,,
28/10/2022 16:00,,,,,,
28/10/2022 16:30,,,,,,
28/10/2022 17:00,,,,,,
28/10/2022 17:30,,,,,,
28/10/2022 18:00,,,,,,
28/10/2022 18:30,,,,,,
28/10/2022 19:00,,,,,,
28/10/2022 19:30,,,,,,
28/10/2022 20:00,,,,,,
28/10/2022 20:30,,,,,,
28/10/2022 21:00,,,,,,
28/10/2022 21:30,,,,,,
28/10/2022 22:00,,,,,,
28/10/2022 22:30,,,,,,
28/10/2022 23:00,,,,,,
28/10/2022 23:30,,,,,,
29/10/2022 00:00,,,,,,
29/10/2022 00:30,,,,,,
29/10/2022 01:00,,,,,,
29/10/2022 01:30,,,,,,
29/10/2022 02:00,,,,,,
29/10/2022 02:30,,,,,,
29/10/2022 03:00,,,,,,
29/10/2022 03:30,,,,,,
29/10/2022 04:00,,,,,,
29/10/2022 04:30,,,,,,
29/10/2022 05:00,,,,,,
29/10/2022 05:30,,,,,,
29/10/2022 06:00,,,,,,
29/10/2022 06:30,,,,,,
29/10/2022 07:00,,,,,,
29/10/2022 07:30,,,,,,
29/10/2022 08:00,,,,,,
29/10/2022 08:30,,,,,,
29/10/2022 09:00,,,,,,
29/10/2022 09:30,,,,,,
29/10/2022 10:00,,,,,,
29/10/2022 10:30,,,,,,
29/10/2022 11:00,,,,,,
29/10/2022 11:30,,,,,,
29/10/2022 12:00,,,,,,
29/10/2022 12:30,,,,,,
29/10/2022 13:00,,,,,,
29/10/2022 13:30,,,,,,
29/10/2022 14:00,,,,,,
29/10/2022 14:30,,,,,,
29/10/2022 15:00,,,,,,
29/10/2022 15:30,,,,,,
29/10/2022 16:00,,,,,,
29/10/2022 16:30,,,,,,
29/10/2022 17:00,,,,,,
29/10/2022 17:30,,,,,,
29/10/2022 18:00,,,,,,
29/10/2022 18:30,,,,,,
29/10/2022 19:00,,,,,,
29/10/2022 19:30,,,,,,
29/10/2022 20:00,,,,,,
29/10/2022 20:30,,,,,,
29/10/2022 21:00,,,,,,
29/10/2022 21:30,,,,,,
29/10/2022 22:00,,,,,,
29/10/2022 22:30,,,,,,
29/10/2022 23:00,,,,,,
29/10/2022 23:30,,,,,,
30/10/2022 00:00,,,,,,
30/10/2022 00:30,,,,,,
30/10/2022 01:00,,,,,,
30/10/2022 01:30,,,,,,
30/10/2022 02:00,,,,,,
30/10/2022 02:30,,,,,,
30/10/2022 03:00,,,,,,
30/10/2022 03:30,,,,,,
30/10/2022 04:00,,,,,,
30/10/2022 04:30,,,,,,
30/10/2022 05:00,,,,,,
30/10/2022 05:30,,,,,,
30/10/2022 06:00,,,,,,
30/10/2022 06:30,,,,,,
30/10/2022 07:00,,,,,,
30/10/2022 07:30,,,,,,
30/10/2022 08:00,,,,,,
30/10/2022 08:30,,,,,,
30/10/2022 09:00,,,,,,
30/10/2022 09:30,,,,,,
30/10/2022 10:00,,,,,,
30/10/2022 10:30,,,,,,
30/10/2022 11:00,,,,,,
30/10/2022 11:30,,,,,,
30/10/2022 12:00,,,,,,
30/10/2022 12:30,,,,,,
30/10/2022 13:00,,,,,,
30/10/2022 13:30,,,,,,
30/10/2022 14:00,,,,,,
30/10/2022 14:30,,,,,,
30/10/2022 15:00,,,,,,
30/10/2022 15:30,,,,,,
30/10/2022 16:00,,,,,,
30/10/2022 16:30,,,,,,
30/10/2022 17:00,,,,,,
30/10/2022 17:30,,,,,,
30/10/2022 18:00,,,,,,
30/10/2022 18:30,,,,,,
30/10/2022 19:00,,,,,,
30/10/2022 19:30,,,,,,
30/10/2022 20:00,,,,,,
30/10/2022 20:30,,,,,,
30/10/2022 21:00,,,,,,
30/10/2022 21:30,,,,,,
30/10/2022 22:00,,,,,,
30/10/2022 22:30,,,,,,
30/10/2022 23:00,,,,,,
30/10/2022 23:30,,,,,,
31/10/2022 00:00,,,,,,
31/10/2022 00:30,,,,,,
31/10/2022 01:00,,,,,,
31/10/2022 01:30,,,,,,
31/10/2022 02:00,,,,,,
31/10/2022 02:30,,,,,,
31/10/2022 03:00,,,,,,
31/10/2022 03:30,,,,,,
31/10/2022 04:00,,,,,,
31/10/2022 04:30,,,,,,
31/10/2022 05:00,,,,,,
31/10/2022 05:30,,,,,,
31/10/2022 06:00,,,,,,
31/10/2022 06:30,,,,,,
31/10/2022 07:00,,,,,,
31/10/2022 07:30,,,,,,
31/10/2022 08:00,,,,,,
31/10/2022 08:30,,,,,,
31/10/2022 09:00,,,,,,
31/10/2022 09:30,,,,,,
31/10/2022 10:00,,,,,,
31/10/2022 10:30,,,,,,
31/10/2022 11:00,,,,,,
31/10/2022 11:30,,,,,,
31/10/2022 12:00,,,,,,
31/10/2022 12:30,,,,,,
31/10/2022 13:00,,,,,,
31/10/2022 13:30,,,,,,
31/10/2022 14:00,,,,,,
31/10/2022 14:30,,,,,,
31/10/2022 15:00,,,,,,
31/10/2022 15:30,,,,,,
31/10/2022 16:00,,,,,,
31/10/2022 16:30,,,,,,
31/10/2022 17:00,,,,,,
31/10/2022 17:30,,,,,,
31/10/2022 18:00,,,,,,
31/10/2022 18:30,,,,,,
31/10/2022 19:00,,,,,,
31/10/2022 19:30,,,,,,
31/10/2022 20:00,,,,,,
31/10/2022 20:30,,,,,,
31/10/2022 21:00,,,,,,
31/10/2022 21:30,,,,,,
31/10/2022 22:00,,,,,,
31/10/2022 22:30,,,,,,
31/10/2022 23:00,,,,,,
31/10/2022 23:30,,,,,,
01/11/2022 00:00,,,,,,
01/11/2022 00:30,,,,,,
01/11/2022 01:00,,,,,,
01/11/2022 01:30,,,,,,
01/11/2022 02:00,,,,,,
01/11/2022 02:30,,,,,,
01/11/2022 03:00,,,,,,
01/11/2022 03:30,,,,,,
01/11/2022 04:00,,,,,,
01/11/2022 04:30,,,,,,
01/11/2022 05:00,,,,,,
01/11/2022 05:30,,,,,,
01/11/2022 06:00,,,,,,
01/11/2022 06:30,,,,,,
01/11/2022 07:00,,,,,,
01/11/2022 07:30,,,,,,
01/11/2022 08:00,,,,,,
01/11/2022 08:30,,,,,,
01/11/2022 09:00,,,,,,
01/11/2022 09:30,,,,,,
01/11/2022 10:00,,,,,,
01/11/2022 10:30,,,,,,
01/11/2022 11:00,,,,,,
01/11/2022 11:30,,,,,,
01/11/2022 12:00,,,,,,
01/11/2022 12:30,,,,,,
01/11/2022 13:00,,,,,,
01/11/2022 13:30,,,,,,
01/11/2022 14:00,,,,,,
01/11/2022 14:30,,,,,,
01/11/2022 15:00,,,,,,
01/11/2022 15:30,,,,,,
01/11/2022 16:00,,,,,,
01/11/2022 16:30,,,,,,
01/11/2022 17:00,,,,,,
01/11/2022 17:30,,,,,,
01/11/2022 18:00,,,,,,
01/11/2022 18:30,,,,,,
01/11/2022 19:00,,,,,,
01/11/2022 19:30,,,,,,
01/11/2022 20:00,,,,,,
01/11/2022 20:30,,,,,,
01/11/2022 21:00,,,,,,
01/11/2022 21:30,,,,,,
01/11/2022 22:00,,,,,,
01/11/2022 22:30,,,,,,
01/11/2022 23:00,,,,,,
01/11/2022 23:30,,,,,,
02/11/2022 00:00,,,,,,
02/11/2022 00:30,,,,,,
02/11/2022 01:00,,,,,,
02/11/2022 01:30,,,,,,
02/11/2022 02:00,,,,,,
02/11/2022 02:30,,,,,,
02/11/2022 03:00,,,,,,
02/11/2022 03:30,,,,,,
02/11/2022 04:00,,,,,,
02/11/2022 04:30,,,,,,
02/11/2022 05:00,,,,,,
02/11/2022 05:30,,,,,,
02/11/2022 06:00,,,,,,
02/11/2022 06:30,,,,,,
02/11/2022 07:00,,,,,,
02/11/2022 07:30,,,,,,
02/11/2022 08:00,,,,,,
02/11/2022 08:30,,,,,,
02/11/2022 09:00,,,,,,
02/11/2022 09:30,,,,,,
02/11/2022 10:00,,,,,,
02/11/2022 10:30,,,,,,
02/11/2022 11:00,,,,,,
02/11/2022 11:30,,,,,,
02/11/2022 12:00,,,,,,
02/11/2022 12:30,,,,,,
02/11/2022 13:00,,,,,,
02/11/2022 13:30,,,,,,
02/11/2022 14:00,,,,,,
02/11/2022 14:30,,,,,,
02/11/2022 15:00,,,,,,
02/11/2022 15:30,,,,,,
02/11/2022 16:00,,,,,,
02/11/2022 16:30,,,,,,
02/11/2022 17:00,,,,,,
02/11/2022 17:30,,,,,,
02/11/2022 18:00,,,,,,
02/11/2022 18:30,,,,,,
02/11/2022 19:00,,,,,,
02/11/2022 19:30,,,,,,
02/11/2022 20:00,,,,,,
02/11/2022 20:30,,,,,,
02/11/2022 21:00,,,,,,
02/11/2022 21:30,,,,,,
02/11/2022 22:00,,,,,,
02/11/2022 22:30,,,,,,
02/11/2022 23:00,,,,,,
02/11/2022 23:30,,,,,,
03/11/2022 00:00,,,,,,
03/11/2022 00:30,,,,,,
03/11/2022 01:00,,,,,,
03/11/2022 01:30,,,,,,
03/11/2022 02:00,,,,,,
03/11/2022 02:30,,,,,,
03/11/2022 03:00,,,,,,
03/11/2022 03:30,,,,,,
03/11/2022 04:00,,,,,,
03/11/2022 04:30,,,,,,
03/11/2022 05:00,,,,,,
03/11/2022 05:30,,,,,,
03/11/2022 06:00,,,,,,
03/11/2022 06:30,,,,,,
03/11/2022 07:00,,,,,,
03/11/2022 07:30,,,,,,
03/11/2022 08:00,,,,,,
03/11/2022 08:30,,,,,,
03/11/2022 09:00,,,,,,
03/11/2022 09:30,,,,,,
03/11/2022 10:00,,,,,,
03/11/2022 10:30,,,,,,
03/11/2022 11:00,,,,,,
03/11/2022 11:30,,,,,,
03/11/2022 12:00,,,,,,
03/11/2022 12:30,,,,,,
03/11/2022 13:00,,,,,,
03/11/2022 13:30,,,,,,
03/11/2022 14:00,,,,,,
03/11/2022 14:30,,,,,,
03/11/2022 15:00,,,,,,
03/11/2022 15:30,,,,,,
03/11/2022 16:00,,,,,,
03/11/2022 16:30,,,,,,
03/11/2022 17:00,,,,,,
03/11/2022 17:30,,,,,,
03/11/2022 18:00,,,,,,
03/11/2022 18:30,,,,,,
03/11/2022 19:00,,,,,,
03/11/2022 19:30,,,,,,
03/11/2022 20:00,,,,,,
03/11/2022 20:30,,,,,,
03/11/2022 21:00,,,,,,
03/11/2022 21:30,,,,,,
03/11/2022 22:00,,,,,,
03/11/2022 22:30,,,,,,
03/11/2022 23:00,,,,,,
03/11/2022 23:30,,,,,,
04/11/2022 00:00,,,,,,
04/11/2022 00:30,,,,,,
04/11/2022 01:00,,,,,,
04/11/2022 01:30,,,,,,
04/11/2022 02:00,,,,,,
04/11/2022 02:30,,,,,,
04/11/2022 03:00,,,,,,
04/11/2022 03:30,,,,,,
04/11/2022 04:00,,,,,,
04/11/2022 04:30,,,,,,
04/11/2022 05:00,,,,,,
04/11/2022 05:30,,,,,,
04/11/2022 06:00,,,,,,
04/11/2022 06:30,,,,,,
04/11/2022 07:00,,,,,,
04/11/2022 07:30,,,,,,
04/11/2022 08:00,,,,,,
04/11/2022 08:30,,,,,,
04/11/2022 09:00,,,,,,
04/11/2022 09:30,,,,,,
04/11/2022 10:00,,,,,,
04/11/2022 10:30,,,,,,
04/11/2022 11:00,,,,,,
04/11/2022 11:30,,,,,,
04/11/2022 12:00,,,,,,
04/11/2022 12:30,,,,,,
04/11/2022 13:00,,,,,,
04/11/2022 13:30,,,,,,
04/11/2022 14:00,,,,,,
04/11/2022 14:30,,,,,,
04/11/2022 15:00,,,,,,
04/11/2022 15:30,,,,,,
04/11/2022 16:00,,,,,,
04/11/2022 16:30,,,,,,
04/11/2022 17:00,,,,,,
04/11/2022 17:30,,,,,,
04/11/2022 18:00,,,,,,
04/11/2022 18:30,,,,,,
04/11/2022 19:00,,,,,,
04/11/2022 19:30,,,,,,
04/11/2022 20:00,,,,,,
04/11/2022 20:30,,,,,,
04/11/2022 21:00,,,,,,
04/11/2022 21:30,,,,,,
04/11/2022 22:00,,,,,,
04/11/2022 22:30,,,,,,
04/11/2022 23:00,,,,,,
04/11/2022 23:30,,,,,,
05/11/2022 00:00,,,,,,
05/11/2022 00:30,,,,,,
05/11/2022 01:00,,,,,,
05/11/2022 01:30,,,,,,
05/11/2022 02:00,,,,,,
05/11/2022 02:30,,,,,,
05/11/2022 03:00,,,,,,
05/11/2022 03:30,,,,,,
05/11/2022 04:00,,,,,,
05/11/2022 04:30,,,,,,
05/11/2022 05:00,,,,,,
05/11/2022 05:30,,,,,,
05/11/2022 06:00,,,,,,
05/11/2022 06:30,,,,,,
05/11/2022 07:00,,,,,,
05/11/2022 07:30,,,,,,
05/11/2022 08:00,,,,,,
05/11/2022 08:30,,,,,,
05/11/2022 09:00,,,,,,
05/11/2022 09:30,,,,,,
05/11/2022 10:00,,,,,,
05/11/2022 10:30,,,,,,
05/11/2022 11:00,,,,,,
05/11/2022 11:30,,,,,,
05/11/2022 12:00,,,,,,
05/11/2022 12:30,,,,,,
05/11/2022 13:00,,,,,,
05/11/2022 13:30,,,,,,
05/11/2022 14:00,,,,,,
05/11/2022 14:30,,,,,,
05/11/2022 15:00,,,,,,
05/11/2022 15:30,,,,,,
05/11/2022 16:00,,,,,,
05/11/2022 16:30,,,,,,
05/11/2022 17:00,,,,,,
05/11/2022 17:30,,,,,,
05/11/2022 18:00,,,,,,
05/11/2022 18:30,,,,,,
05/11/2022 19:00,,,,,,
05/11/2022 19:30,,,,,,
05/11/2022 20:00,,,,,,
05/11/2022 20:30,,,,,,
05/11/2022 21:00,,,,,,
05/11/2022 21:30,,,,,,
05/11/2022 22:00,,,,,,
05/11/2022 22:30,,,,,,
05/11/2022 23:00,,,,,,
05/11/2022 23:30,,,,,,
06/11/2022 00:00,,,,,,
06/11/2022 00:30,,,,,,
06/11/2022 01:00,,,,,,
06/11/2022 01:30,,,,,,
06/11/2022 02:00,,,,,,
06/11/2022 02:30,,,,,,
06/11/2022 03:00,,,,,,
06/11/2022 03:30,,,,,,
06/11/2022 04:00,,,,,,
06/11/2022 04:30,,,,,,
06/11/2022 05:00,,,,,,
06/11/2022 05:30,,,,,,
06/11/2022 06:00,,,,,,
06/11/2022 06:30,,,,,,
06/11/2022 07:00,,,,,,
06/11/2022 07:30,,,,,,
06/11/2022 08:00,,,,,,
06/11/2022 08:30,,,,,,
06/11/2022 09:00,,,,,,
06/11/2022 09:30,,,,,,
06/11/2022 10:00,,,,,,
06/11/2022 10:30,,,,,,
06/11/2022 11:00,,,,,,
06/11/2022 11:30,,,,,,
06/11/2022 12:00,,,,,,
06/11/2022 12:30,,,,,,
06/11/2022 13:00,,,,,,
06/11/2022 13:30,,,,,,
06/11/2022 14:00,,,,,,
06/11/2022 14:30,,,,,,
06/11/2022 15:00,,,,,,
06/11/2022 15:30,,,,,,
06/11/2022 16:00,,,,,,
06/11/2022 16:30,,,,,,
06/11/2022 17:00,,,,,,
06/11/2022 17:30,,,,,,
06/11/2022 18:00,,,,,,
06/11/2022 18:30,,,,,,
06/11/2022 19:00,,,,,,
06/11/2022 19:30,,,,,,
06/11/2022 20:00,,,,,,
06/11/2022 20:30,,,,,,
06/11/2022 21:00,,,,,,
06/11/2022 21:30,,,,,,
06/11/2022 22:00,,,,,,
06/11/2022 22:30,,,,,,
06/11/2022 23:00,,,,,,
06/11/2022 23:30,,,,,,
07/11/2022 00:00,,,,,,
07/11/2022 00:30,,,,,,
07/11/2022 01:00,,,,,,
07/11/2022 01:30,,,,,,
07/11/2022 02:00,,,,,,
07/11/2022 02:30,,,,,,
07/11/2022 03:00,,,,,,
07/11/2022 03:30,,,,,,
07/11/2022 04:00,,,,,,
07/11/2022 04:30,,,,,,
07/11/2022 05:00,,,,,,
07/11/2022 05:30,,,,,,
07/11/2022 06:00,,,,,,
07/11/2022 06:30,,,,,,
07/11/2022 07:00,,,,,,
07/11/2022 07:30,,,,,,
07/11/2022 08:00,,,,,,
07/11/2022 08:30,,,,,,
07/11/2022 09:00,,,,,,
07/11/2022 09:30,,,,,,
07/11/2022 10:00,,,,,,
07/11/2022 10:30,,,,,,
07/11/2022 11:00,,,,,,
07/11/2022 11:30,,,,,,
07/11/2022 12:00,,,,,,
07/11/2022 12:30,,,,,,
07/11/2022 13:00,,,,,,
07/11/2022 13:30,,,,,,
07/11/2022 14:00,,,,,,
07/11/2022 14:30,,,,,,
07/11/2022 15:00,,,,,,
07/11/2022 15:30,,,,,,
07/11/2022 16:00,,,,,,
07/11/2022 16:30,,,,,,
07/11/2022 17:00,,,,,,
07/11/2022 17:30,,,,,,
07/11/2022 18:00,,,,,,
07/11/2022 18:30,,,,,,
07/11/2022 19:00,,,,,,
07/11/2022 19:30,,,,,,
07/11/2022 20:00,,,,,,
07/11/2022 20:30,,,,,,
07/11/2022 21:00,,,,,,
07/11/2022 21:30,,,,,,
07/11/2022 22:00,,,,,,
07/11/2022 22:30,,,,,,
07/11/2022 23:00,,,,,,
07/11/2022 23:30,,,,,,
08/11/2022 00:00,,,,,,
08/11/2022 00:30,,,,,,
08/11/2022 01:00,,,,,,
08/11/2022 01:30,,,,,,
08/11/2022 02:00,,,,,,
08/11/2022 02:30,,,,,,
08/11/2022 03:00,,,,,,
08/11/2022 03:30,,,,,,
08/11/2022 04:00,,,,,,
08/11/2022 04:30,,,,,,
08/11/2022 05:00,,,,,,
08/11/2022 05:30,,,,,,
08/11/2022 06:00,,,,,,
08/11/2022 06:30,,,,,,
08/11/2022 07:00,,,,,,
08/11/2022 07:30,,,,,,
08/11/2022 08:00,,,,,,
08/11/2022 08:30,,,,,,
08/11/2022 09:00,,,,,,
08/11/2022 09:30,,,,,,
08/11/2022 10:00,,,,,,
08/11/2022 10:30,,,,,,
08/11/2022 11:00,,,,,,
08/11/2022 11:30,,,,,,
08/11/2022 12:00,,,,,,
08/11/2022 12:30,,,,,,
08/11/2022 13:00,,,,,,
08/11/2022 13:30,,,,,,
08/11/2022 14:00,,,,,,
08/11/2022 14:30,,,,,,
08/11/2022 15:00,,,,,,
08/11/2022 15:30,,,,,,
08/11/2022 16:00,,,,,,
08/11/2022 16:30,,,,,,
08/11/2022 17:00,,,,,,
08/11/2022 17:30,,,,,,
08/11/2022 18:00,,,,,,
08/11/2022 18:30,,,,,,
08/11/2022 19:00,,,,,,
08/11/2022 19:30,,,,,,
08/11/2022 20:00,,,,,,
08/11/2022 20:30,,,,,,
08/11/2022 21:00,,,,,,
08/11/2022 21:30,,,,,,
08/11/2022 22:00,,,,,,
08/11/2022 22:30,,,,,,
08/11/2022 23:00,,,,,,
08/11/2022 23:30,,,,,,
09/11/2022 00:00,,,,,,
09/11/2022 00:30,,,,,,
09/11/2022 01:00,,,,,,
09/11/2022 01:30,,,,,,
09/11/2022 02:00,,,,,,
09/11/2022 02:30,,,,,,
09/11/2022 03:00,,,,,,
09/11/2022 03:30,,,,,,
09/11/2022 04:00,,,,,,
09/11/2022 04:30,,,,,,
09/11/2022 05:00,,,,,,
09/11/2022 05:30,,,,,,
09/11/2022 06:00,,,,,,
09/11/2022 06:30,,,,,,
09/11/2022 07:00,,,,,,
09/11/2022 07:30,,,,,,
09/11/2022 08:00,,,,,,
09/11/2022 08:30,,,,,,
09/11/2022 09:00,,,,,,
09/11/2022 09:30,,,,,,
09/11/2022 10:00,,,,,,
09/11/2022 10:30,,,,,,
09/11/2022 11:00,,,,,,
09/11/2022 11:30,,,,,,
09/11/2022 12:00,,,,,,
09/11/2022 12:30,,,,,,
09/11/2022 13:00,,,,,,
09/11/2022 13:30,,,,,,
09/11/2022 14:00,,,,,,
09/11/2022 14:30,,,,,,
09/11/2022 15:00,,,,,,
09/11/2022 15:30,,,,,,
09/11/2022 16:00,,,,,,
09/11/2022 16:30,,,,,,
09/11/2022 17:00,,,,,,
09/11/2022 17:30,,,,,,
09/11/2022 18:00,,,,,,
09/11/2022 18:30,,,,,,
09/11/2022 19:00,,,,,,
09/11/2022 19:30,,,,,,
09/11/2022 20:00,,,,,,
09/11/2022 20:30,,,,,,
09/11/2022 21:00,,,,,,
09/11/2022 21:30,,,,,,
09/11/2022 22:00,,,,,,
09/11/2022 22:30,,,,,,
09/11/2022 23:00,,,,,,
09/11/2022 23:30,,,,,,
10/11/2022 00:00,,,,,,
10/11/2022 00:30,,,,,,
10/11/2022 01:00,,,,,,
10/11/2022 01:30,,,,,,
10/11/2022 02:00,,,,,,
10/11/2022 02:30,,,,,,
10/11/2022 03:00,,,,,,
10/11/2022 03:30,,,,,,
10/11/2022 04:00,,,,,,
10/11/2022 04:30,,,,,,
10/11/2022 05:00,,,,,,
10/11/2022 05:30,,,,,,
10/11/2022 06:00,,,,,,
10/11/2022 06:30,,,,,,
10/11/2022 07:00,,,,,,
10/11/2022 07:30,,,,,,
10/11/2022 08:00,,,,,,
10/11/2022 08:30,,,,,,
10/11/2022 09:00,,,,,,
10/11/2022 09:30,,,,,,
10/11/2022 10:00,,,,,,
10/11/2022 10:30,,,,,,
10/11/2022 11:00,,,,,,
10/11/2022 11:30,,,,,,
10/11/2022 12:00,,,,,,
10/11/2022 12:30,,,,,,
10/11/2022 13:00,,,,,,
10/11/2022 13:30,,,,,,
10/11/2022 14:00,,,,,,
10/11/2022 14:30,,,,,,
10/11/2022 15:00,,,,,,
10/11/2022 15:30,,,,,,
10/11/2022 16:00,,,,,,
10/11/2022 16:30,,,,,,
10/11/2022 17:00,,,,,,
10/11/2022 17:30,,,,,,
10/11/2022 18:00,,,,,,
10/11/2022 18:30,,,,,,
10/11/2022 19:00,,,,,,
10/11/2022 19:30,,,,,,
10/11/2022 20:00,,,,,,
10/11/2022 20:30,,,,,,
10/11/2022 21:00,,,,,,
10/11/2022 21:30,,,,,,
10/11/2022 22:00,,,,,,
10/11/2022 22:30,,,,,,
10/11/2022 23:00,,,,,,
10/11/2022 23:30,,,,,,
11/11/2022 00:00,,,,,,
11/11/2022 00:30,,,,,,
11/11/2022 01:00,,,,,,
11/11/2022 01:30,,,,,,
11/11/2022 02:00,,,,,,
11/11/2022 02:30,,,,,,
11/11/2022 03:00,,,,,,
11/11/2022 03:30,,,,,,
11/11/2022 04:00,,,,,,
11/11/2022 04:30,,,,,,
11/11/2022 05:00,,,,,,
11/11/2022 05:30,,,,,,
11/11/2022 06:00,,,,,,
11/11/2022 06:30,,,,,,
11/11/2022 07:00,,,,,,
11/11/2022 07:30,,,,,,
11/11/2022 08:00,,,,,,
11/11/2022 08:30,,,,,,
11/11/2022 09:00,,,,,,
11/11/2022 09:30,,,,,,
11/11/2022 10:00,,,,,,
11/11/2022 10:30,,,,,,
11/11/2022 11:00,,,,,,
11/11/2022 11:30,,,,,,
11/11/2022 12:00,,,,,,
11/11/2022 12:30,,,,,,
11/11/2022 13:00,,,,,,
11/11/2022 13:30,,,,,,
11/11/2022 14:00,,,,,,
11/11/2022 14:30,,,,,,
11/11/2022 15:00,,,,,,
11/11/2022 15:30,,,,,,
11/11/2022 16:00,,,,,,
11/11/2022 16:30,,,,,,
11/11/2022 17:00,,,,,,
11/11/2022 17:30,,,,,,
11/11/2022 18:00,,,,,,
11/11/2022 18:30,,,,,,
11/11/2022 19:00,,,,,,
11/11/2022 19:30,,,,,,
11/11/2022 20:00,,,,,,
11/11/2022 20:30,,,,,,
11/11/2022 21:00,,,,,,
11/11/2022 21:30,,,,,,
11/11/2022 22:00,,,,,,
11/11/2022 22:30,,,,,,
11/11/2022 23:00,,,,,,
11/11/2022 23:30,,,,,,
12/11/2022 00:00,,,,,,
12/11/2022 00:30,,,,,,
12/11/2022 01:00,,,,,,
12/11/2022 01:30,,,,,,
12/11/2022 02:00,,,,,,
12/11/2022 02:30,,,,,,
12/11/2022 03:00,,,,,,
12/11/2022 03:30,,,,,,
12/11/2022 04:00,,,,,,
12/11/2022 04:30,,,,,,
12/11/2022 05:00,,,,,,
12/11/2022 05:30,,,,,,
12/11/2022 06:00,,,,,,
12/11/2022 06:30,,,,,,
12/11/2022 07:00,,,,,,
12/11/2022 07:30,,,,,,
12/11/2022 08:00,,,,,,
12/11/2022 08:30,,,,,,
12/11/2022 09:00,,,,,,
12/11/2022 09:30,,,,,,
12/11/2022 10:00,,,,,,
12/11/2022 10:30,,,,,,
12/11/2022 11:00,,,,,,
12/11/2022 11:30,,,,,,
12/11/2022 12:00,,,,,,
12/11/2022 12:30,,,,,,
12/11/2022 13:00,,,,,,
12/11/2022 13:30,,,,,,
12/11/2022 14:00,,,,,,
12/11/2022 14:30,,,,,,
12/11/2022 15:00,,,,,,
12/11/2022 15:30,,,,,,
12/11/2022 16:00,,,,,,
12/11/2022 16:30,,,,,,
12/11/2022 17:00,,,,,,
12/11/2022 17:30,,,,,,
12/11/2022 18:00,,,,,,
12/11/2022 18:30,,,,,,
12/11/2022 19:00,,,,,,
12/11/2022 19:30,,,,,,
12/11/2022 20:00,,,,,,
12/11/2022 20:30,,,,,,
12/11/2022 21:00,,,,,,
12/11/2022 21:30,,,,,,
12/11/2022 22:00,,,,,,
12/11/2022 22:30,,,,,,
12/11/2022 23:00,,,,,,
12/11/2022 23:30,,,,,,
13/11/2022 00:00,,,,,,
13/11/2022 00:30,,,,,,
13/11/2022 01:00,,,,,,
13/11/2022 01:30,,,,,,
13/11/2022 02:00,,,,,,
13/11/2022 02:30,,,,,,
13/11/2022 03:00,,,,,,
13/11/2022 03:30,,,,,,
13/11/2022 04:00,,,,,,
13/11/2022 04:30,,,,,,
13/11/2022 05:00,,,,,,
13/11/2022 05:30,,,,,,
13/11/2022 06:00,,,,,,
13/11/2022 06:30,,,,,,
13/11/2022 07:00,,,,,,
13/11/2022 07:30,,,,,,
13/11/2022 08:00,,,,,,
13/11/2022 08:30,,,,,,
13/11/2022 09:00,,,,,,
13/11/2022 09:30,,,,,,
13/11/2022 10:00,,,,,,
13/11/2022 10:30,,,,,,
13/11/2022 11:00,,,,,,
13/11/2022 11:30,,,,,,
13/11/2022 12:00,,,,,,
13/11/2022 12:30,,,,,,
13/11/2022 13:00,,,,,,
13/11/2022 13:30,,,,,,
13/11/2022 14:00,,,,,,
13/11/2022 14:30,,,,,,
13/11/2022 15:00,,,,,,
13/11/2022 15:30,,,,,,
13/11/2022 16:00,,,,,,
13/11/2022 16:30,,,,,,
13/11/2022 17:00,,,,,,
13/11/2022 17:30,,,,,,
13/11/2022 18:00,,,,,,
13/11/2022 18:30,,,,,,
13/11/2022 19:00,,,,,,
13/11/2022 19:30,,,,,,
13/11/2022 20:00,,,,,,
13/11/2022 20:30,,,,,,
13/11/2022 21:00,,,,,,
13/11/2022 21:30,,,,,,
13/11/2022 22:00,,,,,,
13/11/2022 22:30,,,,,,
13/11/2022 23:00,,,,,,
13/11/2022 23:30,,,,,,
14/11/2022 00:00,,,,,,
14/11/2022 00:30,,,,,,
14/11/2022 01:00,,,,,,
14/11/2022 01:30,,,,,,
14/11/2022 02:00,,,,,,
14/11/2022 02:30,,,,,,
14/11/2022 03:00,,,,,,
14/11/2022 03:30,,,,,,
14/11/2022 04:00,,,,,,
14/11/2022 04:30,,,,,,
14/11/2022 05:00,,,,,,
14/11/2022 05:30,,,,,,
14/11/2022 06:00,,,,,,
14/11/2022 06:30,,,,,,
14/11/2022 07:00,,,,,,
14/11/2022 07:30,,,,,,
14/11/2022 08:00,,,,,,
14/11/2022 08:30,,,,,,
14/11/2022 09:00,,,,,,
14/11/2022 09:30,,,,,,
14/11/2022 10:00,,,,,,
14/11/2022 10:30,,,,,,
14/11/2022 11:00,,,,,,
14/11/2022 11:30,,,,,,
14/11/2022 12:00,,,,,,
14/11/2022 12:30,,,,,,
14/11/2022 13:00,,,,,,
14/11/2022 13:30,,,,,,
14/11/2022 14:00,,,,,,
14/11/2022 14:30,,,,,,
14/11/2022 15:00,,,,,,
14/11/2022 15:30,,,,,,
14/11/2022 16:00,,,,,,
14/11/2022 16:30,,,,,,
14/11/2022 17:00,,,,,,
14/11/2022 17:30,,,,,,
14/11/2022 18:00,,,,,,
14/11/2022 18:30,,,,,,
14/11/2022 19:00,,,,,,
14/11/2022 19:30,,,,,,
14/11/2022 20:00,,,,,,
14/11/2022 20:30,,,,,,
14/11/2022 21:00,,,,,,
14/11/2022 21:30,,,,,,
14/11/2022 22:00,,,,,,
14/11/2022 22:30,,,,,,
14/11/2022 23:00,,,,,,
14/11/2022 23:30,,,,,,
15/11/2022 00:00,,,,,,
15/11/2022 00:30,,,,,,
15/11/2022 01:00,,,,,,
15/11/2022 01:30,,,,,,
15/11/2022 02:00,,,,,,
15/11/2022 02:30,,,,,,
15/11/2022 03:00,,,,,,
15/11/2022 03:30,,,,,,
15/11/2022 04:00,,,,,,
15/11/2022 04:30,,,,,,
15/11/2022 05:00,,,,,,
15/11/2022 05:30,,,,,,
15/11/2022 06:00,,,,,,
15/11/2022 06:30,,,,,,
15/11/2022 07:00,,,,,,
15/11/2022 07:30,,,,,,
15/11/2022 08:00,,,,,,
15/11/2022 08:30,,,,,,
15/11/2022 09:00,,,,,,
15/11/2022 09:30,,,,,,
15/11/2022 10:00,,,,,,
15/11/2022 10:30,,,,,,
15/11/2022 11:00,,,,,,
15/11/2022 11:30,,,,,,
15/11/2022 12:00,,,,,,
15/11/2022 12:30,,,,,,
15/11/2022 13:00,,,,,,
15/11/2022 13:30,,,,,,
15/11/2022 14:00,,,,,,
15/11/2022 14:30,,,,,,
15/11/2022 15:00,,,,,,
15/11/2022 15:30,,,,,,
15/11/2022 16:00,,,,,,
15/11/2022 16:30,,,,,,
15/11/2022 17:00,,,,,,
15/11/2022 17:30,,,,,,
15/11/2022 18:00,,,,,,
15/11/2022 18:30,,,,,,
15/11/2022 19:00,,,,,,
15/11/2022 19:30,,,,,,
15/11/2022 20:00,,,,,,
15/11/2022 20:30,,,,,,
15/11/2022 21:00,,,,,,
15/11/2022 21:30,,,,,,
15/11/2022 22:00,,,,,,
15/11/2022 22:30,,,,,,
15/11/2022 23:00,,,,,,
15/11/2022 23:30,,,,,,
16/11/2022 00:00,,,,,,
16/11/2022 00:30,,,,,,
16/11/2022 01:00,,,,,,
16/11/2022 01:30,,,,,,
16/11/2022 02:00,,,,,,
16/11/2022 02:30,,,,,,
16/11/2022 03:00,,,,,,
16/11/2022 03:30,,,,,,
16/11/2022 04:00,,,,,,
16/11/2022 04:30,,,,,,
16/11/2022 05:00,,,,,,
16/11/2022 05:30,,,,,,
16/11/2022 06:00,,,,,,
16/11/2022 06:30,,,,,,
16/11/2022 07:00,,,,,,
16/11/2022 07:30,,,,,,
16/11/2022 08:00,,,,,,
16/11/2022 08:30,,,,,,
16/11/2022 09:00,,,,,,
16/11/2022 09:30,,,,,,
16/11/2022 10:00,,,,,,
16/11/2022 10:30,,,,,,
16/11/2022 11:00,,,,,,
16/11/2022 11:30,,,,,,
16/11/2022 12:00,,,,,,
16/11/2022 12:30,,,,,,
16/11/2022 13:00,,,,,,
16/11/2022 13:30,,,,,,
16/11/2022 14:00,,,,,,
16/11/2022 14:30,,,,,,
16/11/2022 15:00,,,,,,
16/11/2022 15:30,,,,,,
16/11/2022 16:00,,,,,,
16/11/2022 16:30,,,,,,
16/11/2022 17:00,,,,,,
16/11/2022 17:30,,,,,,
16/11/2022 18:00,,,,,,
16/11/2022 18:30,,,,,,
16/11/2022 19:00,,,,,,
16/11/2022 19:30,,,,,,
16/11/2022 20:00,,,,,,
16/11/2022 20:30,,,,,,
16/11/2022 21:00,,,,,,
16/11/2022 21:30,,,,,,
16/11/2022 22:00,,,,,,
16/11/2022 22:30,,,,,,
16/11/2022 23:00,,,,,,
16/11/2022 23:30,,,,,,
17/11/2022 00:00,,,,,,
17/11/2022 00:30,,,,,,
17/11/2022 01:00,,,,,,
17/11/2022 01:30,,,,,,
17/11/2022 02:00,,,,,,
17/11/2022 02:30,,,,,,
17/11/2022 03:00,,,,,,
17/11/2022 03:30,,,,,,
17/11/2022 04:00,,,,,,
17/11/2022 04:30,,,,,,
17/11/2022 05:00,,,,,,
17/11/2022 05:30,,,,,,
17/11/2022 06:00,,,,,,
17/11/2022 06:30,,,,,,
17/11/2022 07:00,,,,,,
17/11/2022 07:30,,,,,,
17/11/2022 08:00,,,,,,
17/11/2022 08:30,,,,,,
17/11/2022 09:00,,,,,,
17/11/2022 09:30,,,,,,
17/11/2022 10:00,,,,,,
17/11/2022 10:30,,,,,,
17/11/2022 11:00,,,,,,
17/11/2022 11:30,,,,,,
17/11/2022 12:00,,,,,,
17/11/2022 12:30,,,,,,
17/11/2022 13:00,,,,,,
17/11/2022 13:30,,,,,,
17/11/2022 14:00,,,,,,
17/11/2022 14:30,,,,,,
17/11/2022 15:00,,,,,,
17/11/2022 15:30,,,,,,
17/11/2022 16:00,,,,,,
17/11/2022 16:30,,,,,,
17/11/2022 17:00,,,,,,
17/11/2022 17:30,,,,,,
17/11/2022 18:00,,,,,,
17/11/2022 18:30,,,,,,
17/11/2022 19:00,,,,,,
17/11/2022 19:30,,,,,,
17/11/2022 20:00,,,,,,
17/11/2022 20:30,,,,,,
17/11/2022 21:00,,,,,,
17/11/2022 21:30,,,,,,
17/11/2022 22:00,,,,,,
17/11/2022 22:30,,,,,,
17/11/2022 23:00,,,,,,
17/11/2022 23:30,,,,,,
18/11/2022 00:00,,,,,,
18/11/2022 00:30,,,,,,
18/11/2022 01:00,,,,,,
18/11/2022 01:30,,,,,,
18/11/2022 02:00,,,,,,
18/11/2022 02:30,,,,,,
18/11/2022 03:00,,,,,,
18/11/2022 03:30,,,,,,
18/11/2022 04:00,,,,,,
18/11/2022 04:30,,,,,,
18/11/2022 05:00,,,,,,
18/11/2022 05:30,,,,,,
18/11/2022 06:00,,,,,,
18/11/2022 06:30,,,,,,
18/11/2022 07:00,,,,,,
18/11/2022 07:30,,,,,,
18/11/2022 08:00,,,,,,
18/11/2022 08:30,,,,,,
18/11/2022 09:00,,,,,,
18/11/2022 09:30,,,,,,
18/11/2022 10:00,,,,,,
18/11/2022 10:30,,,,,,
18/11/2022 11:00,,,,,,
18/11/2022 11:30,,,,,,
18/11/2022 12:00,,,,,,
18/11/2022 12:30,,,,,,
18/11/2022 13:00,,,,,,
18/11/2022 13:30,,,,,,
18/11/2022 14:00,,,,,,
18/11/2022 14:30,,,,,,
18/11/2022 15:00,,,,,,
18/11/2022 15:30,,,,,,
18/11/2022 16:00,,,,,,
18/11/2022 16:30,,,,,,
18/11/2022 17:00,,,,,,
18/11/2022 17:30,,,,,,
18/11/2022 18:00,,,,,,
18/11/2022 18:30,,,,,,
18/11/2022 19:00,,,,,,
18/11/2022 19:30,,,,,,
18/11/2022 20:00,,,,,,
18/11/2022 20:30,,,,,,
18/11/2022 21:00,,,,,,
18/11/2022 21:30,,,,,,
18/11/2022 22:00,,,,,,
18/11/2022 22:30,,,,,,
18/11/2022 23:00,,,,,,
18/11/2022 23:30,,,,,,
19/11/2022 00:00,,,,,,
19/11/2022 00:30,,,,,,
19/11/2022 01:00,,,,,,
19/11/2022 01:30,,,,,,
19/11/2022 02:00,,,,,,
19/11/2022 02:30,,,,,,
19/11/2022 03:00,,,,,,
19/11/2022 03:30,,,,,,
19/11/2022 04:00,,,,,,
19/11/2022 04:30,,,,,,
19/11/2022 05:00,,,,,,
19/11/2022 05:30,,,,,,
19/11/2022 06:00,,,,,,
19/11/2022 06:30,,,,,,
19/11/2022 07:00,,,,,,
19/11/2022 07:30,,,,,,
19/11/2022 08:00,,,,,,
19/11/2022 08:30,,,,,,
19/11/2022 09:00,,,,,,
19/11/2022 09:30,,,,,,
19/11/2022 10:00,,,,,,
19/11/2022 10:30,,,,,,
19/11/2022 11:00,,,,,,
19/11/2022 11:30,,,,,,
19/11/2022 12:00,,,,,,
19/11/2022 12:30,,,,,,
19/11/2022 13:00,,,,,,
19/11/2022 13:30,,,,,,
19/11/2022 14:00,,,,,,
19/11/2022 14:30,,,,,,
19/11/2022 15:00,,,,,,
19/11/2022 15:30,,,,,,
19/11/2022 16:00,,,,,,
19/11/2022 16:30,,,,,,
19/11/2022 17:00,,,,,,
19/11/2022 17:30,,,,,,
19/11/2022 18:00,,,,,,
19/11/2022 18:30,,,,,,
19/11/2022 19:00,,,,,,
19/11/2022 19:30,,,,,,
19/11/2022 20:00,,,,,,
19/11/2022 20:30,,,,,,
19/11/2022 21:00,,,,,,
19/11/2022 21:30,,,,,,
19/11/2022 22:00,,,,,,
19/11/2022 22:30,,,,,,
19/11/2022 23:00,,,,,,
19/11/2022 23:30,,,,,,
20/11/2022 00:00,,,,,,
20/11/2022 00:30,,,,,,
20/11/2022 01:00,,,,,,
20/11/2022 01:30,,,,,,
20/11/2022 02:00,,,,,,
20/11/2022 02:30,,,,,,
20/11/2022 03:00,,,,,,
20/11/2022 03:30,,,,,,
20/11/2022 04:00,,,,,,
20/11/2022 04:30,,,,,,
20/11/2022 05:00,,,,,,
20/11/2022 05:30,,,,,,
20/11/2022 06:00,,,,,,
20/11/2022 06:30,,,,,,
20/11/2022 07:00,,,,,,
20/11/2022 07:30,,,,,,
20/11/2022 08:00,,,,,,
20/11/2022 08:30,,,,,,
20/11/2022 09:00,,,,,,
20/11/2022 09:30,,,,,,
20/11/2022 10:00,,,,,,
20/11/2022 10:30,,,,,,
20/11/2022 11:00,,,,,,
20/11/2022 11:30,,,,,,
20/11/2022 12:00,,,,,,
20/11/2022 12:30,,,,,,
20/11/2022 13:00,,,,,,
20/11/2022 13:30,,,,,,
20/11/2022 14:00,,,,,,
20/11/2022 14:30,,,,,,
20/11/2022 15:00,,,,,,
20/11/2022 15:30,,,,,,
20/11/2022 16:00,,,,,,
20/11/2022 16:30,,,,,,
20/11/2022 17:00,,,,,,
20/11/2022 17:30,,,,,,
20/11/2022 18:00,,,,,,
20/11/2022 18:30,,,,,,
20/11/2022 19:00,,,,,,
20/11/2022 19:30,,,,,,
20/11/2022 20:00,,,,,,
20/11/2022 20:30,,,,,,
20/11/2022 21:00,,,,,,
20/11/2022 21:30,,,,,,
20/11/2022 22:00,,,,,,
20/11/2022 22:30,,,,,,
20/11/2022 23:00,,,,,,
20/11/2022 23:30,,,,,,
21/11/2022 00:00,,,,,,
21/11/2022 00:30,,,,,,
21/11/2022 01:00,,,,,,
21/11/2022 01:30,,,,,,
21/11/2022 02:00,,,,,,
21/11/2022 02:30,,,,,,
21/11/2022 03:00,,,,,,
21/11/2022 03:30,,,,,,
21/11/2022 04:00,,,,,,
21/11/2022 04:30,,,,,,
21/11/2022 05:00,,,,,,
21/11/2022 05:30,,,,,,
21/11/2022 06:00,,,,,,
21/11/2022 06:30,,,,,,
21/11/2022 07:00,,,,,,
21/11/2022 07:30,,,,,,
21/11/2022 08:00,,,,,,
21/11/2022 08:30,,,,,,
21/11/2022 09:00,,,,,,
21/11/2022 09:30,,,,,,
21/11/2022 10:00,,,,,,
21/11/2022 10:30,,,,,,
21/11/2022 11:00,,,,,,
21/11/2022 11:30,,,,,,
21/11/2022 12:00,,,,,,
21/11/2022 12:30,,,,,,
21/11/2022 13:00,,,,,,
21/11/2022 13:30,,,,,,
21/11/2022 14:00,,,,,,
21/11/2022 14:30,,,,,,
21/11/2022 15:00,,,,,,
21/11/2022 15:30,,,,,,
21/11/2022 16:00,,,,,,
21/11/2022 16:30,,,,,,
21/11/2022 17:00,,,,,,
21/11/2022 17:30,,,,,,
21/11/2022 18:00,,,,,,
21/11/2022 18:30,,,,,,
21/11/2022 19:00,,,,,,
21/11/2022 19:30,,,,,,
21/11/2022 20:00,,,,,,
21/11/2022 20:30,,,,,,
21/11/2022 21:00,,,,,,
21/11/2022 21:30,,,,,,
21/11/2022 22:00,,,,,,
21/11/2022 22:30,,,,,,
21/11/2022 23:00,,,,,,
21/11/2022 23:30,,,,,,
22/11/2022 00:00,,,,,,
22/11/2022 00:30,,,,,,
22/11/2022 01:00,,,,,,
22/11/2022 01:30,,,,,,
22/11/2022 02:00,,,,,,
22/11/2022 02:30,,,,,,
22/11/2022 03:00,,,,,,
22/11/2022 03:30,,,,,,
22/11/2022 04:00,,,,,,
22/11/2022 04:30,,,,,,
22/11/2022 05:00,,,,,,
22/11/2022 05:30,,,,,,
22/11/2022 06:00,,,,,,
22/11/2022 06:30,,,,,,
22/11/2022 07:00,,,,,,
22/11/2022 07:30,,,,,,
22/11/2022 08:00,,,,,,
22/11/2022 08:30,,,,,,
22/11/2022 09:00,,,,,,
22/11/2022 09:30,,,,,,
22/11/2022 10:00,,,,,,
22/11/2022 10:30,,,,,,
22/11/2022 11:00,,,,,,
22/11/2022 11:30,,,,,,
22/11/2022 12:00,,,,,,
22/11/2022 12:30,,,,,,
22/11/2022 13:00,,,,,,
22/11/2022 13:30,,,,,,
22/11/2022 14:00,,,,,,
22/11/2022 14:30,,,,,,
22/11/2022 15:00,,,,,,
22/11/2022 15:30,,,,,,
22/11/2022 16:00,,,,,,
22/11/2022 16:30,,,,,,
22/11/2022 17:00,,,,,,
22/11/2022 17:30,,,,,,
22/11/2022 18:00,,,,,,
22/11/2022 18:30,,,,,,
22/11/2022 19:00,,,,,,
22/11/2022 19:30,,,,,,
22/11/2022 20:00,,,,,,
22/11/2022 20:30,,,,,,
22/11/2022 21:00,,,,,,
22/11/2022 21:30,,,,,,
22/11/2022 22:00,,,,,,
22/11/2022 22:30,,,,,,
22/11/2022 23:00,,,,,,
22/11/2022 23:30,,,,,,
23/11/2022 00:00,,,,,,
23/11/2022 00:30,,,,,,
23/11/2022 01:00,,,,,,
23/11/2022 01:30,,,,,,
23/11/2022 02:00,,,,,,
23/11/2022 02:30,,,,,,
23/11/2022 03:00,,,,,,
23/11/2022 03:30,,,,,,
23/11/2022 04:00,,,,,,
23/11/2022 04:30,,,,,,
23/11/2022 05:00,,,,,,
23/11/2022 05:30,,,,,,
23/11/2022 06:00,,,,,,
23/11/2022 06:30,,,,,,
23/11/2022 07:00,,,,,,
23/11/2022 07:30,,,,,,
23/11/2022 08:00,,,,,,
23/11/2022 08:30,,,,,,
23/11/2022 09:00,,,,,,
23/11/2022 09:30,,,,,,
23/11/2022 10:00,,,,,,
23/11/2022 10:30,,,,,,
23/11/2022 11:00,,,,,,
23/11/2022 11:30,,,,,,
23/11/2022 12:00,,,,,,
23/11/2022 12:30,,,,,,
23/11/2022 13:00,,,,,,
23/11/2022 13:30,,,,,,
23/11/2022 14:00,,,,,,
23/11/2022 14:30,,,,,,
23/11/2022 15:00,,,,,,
23/11/2022 15:30,,,,,,
23/11/2022 16:00,,,,,,
23/11/2022 16:30,,,,,,
23/11/2022 17:00,,,,,,
23/11/2022 17:30,,,,,,
23/11/2022 18:00,,,,,,
23/11/2022 18:30,,,,,,
23/11/2022 19:00,,,,,,
23/11/2022 19:30,,,,,,
23/11/2022 20:00,,,,,,
23/11/2022 20:30,,,,,,
23/11/2022 21:00,,,,,,
23/11/2022 21:30,,,,,,
23/11/2022 22:00,,,,,,
23/11/2022 22:30,,,,,,
23/11/2022 23:00,,,,,,
23/11/2022 23:30,,,,,,
24/11/2022 00:00,,,,,,
24/11/2022 00:30,,,,,,
24/11/2022 01:00,,,,,,
24/11/2022 01:30,,,,,,
24/11/2022 02:00,,,,,,
24/11/2022 02:30,,,,,,
24/11/2022 03:00,,,,,,
24/11/2022 03:30,,,,,,
24/11/2022 04:00,,,,,,
24/11/2022 04:30,,,,,,
24/11/2022 05:00,,,,,,
24/11/2022 05:30,,,,,,
24/11/2022 06:00,,,,,,
24/11/2022 06:30,,,,,,
24/11/2022 07:00,,,,,,
24/11/2022 07:30,,,,,,
24/11/2022 08:00,,,,,,
24/11/2022 08:30,,,,,,
24/11/2022 09:00,,,,,,
24/11/2022 09:30,,,,,,
24/11/2022 10:00,,,,,,
24/11/2022 10:30,,,,,,
24/11/2022 11:00,,,,,,
24/11/2022 11:30,,,,,,
24/11/2022 12:00,,,,,,
24/11/2022 12:30,,,,,,
24/11/2022 13:00,,,,,,
24/11/2022 13:30,,,,,,
24/11/2022 14:00,,,,,,
24/11/2022 14:30,,,,,,
24/11/2022 15:00,,,,,,
24/11/2022 15:30,,,,,,
24/11/2022 16:00,,,,,,
24/11/2022 16:30,,,,,,
24/11/2022 17:00,,,,,,
24/11/2022 17:30,,,,,,
24/11/2022 18:00,,,,,,
24/11/2022 18:30,,,,,,
24/11/2022 19:00,,,,,,
24/11/2022 19:30,,,,,,
24/11/2022 20:00,,,,,,
24/11/2022 20:30,,,,,,
24/11/2022 21:00,,,,,,
24/11/2022 21:30,,,,,,
24/11/2022 22:00,,,,,,
24/11/2022 22:30,,,,,,
24/11/2022 23:00,,,,,,
24/11/2022 23:30,,,,,,
25/11/2022 00:00,,,,,,
25/11/2022 00:30,,,,,,
25/11/2022 01:00,,,,,,
25/11/2022 01:30,,,,,,
25/11/2022 02:00,,,,,,
25/11/2022 02:30,,,,,,
25/11/2022 03:00,,,,,,
25/11/2022 03:30,,,,,,
25/11/2022 04:00,,,,,,
25/11/2022 04:30,,,,,,
25/11/2022 05:00,,,,,,
25/11/2022 05:30,,,,,,
25/11/2022 06:00,,,,,,
25/11/2022 06:30,,,,,,
25/11/2022 07:00,,,,,,
25/11/2022 07:30,,,,,,
25/11/2022 08:00,,,,,,
25/11/2022 08:30,,,,,,
25/11/2022 09:00,,,,,,
25/11/2022 09:30,,,,,,
25/11/2022 10:00,,,,,,
25/11/2022 10:30,,,,,,
25/11/2022 11:00,,,,,,
25/11/2022 11:30,,,,,,
25/11/2022 12:00,,,,,,
25/11/2022 12:30,,,,,,
25/11/2022 13:00,,,,,,
25/11/2022 13:30,,,,,,
25/11/2022 14:00,,,,,,
25/11/2022 14:30,,,,,,
25/11/2022 15:00,,,,,,
25/11/2022 15:30,,,,,,
25/11/2022 16:00,,,,,,
25/11/2022 16:30,,,,,,
25/11/2022 17:00,,,,,,
25/11/2022 17:30,,,,,,
25/11/2022 18:00,,,,,,
25/11/2022 18:30,,,,,,
25/11/2022 19:00,,,,,,
25/11/2022 19:30,,,,,,
25/11/2022 20:00,,,,,,
25/11/2022 20:30,,,,,,
25/11/2022 21:00,,,,,,
25/11/2022 21:30,,,,,,
25/11/2022 22:00,,,,,,
25/11/2022 22:30,,,,,,
25/11/2022 23:00,,,,,,
25/11/2022 23:30,,,,,,
26/11/2022 00:00,,,,,,
26/11/2022 00:30,,,,,,
26/11/2022 01:00,,,,,,
26/11/2022 01:30,,,,,,
26/11/2022 02:00,,,,,,
26/11/2022 02:30,,,,,,
26/11/2022 03:00,,,,,,
26/11/2022 03:30,,,,,,
26/11/2022 04:00,,,,,,
26/11/2022 04:30,,,,,,
26/11/2022 05:00,,,,,,
26/11/2022 05:30,,,,,,
26/11/2022 06:00,,,,,,
26/11/2022 06:30,,,,,,
26/11/2022 07:00,,,,,,
26/11/2022 07:30,,,,,,
26/11/2022 08:00,,,,,,
26/11/2022 08:30,,,,,,
26/11/2022 09:00,,,,,,
26/11/2022 09:30,,,,,,
26/11/2022 10:00,,,,,,
26/11/2022 10:30,,,,,,
26/11/2022 11:00,,,,,,
26/11/2022 11:30,,,,,,
26/11/2022 12:00,,,,,,
26/11/2022 12:30,,,,,,
26/11/2022 13:00,,,,,,
26/11/2022 13:30,,,,,,
26/11/2022 14:00,,,,,,
26/11/2022 14:30,,,,,,
26/11/2022 15:00,,,,,,
26/11/2022 15:30,,,,,,
26/11/2022 16:00,,,,,,
26/11/2022 16:30,,,,,,
26/11/2022 17:00,,,,,,
26/11/2022 17:30,,,,,,
26/11/2022 18:00,,,,,,
26/11/2022 18:30,,,,,,
26/11/2022 19:00,,,,,,
26/11/2022 19:30,,,,,,
26/11/2022 20:00,,,,,,
26/11/2022 20:30,,,,,,
26/11/2022 21:00,,,,,,
26/11/2022 21:30,,,,,,
26/11/2022 22:00,,,,,,
26/11/2022 22:30,,,,,,
26/11/2022 23:00,,,,,,
26/11/2022 23:30,,,,,,
27/11/2022 00:00,,,,,,
27/11/2022 00:30,,,,,,
27/11/2022 01:00,,,,,,
27/11/2022 01:30,,,,,,
27/11/2022 02:00,,,,,,
27/11/2022 02:30,,,,,,
27/11/2022 03:00,,,,,,
27/11/2022 03:30,,,,,,
27/11/2022 04:00,,,,,,
27/11/2022 04:30,,,,,,
27/11/2022 05:00,,,,,,
27/11/2022 05:30,,,,,,
27/11/2022 06:00,,,,,,
27/11/2022 06:30,,,,,,
27/11/2022 07:00,,,,,,
27/11/2022 07:30,,,,,,
27/11/2022 08:00,,,,,,
27/11/2022 08:30,,,,,,
27/11/2022 09:00,,,,,,
27/11/2022 09:30,,,,,,
27/11/2022 10:00,,,,,,
27/11/2022 10:30,,,,,,
27/11/2022 11:00,,,,,,
27/11/2022 11:30,,,,,,
27/11/2022 12:00,,,,,,
27/11/2022 12:30,,,,,,
27/11/2022 13:00,,,,,,
27/11/2022 13:30,,,,,,
27/11/2022 14:00,,,,,,
27/11/2022 14:30,,,,,,
27/11/2022 15:00,,,,,,
27/11/2022 15:30,,,,,,
27/11/2022 16:00,,,,,,
27/11/2022 16:30,,,,,,
27/11/2022 17:00,,,,,,
27/11/2022 17:30,,,,,,
27/11/2022 18:00,,,,,,
27/11/2022 18:30,,,,,,
27/11/2022 19:00,,,,,,
27/11/2022 19:30,,,,,,
27/11/2022 20:00,,,,,,
27/11/2022 20:30,,,,,,
27/11/2022 21:00,,,,,,
27/11/2022 21:30,,,,,,
27/11/2022 22:00,,,,,,
27/11/2022 22:30,,,,,,
27/11/2022 23:00,,,,,,
27/11/2022 23:30,,,,,,
28/11/2022 00:00,,,,,,
28/11/2022 00:30,,,,,,
28/11/2022 01:00,,,,,,
28/11/2022 01:30,,,,,,
28/11/2022 02:00,,,,,,
28/11/2022 02:30,,,,,,
28/11/2022 03:00,,,,,,
28/11/2022 03:30,,,,,,
28/11/2022 04:00,,,,,,
28/11/2022 04:30,,,,,,
28/11/2022 05:00,,,,,,
28/11/2022 05:30,,,,,,
28/11/2022 06:00,,,,,,
28/11/2022 06:30,,,,,,
28/11/2022 07:00,,,,,,
28/11/2022 07:30,,,,,,
28/11/2022 08:00,,,,,,
28/11/2022 08:30,,,,,,
28/11/2022 09:00,,,,,,
28/11/2022 09:30,,,,,,
28/11/2022 10:00,,,,,,
28/11/2022 10:30,,,,,,
28/11/2022 11:00,,,,,,
28/11/2022 11:30,,,,,,
28/11/2022 12:00,,,,,,
28/11/2022 12:30,,,,,,
28/11/2022 13:00,,,,,,
28/11/2022 13:30,,,,,,
28/11/2022 14:00,,,,,,
28/11/2022 14:30,,,,,,
28/11/2022 15:00,,,,,,
28/11/2022 15:30,,,,,,
28/11/2022 16:00,,,,,,
28/11/2022 16:30,,,,,,
28/11/2022 17:00,,,,,,
28/11/2022 17:30,,,,,,
28/11/2022 18:00,,,,,,
28/11/2022 18:30,,,,,,
28/11/2022 19:00,,,,,,
28/11/2022 19:30,,,,,,
28/11/2022 20:00,,,,,,
28/11/2022 20:30,,,,,,
28/11/2022 21:00,,,,,,
28/11/2022 21:30,,,,,,
28/11/2022 22:00,,,,,,
28/11/2022 22:30,,,,,,
28/11/2022 23:00,,,,,,
28/11/2022 23:30,,,,,,
29/11/2022 00:00,,,3.542,,2.972,2.924
29/11/2022 00:30,,,5.888,,4.26,3.556
29/11/2022 01:00,,,4.586,,4.056,1.778
29/11/2022 01:30,,,2.466,,2.426,2.076
29/11/2022 02:00,,,0.21,,1.752,0.818
29/11/2022 02:30,,,0.298,,1.886,1.57
29/11/2022 03:00,,,0.884,,0.526,1.514
29/11/2022 03:30,,,,,,
29/11/2022 04:00,,,,,,
29/11/2022 04:30,,,1.196,,1.656,
29/11/2022 05:00,,,0.79,,1.122,
29/11/2022 05:30,,,3.478,,2.894,0.396
29/11/2022 06:00,,,4.056,,2.806,0.66
29/11/2022 06:30,,,3.822,,4.018,3.316
29/11/2022 07:00,,,3.68,,3.624,2.12
29/11/2022 07:30,,,1.872,,2.944,2.284
29/11/2022 08:00,,,2.344,,2.404,1.032
29/11/2022 08:30,,,1.27,,0.86,
29/11/2022 09:00,,,1.134,,0.284,
29/11/2022 09:30,,,1.542,,0.462,
29/11/2022 10:00,,,2.066,,0.872,0.558
29/11/2022 10:30,,,1.494,,1.368,0.672
29/11/2022 11:00,,,0.392,,0.588,0.67
29/11/2022 11:30,,,0.318,,0.53,1.018
29/11/2022 12:00,,,,,,
29/11/2022 12:30,,,,,,
29/11/2022 13:00,,,0.256,,0.172,0.782
29/11/2022 13:30,,,0.832,,0.61,1.308
29/11/2022 14:00,,,1.002,,1.182,1.222
29/11/2022 14:30,,,1.75,,1.726,2.624
29/11/2022 15:00,,,2.64,,2.432,5.062
29/11/2022 15:30,,,3.004,,2.816,5.286
29/11/2022 16:00,,,3.228,,3.286,5.29
29/11/2022 16:30,,,3.756,,3.904,4.752
29/11/2022 17:00,,,3.688,,2.724,4.92
29/11/2022 17:30,,,3.406,,2.65,5.14
29/11/2022 18:00,,,6.198,,5.648,4.782
29/11/2022 18:30,,,5.28,,5.934,7.54
29/11/2022 19:00,,,3.394,,2.72,9.406
29/11/2022 19:30,,,11.752,,12.05,8.4
29/11/2022 20:00,,,13.92,,20.7,20.38
29/11/2022 20:30,,,6.188,,12.932,31.758
29/11/2022 21:00,,,7.974,,10.832,31.738
29/11/2022 21:30,,,9.52,,13.038,20.24
29/11/2022 22:00,,,10.186,,14.52,22.314
29/11/2022 22:30,,,9.688,,14.584,20.32
29/11/2022 23:00,,,13.102,,15.294,21.542
29/11/2022 23:30,,,17.29,,22.146,33.258
30/11/2022 00:00,,,10.594,,15.864,34.798
30/11/2022 00:30,,,14.286,,16.368,22.418
30/11/2022 01:00,,,17.182,,20.364,27.532
30/11/2022 01:30,,,18.656,,22.874,33.192
30/11/2022 02:00,,,14.774,,16.434,29.29
30/11/2022 02:30,,,16.742,,16.404,22.344
30/11/2022 03:00,,,19.48,,20.398,28.38
30/11/2022 03:30,,,18.616,,21.892,33.97
30/11/2022 04:00,,,17.576,,22.734,38.356
30/11/2022 04:30,,,19.006,,22.932,33.846
30/11/2022 05:00,,,16.886,,20.83,30.67
30/11/2022 05:30,,,18.872,,20.218,27.854
30/11/2022 06:00,,,16.684,,22.622,39.176
30/11/2022 06:30,,,18.818,,22.924,37.014
30/11/2022 07:00,,,20.386,,22.16,30.636
30/11/2022 07:30,,,23,,25.608,37.258
30/11/2022 08:00,,,22.246,,26.342,38.782
30/11/2022 08:30,,,20.448,,22.762,35.282
30/11/2022 09:00,,,20.798,,24.122,40.134
30/11/2022 09:30,,,30.058,,28.968,40.448
30/11/2022 10:00,,,32.308,,37.81,55.538
30/11/2022 10:30,,,38.616,,43.04,65.01
30/11/2022 11:00,,,47.766,,46.75,65.098
30/11/2022 11:30,,,40.776,,43.602,65.062
30/11/2022 12:00,,,37.008,,39.548,56.314
30/11/2022 12:30,,,38.674,,44.488,61.354
30/11/2022 13:00,,,39.472,,37.636,44.586
30/11/2022 13:30,,,34.356,,32.32,46.17
30/11/2022 14:00,,,35.116,,38.782,51.182
30/11/2022 14:30,,,34.728,,36.292,50.71
30/11/2022 15:00,,,34.21,,33.312,44.268
30/11/2022 15:30,,,32.704,,33.85,50.908
30/11/2022 16:00,,,30.738,,34.334,46.204
30/11/2022 16:30,,,28.494,,30.164,44.966
30/11/2022 17:00,,,29.362,,31.27,45.006
30/11/2022 17:30,,,33.384,,34.984,47.258
30/11/2022 18:00,,,32.508,,32.98,43.564
30/11/2022 18:30,,,29.734,,29.508,41.626
30/11/2022 19:00,,,34.322,,31.97,42.546
30/11/2022 19:30,,,28.486,,27.166,36.698
30/11/2022 20:00,,,25.22,,24.182,33.47
30/11/2022 20:30,,,27.586,,23.94,32.054
30/11/2022 21:00,,,25.656,,22.468,32.636
30/11/2022 21:30,,,28.858,,23.196,33.9
30/11/2022 22:00,,,24.872,,24.35,37.468
30/11/2022 22:30,,,24.038,,22.946,35.918
30/11/2022 23:00,,,27.506,,29.172,43.262
30/11/2022 23:30,,,33.316,,31.714,43.342
01/12/2022 00:00,,,32.316,,26.38,35.016
01/12/2022 00:30,,,28.572,,27.542,34.234
01/12/2022 01:00,,,24.668,,27.344,40.768
01/12/2022 01:30,,,23.102,,25.952,42.912
01/12/2022 02:00,,,27.086,,35.748,50.43
01/12/2022 02:30,,,33.956,,36.932,55.396
01/12/2022 03:00,,,38.194,,37.56,50.696
01/12/2022 03:30,,,35.61,,39.374,49.398
01/12/2022 04:00,,,37.928,,41.784,55.074
01/12/2022 04:30,,,33.972,,36.474,51.394
01/12/2022 05:00,,,34.112,,36.108,49.316
01/12/2022 05:30,,,32.664,,34.902,43.682
01/12/2022 06:00,,,30.862,,35.086,49.128
01/12/2022 06:30,,,35.894,,37.078,50.56
01/12/2022 07:00,,,36.35,,38.256,50.67
01/12/2022 07:30,,,41.248,,40.082,54.642
01/12/2022 08:00,,,42.45,,38.246,55.726
01/12/2022 08:30,,,47.056,,45.91,61.6
01/12/2022 09:00,,,41.206,,41.078,70.12
01/12/2022 09:30,,,36.094,,39.942,68.42
01/12/2022 10:00,,,36.176,,39.784,67.978
01/12/2022 10:30,,,43.88,,44.842,69.524
01/12/2022 11:00,,,53.508,,53.052,74.924
01/12/2022 11:30,,,60.72,,56.882,73.248
01/12/2022 12:00,,,54.804,,53.338,67.894
01/12/2022 12:30,,,50.61,,50.114,67.348
01/12/2022 13:00,,,41.108,,45.546,61.89
01/12/2022 13:30,,,34.982,,39.402,50.268
01/12/2022 14:00,,,33.162,,32.058,36.274
01/12/2022 14:30,,,29.908,,26.702,29.264
01/12/2022 15:00,,,26.21,,23.544,29.852
01/12/2022 15:30,,,25.562,,23.898,33.04
01/12/2022 16:00,,,26.308,,24.08,34.398
01/12/2022 16:30,,,27.312,,24.276,32.188
01/12/2022 17:00,,,26.348,,21.662,28.416
01/12/2022 17:30,,,24.658,,20.984,29.422
01/12/2022 18:00,,,24.404,,21.572,30.316
01/12/2022 18:30,,,22.074,,18.456,24.51
01/12/2022 19:00,,,19.178,,16.274,22.924
01/12/2022 19:30,,,14.606,,14.316,23.57
01/12/2022 20:00,,,14.946,,15.55,27.242
01/12/2022 20:30,,,15.184,,16.068,27.918
01/12/2022 21:00,,,13.064,,14.806,22.42
01/12/2022 21:30,,,12.978,,14.888,23.408
01/12/2022 22:00,,,20.598,,19.19,30.308
01/12/2022 22:30,,,25.464,,21.462,34.476
01/12/2022 23:00,,,43.868,,25.58,34.358
01/12/2022 23:30,,,64.762,,37.338,37.198
02/12/2022 00:00,,,64.466,,51.088,43.806
02/12/2022 00:30,,,59.95,,51.24,45.586
02/12/2022 01:00,,,54.36,,51.084,44.02
02/12/2022 01:30,,,50.796,,47.636,48.49
02/12/2022 02:00,,,44.764,,44.836,44.494
02/12/2022 02:30,,,40.97,,38.878,50.662
02/12/2022 03:00,,,42.236,,41.486,47.306
02/12/2022 03:30,,,46.278,,44.16,48.732
02/12/2022 04:00,,,48.158,,50.47,58.898
02/12/2022 04:30,,,48.182,,56.046,81.066
02/12/2022 05:00,,,46.466,,51.136,79.962
02/12/2022 05:30,,,37.69,,48.2,78.13
02/12/2022 06:00,,,38.494,,43.516,72.986
02/12/2022 06:30,,,49.916,,46.082,64.06
02/12/2022 07:00,,,59.41,,56.13,66.47
02/12/2022 07:30,,,54.976,,59.038,78.368
02/12/2022 08:00,,,57.276,,58.676,90.054
02/12/2022 08:30,,,51.064,,57.194,89.638
02/12/2022 09:00,,,54.11,,52.804,83.042
02/12/2022 09:30,,,52.374,,52.962,76.246
02/12/2022 10:00,,,49.602,,53.234,80.144
02/12/2022 10:30,,,50.132,,50.178,81.184
02/12/2022 11:00,,,43.954,,43.54,69.952
02/12/2022 11:30,,,37.918,,41.252,63.826
02/12/2022 12:00,,,29.016,,32.566,54.692
02/12/2022 12:30,,,26.344,,27.142,43.338
02/12/2022 13:00,,,25.368,,23.694,36.328
02/12/2022 13:30,,,26.668,,24.442,35.81
02/12/2022 14:00,,,26.65,,26.868,36.83
02/12/2022 14:30,,,20.586,,23.602,35.816
02/12/2022 15:00,,,18.858,,19.368,31.838
02/12/2022 15:30,,,22.444,,19.434,28.708
02/12/2022 16:00,,,25.038,,19.866,29.936
02/12/2022 16:30,,,18.858,,21.804,32.078
02/12/2022 17:00,,,17.3,,18.584,32.434
02/12/2022 17:30,,,17.47,,16.384,28.424
02/12/2022 18:00,,,18.97,,15.766,25.518
02/12/2022 18:30,,,19.752,,16.404,23.4
02/12/2022 19:00,,,18.444,,15.286,22.476
02/12/2022 19:30,,,19.282,,15.028,24.722
02/12/2022 20:00,,,20.328,,15.25,23.564
02/12/2022 20:30,,,19.328,,14.146,21.87
02/12/2022 21:00,,,18.348,,14.736,19.514
02/12/2022 21:30,,,15.666,,12.732,20.236
02/12/2022 22:00,,,17.726,,13.478,19.026
02/12/2022 22:30,,,17.292,,14.414,19.982
02/12/2022 23:00,,,18.792,,16.72,22.686
02/12/2022 23:30,,,29.224,,15.014,18.356
03/12/2022 00:00,,,31.234,,19.644,24.648
03/12/2022 00:30,,,11.012,,7.746,40.046
03/12/2022 01:00,,,16.394,,6.196,12.578
03/12/2022 01:30,,,13.822,,11.93,8.908
03/12/2022 02:00,,,13.782,,7.32,22.726
03/12/2022 02:30,,,12.28,,5.054,6.236
03/12/2022 03:00,,,9.092,,7.2,11.304
03/12/2022 03:30,,,15.282,,8.552,17.154
03/12/2022 04:00,,,18.048,,12.548,10.546
03/12/2022 04:30,,,21.984,,15.966,17.66
03/12/2022 05:00,,,21.004,,17.554,22.294
03/12/2022 05:30,,,20.702,,18.31,26.828
03/12/2022 06:00,,,20.196,,14.14,28.262
03/12/2022 06:30,,,26.704,,20.626,21.042
03/12/2022 07:00,,,31.412,,25.892,30.58
03/12/2022 07:30,,,27.952,,22.046,34.064
03/12/2022 08:00,,,25.952,,16.06,32.988
03/12/2022 08:30,,,24.17,,18.71,30.536
03/12/2022 09:00,,,17.452,,15.512,25.208
03/12/2022 09:30,,,14.768,,15.452,22.268
03/12/2022 10:00,,,17.264,,15.462,19.616
03/12/2022 10:30,,,23.6,,14.602,18.718
03/12/2022 11:00,,,4.956,,11.928,25.48
03/12/2022 11:30,,,4.398,,0.54,24.502
03/12/2022 12:00,,,13.026,,1.412,1.528
03/12/2022 12:30,,,16.538,,11.538,12.292
03/12/2022 13:00,,,4.552,,9.43,12.066
03/12/2022 13:30,,,12.416,,8.57,13.318
03/12/2022 14:00,,,21.888,,11.256,9.722
03/12/2022 14:30,,,21.41,,16.318,8.95
03/12/2022 15:00,,,17.692,,15.42,17.198
03/12/2022 15:30,,,17.15,,13.152,17.094
03/12/2022 16:00,,,15.788,,14.34,20.694
03/12/2022 16:30,,,15.794,,12.282,18.194
03/12/2022 17:00,,,13.218,,10.896,26.582
03/12/2022 17:30,,,14.944,,9.48,12.874
03/12/2022 18:00,,,21.198,,11.13,15.9
03/12/2022 18:30,,,26.482,,13.862,22.144
03/12/2022 19:00,,,31.228,,16.528,22.666
03/12/2022 19:30,,,30.936,,21.91,34.034
03/12/2022 20:00,,,46.082,,23.776,42.64
03/12/2022 20:30,,,59.446,,37.666,61.784
03/12/2022 21:00,,,58.694,,33.526,52.916
03/12/2022 21:30,,,67.372,,52.186,88.104
03/12/2022 22:00,,,67.958,,49.934,83.742
03/12/2022 22:30,,,59.468,,44.018,79.316
03/12/2022 23:00,,,60.366,,45.438,84.66
03/12/2022 23:30,,,54.948,,36.016,71.734
04/12/2022 00:00,,,51.61,,39.568,70.998
04/12/2022 00:30,,,47.682,,31.86,73.308
04/12/2022 01:00,,,43.794,,41.658,66.428
04/12/2022 01:30,,,55.474,,38.81,73.656
04/12/2022 02:00,,,60.182,,47.764,67.074
04/12/2022 02:30,,,65.832,,47.558,83.308
04/12/2022 03:00,,,50.752,,41.3,83.994
04/12/2022 03:30,,,64.724,,61.684,78.246
04/12/2022 04:00,,,44.33,,39.922,55.092
04/12/2022 04:30,,,50.74,,35.576,58.974
04/12/2022 05:00,,,61.03,,53.828,74.228
04/12/2022 05:30,,,43.952,,41.472,65.872
04/12/2022 06:00,,,44.012,,38.31,51.072
04/12/2022 06:30,,,55.69,,43.406,74.888
04/12/2022 07:00,,,48.05,,48.59,86.436
04/12/2022 07:30,,,50.428,,32.136,52.978
04/12/2022 08:00,,,50.854,,48.41,68.27
04/12/2022 08:30,,,61.952,,51.562,71.578
04/12/2022 09:00,,,59.876,,49.582,81.32
04/12/2022 09:30,,,65.544,,57.932,84.866
04/12/2022 10:00,,,56.692,,53.014,100.054
04/12/2022 10:30,,,56.872,,54.768,91.314
04/12/2022 11:00,,,53.208,,59.826,91.386
04/12/2022 11:30,,,54.886,,58.746,90.196
04/12/2022 12:00,,,62.17,,60.716,76.13
04/12/2022 12:30,,,56.916,,60.372,85.356
04/12/2022 13:00,,,46.864,,56.638,79.426
04/12/2022 13:30,,,45.408,,56.088,93.066
04/12/2022 14:00,,,50.716,,53.374,84.158
04/12/2022 14:30,,,47.004,,44.46,73.302
04/12/2022 15:00,,,43.63,,38.902,79.196
04/12/2022 15:30,,,57.438,,57.596,75.514
04/12/2022 16:00,,,49.832,,51.504,80.136
04/12/2022 16:30,,,48.9,,49.888,75.714
04/12/2022 17:00,,,48.23,,46.304,72.174
04/12/2022 17:30,,,50.726,,52.362,93.308
04/12/2022 18:00,,,41.642,,46.196,89.646
04/12/2022 18:30,,,48.428,,50.526,86.018
04/12/2022 19:00,,,38.698,,40.69,76.226
04/12/2022 19:30,,,53.914,,54.018,94.008
04/12/2022 20:00,,,51.764,,57.58,86.958
04/12/2022 20:30,,,53.306,,56.226,80.51
04/12/2022 21:00,,,52.016,,54.724,74.936
04/12/2022 21:30,,,41.546,,47.898,72.63
04/12/2022 22:00,,,45.96,,44.482,71.608
04/12/2022 22:30,,,46.336,,52.554,78.106
04/12/2022 23:00,,,45.828,,45.058,59.024
04/12/2022 23:30,,,39.244,,39.916,62.976
05/12/2022 00:00,,,43.816,,42.872,78.078
05/12/2022 00:30,,,52.82,,53.75,82.444
05/12/2022 01:00,,,59.806,,60.19,99.578
05/12/2022 01:30,,,61.022,,62.882,99.788
05/12/2022 02:00,,,65.892,,64.584,101.716
05/12/2022 02:30,,,59.096,,63.704,94.556
05/12/2022 03:00,,,57.954,,60.27,91.64
05/12/2022 03:30,,,57.866,,58.046,83.92
05/12/2022 04:00,,,50.37,,51.066,62.362
05/12/2022 04:30,,,38.45,,46.862,60.064
05/12/2022 05:00,,,39.036,,42.268,55.648
05/12/2022 05:30,,,34.86,,34.414,57.762
05/12/2022 06:00,,,42.274,,42.3,60.732
05/12/2022 06:30,,,41.446,,41.874,73.15
05/12/2022 07:00,,,47.272,,49.2,54.876
05/12/2022 07:30,,,40.088,,33.122,42.714
05/12/2022 08:00,,,38.508,,39.752,60.784
05/12/2022 08:30,,,32.328,,32.204,59.22
05/12/2022 09:00,,,30.84,,32.04,51.97
05/12/2022 09:30,,,29.924,,34.188,54.23
05/12/2022 10:00,,,32.154,,34.8,46.296
05/12/2022 10:30,,,27.522,,26.818,47.342
05/12/2022 11:00,,,29.796,,36.756,41.31
05/12/2022 11:30,,,27.272,,28.904,56.384
05/12/2022 12:00,,,26.78,,31.822,45.022
05/12/2022 12:30,,,26.928,,34.78,39.226
05/12/2022 13:00,,,23.594,,31.864,45.05
05/12/2022 13:30,,,26.678,,33.778,35.47
05/12/2022 14:00,,,25.212,,33.384,39.898
05/12/2022 14:30,,,21.9,,30.484,31.686
05/12/2022 15:00,,,13.796,,14.372,32.628
05/12/2022 15:30,,,16.678,,19.49,29.006
05/12/2022 16:00,,,14.046,,21.278,35.058
05/12/2022 16:30,,,20.358,,24.434,43.64
05/12/2022 17:00,,,24.394,,38.662,52.098
05/12/2022 17:30,,,25.988,,33.64,70.666
05/12/2022 18:00,,,31.274,,38.008,59.454
05/12/2022 18:30,,,38.106,,38.082,62.162
05/12/2022 19:00,,,51.542,,47.954,69.724
05/12/2022 19:30,,,51.042,,44.972,82.802
05/12/2022 20:00,,,63.45,,51.958,87.664
05/12/2022 20:30,,,65.546,,55.862,91.972
05/12/2022 21:00,,,64.128,,56.64,94.124
05/12/2022 21:30,,,62.524,,54.43,89.592
05/12/2022 22:00,,,60.448,,53.808,92.764
05/12/2022 22:30,,,58.84,,50.874,77.096
05/12/2022 23:00,,,59.95,,45.686,82.702
05/12/2022 23:30,,,57.354,,46.608,105.406
06/12/2022 00:00,,,65.602,,64.67,97.054
06/12/2022 00:30,,,62.28,,61.322,102.41
06/12/2022 01:00,,,58.6,,58.85,95.486
06/12/2022 01:30,,,57.63,,57.942,96.16
06/12/2022 02:00,,,60.192,,53.664,97.876
06/12/2022 02:30,,,57.026,,62.262,106.724
06/12/2022 03:00,,,67.374,,67.672,103.87
06/12/2022 03:30,,,65.866,,66.984,107.234
06/12/2022 04:00,,,65.738,,67.718,107.136
06/12/2022 04:30,,,67.932,,68.498,106.732
06/12/2022 05:00,,,59.94,,65.388,102.99
06/12/2022 05:30,,,65.592,,66.864,104.76
06/12/2022 06:00,,,67.314,,67.542,105.788
06/12/2022 06:30,,,64.51,,60.106,105.338
06/12/2022 07:00,,,66.996,,67.366,106.718
06/12/2022 07:30,,,66.53,,65.516,107.442
06/12/2022 08:00,,,59.352,,63.546,107.802
06/12/2022 08:30,,,66.76,,66.936,107.26
06/12/2022 09:00,,,67.75,,67.672,107.558
06/12/2022 09:30,,,67.448,,68.786,107.862
06/12/2022 10:00,,,67.744,,68.756,107.892
06/12/2022 10:30,,,67.818,,68.842,107.884
06/12/2022 11:00,,,68.028,,68.762,107.324
06/12/2022 11:30,,,67.888,,68.074,103.576
06/12/2022 12:00,,,67.952,,67.65,106.816
06/12/2022 12:30,,,63.73,,66.352,102.656
06/12/2022 13:00,,,67.606,,65.362,106.668
06/12/2022 13:30,,,62.314,,67.652,107.802
06/12/2022 14:00,,,58.676,,66.034,106.542
06/12/2022 14:30,,,64.14,,67.238,104.984
06/12/2022 15:00,,,66.672,,66.716,107.908
06/12/2022 15:30,,,67.66,,68.808,107.884
06/12/2022 16:00,,,68.036,,68.748,107.646
06/12/2022 16:30,,,68.06,,68.672,106.36
06/12/2022 17:00,,,68.076,,68.82,107.766
06/12/2022 17:30,,,68.042,,68.8,107.85
06/12/2022 18:00,,,67.082,,67.494,105.946
06/12/2022 18:30,,,68.012,,68.716,107.446
06/12/2022 19:00,,,67.236,,68.826,107.546
06/12/2022 19:30,,,68.074,,68.782,107.732
06/12/2022 20:00,,,67.974,,68.81,107.714
06/12/2022 20:30,,,67.666,,68.764,107.484
06/12/2022 21:00,,,68.042,,68.744,106.116
06/12/2022 21:30,,,67.882,,68.7,106.77
06/12/2022 22:00,,,67.618,,68.516,103.61
06/12/2022 22:30,,,62.466,,66.02,105.87
06/12/2022 23:00,,,67.422,,68.372,106.944
06/12/2022 23:30,,,65.51,,68.06,107
07/12/2022 00:00,,,63.406,,68.442,107.55
07/12/2022 00:30,,,67.906,,68.726,107.066
07/12/2022 01:00,,,67.888,,67.258,101.394
07/12/2022 01:30,,,66.812,,67.006,106.884
07/12/2022 02:00,,,65.588,,64.514,88.872
07/12/2022 02:30,,,66.512,,66.212,105.842
07/12/2022 03:00,,,67.45,,68.094,107.616
07/12/2022 03:30,,,68.032,,68.674,107.806
07/12/2022 04:00,,,68.056,,68.794,107.906
07/12/2022 04:30,,,68.038,,68.806,107.774
07/12/2022 05:00,,,68.018,,68.614,105.668
07/12/2022 05:30,,,67.888,,68.462,105.896
07/12/2022 06:00,,,68.042,,68.762,107.524
07/12/2022 06:30,,,67.996,,68.52,106.256
07/12/2022 07:00,,,67.958,,67.504,103.978
07/12/2022 07:30,,,67.334,,68.192,106.488
07/12/2022 08:00,,,67.668,,67.508,106.166
07/12/2022 08:30,,,65.216,,62.568,101.124
07/12/2022 09:00,,,65.422,,65.822,106.222
07/12/2022 09:30,,,63.988,,63.91,101.97
07/12/2022 10:00,,,66.23,,64.882,101.42
07/12/2022 10:30,,,66.758,,68.112,100.81
07/12/2022 11:00,,,67.99,,68.582,96.34
07/12/2022 11:30,,,68.022,,67.402,88.7
07/12/2022 12:00,,,66.134,,50.146,71.458
07/12/2022 12:30,,,65.77,,58.06,76.748
07/12/2022 13:00,,,64.798,,61.188,83.344
07/12/2022 13:30,,,65.244,,66.336,93.248
07/12/2022 14:00,,,67.742,,66.812,98.754
07/12/2022 14:30,,,67.386,,53.75,97.75
07/12/2022 15:00,,,64.674,,55.85,98.604
07/12/2022 15:30,,,63.808,,58.41,106.552
07/12/2022 16:00,,,68.03,,58.98,107.024
07/12/2022 16:30,,,68.04,,58.97,107.77
07/12/2022 17:00,,,67.958,,58.07,102.232
07/12/2022 17:30,,,67.478,,56.19,106.634
07/12/2022 18:00,,,66.564,,58.476,107.516
07/12/2022 18:30,,,66.428,,55.694,107.724
07/12/2022 19:00,,,68.068,,59.036,107.888
07/12/2022 19:30,,,67.992,,58.968,107.842
07/12/2022 20:00,,,64.6,,58.98,101.064
07/12/2022 20:30,,,67.952,,58.996,97.984
07/12/2022 21:00,,,68.004,,58.374,97.558
07/12/2022 21:30,,,68.01,,58.892,98.04
07/12/2022 22:00,,,68.076,,58.926,98.096
07/12/2022 22:30,,,68.054,,58.976,97.932
07/12/2022 23:00,,,68.022,,58.924,98.026
07/12/2022 23:30,,,68.042,,58.998,98.12
08/12/2022 00:00,,,68.084,,59.012,98.058
08/12/2022 00:30,,,63.13,,59.014,98.124
08/12/2022 01:00,,,55.804,,59.034,98.106
08/12/2022 01:30,,,54.188,,59.022,98.07
08/12/2022 02:00,,,58.38,,58.994,97.926
08/12/2022 02:30,,,58.468,,59.026,98.076
08/12/2022 03:00,,,58.344,,59.02,98.136
08/12/2022 03:30,,,58.294,,59.042,98.106
08/12/2022 04:00,,,52.086,,59.012,98.124
08/12/2022 04:30,,,49.236,,59.006,98.12
08/12/2022 05:00,,,48.724,,59.022,98.104
08/12/2022 05:30,,,48.692,,59.016,98.11
08/12/2022 06:00,,,48.702,,59.012,98.128
08/12/2022 06:30,,,48.718,,59.002,97.08
08/12/2022 07:00,,,48.692,,58.962,87.664
08/12/2022 07:30,,,48.394,,57.612,87.42
08/12/2022 08:00,,,26.32,,48.966,79.116
08/12/2022 08:30,,,11.498,,42.312,83.522
08/12/2022 09:00,,,36.4,,59.032,88.476
08/12/2022 09:30,,,39.038,,58.972,88.474
08/12/2022 10:00,,,36.742,,57.574,87.524
08/12/2022 10:30,,,38.216,,58.662,88.472
08/12/2022 11:00,,,37.818,,58.646,88.452
08/12/2022 11:30,,,37.85,,57.862,88.47
08/12/2022 12:00,,,38.806,,58.64,82.958
08/12/2022 12:30,,,38.938,,57.902,78.07
08/12/2022 13:00,,,38.86,,57.844,65.944
08/12/2022 13:30,,,33.26,,40.062,30.936
08/12/2022 14:00,,,19.278,,28.828,59.636
08/12/2022 14:30,,,11.25,,38.296,68.806
08/12/2022 15:00,,,34.168,,58.528,68.234
08/12/2022 15:30,,,36.482,,58.838,68.71
08/12/2022 16:00,,,39.006,,58.844,68.81
08/12/2022 16:30,,,39.074,,59.036,68.836
08/12/2022 17:00,,,39.048,,58.792,65.434
08/12/2022 17:30,,,36.46,,58.174,65.374
08/12/2022 18:00,,,36.74,,58.366,61.62
08/12/2022 18:30,,,38.876,,58.632,67.3
08/12/2022 19:00,,,39.082,,58.552,68.13
08/12/2022 19:30,,,38.968,,58.716,68.616
08/12/2022 20:00,,,38.83,,58.722,67.992
08/12/2022 20:30,,,36.464,,58.126,68.532
08/12/2022 21:00,,,38.036,,57.898,67.392
08/12/2022 21:30,,,38.088,,58.998,65.072
08/12/2022 22:00,,,29.93,,51.276,67.864
08/12/2022 22:30,,,28.6,,53.916,68.234
08/12/2022 23:00,,,29.22,,57.308,68.77
08/12/2022 23:30,,,29.07,,56.508,68.698
09/12/2022 00:00,,,29.334,,58.208,68.694
09/12/2022 00:30,,,29.268,,58.254,67.948
09/12/2022 01:00,,,19.818,,55.468,63.762
09/12/2022 01:30,,,18.174,,46.982,63.038
09/12/2022 02:00,,,18.454,,51.108,58.798
09/12/2022 02:30,,,18.926,,52.974,62.674
09/12/2022 03:00,,,16.714,,52.13,55.778
09/12/2022 03:30,,,16.524,,49.53,59.824
09/12/2022 04:00,,,17.982,,53.106,66.84
09/12/2022 04:30,,,18.774,,58.388,68.45
09/12/2022 05:00,,,17.924,,55.972,68.794
09/12/2022 05:30,,,19.368,,58.914,67.8
09/12/2022 06:00,,,19.496,,57.846,68.52
09/12/2022 06:30,,,19.488,,58.74,68.622
09/12/2022 07:00,,,18.86,,57.684,66.12
09/12/2022 07:30,,,19.088,,57.786,67.532
09/12/2022 08:00,,,19.336,,57.978,68.432
09/12/2022 08:30,,,18.994,,57.754,67.406
09/12/2022 09:00,,,19.292,,57.386,67.738
09/12/2022 09:30,,,18.096,,53.438,66
09/12/2022 10:00,,,19.428,,58.316,64.5
09/12/2022 10:30,,,19.574,,57.14,64.756
09/12/2022 11:00,,,18.786,,53.36,60.938
09/12/2022 11:30,,,19.122,,57.63,50.68
09/12/2022 12:00,,,17.486,,53.326,52.43
09/12/2022 12:30,,,14.714,,39.472,49.7
09/12/2022 13:00,,,15.686,,40.87,56.24
09/12/2022 13:30,,,16.176,,44.434,53.846
09/12/2022 14:00,,,15.156,,46,53.228
09/12/2022 14:30,,,13.986,,40.582,39.59
09/12/2022 15:00,,,11.48,,32.314,32.552
09/12/2022 15:30,,,8.984,,27.594,33.864
09/12/2022 16:00,,,8.436,,31.802,27.898
09/12/2022 16:30,,,5.8,,19.38,24.532
09/12/2022 17:00,,,5.222,,17.14,24.246
09/12/2022 17:30,,,6.638,,23.118,34.244
09/12/2022 18:00,,,8.63,,28.376,38.962
09/12/2022 18:30,,,8.844,,33.764,42.148
09/12/2022 19:00,,,8.432,,27.298,40.946
09/12/2022 19:30,,,9.722,,32.38,44.712
09/12/2022 20:00,,,11.618,,35.012,47.552
09/12/2022 20:30,,,10.514,,33.658,44.978
09/12/2022 21:00,,,10.436,,31.24,39.524
09/12/2022 21:30,,,9.1,,24.462,30.688
09/12/2022 22:00,,,7.332,,22.806,41.486
09/12/2022 22:30,,,8.106,,25.57,39.83
09/12/2022 23:00,,,6.454,,21.558,43.96
09/12/2022 23:30,,,7.78,,26.46,45.026
10/12/2022 00:00,,,7.154,,20.342,44.82
10/12/2022 00:30,,,9.658,,22.038,38.448
10/12/2022 01:00,,,7.342,,24.182,48.378
10/12/2022 01:30,,,9.976,,31.058,51.496
10/12/2022 02:00,,,12.47,,45.424,78.394
10/12/2022 02:30,,,9.406,,38.786,59.536
10/12/2022 03:00,,,8.618,,27.786,40.212
10/12/2022 03:30,,,4.96,,11.226,24.862
10/12/2022 04:00,,,0.91,,7.166,19.542
10/12/2022 04:30,,,1.006,,6.146,9.48
10/12/2022 05:00,,,1.93,,5.12,2.8
10/12/2022 05:30,,,3.174,,8.162,2.916
10/12/2022 06:00,,,3.356,,10.14,9.042
10/12/2022 06:30,,,4.676,,12.622,10.592
10/12/2022 07:00,,,3.346,,9.752,15.222
10/12/2022 07:30,,,2.02,,6.718,17.37
10/12/2022 08:00,,,1.128,,5.498,11.084
10/12/2022 08:30,,,0.86,,3.716,9.702
10/12/2022 09:00,,,1.306,,5.074,9.426
10/12/2022 09:30,,,1.518,,5.818,11.552
10/12/2022 10:00,,,1.376,,5.686,10.922
10/12/2022 10:30,,,1.224,,5.024,8.358
10/12/2022 11:00,,,0.634,,2.902,5.184
10/12/2022 11:30,,,0.316,,2.038,3.65
10/12/2022 12:00,,,0.76,,1.91,4.84
10/12/2022 12:30,,,0.786,,1.568,6.394
10/12/2022 13:00,,,0.436,,2.406,5.64
10/12/2022 13:30,,,0.814,,4.784,3.536
10/12/2022 14:00,,,,,1.56,5.41
10/12/2022 14:30,,,0.222,,,3.118
10/12/2022 15:00,,,,,0.592,3.618
10/12/2022 15:30,,,,,,5.068
10/12/2022 16:00,,,0.576,,0.622,3.034
10/12/2022 16:30,,,0.078,,2.172,4.422
10/12/2022 17:00,,,,,1.07,2.326
10/12/2022 17:30,,,,,0.084,2.516
10/12/2022 18:00,,,0.11,,0.27,1.664
10/12/2022 18:30,,,,,0.434,3.056
10/12/2022 19:00,,,0.114,,2.246,3.1
10/12/2022 19:30,,,,,1.996,2.074
10/12/2022 20:00,,,,,,
10/12/2022 20:30,,,,,0.148,0.61
10/12/2022 21:00,,,0.306,,1.152,6.432
10/12/2022 21:30,,,5.7,,15.158,12.22
10/12/2022 22:00,,,3.58,,10.898,25.044
10/12/2022 22:30,,,2.096,,14.17,26.698
10/12/2022 23:00,,,2.752,,12,13.402
10/12/2022 23:30,,,1.812,,9.304,18.964
11/12/2022 00:00,,,2.204,,14.214,54.732
11/12/2022 00:30,,,5.688,,14.996,69.322
11/12/2022 01:00,,,3.142,,10.498,32.59
11/12/2022 01:30,,,3.186,,5.13,57.798
11/12/2022 02:00,,,12.876,,42.214,96.844
11/12/2022 02:30,,,14.206,,57.066,75.032
11/12/2022 03:00,,,12.29,,45.528,44.69
11/12/2022 03:30,,,11.856,,28.512,29.084
11/12/2022 04:00,,,6.028,,10.924,17.716
11/12/2022 04:30,,,6.51,,14.006,42.42
11/12/2022 05:00,,,4.72,,48.18,81.216
11/12/2022 05:30,,,14.854,,52.336,71.814
11/12/2022 06:00,,,14.43,,49.99,72.412
11/12/2022 06:30,,,13.858,,43.626,77.15
11/12/2022 07:00,,,11.284,,43.07,71.296
11/12/2022 07:30,,,14.198,,47.922,70.848
11/12/2022 08:00,,,15.624,,46.362,60.728
11/12/2022 08:30,,,11.828,,33.974,46.37
11/12/2022 09:00,,,7.15,,27.272,36.264
11/12/2022 09:30,,,4.144,,18.29,25.768
11/12/2022 10:00,,,1.194,,8.904,31.67
11/12/2022 10:30,,,1.23,,22.562,38.488
11/12/2022 11:00,,,2.52,,19.008,55.756
11/12/2022 11:30,,,8.516,,25.672,36.826
11/12/2022 12:00,,,8.676,,21.82,20.644
11/12/2022 12:30,,,6.574,,20.41,14.66
11/12/2022 13:00,,,6.762,,6.162,9.338
11/12/2022 13:30,,,6.488,,9.99,6.77
11/12/2022 14:00,,,5.26,,8.53,3.096
11/12/2022 14:30,,,4.696,,5.896,3.064
11/12/2022 15:00,,,2.366,,4.082,
11/12/2022 15:30,,,0.974,,1.492,
11/12/2022 16:00,,,2.388,,1.858,
11/12/2022 16:30,,,3.392,,1.912,0.118
11/12/2022 17:00,,,2.786,,0.226,
11/12/2022 17:30,,,,,,
11/12/2022 18:00,,,0.36,,1.472,
11/12/2022 18:30,,,1.574,,3.396,0.04
11/12/2022 19:00,,,1.998,,0.112,0.162
11/12/2022 19:30,,,,,,
11/12/2022 20:00,,,,,,
11/12/2022 20:30,,,,,,
11/12/2022 21:00,,,,,,
11/12/2022 21:30,,,,,,
11/12/2022 22:00,,,,,,
11/12/2022 22:30,,,,,,
11/12/2022 23:00,,,,,,0.596
11/12/2022 23:30,,,,,0.194,2.548
12/12/2022 00:00,,,,,0.224,1.988
12/12/2022 00:30,,,0.136,,0.294,0.862
12/12/2022 01:00,,,,,0.346,0.6
12/12/2022 01:30,,,,,0.582,1.37
12/12/2022 02:00,,,,,0.49,3.286
12/12/2022 02:30,,,,,0.6,3.456
12/12/2022 03:00,,,0.14,,0.204,1.162
12/12/2022 03:30,,,0.346,,0.376,
12/12/2022 04:00,,,0.356,,0.07,
12/12/2022 04:30,,,,,,0.296
12/12/2022 05:00,,,,,,0.3
12/12/2022 05:30,,,,,,
12/12/2022 06:00,,,,,,
12/12/2022 06:30,,,,,,
12/12/2022 07:00,,,,,,
12/12/2022 07:30,,,,,,
12/12/2022 08:00,,,,,,
12/12/2022 08:30,,,,,,
12/12/2022 09:00,,,,,,
12/12/2022 09:30,,,,,,
12/12/2022 10:00,,,,,,
12/12/2022 10:30,,,,,,
12/12/2022 11:00,,,,,,
12/12/2022 11:30,,,,,,
12/12/2022 12:00,,,,,,
12/12/2022 12:30,,,,,,
12/12/2022 13:00,,,,,,
12/12/2022 13:30,,,,,,
12/12/2022 14:00,,,0.042,,,
12/12/2022 14:30,,,,,,
12/12/2022 15:00,,,,,,
12/12/2022 15:30,,,,,,
12/12/2022 16:00,,,,,,
12/12/2022 16:30,,,1.068,,,
12/12/2022 17:00,,,0.626,,,
12/12/2022 17:30,,,,,,
12/12/2022 18:00,,,,,,
12/12/2022 18:30,,,,,,
12/12/2022 19:00,,,,,,
12/12/2022 19:30,,,,,,
12/12/2022 20:00,,,,,,
12/12/2022 20:30,,,,,,
12/12/2022 21:00,,,,,,
12/12/2022 21:30,,,,,,
12/12/2022 22:00,,,,,,0.068
12/12/2022 22:30,,,,,0.23,0.584
12/12/2022 23:00,,,0.378,,0.77,1.282
12/12/2022 23:30,,,1.57,,1.88,1.894
13/12/2022 00:00,,,2.19,,1.428,3.382
13/12/2022 00:30,,,1.994,,0.668,4.638
13/12/2022 01:00,,,2.184,,1.016,6.56
13/12/2022 01:30,,,3.706,,1.026,6.498
13/12/2022 02:00,,,4.354,,1.87,8.528
13/12/2022 02:30,,,4.496,,2.392,9.66
13/12/2022 03:00,,,3.692,,2.618,8.102
13/12/2022 03:30,,,2.8,,1.442,6.236
13/12/2022 04:00,,,1.516,,0.75,5.47
13/12/2022 04:30,,,1.77,,0.934,3.85
13/12/2022 05:00,,,2.278,,1.044,3.096
13/12/2022 05:30,,,1.752,,1.724,3.428
13/12/2022 06:00,,,2.47,,1.808,3.05
13/12/2022 06:30,,,2.752,,1.656,3.152
13/12/2022 07:00,,,3.286,,1.356,2.612
13/12/2022 07:30,,,3.572,,1.41,2.114
13/12/2022 08:00,,,3.658,,1.89,1.704
13/12/2022 08:30,,,3.304,,1.824,0.708
13/12/2022 09:00,,,3.248,,1.642,0.474
13/12/2022 09:30,,,4.296,,0.632,0.624
13/12/2022 10:00,,,2.27,,0.216,0.31
13/12/2022 10:30,,,1.772,,0.408,0.12
13/12/2022 11:00,,,2.354,,0.676,2.388
13/12/2022 11:30,,,4.102,,2.204,6.664
13/12/2022 12:00,,,8.038,,4.996,17.476
13/12/2022 12:30,,,14.082,,9.146,22.908
13/12/2022 13:00,,,16.002,,9.016,30.224
13/12/2022 13:30,,,31.116,,18.928,52.774
13/12/2022 14:00,,,36.926,,26.006,62.5
13/12/2022 14:30,,,37.652,,26.734,58.018
13/12/2022 15:00,,,53.57,,33.292,65.832
13/12/2022 15:30,,,54.472,,32.412,62.58
13/12/2022 16:00,,,49.73,,31.926,72.668
13/12/2022 16:30,,,24.514,,33.766,76.954
13/12/2022 17:00,,,65.212,,38.406,77.918
13/12/2022 17:30,,,58.32,,37.922,73.294
13/12/2022 18:00,,,54.12,,30.724,59.75
13/12/2022 18:30,,,40.372,,29.102,41.364
13/12/2022 19:00,,,23.814,,16.38,73.004
13/12/2022 19:30,,,47.124,,36.554,74.136
13/12/2022 20:00,,,56.656,,36.6,70.2
13/12/2022 20:30,,,57.67,,31.938,64.062
13/12/2022 21:00,,,48.678,,30.186,58.784
13/12/2022 21:30,,,57.71,,29.722,52.918
13/12/2022 22:00,,,57.648,,32.56,73.974
13/12/2022 22:30,,,61.522,,36.256,72.936
13/12/2022 23:00,,,66.522,,37.772,78.582
13/12/2022 23:30,,,68.05,,39.15,76.91
14/12/2022 00:00,,,67.118,,37.116,73.28
14/12/2022 00:30,,,67.948,,37.858,76.814
14/12/2022 01:00,,,67.658,,39.028,78.354
14/12/2022 01:30,,,68.04,,39.338,77.696
14/12/2022 02:00,,,67.892,,39.352,78.67
14/12/2022 02:30,,,67.004,,39.348,78.624
14/12/2022 03:00,,,68.056,,39.346,78.664
14/12/2022 03:30,,,68.062,,39.35,78.668
14/12/2022 04:00,,,68.026,,39.33,78.67
14/12/2022 04:30,,,68.018,,39.338,78.684
14/12/2022 05:00,,,68.026,,39.352,78.676
14/12/2022 05:30,,,68.06,,39.35,78.686
14/12/2022 06:00,,,68.032,,39.33,78.662
14/12/2022 06:30,,,68.028,,39.342,78.676
14/12/2022 07:00,,,67.998,,39.358,78.648
14/12/2022 07:30,,,68.032,,39.326,78.706
14/12/2022 08:00,,,67.986,,39.338,78.656
14/12/2022 08:30,,,67.968,,39.326,78.674
14/12/2022 09:00,,,68.018,,39.334,78.702
14/12/2022 09:30,,,68.028,,39.348,78.672
14/12/2022 10:00,,,68.052,,39.334,78.686
14/12/2022 10:30,,,68.018,,39.35,78.66
14/12/2022 11:00,,,68.008,,39.33,78.604
14/12/2022 11:30,,,66.928,,39.29,78.61
14/12/2022 12:00,,,68.022,,39.318,78.69
14/12/2022 12:30,,,68,,39.34,78.67
14/12/2022 13:00,,,68.036,,39.35,78.702
14/12/2022 13:30,,,68.024,,39.332,78.38
14/12/2022 14:00,,,67.99,,39.334,78.678
14/12/2022 14:30,,,67.896,,39.288,77.972
14/12/2022 15:00,,,68.016,,39.342,78.414
14/12/2022 15:30,,,67.958,,39.296,78.56
14/12/2022 16:00,,,67.888,,38.838,78.086
14/12/2022 16:30,,,67.948,,39.238,78.506
14/12/2022 17:00,,,67.776,,37.876,78.666
14/12/2022 17:30,,,67.978,,37.612,78.676
14/12/2022 18:00,,,68.038,,39.342,78.668
14/12/2022 18:30,,,68.02,,39.35,78.7
14/12/2022 19:00,,,68.038,,39.33,78.684
14/12/2022 19:30,,,68.048,,39.352,78.672
14/12/2022 20:00,,,68.008,,39.336,78.594
14/12/2022 20:30,,,67.98,,39.344,78.278
14/12/2022 21:00,,,68.002,,39.348,76.276
14/12/2022 21:30,,,67.896,,39.326,76.988
14/12/2022 22:00,,,68,,39.324,77.134
14/12/2022 22:30,,,68.052,,39.35,78.326
14/12/2022 23:00,,,68.034,,39.336,77.684
14/12/2022 23:30,,,68.032,,39.36,74.466
15/12/2022 00:00,,,68.042,,39.322,78.52
15/12/2022 00:30,,,68.014,,34.502,74.394
15/12/2022 01:00,,,68.03,,29.508,78.586
15/12/2022 01:30,,,68.068,,30.138,70.498
15/12/2022 02:00,,,68.068,,29.504,69.21
15/12/2022 02:30,,,68.05,,29.516,68.814
15/12/2022 03:00,,,68.044,,29.516,68.81
15/12/2022 03:30,,,67.98,,29.514,68.838
15/12/2022 04:00,,,67.998,,29.498,68.82
15/12/2022 04:30,,,68.022,,29.502,68.806
15/12/2022 05:00,,,68.018,,29.514,68.812
15/12/2022 05:30,,,67.978,,29.502,68.828
15/12/2022 06:00,,,68.024,,29.484,68.6
15/12/2022 06:30,,,68.02,,29.508,68.796
15/12/2022 07:00,,,65.562,,27.786,68.742
15/12/2022 07:30,,,58.126,,26.636,67.748
15/12/2022 08:00,,,61.588,,27.964,68.072
15/12/2022 08:30,,,53.876,,26.77,63.832
15/12/2022 09:00,,,60.786,,27.346,59.206
15/12/2022 09:30,,,59.596,,25.904,64.004
15/12/2022 10:00,,,58.148,,25.82,61.834
15/12/2022 10:30,,,42.382,,20.626,40.032
15/12/2022 11:00,,,31.42,,14.062,36.922
15/12/2022 11:30,,,40.172,,18.374,42.376
15/12/2022 12:00,,,39.252,,19.774,41.714
15/12/2022 12:30,,,40.762,,18.632,39.426
15/12/2022 13:00,,,44.856,,20.122,31.936
15/12/2022 13:30,,,45.244,,19.43,27.738
15/12/2022 14:00,,,40.914,,15.502,23.682
15/12/2022 14:30,,,35.55,,12.828,21.084
15/12/2022 15:00,,,26.802,,12.122,22.458
15/12/2022 15:30,,,37.858,,14.744,22.874
15/12/2022 16:00,,,29.262,,10.234,18.88
15/12/2022 16:30,,,21.078,,8.73,16.014
15/12/2022 17:00,,,20.52,,7.066,11.58
15/12/2022 17:30,,,16.248,,5.898,10.628
15/12/2022 18:00,,,14.498,,5.798,10.566
15/12/2022 18:30,,,13.35,,4.086,8.734
15/12/2022 19:00,,,11.12,,2.334,6.6
15/12/2022 19:30,,,9.312,,1.63,6.518
15/12/2022 20:00,,,6.324,,0.778,4.1
15/12/2022 20:30,,,5.308,,0.646,3.268
15/12/2022 21:00,,,3.736,,0.254,3.26
15/12/2022 21:30,,,2.368,,0.234,1.358
15/12/2022 22:00,,,1.672,,,1.176
15/12/2022 22:30,,,0.94,,,
15/12/2022 23:00,,,,,,
15/12/2022 23:30,,,,,,
16/12/2022 00:00,,,0.326,,0.098,
16/12/2022 00:30,,,3.048,,1.024,
16/12/2022 01:00,,,5.476,,1.812,1.094
16/12/2022 01:30,,,10.32,,2.52,1.28
16/12/2022 02:00,,,4.2,,0.756,
16/12/2022 02:30,,,6.652,,2.202,1.136
16/12/2022 03:00,,,8.256,,2.594,4.424
16/12/2022 03:30,,,9.668,,2.516,5.078
16/12/2022 04:00,,,4.484,,1.828,6.09
16/12/2022 04:30,,,6.98,,3.814,14.776
16/12/2022 05:00,,,8.014,,4.346,16.198
16/12/2022 05:30,,,11.564,,4.604,19.138
16/12/2022 06:00,,,12.492,,3.242,15.97
16/12/2022 06:30,,,18.244,,4.648,17.826
16/12/2022 07:00,,,15.332,,3.698,13.814
16/12/2022 07:30,,,10.396,,2.386,9.704
16/12/2022 08:00,,,16.79,,4.092,8.124
16/12/2022 08:30,,,23.092,,5.676,12.348
16/12/2022 09:00,,,26.862,,8.062,22.024
16/12/2022 09:30,,,29.354,,9.1,42.094
16/12/2022 10:00,,,51.816,,13.706,35.432
16/12/2022 10:30,,,62.734,,15.224,28.238
16/12/2022 11:00,,,67.124,,18.044,39.206
16/12/2022 11:30,,,67.434,,19.026,58.112
16/12/2022 12:00,,,62.676,,18.802,57.462
16/12/2022 12:30,,,57.206,,16.87,47.838
16/12/2022 13:00,,,63.74,,18.806,43.6
16/12/2022 13:30,,,67.908,,19.516,52.656
16/12/2022 14:00,,,68.034,,19.524,58.862
16/12/2022 14:30,,,67.99,,19.518,58.58
16/12/2022 15:00,,,68.014,,19.512,59.022
16/12/2022 15:30,,,68.014,,19.508,59.028
16/12/2022 16:00,,,68.032,,19.518,59.02
16/12/2022 16:30,,,67.996,,19.522,59.014
16/12/2022 17:00,,,68.016,,19.544,59.03
16/12/2022 17:30,,,67.994,,19.526,59.018
16/12/2022 18:00,,,68.024,,19.542,59.026
16/12/2022 18:30,,,68.012,,19.51,59.004
16/12/2022 19:00,,,67.994,,19.528,59.022
16/12/2022 19:30,,,68.04,,19.522,59.032
16/12/2022 20:00,,,68.02,,19.552,59.012
16/12/2022 20:30,,,67.984,,19.534,59.024
16/12/2022 21:00,,,68.044,,19.546,59.032
16/12/2022 21:30,,,67.978,,19.53,59.002
16/12/2022 22:00,,,68.016,,19.528,59.048
16/12/2022 22:30,,,68,,19.514,59.002
16/12/2022 23:00,,,67.998,,19.54,58.938
16/12/2022 23:30,,,68.01,,19.532,58.552
17/12/2022 00:00,,,68.054,,19.536,58.82
17/12/2022 00:30,,,67.966,,19.528,58.754
17/12/2022 01:00,,,65.776,,19.492,58.488
17/12/2022 01:30,,,66.092,,19.236,54.048
17/12/2022 02:00,,,65.426,,18.59,56.774
17/12/2022 02:30,,,66.848,,19.446,58.22
17/12/2022 03:00,,,67.978,,19.532,58.898
17/12/2022 03:30,,,67.494,,19.478,57.432
17/12/2022 04:00,,,67.342,,19.51,57.41
17/12/2022 04:30,,,67.478,,19.528,58.378
17/12/2022 05:00,,,67.884,,19.514,56.546
17/12/2022 05:30,,,67.604,,19.412,53.56
17/12/2022 06:00,,,67.704,,19.53,55.794
17/12/2022 06:30,,,67.924,,19.524,54.224
17/12/2022 07:00,,,66.328,,19.444,57.934
17/12/2022 07:30,,,62.236,,19.428,56.43
17/12/2022 08:00,,,54.788,,19.502,56.36
17/12/2022 08:30,,,55.05,,19.508,53.458
17/12/2022 09:00,,,57.88,,19.124,50.878
17/12/2022 09:30,,,56.616,,18.212,58.63
17/12/2022 10:00,,,53.74,,18.344,57.316
17/12/2022 10:30,,,55.764,,17.854,55.416
17/12/2022 11:00,,,52.586,,18.676,57.41
17/12/2022 11:30,,,52.634,,18.974,57.508
17/12/2022 12:00,,,56.112,,19.48,58.176
17/12/2022 12:30,,,58.17,,19.214,58.398
17/12/2022 13:00,,,58.274,,18.416,58.958
17/12/2022 13:30,,,57.934,,19.518,59.018
17/12/2022 14:00,,,58.21,,19.532,59.034
17/12/2022 14:30,,,58.292,,19.53,58.992
17/12/2022 15:00,,,58.302,,19.532,58.794
17/12/2022 15:30,,,58.28,,19.536,58.962
17/12/2022 16:00,,,58.262,,19.51,57.618
17/12/2022 16:30,,,58.258,,19.524,58.876
17/12/2022 17:00,,,57.778,,19.44,58.838
17/12/2022 17:30,,,55.91,,19.47,57.984
17/12/2022 18:00,,,56.51,,19.032,52.844
17/12/2022 18:30,,,55.442,,19.338,49.902
17/12/2022 19:00,,,56.276,,19.204,52.446
17/12/2022 19:30,,,56.368,,19.284,53.482
17/12/2022 20:00,,,51.548,,18.57,46.868
17/12/2022 20:30,,,43.28,,17.894,45.396
17/12/2022 21:00,,,34.002,,15.044,37.388
17/12/2022 21:30,,,23.348,,11.41,30.064
17/12/2022 22:00,,,22.162,,10.154,25.22
17/12/2022 22:30,,,19.172,,7.522,20.936
17/12/2022 23:00,,,18.952,,6.172,15.436
17/12/2022 23:30,,,21.45,,8.422,18.166
18/12/2022 00:00,,,17.168,,6.658,15.312
18/12/2022 00:30,,,13.264,,4.22,13.918
18/12/2022 01:00,,,6.442,,2.23,8.222
18/12/2022 01:30,,,3.58,,0.974,5.78
18/12/2022 02:00,,,2.854,,0.452,4.826
18/12/2022 02:30,,,4.364,,0.91,1.882
18/12/2022 03:00,,,3.868,,1.082,3.548
18/12/2022 03:30,,,5.616,,1.616,5.246
18/12/2022 04:00,,,6.072,,1.622,7.696
18/12/2022 04:30,,,8.834,,1.8,4.438
18/12/2022 05:00,,,7.616,,2.156,4.246
18/12/2022 05:30,,,8.008,,2.198,5.12
18/12/2022 06:00,,,11.444,,3.65,10.842
18/12/2022 06:30,,,9.606,,3.754,10.028
18/12/2022 07:00,,,18.336,,5.648,17.894
18/12/2022 07:30,,,36.892,,11.276,29.668
18/12/2022 08:00,,,46.892,,15.612,43.27
18/12/2022 08:30,,,51.614,,16.54,46.242
18/12/2022 09:00,,,56.23,,18.838,54.878
18/12/2022 09:30,,,57.672,,19.084,57.892
18/12/2022 10:00,,,58.316,,19.54,59.006
18/12/2022 10:30,,,58.316,,18.608,59.044
18/12/2022 11:00,,,58.25,,19.53,57.142
18/12/2022 11:30,,,58.286,,19.522,59.006
18/12/2022 12:00,,,58.26,,19.542,59.044
18/12/2022 12:30,,,58.28,,19.546,59.014
18/12/2022 13:00,,,58.25,,19.532,59.04
18/12/2022 13:30,,,58.268,,19.546,59.03
18/12/2022 14:00,,,58.268,,19.518,58.99
18/12/2022 14:30,,,58.28,,19.528,59.02
18/12/2022 15:00,,,58.272,,19.536,59.014
18/12/2022 15:30,,,58.23,,19.53,59.01
18/12/2022 16:00,,,58.27,,19.55,59.014
18/12/2022 16:30,,,58.254,,19.534,59.03
18/12/2022 17:00,,,58.282,,19.52,58.992
18/12/2022 17:30,,,58.25,,19.524,59.012
18/12/2022 18:00,,,58.312,,19.526,59.012
18/12/2022 18:30,,,58.244,,19.522,59.02
18/12/2022 19:00,,,58.272,,19.54,59.026
18/12/2022 19:30,,,58.28,,19.536,59.042
18/12/2022 20:00,,,58.302,,19.542,59.014
18/12/2022 20:30,,,58.284,,19.52,59.018
18/12/2022 21:00,,,58.256,,19.528,59.016
18/12/2022 21:30,,,58.288,,19.528,59.048
18/12/2022 22:00,,,58.284,,19.526,59.01
18/12/2022 22:30,,,58.3,,19.552,59.01
18/12/2022 23:00,,,58.26,,19.536,59.034
18/12/2022 23:30,,,58.252,,19.536,59.026
19/12/2022 00:00,,,58.282,,19.514,59.026
19/12/2022 00:30,,,58.28,,19.52,59.014
19/12/2022 01:00,,,58.284,,19.512,59.014
19/12/2022 01:30,,,58.268,,19.536,58.992
19/12/2022 02:00,,,58.278,,19.53,59.01
19/12/2022 02:30,,,58.268,,19.53,58.998
19/12/2022 03:00,,,58.266,,19.514,58.98
19/12/2022 03:30,,,58.296,,19.522,58.044
19/12/2022 04:00,,,57.332,,19.494,55.906
19/12/2022 04:30,,,58.28,,18.356,55.944
19/12/2022 05:00,,,58.27,,19.536,58.858
19/12/2022 05:30,,,58.31,,19.11,56.636
19/12/2022 06:00,,,58.214,,18.222,56.138
19/12/2022 06:30,,,58.3,,19.516,52.934
19/12/2022 07:00,,,58.226,,18.622,55.154
19/12/2022 07:30,,,58.264,,19.538,57.87
19/12/2022 08:00,,,58.23,,18.552,56.748
19/12/2022 08:30,,,57.502,,19.206,57.7
19/12/2022 09:00,,,56.794,,19.508,58.078
19/12/2022 09:30,,,58.244,,19.51,57.612
19/12/2022 10:00,,,58.274,,19.528,58.958
19/12/2022 10:30,,,58.22,,19.524,59.014
19/12/2022 11:00,,,58.284,,19.538,59.006
19/12/2022 11:30,,,58.234,,19.536,58.984
19/12/2022 12:00,,,58.248,,19.52,58.998
19/12/2022 12:30,,,58.27,,19.508,59
19/12/2022 13:00,,,58.244,,19.51,58.974
19/12/2022 13:30,,,58.254,,19.512,58.996
19/12/2022 14:00,,,58.266,,19.528,59.004
19/12/2022 14:30,,,58.264,,19.534,58.976
19/12/2022 15:00,,,58.286,,19.528,58.998
19/12/2022 15:30,,,58.248,,19.524,58.994
19/12/2022 16:00,,,58.25,,19.51,58.984
19/12/2022 16:30,,,58.264,,19.504,58.308
19/12/2022 17:00,,,58.274,,19.526,58.996
19/12/2022 17:30,,,58.226,,19.526,59.012
19/12/2022 18:00,,,58.246,,19.524,58.992
19/12/2022 18:30,,,58.274,,19.532,58.992
19/12/2022 19:00,,,58.248,,19.51,58.996
19/12/2022 19:30,,,58.256,,19.522,58.994
19/12/2022 20:00,,,58.268,,19.512,59.004
19/12/2022 20:30,,,58.258,,19.522,58.998
19/12/2022 21:00,,,57.97,,19.404,59.03
19/12/2022 21:30,,,58.304,,19.53,58.992
19/12/2022 22:00,,,58.25,,19.51,59.01
19/12/2022 22:30,,,57.812,,19.506,58.984
19/12/2022 23:00,,,51.012,,19.366,57.714
19/12/2022 23:30,,,48.49,,14.964,52.404
20/12/2022 00:00,,,55.704,,16.514,43.066
20/12/2022 00:30,,,55.82,,16.954,36.296
20/12/2022 01:00,,,57.608,,18.81,40.826
20/12/2022 01:30,,,58.286,,19.5,51.468
20/12/2022 02:00,,,58.258,,19.508,58.374
20/12/2022 02:30,,,58.176,,18.234,58.698
20/12/2022 03:00,,,58.278,,19.202,58.642
20/12/2022 03:30,,,58.268,,19.496,57.486
20/12/2022 04:00,,,58.184,,19.534,58.398
20/12/2022 04:30,,,58.234,,19.516,59.022
20/12/2022 05:00,,,58.284,,19.514,59.01
20/12/2022 05:30,,,58.13,,19.364,57.91
20/12/2022 06:00,,,58.258,,19.332,57.478
20/12/2022 06:30,,,57.06,,19.516,57.072
20/12/2022 07:00,,,57.252,,19.232,57.572
20/12/2022 07:30,,,56.972,,18.836,56.146
20/12/2022 08:00,,,56.038,,18.982,55.296
20/12/2022 08:30,,,50.584,,19.004,56.15
20/12/2022 09:00,,,56.124,,18.478,56.696
20/12/2022 09:30,,,53.266,,19.202,58.884
20/12/2022 10:00,,,48.95,,18.238,54.352
20/12/2022 10:30,,,56.24,,18.658,50.508
20/12/2022 11:00,,,58.214,,19.494,55.09
20/12/2022 11:30,,,58.276,,19.516,58.996
20/12/2022 12:00,,,58.276,,19.54,58.818
20/12/2022 12:30,,,58.288,,19.524,57.8
20/12/2022 13:00,,,58.266,,19.538,58.846
20/12/2022 13:30,,,58.27,,19.49,58.954
20/12/2022 14:00,,,57.916,,19.416,58.992
20/12/2022 14:30,,,56.39,,19.506,58.998
20/12/2022 15:00,,,56.346,,19.526,58.998
20/12/2022 15:30,,,58.266,,19.522,59.012
20/12/2022 16:00,,,57.928,,19.53,58.986
20/12/2022 16:30,,,58.226,,19.53,59.002
20/12/2022 17:00,,,58.132,,19.492,58.996
20/12/2022 17:30,,,58.102,,19.496,59.004
20/12/2022 18:00,,,56.682,,19.526,59.022
20/12/2022 18:30,,,57.854,,19.484,58.976
20/12/2022 19:00,,,58.124,,19.528,59.018
20/12/2022 19:30,,,58.288,,19.53,59.008
20/12/2022 20:00,,,58.286,,19.516,58.996
20/12/2022 20:30,,,58.292,,19.504,59.002
20/12/2022 21:00,,,58.238,,19.502,59.02
20/12/2022 21:30,,,58.286,,19.534,58.984
20/12/2022 22:00,,,58.278,,19.53,59.024
20/12/2022 22:30,,,58.246,,19.524,58.986
20/12/2022 23:00,,,58.29,,19.526,59.008
20/12/2022 23:30,,,58.258,,19.51,59.002
21/12/2022 00:00,,,58.272,,19.518,59
21/12/2022 00:30,,,58.276,,19.512,59.01
21/12/2022 01:00,,,58.24,,19.5,58.928
21/12/2022 01:30,,,58.282,,19.522,59.012
21/12/2022 02:00,,,58.282,,19.516,58.828
21/12/2022 02:30,,,58.284,,19.514,58.97
21/12/2022 03:00,,,58.242,,19.518,58.994
21/12/2022 03:30,,,58.256,,19.516,59.006
21/12/2022 04:00,,,58.246,,19.528,59.002
21/12/2022 04:30,,,58.284,,19.532,58.984
21/12/2022 05:00,,,58.23,,19.54,59.02
21/12/2022 05:30,,,58.26,,19.508,58.982
21/12/2022 06:00,,,58.268,,19.52,58.99
21/12/2022 06:30,,,58.264,,19.516,59.028
21/12/2022 07:00,,,58.244,,19.528,58.994
21/12/2022 07:30,,,58.272,,19.526,59.028
21/12/2022 08:00,,,58.268,,19.526,58.952
21/12/2022 08:30,,,58.258,,19.54,59.002
21/12/2022 09:00,,,58.24,,19.522,58.988
21/12/2022 09:30,,,58.27,,19.504,59.016
21/12/2022 10:00,,,58.124,,19.51,58.942
21/12/2022 10:30,,,57.82,,19.512,58.848
21/12/2022 11:00,,,57.384,,19.522,58.978
21/12/2022 11:30,,,57.556,,19.542,59.026
21/12/2022 12:00,,,57.634,,19.524,58.996
21/12/2022 12:30,,,58.054,,19.51,59.032
21/12/2022 13:00,,,53.294,,19.056,58.978
21/12/2022 13:30,,,57.482,,19.524,59.02
21/12/2022 14:00,,,55.288,,19.502,58.992
21/12/2022 14:30,,,58.232,,19.528,59.002
21/12/2022 15:00,,,58.29,,19.53,59.014
21/12/2022 15:30,,,58.298,,19.516,59.008
21/12/2022 16:00,,,51.43,,19.512,58.998
21/12/2022 16:30,,,48.29,,19.516,58.948
21/12/2022 17:00,,,48.444,,19.53,59.018
21/12/2022 17:30,,,48.686,,19.522,59.002
21/12/2022 18:00,,,48.68,,19.536,59
21/12/2022 18:30,,,48.68,,19.52,59.008
21/12/2022 19:00,,,49.89,,19.51,58.988
21/12/2022 19:30,,,58.304,,19.52,59.018
21/12/2022 20:00,,,58.28,,19.534,58.994
21/12/2022 20:30,,,58.304,,19.526,59.002
21/12/2022 21:00,,,58.292,,19.524,59.018
21/12/2022 21:30,,,58.254,,19.516,58.996
21/12/2022 22:00,,,58.27,,19.52,58.986
21/12/2022 22:30,,,58.266,,19.518,59.018
21/12/2022 23:00,,,58.27,,19.524,59.004
21/12/2022 23:30,,,58.288,,19.522,59.008
22/12/2022 00:00,,,58.29,,19.536,58.93
22/12/2022 00:30,,,58.276,,19.516,58.916
22/12/2022 01:00,,,58.274,,19.526,58.95
22/12/2022 01:30,,,58.308,,19.506,58.978
22/12/2022 02:00,,,58.268,,19.514,58.816
22/12/2022 02:30,,,55.082,,18.952,58.012
22/12/2022 03:00,,,53.536,,17.33,46.338
22/12/2022 03:30,,,52.234,,14.108,31.104
22/12/2022 04:00,,,40.316,,15.442,25.348
22/12/2022 04:30,,,42.268,,13.9,24.316
22/12/2022 05:00,,,36.004,,11.528,23.156
22/12/2022 05:30,,,36.258,,10.55,16.62
22/12/2022 06:00,,,29.118,,10.452,21.914
22/12/2022 06:30,,,27.634,,9.68,20.962
22/12/2022 07:00,,,23.018,,7.058,18.794
22/12/2022 07:30,,,17.25,,5.916,16.692
22/12/2022 08:00,,,16.042,,5.876,18.858
22/12/2022 08:30,,,16.966,,6.304,17.664
22/12/2022 09:00,,,18.816,,5.362,15.058
22/12/2022 09:30,,,15.126,,5.17,14.16
22/12/2022 10:00,,,15.376,,4.956,11.898
22/12/2022 10:30,,,10.128,,3.284,9.964
22/12/2022 11:00,,,9.55,,2.5,9.21
22/12/2022 11:30,,,8.894,,2.836,8.586
22/12/2022 12:00,,,9.762,,3.32,13.142
22/12/2022 12:30,,,10.876,,3.542,19.078
22/12/2022 13:00,,,14.27,,4.968,17.53
22/12/2022 13:30,,,12.84,,4.222,18.88
22/12/2022 14:00,,,11.628,,4.482,22.124
22/12/2022 14:30,,,16.02,,5.224,17.244
22/12/2022 15:00,,,17.38,,5.22,18.746
22/12/2022 15:30,,,15.476,,5.958,18.654
22/12/2022 16:00,,,15.464,,5.824,18.202
22/12/2022 16:30,,,17.876,,6.366,16.976
22/12/2022 17:00,,,19.03,,5.794,18.58
22/12/2022 17:30,,,21.36,,6.88,18.498
22/12/2022 18:00,,,17.186,,5.514,13.772
22/12/2022 18:30,,,12.39,,3.972,11.16
22/12/2022 19:00,,,10.808,,3.472,11.572
22/12/2022 19:30,,,10.412,,3.082,11.9
22/12/2022 20:00,,,11.294,,3.64,13.916
22/12/2022 20:30,,,13.074,,5.174,21.08
22/12/2022 21:00,,,14.276,,4.93,15.66
22/12/2022 21:30,,,10.726,,4.132,19.47
22/12/2022 22:00,,,9.554,,4.744,18.692
22/12/2022 22:30,,,25.406,,7.928,16.936
22/12/2022 23:00,,,17.04,,6.158,13.522
22/12/2022 23:30,,,18.086,,6.372,16.862
23/12/2022 00:00,,,12.65,,5.952,22.356
23/12/2022 00:30,,,20.218,,7.344,26.248
23/12/2022 01:00,,,19.66,,8.788,45.7
23/12/2022 01:30,,,21.79,,9.274,41.054
23/12/2022 02:00,,,25.928,,9.02,19.512
23/12/2022 02:30,,,34.3,,8.494,33.912
23/12/2022 03:00,,,46.046,,13.414,43.84
23/12/2022 03:30,,,46.886,,15.298,44.1
23/12/2022 04:00,,,43.06,,13.81,41.422
23/12/2022 04:30,,,37.264,,12.402,36.586
23/12/2022 05:00,,,36.638,,11.922,33.462
23/12/2022 05:30,,,34.524,,12.044,33.33
23/12/2022 06:00,,,33.914,,11.774,37.476
23/12/2022 06:30,,,36.814,,13.548,41.642
23/12/2022 07:00,,,37.078,,14.542,42.532
23/12/2022 07:30,,,38.72,,15.3,46.086
23/12/2022 08:00,,,41.13,,15.836,46.044
23/12/2022 08:30,,,44.526,,16.902,51.566
23/12/2022 09:00,,,48.872,,17.188,49.522
23/12/2022 09:30,,,50.406,,18.124,49.292
23/12/2022 10:00,,,49.784,,18.656,48.216
23/12/2022 10:30,,,48.408,,18.232,48.606
23/12/2022 11:00,,,53.138,,18.488,52.514
23/12/2022 11:30,,,51.732,,18.558,53.628
23/12/2022 12:00,,,53.268,,17.842,51.746
23/12/2022 12:30,,,56.7,,18.772,52.808
23/12/2022 13:00,,,57.414,,19.346,56.828
23/12/2022 13:30,,,57.694,,19.326,58.382
23/12/2022 14:00,,,58.256,,19.47,58.766
23/12/2022 14:30,,,58.232,,19.49,58.816
23/12/2022 15:00,,,58.198,,19.372,58.976
23/12/2022 15:30,,,58.098,,19.502,59.016
23/12/2022 16:00,,,58.2,,19.142,58.918
23/12/2022 16:30,,,58.158,,19.332,58.944
23/12/2022 17:00,,,58.228,,19.512,59.004
23/12/2022 17:30,,,58.278,,19.51,58.994
23/12/2022 18:00,,,58.246,,19.498,59.004
23/12/2022 18:30,,,58.27,,19.51,58.986
23/12/2022 19:00,,,58.302,,19.508,59.02
23/12/2022 19:30,,,58.232,,19.51,58.984
23/12/2022 20:00,,,58.294,,19.52,59.012
23/12/2022 20:30,,,58.268,,19.5,59.026
23/12/2022 21:00,,,58.24,,19.516,59.004
23/12/2022 21:30,,,58.27,,19.516,58.996
23/12/2022 22:00,,,58.26,,19.518,58.988
23/12/2022 22:30,,,58.26,,19.498,58.896
23/12/2022 23:00,,,58.256,,19.504,48.962
23/12/2022 23:30,,,58.256,,19.502,48.932
24/12/2022 00:00,,,58.29,,19.504,48.96
24/12/2022 00:30,,,58.3,,19.53,48.968
24/12/2022 01:00,,,58.164,,19.518,48.964
24/12/2022 01:30,,,57.922,,19.48,48.95
24/12/2022 02:00,,,56.286,,19.172,48.796
24/12/2022 02:30,,,57.294,,19.258,48.546
24/12/2022 03:00,,,55.658,,19.334,53.976
24/12/2022 03:30,,,56.588,,19.514,57.624
24/12/2022 04:00,,,57.788,,19.522,58.01
24/12/2022 04:30,,,56.386,,19.462,58.222
24/12/2022 05:00,,,52.2,,19.326,56.032
24/12/2022 05:30,,,48.268,,18.168,51.094
24/12/2022 06:00,,,45.118,,15.364,42.566
24/12/2022 06:30,,,38.69,,12.644,41.228
24/12/2022 07:00,,,25.676,,4.01,18.482
24/12/2022 07:30,,,11.146,,2.876,9.296
24/12/2022 08:00,,,10.574,,3.482,9.956
24/12/2022 08:30,,,16.63,,6.506,15.95
24/12/2022 09:00,,,22.772,,7.018,22.852
24/12/2022 09:30,,,18.414,,8.578,20.654
24/12/2022 10:00,,,18.684,,7.81,27.028
24/12/2022 10:30,,,19.644,,6.494,17.87
24/12/2022 11:00,,,15.096,,5.114,16.454
24/12/2022 11:30,,,24.224,,7.428,29.99
24/12/2022 12:00,,,18.634,,4.032,13.266
24/12/2022 12:30,,,16.086,,3.84,5.776
24/12/2022 13:00,,,19.026,,6.448,11.762
24/12/2022 13:30,,,23.324,,4.478,19.048
24/12/2022 14:00,,,37.326,,5.678,27.222
24/12/2022 14:30,,,53.056,,13.226,43.684
24/12/2022 15:00,,,57.77,,19.404,53.276
24/12/2022 15:30,,,58.142,,19.45,57.898
24/12/2022 16:00,,,58.294,,19.518,58.998
24/12/2022 16:30,,,58.27,,19.52,58.97
24/12/2022 17:00,,,58.292,,18.592,58.022
24/12/2022 17:30,,,58.264,,19.544,58.98
24/12/2022 18:00,,,58.304,,19.532,59.006
24/12/2022 18:30,,,58.28,,18.608,58.972
24/12/2022 19:00,,,58.288,,19.506,58.982
24/12/2022 19:30,,,58.284,,19.514,59.002
24/12/2022 20:00,,,58.284,,19.512,58.996
24/12/2022 20:30,,,58.282,,19.522,58.996
24/12/2022 21:00,,,58.26,,19.532,58.994
24/12/2022 21:30,,,58.31,,19.522,59.004
24/12/2022 22:00,,,58.226,,19.504,58.992
24/12/2022 22:30,,,58.26,,19.498,58.99
24/12/2022 23:00,,,58.272,,19.522,58.988
24/12/2022 23:30,,,58.25,,19.53,59.006
25/12/2022 00:00,,,58.288,,19.532,59.004
25/12/2022 00:30,,,58.254,,19.528,58.99
25/12/2022 01:00,,,57.794,,19.476,58.956
25/12/2022 01:30,,,58.264,,19.51,58.9
25/12/2022 02:00,,,58.26,,19.496,58.992
25/12/2022 02:30,,,58.288,,19.46,57.606
25/12/2022 03:00,,,58.114,,19.448,55.188
25/12/2022 03:30,,,58.258,,19.524,55.56
25/12/2022 04:00,,,58.256,,19.518,57.272
25/12/2022 04:30,,,58.244,,19.512,58.978
25/12/2022 05:00,,,58.27,,19.504,58.08
25/12/2022 05:30,,,58.234,,19.528,58.99
25/12/2022 06:00,,,58.294,,19.522,59.012
25/12/2022 06:30,,,58.266,,19.52,58.056
25/12/2022 07:00,,,58.28,,19.522,59.026
25/12/2022 07:30,,,58.282,,19.512,59
25/12/2022 08:00,,,58.228,,19.528,58.09
25/12/2022 08:30,,,58.256,,19.542,58.962
25/12/2022 09:00,,,58.278,,19.52,57.914
25/12/2022 09:30,,,58.216,,19.52,57.332
25/12/2022 10:00,,,58.222,,17.428,47.932
25/12/2022 10:30,,,58.236,,19.432,42.954
25/12/2022 11:00,,,58.266,,19.324,51.364
25/12/2022 11:30,,,57.976,,18.792,53.106
25/12/2022 12:00,,,54.176,,14.252,49.532
25/12/2022 12:30,,,50.784,,13.248,30.502
25/12/2022 13:00,,,47.53,,12.02,18.956
25/12/2022 13:30,,,38.148,,10.862,19.352
25/12/2022 14:00,,,28.736,,8.078,19.894
25/12/2022 14:30,,,27.432,,6.462,15.734
25/12/2022 15:00,,,20.114,,6.078,17.84
25/12/2022 15:30,,,23.792,,7.48,14.868
25/12/2022 16:00,,,28.154,,8.024,21.59
25/12/2022 16:30,,,23.68,,7.052,14.876
25/12/2022 17:00,,,24.468,,6.426,16.142
25/12/2022 17:30,,,26.794,,6.888,16.746
25/12/2022 18:00,,,28.934,,7.126,15.414
25/12/2022 18:30,,,23.882,,7.158,14.892
25/12/2022 19:00,,,19.514,,4.892,11.132
25/12/2022 19:30,,,20.738,,4.284,6.826
25/12/2022 20:00,,,39.736,,9.18,6.384
25/12/2022 20:30,,,34.406,,9.16,9.29
25/12/2022 21:00,,,44.49,,9.208,29.504
25/12/2022 21:30,,,33.24,,9.592,51.52
25/12/2022 22:00,,,16.938,,8.534,58.384
25/12/2022 22:30,,,57.774,,9.616,57.072
25/12/2022 23:00,,,58.282,,9.622,59.004
25/12/2022 23:30,,,58.266,,9.626,58.994
26/12/2022 00:00,,,58.294,,9.6,57.938
26/12/2022 00:30,,,56.992,,8.484,43.174
26/12/2022 01:00,,,50.802,,16.12,41.294
26/12/2022 01:30,,,52.862,,16.056,33.068
26/12/2022 02:00,,,49.966,,13.396,35.3
26/12/2022 02:30,,,42.91,,13.142,29.464
26/12/2022 03:00,,,34.77,,9.118,24.422
26/12/2022 03:30,,,37.928,,11.5,36.842
26/12/2022 04:00,,,48.896,,12.456,49.592
26/12/2022 04:30,,,54.798,,11.038,51.598
26/12/2022 05:00,,,49.336,,18.406,57.28
26/12/2022 05:30,,,57.006,,19.508,58.14
26/12/2022 06:00,,,57.914,,19.064,58.1
26/12/2022 06:30,,,57.066,,19.52,58.874
26/12/2022 07:00,,,58.266,,19.538,59.004
26/12/2022 07:30,,,58.232,,19.53,59.044
26/12/2022 08:00,,,58.264,,19.512,59.028
26/12/2022 08:30,,,58.246,,19.516,59.066
26/12/2022 09:00,,,58.246,,19.518,59.04
26/12/2022 09:30,,,58.26,,19.534,59.044
26/12/2022 10:00,,,58.316,,19.524,59.062
26/12/2022 10:30,,,58.256,,19.532,59.05
26/12/2022 11:00,,,58.254,,19.516,59.048
26/12/2022 11:30,,,58.312,,19.514,59.048
26/12/2022 12:00,,,58.258,,19.512,59.058
26/12/2022 12:30,,,58.28,,19.514,59.048
26/12/2022 13:00,,,58.292,,19.524,59.06
26/12/2022 13:30,,,58.316,,19.534,59.022
26/12/2022 14:00,,,58.28,,19.512,59.046
26/12/2022 14:30,,,58.262,,19.51,59.046
26/12/2022 15:00,,,58.27,,19.512,59.072
26/12/2022 15:30,,,58.278,,19.526,59.02
26/12/2022 16:00,,,58.292,,19.524,58.542
26/12/2022 16:30,,,58.244,,19.514,57.298
26/12/2022 17:00,,,58.14,,19.504,58.86
26/12/2022 17:30,,,58.158,,19.482,59.038
26/12/2022 18:00,,,58.264,,19.524,59.056
26/12/2022 18:30,,,58.262,,19.522,58.87
26/12/2022 19:00,,,58.084,,19.528,58.786
26/12/2022 19:30,,,57.586,,19.476,54.72
26/12/2022 20:00,,,58.17,,19.294,52.658
26/12/2022 20:30,,,57.034,,19.162,46.64
26/12/2022 21:00,,,55.124,,18.292,47.542
26/12/2022 21:30,,,55.526,,18.656,56.236
26/12/2022 22:00,,,53.986,,18.234,52.742
26/12/2022 22:30,,,57.554,,19.298,53.952
26/12/2022 23:00,,,57.144,,19.412,50.932
26/12/2022 23:30,,,57.756,,19.514,56.498
27/12/2022 00:00,,,56.67,,19.416,53.536
27/12/2022 00:30,,,51.55,,17.394,42.546
27/12/2022 01:00,,,50.158,,18.722,44.552
27/12/2022 01:30,,,54.326,,17.686,49.904
27/12/2022 02:00,,,45.406,,13.982,48.738
27/12/2022 02:30,,,44.962,,13.872,45.722
27/12/2022 03:00,,,49.998,,18.69,49.532
27/12/2022 03:30,,,51.258,,17.276,48.806
27/12/2022 04:00,,,51.404,,13.596,47.75
27/12/2022 04:30,,,54.138,,13.806,47.546
27/12/2022 05:00,,,55.66,,15.118,53.102
27/12/2022 05:30,,,48.492,,16.846,52.652
27/12/2022 06:00,,,43.588,,10.764,35.602
27/12/2022 06:30,,,31.202,,8.082,26.388
27/12/2022 07:00,,,27.706,,10.174,30.572
27/12/2022 07:30,,,24.866,,10.184,30.788
27/12/2022 08:00,,,26.772,,10.544,27.584
27/12/2022 08:30,,,27.756,,10.43,28.014
27/12/2022 09:00,,,16.714,,5.172,16.086
27/12/2022 09:30,,,11.52,,3.728,11.318
27/12/2022 10:00,,,9.014,,2.432,7.51
27/12/2022 10:30,,,6.302,,1.48,2.45
27/12/2022 11:00,,,12.624,,4.004,6.102
27/12/2022 11:30,,,15.192,,5.288,17.854
27/12/2022 12:00,,,18.988,,6.55,22.706
27/12/2022 12:30,,,38.876,,11.954,31.088
27/12/2022 13:00,,,53.41,,17.706,49.428
27/12/2022 13:30,,,57.878,,19.526,56.228
27/12/2022 14:00,,,58.02,,14.77,58.736
27/12/2022 14:30,,,58.126,,18.856,58.722
27/12/2022 15:00,,,57.894,,10.884,58.912
27/12/2022 15:30,,,51.154,,18.186,55.842
27/12/2022 16:00,,,53.51,,16.514,49.18
27/12/2022 16:30,,,54.008,,16.542,40.916
27/12/2022 17:00,,,49.954,,14.852,37.94
27/12/2022 17:30,,,42.74,,12.954,38.484
27/12/2022 18:00,,,41.244,,12.266,31.748
27/12/2022 18:30,,,41.196,,12.804,28.944
27/12/2022 19:00,,,35.848,,10.538,27.032
27/12/2022 19:30,,,36.206,,11.794,28.828
27/12/2022 20:00,,,44.642,,14.024,33.82
27/12/2022 20:30,,,40.07,,12.706,29.544
27/12/2022 21:00,,,49.938,,14.87,43.002
27/12/2022 21:30,,,41.61,,12.454,39.206
27/12/2022 22:00,,,34.982,,14.062,43.282
27/12/2022 22:30,,,46.086,,17.152,36.884
27/12/2022 23:00,,,45.178,,13.076,46.878
27/12/2022 23:30,,,40.234,,8.556,44.692
28/12/2022 00:00,,,52.02,,18.796,52.464
28/12/2022 00:30,,,58.248,,17.938,58.962
28/12/2022 01:00,,,58.09,,16.788,59.002
28/12/2022 01:30,,,58.046,,16.768,59.01
28/12/2022 02:00,,,57.956,,13.194,59.034
28/12/2022 02:30,,,58.27,,19.584,59.008
28/12/2022 03:00,,,58.27,,19.586,59.018
28/12/2022 03:30,,,58.286,,14.916,59.048
28/12/2022 04:00,,,58.298,,19.558,59.006
28/12/2022 04:30,,,58.276,,19.156,58.96
28/12/2022 05:00,,,58.262,,15.298,56.57
28/12/2022 05:30,,,54.002,,19.58,56.946
28/12/2022 06:00,,,55.626,,17.67,58.71
28/12/2022 06:30,,,54.984,,9.58,54.556
28/12/2022 07:00,,,51.814,,9.538,52.188
28/12/2022 07:30,,,53.518,,9.382,47.68
28/12/2022 08:00,,,47.304,,8.86,36.606
28/12/2022 08:30,,,36.838,,6.378,27.8
28/12/2022 09:00,,,13.796,,2.062,8.196
28/12/2022 09:30,,,7.656,,1.124,2.154
28/12/2022 10:00,,,7.524,,1.126,1.728
28/12/2022 10:30,,,7.772,,1.126,2.728
28/12/2022 11:00,,,14.528,,2.594,7.634
28/12/2022 11:30,,,14.044,,2.606,9.23
28/12/2022 12:00,,,4.716,,0.66,2.514
28/12/2022 12:30,,,,,,
28/12/2022 13:00,,,2.63,,0.194,
28/12/2022 13:30,,,11.5,,1.58,4.966
28/12/2022 14:00,,,19.072,,2.814,11.05
28/12/2022 14:30,,,21.314,,3.53,17.346
28/12/2022 15:00,,,21.552,,3.47,17.512
28/12/2022 15:30,,,36.476,,6.346,29.148
28/12/2022 16:00,,,46.81,,7.57,39.746
28/12/2022 16:30,,,54.5,,9.362,48.418
28/12/2022 17:00,,,58.148,,9.666,49.872
28/12/2022 17:30,,,58.172,,9.686,55.184
28/12/2022 18:00,,,57.728,,9.64,58.326
28/12/2022 18:30,,,58.262,,9.676,57.842
28/12/2022 19:00,,,58.292,,9.706,59.022
28/12/2022 19:30,,,58.242,,9.706,59.008
28/12/2022 20:00,,,58.312,,9.708,59.032
28/12/2022 20:30,,,58.266,,9.708,57.948
28/12/2022 21:00,,,58.276,,9.688,59.034
28/12/2022 21:30,,,58.29,,9.69,59.036
28/12/2022 22:00,,,58.268,,9.7,59.012
28/12/2022 22:30,,,58.264,,9.708,59.012
28/12/2022 23:00,,,58.29,,9.704,58.064
28/12/2022 23:30,,,58.254,,9.692,58.942
29/12/2022 00:00,,,58.314,,9.69,59.026
29/12/2022 00:30,,,58.192,,9.698,59.03
29/12/2022 01:00,,,58.276,,9.708,59.038
29/12/2022 01:30,,,58.256,,9.708,59.016
29/12/2022 02:00,,,58.278,,9.714,59.04
29/12/2022 02:30,,,58.282,,9.7,59.01
29/12/2022 03:00,,,58.256,,9.692,59.024
29/12/2022 03:30,,,58.28,,9.654,59.042
29/12/2022 04:00,,,58.242,,9.68,58.996
29/12/2022 04:30,,,58.242,,9.684,59.038
29/12/2022 05:00,,,58.28,,9.676,59.024
29/12/2022 05:30,,,58.278,,9.666,59.008
29/12/2022 06:00,,,58.282,,9.67,59.026
29/12/2022 06:30,,,58.27,,9.676,59.018
29/12/2022 07:00,,,58.258,,9.686,59.034
29/12/2022 07:30,,,58.292,,9.694,59.014
29/12/2022 08:00,,,58.218,,9.702,59.026
29/12/2022 08:30,,,57.924,,9.688,59.014
29/12/2022 09:00,,,58.292,,9.68,58.506
29/12/2022 09:30,,,58.304,,9.694,58.2
29/12/2022 10:00,,,58.122,,9.338,59.02
29/12/2022 10:30,,,58.282,,9.686,58.896
29/12/2022 11:00,,,58.274,,9.694,58.98
29/12/2022 11:30,,,58.296,,9.678,58.978
29/12/2022 12:00,,,58.262,,9.68,59.016
29/12/2022 12:30,,,58.272,,9.694,59.012
29/12/2022 13:00,,,58.246,,9.692,59.018
29/12/2022 13:30,,,58.27,,9.698,59.04
29/12/2022 14:00,,,58.206,,9.692,59.002
29/12/2022 14:30,,,57.93,,9.532,58.726
29/12/2022 15:00,,,58.258,,9.688,56.052
29/12/2022 15:30,,,58.268,,9.682,57.432
29/12/2022 16:00,,,58.296,,10.06,57.9
29/12/2022 16:30,,,57.948,,9.632,56.288
29/12/2022 17:00,,,57.91,,9.66,58.688
29/12/2022 17:30,,,58.292,,9.66,59.014
29/12/2022 18:00,,,57.648,,9.65,52.708
29/12/2022 18:30,,,57.06,,9.59,49.324
29/12/2022 19:00,,,55.278,,9.138,49.004
29/12/2022 19:30,,,57.534,,9.662,58.494
29/12/2022 20:00,,,58.286,,9.64,54.182
29/12/2022 20:30,,,53.24,,9.48,58.976
29/12/2022 21:00,,,56.774,,9.682,58.592
29/12/2022 21:30,,,58.25,,9.66,58.882
29/12/2022 22:00,,,58.23,,9.664,59.008
29/12/2022 22:30,,,57.596,,9.598,58.828
29/12/2022 23:00,,,55.696,,9.432,58.932
29/12/2022 23:30,,,52.006,,8.764,57.836
30/12/2022 00:00,,,48.2,,6.424,45.42
30/12/2022 00:30,,,35.4,,5.096,25.218
30/12/2022 01:00,,,31.612,,4.742,23.108
30/12/2022 01:30,,,32.956,,5.592,31.854
30/12/2022 02:00,,,41.644,,7.166,38.744
30/12/2022 02:30,,,55.64,,9.31,57.068
30/12/2022 03:00,,,53.802,,9.044,58.822
30/12/2022 03:30,,,55.598,,9.148,57.564
30/12/2022 04:00,,,58.278,,9.632,59
30/12/2022 04:30,,,58.272,,9.642,58.994
30/12/2022 05:00,,,58.24,,9.652,58.976
30/12/2022 05:30,,,58.248,,9.662,59.018
30/12/2022 06:00,,,58.256,,9.65,59.014
30/12/2022 06:30,,,58.278,,9.654,59.016
30/12/2022 07:00,,,58.29,,9.654,58.984
30/12/2022 07:30,,,58.264,,9.656,59.022
30/12/2022 08:00,,,58.208,,9.662,59.008
30/12/2022 08:30,,,58.24,,9.672,59.01
30/12/2022 09:00,,,58.278,,9.674,58.652
30/12/2022 09:30,,,58.286,,9.68,47.738
30/12/2022 10:00,,,58.282,,9.66,36.64
30/12/2022 10:30,,,58.28,,9.676,55.266
30/12/2022 11:00,,,58.29,,17.462,58.984
30/12/2022 11:30,,,57.436,,19.564,58.968
30/12/2022 12:00,,,57.04,,18.63,53.912
30/12/2022 12:30,,,48.576,,18.632,51.876
30/12/2022 13:00,,,30.172,,16.778,58.498
30/12/2022 13:30,,,49.272,,17.304,56.61
30/12/2022 14:00,,,58.338,,19.612,58.736
30/12/2022 14:30,,,58.31,,19.606,59.012
30/12/2022 15:00,,,58.284,,19.616,59.024
30/12/2022 15:30,,,58.292,,19.604,59
30/12/2022 16:00,,,58.28,,19.596,59.012
30/12/2022 16:30,,,58.302,,19.604,59.018
30/12/2022 17:00,,,58.258,,19.602,59.02
30/12/2022 17:30,,,58.29,,19.62,59.012
30/12/2022 18:00,,,58.274,,19.612,58.268
30/12/2022 18:30,,,58.234,,18.424,57.794
30/12/2022 19:00,,,57.884,,18.802,58.654
30/12/2022 19:30,,,58.302,,19.6,59.018
30/12/2022 20:00,,,58.078,,19.092,59.014
30/12/2022 20:30,,,57.412,,18.602,59.006
30/12/2022 21:00,,,58.182,,19.608,59.002
30/12/2022 21:30,,,57.914,,19.602,58.98
30/12/2022 22:00,,,58.124,,19.592,58.996
30/12/2022 22:30,,,58.26,,19.598,59.01
30/12/2022 23:00,,,58.272,,19.61,59
30/12/2022 23:30,,,58.258,,19.612,59.002
31/12/2022 00:00,,,58.288,,19.618,59.018
31/12/2022 00:30,,,58.264,,19.592,58.996
31/12/2022 01:00,,,58.26,,19.588,58.966
31/12/2022 01:30,,,58.294,,19.6,59.02
31/12/2022 02:00,,,58.254,,19.622,58.998
31/12/2022 02:30,,,58.28,,19.61,59.002
31/12/2022 03:00,,,58.3,,19.606,59.016
31/12/2022 03:30,,,58.204,,19.606,59.016
31/12/2022 04:00,,,55.924,,19.59,58.934
31/12/2022 04:30,,,50.748,,19.21,56.274
31/12/2022 05:00,,,32.042,,14.344,41.992
31/12/2022 05:30,,,18.954,,6.866,21.438
31/12/2022 06:00,,,14.768,,5.1,12.036
31/12/2022 06:30,,,9.128,,3.45,8.024
31/12/2022 07:00,,,5.162,,2.004,3.734
31/12/2022 07:30,,,2.172,,0.862,2.216
31/12/2022 08:00,,,1.474,,0.444,1.224
31/12/2022 08:30,,,1.884,,0.61,1.202
31/12/2022 09:00,,,1.418,,0.526,1.72
31/12/2022 09:30,,,0.502,,0.008,0.742
31/12/2022 10:00,,,1.048,,0.446,1.008
31/12/2022 10:30,,,1.31,,0.484,0.956
31/12/2022 11:00,,,0.562,,0.142,
31/12/2022 11:30,,,,,,
31/12/2022 12:00,,,0.278,,0.086,
31/12/2022 12:30,,,0.498,,0.118,
31/12/2022 13:00,,,0.226,,,
31/12/2022 13:30,,,,,,
31/12/2022 14:00,,,,,,
31/12/2022 14:30,,,,,,
31/12/2022 15:00,,,,,,
31/12/2022 15:30,,,,,,
31/12/2022 16:00,,,,,,
31/12/2022 16:30,,,0.422,,0.298,
31/12/2022 17:00,,,1.95,,0.382,
31/12/2022 17:30,,,2.89,,0.564,2.21
31/12/2022 18:00,,,3.774,,1.33,7.338
31/12/2022 18:30,,,8.21,,3.676,15.908
31/12/2022 19:00,,,8.726,,4.426,27.258
31/12/2022 19:30,,,14.084,,9.118,23.288
31/12/2022 20:00,,,18.748,,8.754,24.202
31/12/2022 20:30,,,12.242,,4.488,18.256
31/12/2022 21:00,,,16.022,,5.472,15.138
31/12/2022 21:30,,,18.728,,5.884,13.888
31/12/2022 22:00,,,15.618,,5.644,13.212
31/12/2022 22:30,,,23.682,,7.598,14.336
31/12/2022 23:00,,,22.588,,7.342,13.924
31/12/2022 23:30,,,31.262,,11.536,18.582
01/01/2023 00:00,,,31.512,,13.85,26.792
01/01/2023 00:30,,,30.904,,13.526,36.642
01/01/2023 01:00,,,35.48,,13.916,37.678
01/01/2023 01:30,,,40.36,,16.178,45.532
01/01/2023 02:00,,,40.088,,17.314,51.584
01/01/2023 02:30,,,43.492,,17.088,45.708
01/01/2023 03:00,,,45.008,,17.782,48.2
01/01/2023 03:30,,,47.708,,18.988,50.104
01/01/2023 04:00,,,48.44,,19.002,49.706
01/01/2023 04:30,,,47.038,,16.666,48.704
01/01/2023 05:00,,,46.476,,14.558,37.954
01/01/2023 05:30,,,40.386,,12.824,35.416
01/01/2023 06:00,,,32.126,,10.484,28.658
01/01/2023 06:30,,,26.796,,9.254,25.282
01/01/2023 07:00,,,26.336,,9.15,20.594
01/01/2023 07:30,,,19.312,,8.596,23.712
01/01/2023 08:00,,,15.034,,5.688,17.628
01/01/2023 08:30,,,14.132,,4.504,11.394
01/01/2023 09:00,,,16.54,,6.226,11.48
01/01/2023 09:30,,,18.022,,7.762,15.4
01/01/2023 10:00,,,17.936,,7.654,18.438
01/01/2023 10:30,,,25.266,,9.198,22.208
01/01/2023 11:00,,,21.606,,7.144,22.926
01/01/2023 11:30,,,13.204,,5.542,11.888
01/01/2023 12:00,,,14.518,,6.578,15.464
01/01/2023 12:30,,,17.42,,8.366,25.296
01/01/2023 13:00,,,13.536,,9.356,30.998
01/01/2023 13:30,,,11.586,,8.02,25.66
01/01/2023 14:00,,,8.492,,5.34,22.434
01/01/2023 14:30,,,10.22,,7,20.086
01/01/2023 15:00,,,12.774,,8.632,30.25
01/01/2023 15:30,,,19.928,,9.182,21.406
01/01/2023 16:00,,,19.698,,9.826,19.41
01/01/2023 16:30,,,24.076,,10.368,23.95
01/01/2023 17:00,,,24.828,,9.022,23.572
01/01/2023 17:30,,,20.58,,8.762,22.304
01/01/2023 18:00,,,22.482,,8.128,16.862
01/01/2023 18:30,,,17.75,,7.3,13.91
01/01/2023 19:00,,,16.502,,6.762,11.64
01/01/2023 19:30,,,10.512,,4.888,7.582
01/01/2023 20:00,,,8.612,,3.61,4.402
01/01/2023 20:30,,,7.418,,2.81,2.994
01/01/2023 21:00,,,7.862,,2.546,1.846
01/01/2023 21:30,,,6.808,,1.88,1.834
01/01/2023 22:00,,,6.106,,1.156,0.718
01/01/2023 22:30,,,2.36,,0.752,0.508
01/01/2023 23:00,,,1.276,,0.416,0.32
01/01/2023 23:30,,,1.634,,0.73,0.426
02/01/2023 00:00,,,3.696,,0.984,1.236
02/01/2023 00:30,,,3.518,,0.788,2.188
02/01/2023 01:00,,,1.606,,0.472,2.446
02/01/2023 01:30,,,2.638,,1.156,7.656
02/01/2023 02:00,,,8.554,,3.042,10.6
02/01/2023 02:30,,,10.744,,3.596,11.172
02/01/2023 03:00,,,11.4,,5.134,11.166
02/01/2023 03:30,,,16.954,,6.164,14.374
02/01/2023 04:00,,,18.464,,6.018,9.464
02/01/2023 04:30,,,14.846,,4.482,8.552
02/01/2023 05:00,,,10.554,,3.754,9.906
02/01/2023 05:30,,,10.284,,3.88,10.082
02/01/2023 06:00,,,9.222,,3.79,11.902
02/01/2023 06:30,,,11.08,,5.052,12.702
02/01/2023 07:00,,,12.01,,5.89,14.02
02/01/2023 07:30,,,14.934,,7.054,12.018
02/01/2023 08:00,,,14.89,,5.748,11.932
02/01/2023 08:30,,,13.87,,4.994,12.268
02/01/2023 09:00,,,13.274,,5.162,15.378
02/01/2023 09:30,,,13.102,,6.016,19.092
02/01/2023 10:00,,,16.33,,7.584,20.26
02/01/2023 10:30,,,15.332,,6.166,18.456
02/01/2023 11:00,,,17.452,,7.522,23.074
02/01/2023 11:30,,,21.838,,9.122,23.216
02/01/2023 12:00,,,29.182,,11.728,23.42
02/01/2023 12:30,,,31.218,,15.214,31.186
02/01/2023 13:00,,,41.782,,17.816,38.15
02/01/2023 13:30,,,41.17,,16.264,36.448
02/01/2023 14:00,,,42.432,,16.348,29.352
02/01/2023 14:30,,,41.958,,15.556,36.536
02/01/2023 15:00,,,44.136,,17.814,39.186
02/01/2023 15:30,,,45.066,,17.52,31.434
02/01/2023 16:00,,,42.472,,17.714,37.36
02/01/2023 16:30,,,38.658,,16.208,32.18
02/01/2023 17:00,,,42.182,,16.084,32.438
02/01/2023 17:30,,,37.48,,15.29,28.858
02/01/2023 18:00,,,29.548,,10.874,25.146
02/01/2023 18:30,,,27.992,,9.632,26.046
02/01/2023 19:00,,,36.53,,12.498,27.356
02/01/2023 19:30,,,32.666,,12.89,26.368
02/01/2023 20:00,,,28.908,,12.602,22.488
02/01/2023 20:30,,,30.302,,11.306,23.048
02/01/2023 21:00,,,36.256,,11.97,24.498
02/01/2023 21:30,,,31.07,,12.558,32.858
02/01/2023 22:00,,,25.558,,14.614,39.134
02/01/2023 22:30,,,23.8,,10.434,35.258
02/01/2023 23:00,,,18.578,,7.672,24.392
02/01/2023 23:30,,,21.082,,8.122,22.894
03/01/2023 00:00,,,23.518,,8.072,20.2
03/01/2023 00:30,,,18.004,,5.8,23.19
03/01/2023 01:00,,,19.862,,8.478,21.054
03/01/2023 01:30,,,24.9,,9.186,18.746
03/01/2023 02:00,,,35.71,,14.32,26.582
03/01/2023 02:30,,,39.154,,16.466,37.966
03/01/2023 03:00,,,31.85,,13.208,36.624
03/01/2023 03:30,,,38.052,,14.086,34.748
03/01/2023 04:00,,,43.786,,16.644,39.19
03/01/2023 04:30,,,47.534,,18.636,45.506
03/01/2023 05:00,,,47.696,,19.032,42.516
03/01/2023 05:30,,,47.694,,19.064,44.654
03/01/2023 06:00,,,48.704,,18.742,48.272
03/01/2023 06:30,,,48.706,,19.592,48.918
03/01/2023 07:00,,,48.696,,19.594,48.266
03/01/2023 07:30,,,48.704,,19.608,49.16
03/01/2023 08:00,,,48.718,,19.612,49.104
03/01/2023 08:30,,,48.708,,19.618,49.148
03/01/2023 09:00,,,48.74,,19.618,49.148
03/01/2023 09:30,,,48.73,,19.6,49.144
03/01/2023 10:00,,,48.714,,19.59,49.142
03/01/2023 10:30,,,48.726,,19.592,49.164
03/01/2023 11:00,,,48.728,,19.62,49.158
03/01/2023 11:30,,,48.706,,19.614,49.13
03/01/2023 12:00,,,48.732,,19.614,49.15
03/01/2023 12:30,,,48.696,,19.598,49.15
03/01/2023 13:00,,,48.716,,19.498,47.54
03/01/2023 13:30,,,47.712,,19.262,47.472
03/01/2023 14:00,,,48.616,,18.19,46.798
03/01/2023 14:30,,,46.802,,18.312,48.25
03/01/2023 15:00,,,47.606,,19.572,48.094
03/01/2023 15:30,,,47.542,,18.646,48.224
03/01/2023 16:00,,,48.712,,19.596,48.204
03/01/2023 16:30,,,48.682,,18.91,49.166
03/01/2023 17:00,,,48.716,,19.388,47.222
03/01/2023 17:30,,,48.676,,18.674,49.15
03/01/2023 18:00,,,48.704,,19.584,49.124
03/01/2023 18:30,,,48.692,,19.59,49.146
03/01/2023 19:00,,,48.69,,19.586,49.13
03/01/2023 19:30,,,48.716,,19.604,49.138
03/01/2023 20:00,,,48.674,,19.6,49.138
03/01/2023 20:30,,,48.702,,18.764,48.194
03/01/2023 21:00,,,47.26,,18.154,47.89
03/01/2023 21:30,,,46.954,,19.576,48
03/01/2023 22:00,,,48.69,,18.334,48.998
03/01/2023 22:30,,,46.876,,19.598,46.312
03/01/2023 23:00,,,48.704,,18.652,46.568
03/01/2023 23:30,,,45.984,,18.668,47.31
04/01/2023 00:00,,,45.786,,18.602,46.222
04/01/2023 00:30,,,48.606,,19.588,46.132
04/01/2023 01:00,,,48.71,,19.606,49.138
04/01/2023 01:30,,,48.67,,19.584,49.16
04/01/2023 02:00,,,48.702,,19.608,49.142
04/01/2023 02:30,,,48.696,,19.59,49.16
04/01/2023 03:00,,,48.708,,19.598,49.152
04/01/2023 03:30,,,48.7,,19.618,49.174
04/01/2023 04:00,,,48.688,,19.618,49.162
04/01/2023 04:30,,,48.724,,19.606,49.17
04/01/2023 05:00,,,48.69,,19.606,49.112
04/01/2023 05:30,,,48.722,,19.6,49.164
04/01/2023 06:00,,,48.008,,19.61,49.138
04/01/2023 06:30,,,48.124,,19.618,49.158
04/01/2023 07:00,,,48.518,,19.606,49.146
04/01/2023 07:30,,,48.704,,19.624,49.08
04/01/2023 08:00,,,48.476,,19.106,46.518
04/01/2023 08:30,,,45.298,,17.662,35.028
04/01/2023 09:00,,,38.6,,13.454,28.914
04/01/2023 09:30,,,29.226,,9.77,20.006
04/01/2023 10:00,,,18.144,,7.322,17.324
04/01/2023 10:30,,,15.398,,6.178,15.78
04/01/2023 11:00,,,14.392,,6.478,16.058
04/01/2023 11:30,,,17.48,,6.44,13.174
04/01/2023 12:00,,,14.648,,4.75,7.992
04/01/2023 12:30,,,13.11,,4.964,9.488
04/01/2023 13:00,,,11.766,,4.604,9.458
04/01/2023 13:30,,,13.848,,5.868,12.726
04/01/2023 14:00,,,14.988,,6.666,14.184
04/01/2023 14:30,,,15.476,,10,23.412
04/01/2023 15:00,,,15.864,,10.924,23.706
04/01/2023 15:30,,,20.182,,10.924,30.462
04/01/2023 16:00,,,40.896,,16.076,43.214
04/01/2023 16:30,,,45.638,,18.718,46.038
04/01/2023 17:00,,,46.796,,18.904,46.744
04/01/2023 17:30,,,41.484,,17.384,36.164
04/01/2023 18:00,,,37.396,,14.518,26.7
04/01/2023 18:30,,,37.674,,15.632,27.548
04/01/2023 19:00,,,27.564,,12.878,19.99
04/01/2023 19:30,,,34.728,,13.764,27.45
04/01/2023 20:00,,,36.014,,14.78,36.948
04/01/2023 20:30,,,30.096,,12.07,34.546
04/01/2023 21:00,,,23.8,,10.606,31.582
04/01/2023 21:30,,,23.478,,8.462,26.91
04/01/2023 22:00,,,21.574,,8.064,25.802
04/01/2023 22:30,,,17.922,,6.688,21.54
04/01/2023 23:00,,,16.32,,5.88,16.96
04/01/2023 23:30,,,16.208,,5.29,16.742
05/01/2023 00:00,,,16.186,,4.55,10.974
05/01/2023 00:30,,,14.698,,5.766,10.656
05/01/2023 01:00,,,20.77,,9.888,13.616
05/01/2023 01:30,,,22.358,,10.662,12.788
05/01/2023 02:00,,,13.856,,9.314,14.422
05/01/2023 02:30,,,17.304,,8.254,13.298
05/01/2023 03:00,,,14.072,,6.236,12.956
05/01/2023 03:30,,,9.456,,6.196,9.274
05/01/2023 04:00,,,8.132,,4.544,4.654
05/01/2023 04:30,,,6.39,,2.962,1.098
05/01/2023 05:00,,,5.458,,2.196,1.582
05/01/2023 05:30,,,5.86,,1.072,0.91
05/01/2023 06:00,,,2.95,,0.788,0.792
05/01/2023 06:30,,,0.608,,0.496,0.966
05/01/2023 07:00,,,,,0.008,
05/01/2023 07:30,,,1.422,,0.346,1.234
05/01/2023 08:00,,,2.592,,0.79,1.032
05/01/2023 08:30,,,2.386,,0.882,1.776
05/01/2023 09:00,,,5.412,,1.814,4.508
05/01/2023 09:30,,,8.656,,3.722,7.502
05/01/2023 10:00,,,5.92,,1.646,6.104
05/01/2023 10:30,,,5.222,,2.044,5.044
05/01/2023 11:00,,,4.296,,2.196,4.902
05/01/2023 11:30,,,6.9,,2.268,5.556
05/01/2023 12:00,,,8.124,,3.608,7.004
05/01/2023 12:30,,,9.812,,4.132,9.686
05/01/2023 13:00,,,20.034,,7.19,16.58
05/01/2023 13:30,,,36.49,,14.5,32.112
05/01/2023 14:00,,,47.52,,19.076,45.234
05/01/2023 14:30,,,48.642,,18.574,48.7
05/01/2023 15:00,,,47.778,,18.732,50.694
05/01/2023 15:30,,,48.736,,19.682,49.006
05/01/2023 16:00,,,48.7,,19.696,49.746
05/01/2023 16:30,,,48.728,,19.672,56.784
05/01/2023 17:00,,,48.688,,19.684,60.468
05/01/2023 17:30,,,48.722,,19.672,67.172
05/01/2023 18:00,,,48.698,,19.694,68.89
05/01/2023 18:30,,,48.72,,19.686,68.922
05/01/2023 19:00,,,48.714,,19.676,68.892
05/01/2023 19:30,,,48.684,,19.674,68.908
05/01/2023 20:00,,,48.696,,19.68,68.898
05/01/2023 20:30,,,48.732,,19.698,68.888
05/01/2023 21:00,,,48.738,,19.68,68.932
05/01/2023 21:30,,,48.71,,19.692,68.902
05/01/2023 22:00,,,48.696,,19.668,68.93
05/01/2023 22:30,,,48.748,,19.67,68.886
05/01/2023 23:00,,,48.708,,19.672,68.95
05/01/2023 23:30,,,48.756,,19.642,68.91
06/01/2023 00:00,,,48.672,,19.682,68.9
06/01/2023 00:30,,,48.68,,19.67,69.216
06/01/2023 01:00,,,48.686,,19.664,75.794
06/01/2023 01:30,,,48.73,,19.65,77.91
06/01/2023 02:00,,,48.71,,19.656,78.676
06/01/2023 02:30,,,48.712,,19.68,78.67
06/01/2023 03:00,,,48.67,,19.682,78.69
06/01/2023 03:30,,,48.696,,19.678,78.672
06/01/2023 04:00,,,48.716,,19.676,78.674
06/01/2023 04:30,,,48.732,,19.668,78.696
06/01/2023 05:00,,,48.714,,19.656,78.678
06/01/2023 05:30,,,48.696,,19.684,78.658
06/01/2023 06:00,,,48.672,,19.68,78.708
06/01/2023 06:30,,,48.726,,19.672,78.666
06/01/2023 07:00,,,47.92,,19.108,78.66
06/01/2023 07:30,,,39.428,,18.918,78.654
06/01/2023 08:00,,,45.73,,19.352,78.702
06/01/2023 08:30,,,46.504,,17.756,78.65
06/01/2023 09:00,,,47.192,,19.49,78.69
06/01/2023 09:30,,,48.698,,19.686,78.676
06/01/2023 10:00,,,48.72,,19.66,78.688
06/01/2023 10:30,,,48.676,,19.674,78.666
06/01/2023 11:00,,,48.698,,19.664,78.696
06/01/2023 11:30,,,48.716,,19.67,78.67
06/01/2023 12:00,,,48.714,,19.68,78.692
06/01/2023 12:30,,,48.732,,19.682,78.68
06/01/2023 13:00,,,48.666,,19.666,78.67
06/01/2023 13:30,,,48.706,,19.668,78.704
06/01/2023 14:00,,,48.72,,19.67,78.67
06/01/2023 14:30,,,48.74,,19.686,78.698
06/01/2023 15:00,,,48.732,,19.692,78.666
06/01/2023 15:30,,,47.606,,19.684,78.684
06/01/2023 16:00,,,48.712,,19.66,78.638
06/01/2023 16:30,,,48.712,,19.668,78.68
06/01/2023 17:00,,,41.728,,17.638,78.294
06/01/2023 17:30,,,37.964,,17.944,74.15
06/01/2023 18:00,,,45.388,,19.092,72.492
06/01/2023 18:30,,,34.738,,13.338,64.228
06/01/2023 19:00,,,26.94,,10.544,34.516
06/01/2023 19:30,,,29.636,,10.456,37.814
06/01/2023 20:00,,,30.276,,12.046,38.924
06/01/2023 20:30,,,28.172,,12.124,51.284
06/01/2023 21:00,,,31.24,,12.176,42.732
06/01/2023 21:30,,,46.306,,18.528,59.272
06/01/2023 22:00,,,48.718,,19.712,78.438
06/01/2023 22:30,,,48.712,,19.7,78.688
06/01/2023 23:00,,,47.808,,19.646,76.748
06/01/2023 23:30,,,48.724,,19.7,78.628
07/01/2023 00:00,,,48.686,,19.692,78.668
07/01/2023 00:30,,,48.722,,19.688,78.64
07/01/2023 01:00,,,48.704,,19.692,78.668
07/01/2023 01:30,,,48.696,,19.684,78.68
07/01/2023 02:00,,,48.718,,19.69,78.626
07/01/2023 02:30,,,48.698,,19.678,78.662
07/01/2023 03:00,,,48.714,,19.664,78.652
07/01/2023 03:30,,,48.69,,19.682,78.654
07/01/2023 04:00,,,48.686,,19.686,78.674
07/01/2023 04:30,,,48.744,,19.67,78.62
07/01/2023 05:00,,,48.716,,19.692,78.686
07/01/2023 05:30,,,48.708,,19.686,78.652
07/01/2023 06:00,,,48.692,,19.69,77.506
07/01/2023 06:30,,,48.714,,19.686,73.856
07/01/2023 07:00,,,48.738,,19.69,78.668
07/01/2023 07:30,,,47.84,,18.768,69.924
07/01/2023 08:00,,,47.8,,18.726,68.894
07/01/2023 08:30,,,46.656,,18.744,65.798
07/01/2023 09:00,,,44.996,,18.506,64.86
07/01/2023 09:30,,,47.528,,17.946,67.284
07/01/2023 10:00,,,45.302,,18.614,70.26
07/01/2023 10:30,,,46.22,,19.298,64.218
07/01/2023 11:00,,,44.794,,18.004,66.382
07/01/2023 11:30,,,45.206,,18.712,68.346
07/01/2023 12:00,,,48.726,,19.69,68.436
07/01/2023 12:30,,,48.722,,19.696,66.86
07/01/2023 13:00,,,46.786,,14.566,27.03
07/01/2023 13:30,,,20.828,,6.79,24.36
07/01/2023 14:00,,,44.086,,17.344,62.498
07/01/2023 14:30,,,48.738,,18.426,74.378
07/01/2023 15:00,,,48.722,,19.508,73.27
07/01/2023 15:30,,,48.676,,19.042,78.334
07/01/2023 16:00,,,47.932,,19.438,77.408
07/01/2023 16:30,,,46.57,,18.788,78.2
07/01/2023 17:00,,,48.3,,19.464,77.556
07/01/2023 17:30,,,48.704,,19.648,76.372
07/01/2023 18:00,,,48.686,,18.66,76.834
07/01/2023 18:30,,,48.696,,19.658,78.678
07/01/2023 19:00,,,48.33,,19.624,78.662
07/01/2023 19:30,,,48.712,,18.724,77.754
07/01/2023 20:00,,,48.718,,19.646,78.664
07/01/2023 20:30,,,48.706,,19.664,77.496
07/01/2023 21:00,,,48.684,,18.65,76.778
07/01/2023 21:30,,,48.72,,19.648,78.604
07/01/2023 22:00,,,48.718,,19.662,78.686
07/01/2023 22:30,,,48.696,,19.646,78.666
07/01/2023 23:00,,,48.724,,19.652,78.684
07/01/2023 23:30,,,48.688,,19.656,78.684
08/01/2023 00:00,,,48.7,,19.662,78.668
08/01/2023 00:30,,,48.724,,19.656,78.702
08/01/2023 01:00,,,48.696,,19.656,78.676
08/01/2023 01:30,,,48.708,,19.654,78.678
08/01/2023 02:00,,,48.698,,20.48,78.684
08/01/2023 02:30,,,48.698,,27.28,78.708
08/01/2023 03:00,,,48.71,,28.922,78.658
08/01/2023 03:30,,,48.734,,29.51,78.712
08/01/2023 04:00,,,48.702,,29.492,78.648
08/01/2023 04:30,,,48.718,,29.512,78.704
08/01/2023 05:00,,,48.704,,29.352,77.938
08/01/2023 05:30,,,48.724,,29.458,77.44
08/01/2023 06:00,,,48.708,,29.464,76.996
08/01/2023 06:30,,,48.728,,29.494,73.666
08/01/2023 07:00,,,48.678,,29.442,77.482
08/01/2023 07:30,,,48.67,,27.946,77.43
08/01/2023 08:00,,,46.006,,29.216,76.018
08/01/2023 08:30,,,41.036,,28.214,69.032
08/01/2023 09:00,,,48.512,,33.312,68.49
08/01/2023 09:30,,,48.582,,36.402,71.414
08/01/2023 10:00,,,45.758,,39.278,78.658
08/01/2023 10:30,,,45.518,,38.05,77.634
08/01/2023 11:00,,,48.506,,31.296,77.622
08/01/2023 11:30,,,48.708,,38.514,77.106
08/01/2023 12:00,,,48.698,,39.386,75.402
08/01/2023 12:30,,,48.74,,39.416,78.43
08/01/2023 13:00,,,48.722,,39.374,76.96
08/01/2023 13:30,,,48.708,,38.378,77.66
08/01/2023 14:00,,,46.114,,39.252,78.254
08/01/2023 14:30,,,48.082,,37.676,78.68
08/01/2023 15:00,,,48.686,,38.376,78.314
08/01/2023 15:30,,,47.32,,36.574,70.778
08/01/2023 16:00,,,43.462,,36.894,75.71
08/01/2023 16:30,,,44.076,,36.242,75.656
08/01/2023 17:00,,,42.68,,35.584,78.926
08/01/2023 17:30,,,46.888,,37.918,76.034
08/01/2023 18:00,,,41.104,,34.302,81.656
08/01/2023 18:30,,,33.322,,27.32,56.47
08/01/2023 19:00,,,31.394,,25.704,46.834
08/01/2023 19:30,,,37.212,,31.466,58.714
08/01/2023 20:00,,,46.242,,37.312,69.574
08/01/2023 20:30,,,43.188,,37.8,72.052
08/01/2023 21:00,,,39.276,,29.598,75.448
08/01/2023 21:30,,,33.768,,21.23,60.058
08/01/2023 22:00,,,34.214,,18.196,49.648
08/01/2023 22:30,,,30.574,,23.306,43.138
08/01/2023 23:00,,,25.088,,23.616,30.678
08/01/2023 23:30,,,19.18,,18.836,27.834
09/01/2023 00:00,,,16.922,,13.952,24.424
09/01/2023 00:30,,,11.244,,11.79,19.376
09/01/2023 01:00,,,15.316,,14.708,22.572
09/01/2023 01:30,,,14.064,,15.358,23.024
09/01/2023 02:00,,,16.154,,14.96,28.148
09/01/2023 02:30,,,15.114,,12.886,29.494
09/01/2023 03:00,,,19.148,,17.956,36.254
09/01/2023 03:30,,,18.876,,16.236,46.888
09/01/2023 04:00,,,21.09,,18.484,42.636
09/01/2023 04:30,,,22.544,,25.584,50.91
09/01/2023 05:00,,,30.71,,33.448,47.004
09/01/2023 05:30,,,34.824,,36.75,48.134
09/01/2023 06:00,,,33.726,,31.05,36.11
09/01/2023 06:30,,,24.51,,20.398,52.51
09/01/2023 07:00,,,31.244,,31.836,58.244
09/01/2023 07:30,,,34.908,,24.802,58.546
09/01/2023 08:00,,,40.87,,21.446,51.192
09/01/2023 08:30,,,34.96,,19.752,50.258
09/01/2023 09:00,,,36.192,,23.342,48.392
09/01/2023 09:30,,,33.448,,30.34,55.202
09/01/2023 10:00,,,29.348,,30.156,53.996
09/01/2023 10:30,,,31.306,,42.92,57.658
09/01/2023 11:00,,,35.084,,45.186,60.344
09/01/2023 11:30,,,45.256,,43.894,52.674
09/01/2023 12:00,,,48.624,,43.158,54.518
09/01/2023 12:30,,,48.502,,45.044,67.97
09/01/2023 13:00,,,47.476,,47.118,59.266
09/01/2023 13:30,,,44.04,,46.122,65.15
09/01/2023 14:00,,,45.798,,44.804,69.384
09/01/2023 14:30,,,47.806,,48.244,77.61
09/01/2023 15:00,,,48.58,,47.13,75.516
09/01/2023 15:30,,,48.112,,47.812,76.254
09/01/2023 16:00,,,48.74,,48.864,77.056
09/01/2023 16:30,,,47.514,,47.298,65.62
09/01/2023 17:00,,,33.93,,41.388,62.136
09/01/2023 17:30,,,36.14,,36.852,57.104
09/01/2023 18:00,,,39.934,,37.988,69.916
09/01/2023 18:30,,,35.574,,35.714,54.48
09/01/2023 19:00,,,34.572,,43.592,76.99
09/01/2023 19:30,,,47.87,,44.148,87.29
09/01/2023 20:00,,,30.614,,36.55,65.232
09/01/2023 20:30,,,24.312,,37.456,52.542
09/01/2023 21:00,,,35.346,,43.57,75.916
09/01/2023 21:30,,,48.07,,44.472,83.844
09/01/2023 22:00,,,46.948,,37.064,64.08
09/01/2023 22:30,,,32.616,,20.308,54.036
09/01/2023 23:00,,,27.78,,28.69,38.144
09/01/2023 23:30,,,29.36,,23.55,31.862
10/01/2023 00:00,,,28.23,,34.078,70.252
10/01/2023 00:30,,,38.23,,49.214,88.468
10/01/2023 01:00,,,48.74,,49.208,88.328
10/01/2023 01:30,,,48.338,,48.502,84.512
10/01/2023 02:00,,,46.964,,47.756,86.788
10/01/2023 02:30,,,48.408,,48.302,85.71
10/01/2023 03:00,,,45,,48.006,84.424
10/01/2023 03:30,,,46.562,,48.252,82.138
10/01/2023 04:00,,,45.448,,42.826,82.342
10/01/2023 04:30,,,41.444,,40.686,69.288
10/01/2023 05:00,,,44.318,,45.336,78.656
10/01/2023 05:30,,,45.898,,40.764,78.268
10/01/2023 06:00,,,36.978,,38.642,66.932
10/01/2023 06:30,,,45.594,,44.312,73.722
10/01/2023 07:00,,,47.338,,46.742,80.53
10/01/2023 07:30,,,45.95,,45.966,76.584
10/01/2023 08:00,,,48.316,,48.984,85.338
10/01/2023 08:30,,,48.658,,48.076,87.748
10/01/2023 09:00,,,48.128,,46.24,80.618
10/01/2023 09:30,,,48.566,,47.256,87.084
10/01/2023 10:00,,,47.832,,48.272,86.656
10/01/2023 10:30,,,48.714,,49.216,88.484
10/01/2023 11:00,,,48.682,,49.222,88.512
10/01/2023 11:30,,,48.722,,49.2,88.502
10/01/2023 12:00,,,48.692,,49.228,88.534
10/01/2023 12:30,,,48.682,,49.23,88.492
10/01/2023 13:00,,,48.728,,49.202,88.482
10/01/2023 13:30,,,48.754,,49.22,88.51
10/01/2023 14:00,,,48.692,,49.226,88.484
10/01/2023 14:30,,,48.696,,49.234,88.496
10/01/2023 15:00,,,48.704,,49.198,88.498
10/01/2023 15:30,,,48.712,,49.21,87.552
10/01/2023 16:00,,,48.706,,49.238,88.51
10/01/2023 16:30,,,48.698,,49.22,88.476
10/01/2023 17:00,,,48.71,,49.212,88.478
10/01/2023 17:30,,,48.692,,49.194,88.452
10/01/2023 18:00,,,48.706,,49.23,88.462
10/01/2023 18:30,,,48.7,,49.21,95.26
10/01/2023 19:00,,,48.686,,49.222,97.764
10/01/2023 19:30,,,48.666,,49.206,98.212
10/01/2023 20:00,,,48.71,,49.196,98.27
10/01/2023 20:30,,,48.712,,49.226,98.224
10/01/2023 21:00,,,48.714,,49.23,98.232
10/01/2023 21:30,,,48.718,,49.218,98.218
10/01/2023 22:00,,,55.126,,49.204,98.232
10/01/2023 22:30,,,58.016,,49.216,98.25
10/01/2023 23:00,,,58.41,,49.22,98.224
10/01/2023 23:30,,,58.414,,49.222,98.234
11/01/2023 00:00,,,58.38,,49.232,98.208
11/01/2023 00:30,,,58.392,,49.224,98.228
11/01/2023 01:00,,,55.356,,49.2,98.214
11/01/2023 01:30,,,58.428,,49.21,98.242
11/01/2023 02:00,,,58.374,,49.234,98.226
11/01/2023 02:30,,,58.434,,49.198,98.204
11/01/2023 03:00,,,58.38,,49.216,98.242
11/01/2023 03:30,,,58.386,,49.24,98.236
11/01/2023 04:00,,,58.368,,49.188,98.192
11/01/2023 04:30,,,58.402,,49.216,98.216
11/01/2023 05:00,,,58.418,,49.228,98.24
11/01/2023 05:30,,,58.37,,49.218,98.224
11/01/2023 06:00,,,58.4,,49.226,98.226
11/01/2023 06:30,,,58.4,,49.214,98.216
11/01/2023 07:00,,,58.418,,49.24,98.21
11/01/2023 07:30,,,58.374,,49.204,98.24
11/01/2023 08:00,,,58.39,,49.204,98.27
11/01/2023 08:30,,,58.358,,49.214,98.192
11/01/2023 09:00,,,58.416,,49.21,98.266
11/01/2023 09:30,,,58.368,,49.208,98.206
11/01/2023 10:00,,,58.368,,49.222,98.248
11/01/2023 10:30,,,58.368,,49.212,98.254
11/01/2023 11:00,,,58.384,,49.226,98.24
11/01/2023 11:30,,,58.398,,49.198,98.228
11/01/2023 12:00,,,58.356,,49.216,98.21
11/01/2023 12:30,,,58.412,,49.212,98.252
11/01/2023 13:00,,,58.386,,49.216,98.198
11/01/2023 13:30,,,58.39,,49.232,98.242
11/01/2023 14:00,,,58.426,,49.224,98.016
11/01/2023 14:30,,,58.414,,49.22,96.976
11/01/2023 15:00,,,58.406,,49.216,98.252
11/01/2023 15:30,,,58.39,,49.232,95.774
11/01/2023 16:00,,,58.368,,49.198,98.248
11/01/2023 16:30,,,58.414,,49.218,98.25
11/01/2023 17:00,,,58.42,,49.238,98.262
11/01/2023 17:30,,,58.396,,49.214,98.194
11/01/2023 18:00,,,58.378,,49.208,98.226
11/01/2023 18:30,,,58.418,,49.23,98.238
11/01/2023 19:00,,,58.388,,49.22,95.702
11/01/2023 19:30,,,58.404,,49.214,98.264
11/01/2023 20:00,,,58.39,,49.208,98.194
11/01/2023 20:30,,,58.404,,49.226,98.22
11/01/2023 21:00,,,58.39,,49.212,98.226
11/01/2023 21:30,,,58.372,,49.22,98.224
11/01/2023 22:00,,,58.38,,49.218,98.246
11/01/2023 22:30,,,58.394,,49.198,98.234
11/01/2023 23:00,,,58.418,,49.232,98.216
11/01/2023 23:30,,,58.39,,49.212,94.124
12/01/2023 00:00,,,58.352,,49.22,88.46
12/01/2023 00:30,,,58.36,,49.242,88.478
12/01/2023 01:00,,,58.11,,49.2,88.48
12/01/2023 01:30,,,56.438,,49.096,88.468
12/01/2023 02:00,,,57.634,,46.752,85.646
12/01/2023 02:30,,,54.752,,44.798,76.866
12/01/2023 03:00,,,50.268,,43.234,77.988
12/01/2023 03:30,,,38.142,,38.938,76.652
12/01/2023 04:00,,,34.21,,34.786,68.09
12/01/2023 04:30,,,35.194,,28.922,52.396
12/01/2023 05:00,,,35.33,,35.57,56.318
12/01/2023 05:30,,,32.578,,37.348,59.932
12/01/2023 06:00,,,35.612,,30.972,50.628
12/01/2023 06:30,,,34.128,,31.704,50.772
12/01/2023 07:00,,,29.304,,26.584,39.254
12/01/2023 07:30,,,26.094,,27.004,38.41
12/01/2023 08:00,,,22.386,,25.594,38.714
12/01/2023 08:30,,,21.306,,17.146,29.718
12/01/2023 09:00,,,12.888,,10.678,19.522
12/01/2023 09:30,,,15.1,,10.91,15.69
12/01/2023 10:00,,,15.49,,16.804,22.578
12/01/2023 10:30,,,38.642,,32.134,44.52
12/01/2023 11:00,,,35.746,,32.318,47.292
12/01/2023 11:30,,,43.376,,40.43,62.232
12/01/2023 12:00,,,56.498,,48.756,89.428
12/01/2023 12:30,,,58.312,,47.282,96.572
12/01/2023 13:00,,,58.402,,49.206,98.254
12/01/2023 13:30,,,58.372,,49.226,98.226
12/01/2023 14:00,,,58.344,,49.22,97.566
12/01/2023 14:30,,,58.176,,48.082,95.778
12/01/2023 15:00,,,58.396,,49.14,98.242
12/01/2023 15:30,,,58.33,,49.07,98.24
12/01/2023 16:00,,,58.186,,49.2,98.19
12/01/2023 16:30,,,58.366,,49.24,98.202
12/01/2023 17:00,,,58.226,,49.222,98.226
12/01/2023 17:30,,,58.412,,49.254,98.228
12/01/2023 18:00,,,55.032,,49.208,98.186
12/01/2023 18:30,,,54.648,,49.222,98.152
12/01/2023 19:00,,,58.43,,49.238,97.956
12/01/2023 19:30,,,58.406,,49.236,97.758
12/01/2023 20:00,,,58.412,,48.268,97.266
12/01/2023 20:30,,,58.408,,49.236,93.242
12/01/2023 21:00,,,58.408,,49.248,98.024
12/01/2023 21:30,,,58.34,,49.234,98.218
12/01/2023 22:00,,,58.262,,49.21,98.234
12/01/2023 22:30,,,58.312,,49.252,98.194
12/01/2023 23:00,,,58.426,,49.232,98.204
12/01/2023 23:30,,,58.36,,49.228,98.214
13/01/2023 00:00,,,58.398,,49.21,98.232
13/01/2023 00:30,,,58.354,,49.22,93.684
13/01/2023 01:00,,,58.172,,48.996,88.848
13/01/2023 01:30,,,57.212,,42.914,73.772
13/01/2023 02:00,,,54.934,,35.992,87.76
13/01/2023 02:30,,,52.234,,35.688,87.668
13/01/2023 03:00,,,56.092,,41.282,82
13/01/2023 03:30,,,57.454,,45.024,85.352
13/01/2023 04:00,,,58.418,,48.854,87.758
13/01/2023 04:30,,,58.358,,49.248,88.028
13/01/2023 05:00,,,58.392,,48.75,88.428
13/01/2023 05:30,,,58.44,,49.204,88.484
13/01/2023 06:00,,,58.398,,49.24,88.46
13/01/2023 06:30,,,58.376,,49.218,88.482
13/01/2023 07:00,,,58.414,,49.232,88.468
13/01/2023 07:30,,,58.386,,49.242,88.466
13/01/2023 08:00,,,58.358,,49.22,97.334
13/01/2023 08:30,,,58.372,,49.224,97.76
13/01/2023 09:00,,,58.42,,49.188,94.054
13/01/2023 09:30,,,57.424,,44.048,92.056
13/01/2023 10:00,,,56.59,,35.858,81.368
13/01/2023 10:30,,,57.01,,35.204,75.85
13/01/2023 11:00,,,56.904,,35.232,75.5
13/01/2023 11:30,,,55.834,,35.25,58.936
13/01/2023 12:00,,,51.442,,37.216,61.058
13/01/2023 12:30,,,42.482,,33.676,56.516
13/01/2023 13:00,,,38.256,,29.202,71.142
13/01/2023 13:30,,,41.51,,39.19,66.642
13/01/2023 14:00,,,37.596,,26.188,55.246
13/01/2023 14:30,,,28.916,,25.144,40.31
13/01/2023 15:00,,,20.332,,25.396,30.326
13/01/2023 15:30,,,36.314,,34.304,24.73
13/01/2023 16:00,,,33.058,,23.61,19.484
13/01/2023 16:30,,,29.144,,22.576,35.736
13/01/2023 17:00,,,34.922,,24.988,41.458
13/01/2023 17:30,,,27.864,,25.23,39.484
13/01/2023 18:00,,,29.746,,24.452,34.148
13/01/2023 18:30,,,31.316,,22.444,27.428
13/01/2023 19:00,,,27.792,,21.778,45.62
13/01/2023 19:30,,,28.894,,31.336,56.082
13/01/2023 20:00,,,29.92,,34.59,57.89
13/01/2023 20:30,,,45.534,,36.606,66.782
13/01/2023 21:00,,,29.644,,26.03,41.812
13/01/2023 21:30,,,24.562,,21.224,38.504
13/01/2023 22:00,,,45.854,,34.378,46.31
13/01/2023 22:30,,,39.896,,30.09,41.44
13/01/2023 23:00,,,42.728,,35.418,47.586
13/01/2023 23:30,,,38.952,,36.402,59.338
14/01/2023 00:00,,,28.404,,19.036,38.286
14/01/2023 00:30,,,11.636,,12.326,19.14
14/01/2023 01:00,,,14.206,,13.822,19.866
14/01/2023 01:30,,,38.3,,30.872,32.422
14/01/2023 02:00,,,34.882,,31.97,52.368
14/01/2023 02:30,,,34.184,,31.524,52.852
14/01/2023 03:00,,,56.888,,48.846,84.05
14/01/2023 03:30,,,57.916,,45.436,85.264
14/01/2023 04:00,,,58.416,,47.772,87.492
14/01/2023 04:30,,,57.492,,48.604,84.764
14/01/2023 05:00,,,58.418,,49.238,88.502
14/01/2023 05:30,,,58.364,,49.202,88.484
14/01/2023 06:00,,,58.416,,48.302,78.734
14/01/2023 06:30,,,58.408,,47.368,78.49
14/01/2023 07:00,,,56.366,,47.22,74.478
14/01/2023 07:30,,,51.19,,43.884,71.102
14/01/2023 08:00,,,33.836,,40.342,56.656
14/01/2023 08:30,,,23.274,,28.314,49.26
14/01/2023 09:00,,,32.968,,31.126,46.558
14/01/2023 09:30,,,48.56,,40.448,59.244
14/01/2023 10:00,,,52.026,,41.698,64.104
14/01/2023 10:30,,,58.108,,49.15,76.6
14/01/2023 11:00,,,58.416,,49.142,78.422
14/01/2023 11:30,,,58.418,,49.252,78.618
14/01/2023 12:00,,,58.404,,49.232,78.61
14/01/2023 12:30,,,58.42,,49.202,78.572
14/01/2023 13:00,,,58.4,,49.234,78.542
14/01/2023 13:30,,,58.364,,49.234,78.582
14/01/2023 14:00,,,58.412,,49.222,78.614
14/01/2023 14:30,,,58.434,,49.238,78.62
14/01/2023 15:00,,,58.356,,49.21,78.588
14/01/2023 15:30,,,58.412,,49.208,78.612
14/01/2023 16:00,,,58.398,,49.21,78.596
14/01/2023 16:30,,,58.386,,49.224,78.616
14/01/2023 17:00,,,58.408,,49.192,78.616
14/01/2023 17:30,,,58.404,,49.242,78.618
14/01/2023 18:00,,,58.418,,49.22,78.622
14/01/2023 18:30,,,58.368,,49.216,78.6
14/01/2023 19:00,,,58.436,,49.198,78.616
14/01/2023 19:30,,,58.096,,40.082,78.226
14/01/2023 20:00,,,58.332,,38.314,78.478
14/01/2023 20:30,,,58.378,,39.408,78.59
14/01/2023 21:00,,,58.402,,39.396,78.572
14/01/2023 21:30,,,58.438,,39.408,78.63
14/01/2023 22:00,,,58.424,,43.426,78.59
14/01/2023 22:30,,,58.41,,49.246,78.398
14/01/2023 23:00,,,58.44,,49.218,78.62
14/01/2023 23:30,,,58.43,,49.248,78.606
15/01/2023 00:00,,,58.436,,49.228,78.564
15/01/2023 00:30,,,58.406,,49.224,78.594
15/01/2023 01:00,,,58.412,,49.246,78.62
15/01/2023 01:30,,,58.426,,49.204,78.59
15/01/2023 02:00,,,58.416,,49.218,78.584
15/01/2023 02:30,,,58.41,,49.226,78.598
15/01/2023 03:00,,,58.436,,49.238,78.59
15/01/2023 03:30,,,58.402,,49.22,78.612
15/01/2023 04:00,,,58.404,,49.206,78.596
15/01/2023 04:30,,,58.394,,49.254,78.57
15/01/2023 05:00,,,58.422,,49.188,78.602
15/01/2023 05:30,,,58.394,,49.222,78.624
15/01/2023 06:00,,,58.416,,49.244,78.598
15/01/2023 06:30,,,58.402,,49.134,78.57
15/01/2023 07:00,,,58.416,,49.22,78.616
15/01/2023 07:30,,,58.426,,49.22,78.588
15/01/2023 08:00,,,58.42,,49.234,78.628
15/01/2023 08:30,,,58.432,,49.224,78.608
15/01/2023 09:00,,,58.384,,49.238,78.602
15/01/2023 09:30,,,58.422,,49.206,78.294
15/01/2023 10:00,,,58.324,,45.35,78.16
15/01/2023 10:30,,,58.374,,47.666,78.476
15/01/2023 11:00,,,58.24,,47.732,78.28
15/01/2023 11:30,,,58.384,,47.342,77.344
15/01/2023 12:00,,,58.402,,45.52,74.66
15/01/2023 12:30,,,58.018,,43.43,67.506
15/01/2023 13:00,,,55.9,,42.996,72.674
15/01/2023 13:30,,,47.124,,47.06,67.226
15/01/2023 14:00,,,51.346,,34.796,61.336
15/01/2023 14:30,,,37.21,,30.73,49.686
15/01/2023 15:00,,,38.546,,17.116,46.216
15/01/2023 15:30,,,19.33,,14.774,26.366
15/01/2023 16:00,,,29.192,,38.148,40.114
15/01/2023 16:30,,,44.664,,35.532,40.294
15/01/2023 17:00,,,32.6,,25.604,51.19
15/01/2023 17:30,,,30.342,,22.562,35.438
15/01/2023 18:00,,,26.926,,21.344,33.272
15/01/2023 18:30,,,25.764,,19.21,35.242
15/01/2023 19:00,,,28.104,,17.894,35.934
15/01/2023 19:30,,,33.55,,27.05,32.116
15/01/2023 20:00,,,22.41,,15.908,20.08
15/01/2023 20:30,,,13.204,,8.756,11.182
15/01/2023 21:00,,,11.394,,10.05,14.566
15/01/2023 21:30,,,10.056,,8.348,11.452
15/01/2023 22:00,,,5.972,,5.3,11.936
15/01/2023 22:30,,,5.05,,5.988,15.092
15/01/2023 23:00,,,11.856,,9.49,17.722
15/01/2023 23:30,,,22.734,,16.288,32.318
16/01/2023 00:00,,,23.956,,23.014,46.306
16/01/2023 00:30,,,29.21,,29.686,47.754
16/01/2023 01:00,,,41.498,,33.444,41.42
16/01/2023 01:30,,,45.522,,37.294,63.132
16/01/2023 02:00,,,51.274,,37.666,52.494
16/01/2023 02:30,,,44.112,,34.208,45.064
16/01/2023 03:00,,,40.644,,29.51,41.206
16/01/2023 03:30,,,34.13,,27.422,39.382
16/01/2023 04:00,,,25.604,,19.386,29.192
16/01/2023 04:30,,,22.402,,19.392,33.116
16/01/2023 05:00,,,36.852,,26.874,40.166
16/01/2023 05:30,,,35.656,,28.706,46.99
16/01/2023 06:00,,,38.996,,31.966,30.338
16/01/2023 06:30,,,30.774,,21.952,26.102
16/01/2023 07:00,,,23.104,,18.664,34.752
16/01/2023 07:30,,,19.994,,19.124,38.892
16/01/2023 08:00,,,18.484,,13.62,22.268
16/01/2023 08:30,,,15.614,,11.882,16.404
16/01/2023 09:00,,,12.992,,10.812,17.096
16/01/2023 09:30,,,14.578,,13.744,18.42
16/01/2023 10:00,,,12.492,,11.94,19.79
16/01/2023 10:30,,,13.326,,14.426,21.31
16/01/2023 11:00,,,9.262,,8.808,13.064
16/01/2023 11:30,,,8.348,,7.932,9.93
16/01/2023 12:00,,,8.804,,7.322,10.928
16/01/2023 12:30,,,7.42,,6.072,7.296
16/01/2023 13:00,,,5.234,,5.734,11.55
16/01/2023 13:30,,,7.27,,8.624,12.946
16/01/2023 14:00,,,9.178,,11.006,16.828
16/01/2023 14:30,,,7.41,,13.38,16.408
16/01/2023 15:00,,,12.268,,16.154,18.776
16/01/2023 15:30,,,21.932,,16.664,27.288
16/01/2023 16:00,,,24.464,,15.69,25.084
16/01/2023 16:30,,,21.696,,19.722,30.02
16/01/2023 17:00,,,23.266,,18.88,36.62
16/01/2023 17:30,,,33.046,,19.59,44.162
16/01/2023 18:00,,,35.396,,15.304,43.71
16/01/2023 18:30,,,36.448,,17.396,57.07
16/01/2023 19:00,,,38.588,,21.118,63.294
16/01/2023 19:30,,,40.016,,24.622,61.71
16/01/2023 20:00,,,46.116,,27.968,57.506
16/01/2023 20:30,,,45.298,,29.12,59.18
16/01/2023 21:00,,,38.808,,33.066,55.158
16/01/2023 21:30,,,41.41,,31.32,57.51
16/01/2023 22:00,,,43.528,,33.082,64.162
16/01/2023 22:30,,,43.988,,34.348,67.826
16/01/2023 23:00,,,47.552,,31.134,65.762
16/01/2023 23:30,,,44.776,,29.848,60.854
17/01/2023 00:00,,,42.986,,29.246,54.382
17/01/2023 00:30,,,41.706,,29.386,56.578
17/01/2023 01:00,,,39.558,,27.278,52.176
17/01/2023 01:30,,,37.498,,24.07,54.072
17/01/2023 02:00,,,39.734,,23.622,59.024
17/01/2023 02:30,,,40.638,,30.322,58.33
17/01/2023 03:00,,,44.156,,26.78,59.786
17/01/2023 03:30,,,41.682,,25.324,49.524
17/01/2023 04:00,,,37.262,,17.906,48.308
17/01/2023 04:30,,,37.936,,21.964,50.686
17/01/2023 05:00,,,35.156,,20.176,55.282
17/01/2023 05:30,,,33.728,,23.354,58.266
17/01/2023 06:00,,,43.188,,27.386,64.26
17/01/2023 06:30,,,43.782,,25.822,59.11
17/01/2023 07:00,,,40.112,,21.562,53.096
17/01/2023 07:30,,,33.474,,21.6,44.714
17/01/2023 08:00,,,29.838,,20.97,44.132
17/01/2023 08:30,,,29.3,,21.464,42.42
17/01/2023 09:00,,,31.036,,26.536,49.84
17/01/2023 09:30,,,32.218,,25.778,42.924
17/01/2023 10:00,,,31.02,,24.526,40.866
17/01/2023 10:30,,,34.182,,27.344,42.548
17/01/2023 11:00,,,30.398,,22.788,30.726
17/01/2023 11:30,,,29.542,,21.858,27.044
17/01/2023 12:00,,,32.528,,23.528,28.96
17/01/2023 12:30,,,31.626,,22.046,37.624
17/01/2023 13:00,,,31.602,,26.794,47.826
17/01/2023 13:30,,,30.91,,31.018,53.798
17/01/2023 14:00,,,38.108,,34.084,58.892
17/01/2023 14:30,,,42.864,,36.494,56.708
17/01/2023 15:00,,,43.622,,36.996,61.926
17/01/2023 15:30,,,46.46,,38.162,69.394
17/01/2023 16:00,,,48.226,,39.14,76.712
17/01/2023 16:30,,,48.668,,39.402,78.534
17/01/2023 17:00,,,48.814,,39.904,78.614
17/01/2023 17:30,,,48.774,,39.406,78.614
17/01/2023 18:00,,,48.82,,40.928,78.646
17/01/2023 18:30,,,48.824,,39.414,78.594
17/01/2023 19:00,,,48.814,,40.632,78.62
17/01/2023 19:30,,,48.774,,40.956,78.592
17/01/2023 20:00,,,48.778,,39.38,78.566
17/01/2023 20:30,,,48.788,,40.816,78.606
17/01/2023 21:00,,,48.802,,43.65,78.574
17/01/2023 21:30,,,48.782,,49.24,77.652
17/01/2023 22:00,,,48.764,,49.226,78.596
17/01/2023 22:30,,,48.78,,36.482,78.62
17/01/2023 23:00,,,48.78,,39.36,78.558
17/01/2023 23:30,,,48.778,,40.2,78.568
18/01/2023 00:00,,,48.774,,49.21,78.586
18/01/2023 00:30,,,48.762,,49.226,78.582
18/01/2023 01:00,,,48.75,,49.24,78.592
18/01/2023 01:30,,,48.78,,49.196,78.596
18/01/2023 02:00,,,47.658,,49.248,78.582
18/01/2023 02:30,,,48.786,,49.208,78.63
18/01/2023 03:00,,,48.774,,49.22,78.604
18/01/2023 03:30,,,48.786,,49.21,78.546
18/01/2023 04:00,,,48.768,,49.226,78.596
18/01/2023 04:30,,,48.806,,49.236,78.572
18/01/2023 05:00,,,48.796,,49.232,78.592
18/01/2023 05:30,,,48.806,,39.998,78.63
18/01/2023 06:00,,,48.752,,39.384,78.488
18/01/2023 06:30,,,48.216,,39.356,78.564
18/01/2023 07:00,,,48.802,,39.394,78.584
18/01/2023 07:30,,,48.804,,39.388,77.272
18/01/2023 08:00,,,48.756,,35.464,69.524
18/01/2023 08:30,,,48.746,,38.426,78.39
18/01/2023 09:00,,,48.792,,39.394,78.568
18/01/2023 09:30,,,48.816,,39.398,78.606
18/01/2023 10:00,,,48.784,,39.396,78.598
18/01/2023 10:30,,,48.812,,39.406,78.634
18/01/2023 11:00,,,48.772,,39.408,78.6
18/01/2023 11:30,,,48.792,,39.416,78.61
18/01/2023 12:00,,,48.788,,39.378,78.592
18/01/2023 12:30,,,48.784,,39.4,78.612
18/01/2023 13:00,,,48.814,,39.334,78.466
18/01/2023 13:30,,,48.786,,39.39,78.58
18/01/2023 14:00,,,48.786,,39.394,78.614
18/01/2023 14:30,,,48.782,,39.386,78.58
18/01/2023 15:00,,,48.786,,39.378,78.55
18/01/2023 15:30,,,48.78,,39.33,77.826
18/01/2023 16:00,,,48.784,,39.278,78.04
18/01/2023 16:30,,,48.73,,39.132,77.978
18/01/2023 17:00,,,48.46,,38.2,75.622
18/01/2023 17:30,,,48.682,,37.526,69.414
18/01/2023 18:00,,,48.418,,33.44,54.338
18/01/2023 18:30,,,44.08,,26.734,55.934
18/01/2023 19:00,,,34.18,,25.036,66.232
18/01/2023 19:30,,,31.676,,23.826,65.112
18/01/2023 20:00,,,33.038,,30.496,65.48
18/01/2023 20:30,,,43.13,,31.046,57.422
18/01/2023 21:00,,,44.778,,18.728,51.174
18/01/2023 21:30,,,38.844,,24.792,42.816
18/01/2023 22:00,,,29.728,,20.092,39.098
18/01/2023 22:30,,,33.386,,19.456,43.328
18/01/2023 23:00,,,34.766,,20.272,45.414
18/01/2023 23:30,,,35.838,,17.562,29.084
19/01/2023 00:00,,,24.996,,16.412,22.964
19/01/2023 00:30,,,21.77,,17.286,34.932
19/01/2023 01:00,,,30.442,,21.778,45.892
19/01/2023 01:30,,,28.95,,27.578,50.786
19/01/2023 02:00,,,28.4,,27.69,53.582
19/01/2023 02:30,,,29.334,,29.434,51.478
19/01/2023 03:00,,,22.876,,26.456,45.836
19/01/2023 03:30,,,24.38,,26.92,49.308
19/01/2023 04:00,,,31.798,,26.182,39.606
19/01/2023 04:30,,,27.45,,27.302,40.878
19/01/2023 05:00,,,28.712,,28.892,49.706
19/01/2023 05:30,,,36.084,,32.336,53.006
19/01/2023 06:00,,,37.46,,34.026,53.12
19/01/2023 06:30,,,41.978,,34.38,55.87
19/01/2023 07:00,,,42.012,,28.488,54.8
19/01/2023 07:30,,,43.588,,35.668,61.854
19/01/2023 08:00,,,43.384,,35.326,67.068
19/01/2023 08:30,,,46.896,,37.922,69
19/01/2023 09:00,,,46.594,,35.336,71.324
19/01/2023 09:30,,,47.678,,37.968,76.576
19/01/2023 10:00,,,48.354,,39.098,78.478
19/01/2023 10:30,,,48.652,,39.386,78.608
19/01/2023 11:00,,,48.79,,39.394,78.61
19/01/2023 11:30,,,48.8,,39.368,78.594
19/01/2023 12:00,,,48.788,,39.382,78.564
19/01/2023 12:30,,,48.8,,39.374,78.606
19/01/2023 13:00,,,47.86,,39.376,77.378
19/01/2023 13:30,,,45.42,,39.03,67.588
19/01/2023 14:00,,,34.22,,20.18,45.364
19/01/2023 14:30,,,28.12,,17.522,63.67
19/01/2023 15:00,,,42.136,,26.844,61.852
19/01/2023 15:30,,,47.258,,27.682,68.65
19/01/2023 16:00,,,48.226,,29.358,76.246
19/01/2023 16:30,,,48.648,,29.396,76.892
19/01/2023 17:00,,,48.74,,29.482,76.832
19/01/2023 17:30,,,48.82,,29.54,78.492
19/01/2023 18:00,,,48.818,,29.518,74.996
19/01/2023 18:30,,,48.816,,29.508,76.284
19/01/2023 19:00,,,48.836,,29.5,75.198
19/01/2023 19:30,,,48.816,,29.51,76.726
19/01/2023 20:00,,,48.83,,29.488,78.36
19/01/2023 20:30,,,48.778,,29.238,78.574
19/01/2023 21:00,,,48.814,,29.516,78.592
19/01/2023 21:30,,,48.844,,29.518,78.6
19/01/2023 22:00,,,48.778,,29.54,78.606
19/01/2023 22:30,,,48.806,,29.552,78.606
19/01/2023 23:00,,,48.782,,29.536,78.596
19/01/2023 23:30,,,48.814,,29.542,78.576
20/01/2023 00:00,,,48.798,,29.544,78.612
20/01/2023 00:30,,,48.8,,29.542,78.62
20/01/2023 01:00,,,48.824,,29.554,78.594
20/01/2023 01:30,,,48.808,,29.552,78.588
20/01/2023 02:00,,,48.788,,29.548,78.618
20/01/2023 02:30,,,48.842,,29.544,78.592
20/01/2023 03:00,,,48.806,,29.554,78.61
20/01/2023 03:30,,,48.786,,29.568,78.564
20/01/2023 04:00,,,48.812,,29.562,78.57
20/01/2023 04:30,,,48.81,,29.558,78.554
20/01/2023 05:00,,,48.836,,29.536,78.602
20/01/2023 05:30,,,48.766,,28.946,78.532
20/01/2023 06:00,,,48.792,,29.176,78.574
20/01/2023 06:30,,,48.782,,29.544,76.65
20/01/2023 07:00,,,48.812,,28.572,78.35
20/01/2023 07:30,,,48.724,,29.448,77.432
20/01/2023 08:00,,,48.652,,29.4,77.456
20/01/2023 08:30,,,48.504,,29.248,77.528
20/01/2023 09:00,,,47.252,,28.332,70.934
20/01/2023 09:30,,,42.184,,21.448,59.974
20/01/2023 10:00,,,36.69,,20.446,59.018
20/01/2023 10:30,,,35.926,,19.202,52.232
20/01/2023 11:00,,,26.282,,14.502,32.876
20/01/2023 11:30,,,18.912,,8.91,27.352
20/01/2023 12:00,,,17.606,,8.57,23.744
20/01/2023 12:30,,,14.756,,8.48,22.178
20/01/2023 13:00,,,18.394,,10.23,27.22
20/01/2023 13:30,,,21.47,,8.658,23.79
20/01/2023 14:00,,,17.764,,7.828,20.856
20/01/2023 14:30,,,12.826,,5.824,14.708
20/01/2023 15:00,,,7.496,,3.918,10.772
20/01/2023 15:30,,,4.672,,2.68,7.962
20/01/2023 16:00,,,2.704,,1.624,3.58
20/01/2023 16:30,,,0.666,,0.774,0.974
20/01/2023 17:00,,,0.18,,,
20/01/2023 17:30,,,,,,
20/01/2023 18:00,,,,,,
20/01/2023 18:30,,,,,,
20/01/2023 19:00,,,0.872,,0.044,
20/01/2023 19:30,,,1.192,,0.244,1.608
20/01/2023 20:00,,,1.19,,0.392,1.84
20/01/2023 20:30,,,1.622,,0.856,3.868
20/01/2023 21:00,,,3.054,,1.644,7.296
20/01/2023 21:30,,,3.528,,1.978,5.834
20/01/2023 22:00,,,4.478,,1.626,3.212
20/01/2023 22:30,,,6.282,,1.554,3.46
20/01/2023 23:00,,,6.552,,1.476,3.602
20/01/2023 23:30,,,6.76,,2.05,4.834
21/01/2023 00:00,,,6.466,,2.706,7.416
21/01/2023 00:30,,,7.776,,4.214,12.09
21/01/2023 01:00,,,9.308,,5.182,13.594
21/01/2023 01:30,,,17.116,,8.156,21.054
21/01/2023 02:00,,,17.812,,10.61,29.506
21/01/2023 02:30,,,19.796,,13.51,38.944
21/01/2023 03:00,,,21.708,,16.698,50.154
21/01/2023 03:30,,,26.112,,17.162,51.146
21/01/2023 04:00,,,31.89,,18.422,55.5
21/01/2023 04:30,,,39.638,,23.032,56.122
21/01/2023 05:00,,,40.098,,29.07,69.06
21/01/2023 05:30,,,46.828,,29.138,74.068
21/01/2023 06:00,,,48.748,,28.496,73.712
21/01/2023 06:30,,,48.77,,28.21,72.206
21/01/2023 07:00,,,48.662,,28.082,76.112
21/01/2023 07:30,,,48.528,,25.162,75.404
21/01/2023 08:00,,,47.878,,29.328,77.654
21/01/2023 08:30,,,48.83,,29.542,77.466
21/01/2023 09:00,,,47.85,,28.468,75.842
21/01/2023 09:30,,,47.636,,28.09,77.514
21/01/2023 10:00,,,45.69,,29.018,75.304
21/01/2023 10:30,,,47.712,,29.402,75.056
21/01/2023 11:00,,,47.9,,29.52,77.616
21/01/2023 11:30,,,48.676,,28.51,77.61
21/01/2023 12:00,,,48.824,,29.542,78.596
21/01/2023 12:30,,,48.85,,28.368,76.92
21/01/2023 13:00,,,48.822,,29.47,78.004
21/01/2023 13:30,,,48.84,,28.598,76.428
21/01/2023 14:00,,,47.74,,28.54,78.04
21/01/2023 14:30,,,48.802,,29.568,76.334
21/01/2023 15:00,,,47.554,,28.534,77.374
21/01/2023 15:30,,,48.008,,29.492,77.364
21/01/2023 16:00,,,47.45,,28.422,75.978
21/01/2023 16:30,,,48.484,,28.568,75.994
21/01/2023 17:00,,,48.724,,29.302,75.124
21/01/2023 17:30,,,41.814,,28.8,77.542
21/01/2023 18:00,,,47.842,,28.562,77.428
21/01/2023 18:30,,,48.14,,28.598,76.694
21/01/2023 19:00,,,47.812,,28.454,76.756
21/01/2023 19:30,,,48.646,,28.516,74.666
21/01/2023 20:00,,,48.706,,29.544,76.604
21/01/2023 20:30,,,48.808,,28.582,77.564
21/01/2023 21:00,,,46.834,,29.548,75.688
21/01/2023 21:30,,,47.318,,28.346,77.402
21/01/2023 22:00,,,44.976,,29.44,78.43
21/01/2023 22:30,,,47.622,,28.562,75.73
21/01/2023 23:00,,,47.324,,28.658,76.532
21/01/2023 23:30,,,48.648,,29.55,76.7
22/01/2023 00:00,,,48.818,,28.478,76.58
22/01/2023 00:30,,,48.754,,28.546,74.574
22/01/2023 01:00,,,48.07,,29.384,75.966
22/01/2023 01:30,,,47.19,,27.508,74.898
22/01/2023 02:00,,,47.89,,28.812,75.356
22/01/2023 02:30,,,47.478,,28.564,77.204
22/01/2023 03:00,,,48.688,,31.816,78.6
22/01/2023 03:30,,,48.166,,29.552,78.58
22/01/2023 04:00,,,47.46,,38.5,78.604
22/01/2023 04:30,,,48.778,,36.866,78.598
22/01/2023 05:00,,,48.808,,37.452,78.584
22/01/2023 05:30,,,48.164,,38.48,78.622
22/01/2023 06:00,,,47.604,,36.482,78.576
22/01/2023 06:30,,,48.806,,38.314,78.598
22/01/2023 07:00,,,48.79,,38.05,77.694
22/01/2023 07:30,,,47.818,,36.246,78.59
22/01/2023 08:00,,,48.758,,37.444,78.61
22/01/2023 08:30,,,48.78,,39.42,78.612
22/01/2023 09:00,,,48.806,,37.57,78.618
22/01/2023 09:30,,,48.764,,38.484,76.534
22/01/2023 10:00,,,48.552,,38.412,75.212
22/01/2023 10:30,,,48.586,,38.43,77.89
22/01/2023 11:00,,,53.352,,38.476,78.386
22/01/2023 11:30,,,56.062,,37.514,78.618
22/01/2023 12:00,,,57.64,,38.418,77.616
22/01/2023 12:30,,,58.082,,33.91,76.674
22/01/2023 13:00,,,57.464,,28.55,74.636
22/01/2023 13:30,,,56.996,,28.93,66.554
22/01/2023 14:00,,,58.118,,29.288,64.612
22/01/2023 14:30,,,57.322,,27.492,59.85
22/01/2023 15:00,,,56.806,,24.99,53.952
22/01/2023 15:30,,,56.466,,26.556,55.79
22/01/2023 16:00,,,58.276,,29.062,56.178
22/01/2023 16:30,,,57.99,,27.436,55.468
22/01/2023 17:00,,,56.314,,23.278,60.146
22/01/2023 17:30,,,49.824,,22.506,53.994
22/01/2023 18:00,,,50.544,,22.286,60.422
22/01/2023 18:30,,,52.312,,24.366,58.818
22/01/2023 19:00,,,48.426,,23.942,64.368
22/01/2023 19:30,,,51.392,,22.348,63.724
22/01/2023 20:00,,,49.564,,21.936,57.738
22/01/2023 20:30,,,53.112,,20.626,53.278
22/01/2023 21:00,,,47.646,,18.694,47.468
22/01/2023 21:30,,,44.688,,21.95,40.018
22/01/2023 22:00,,,37.994,,20.608,33.968
22/01/2023 22:30,,,35.458,,18.308,36.658
22/01/2023 23:00,,,34.942,,16.234,33.772
22/01/2023 23:30,,,32.536,,15.832,29.418
23/01/2023 00:00,,,30.036,,15.294,23.862
23/01/2023 00:30,,,25.202,,14.504,29.28
23/01/2023 01:00,,,26.514,,15.866,36.406
23/01/2023 01:30,,,24.454,,14.002,33.438
23/01/2023 02:00,,,32.048,,16.464,33.97
23/01/2023 02:30,,,45.556,,18.51,41.756
23/01/2023 03:00,,,48.656,,19.728,37.604
23/01/2023 03:30,,,52.8,,23.396,47.266
23/01/2023 04:00,,,51.488,,23.974,45.19
23/01/2023 04:30,,,54.804,,30.452,55.83
23/01/2023 05:00,,,63.004,,37.384,77.708
23/01/2023 05:30,,,66.522,,38.41,80.398
23/01/2023 06:00,,,67.074,,37.706,80.356
23/01/2023 06:30,,,67.196,,38.398,81.266
23/01/2023 07:00,,,65.828,,37.072,81.792
23/01/2023 07:30,,,67.49,,36.98,83.726
23/01/2023 08:00,,,67.954,,38.434,82.484
23/01/2023 08:30,,,67.696,,34.418,77.526
23/01/2023 09:00,,,67.922,,29.436,75.308
23/01/2023 09:30,,,66.8,,28.664,70.374
23/01/2023 10:00,,,67.916,,29.57,76.572
23/01/2023 10:30,,,67.918,,28.614,85.204
23/01/2023 11:00,,,67.934,,28.616,86.21
23/01/2023 11:30,,,67.94,,28.63,85.992
23/01/2023 12:00,,,67.924,,29.15,85.928
23/01/2023 12:30,,,67.958,,29.072,87.91
23/01/2023 13:00,,,67.972,,28.634,88.176
23/01/2023 13:30,,,67.936,,29.574,88.01
23/01/2023 14:00,,,67.95,,29.57,87.092
23/01/2023 14:30,,,67.982,,29.56,88.24
23/01/2023 15:00,,,67.838,,29.572,87.776
23/01/2023 15:30,,,67.572,,29.556,88.044
23/01/2023 16:00,,,65.652,,29.438,88.252
23/01/2023 16:30,,,67.568,,29.536,88.256
23/01/2023 17:00,,,67.826,,29.574,88.212
23/01/2023 17:30,,,67.862,,29.546,88.288
23/01/2023 18:00,,,67.778,,29.554,88.384
23/01/2023 18:30,,,67.362,,34.536,88.418
23/01/2023 19:00,,,67.304,,39.396,88.336
23/01/2023 19:30,,,67.316,,39.332,88.378
23/01/2023 20:00,,,67.932,,39.418,88.36
23/01/2023 20:30,,,67.896,,39.402,88.368
23/01/2023 21:00,,,67.922,,39.392,91.162
23/01/2023 21:30,,,67.94,,38.482,96.624
23/01/2023 22:00,,,67.936,,39.396,97.968
23/01/2023 22:30,,,67.812,,39.404,98
23/01/2023 23:00,,,67.884,,39.402,97.97
23/01/2023 23:30,,,67.926,,39.394,98.024
24/01/2023 00:00,,,67.934,,39.408,97.78
24/01/2023 00:30,,,67.91,,39.332,97.562
24/01/2023 01:00,,,67.912,,36.732,93.364
24/01/2023 01:30,,,66.24,,35.578,79.622
24/01/2023 02:00,,,62.144,,38.568,92.488
24/01/2023 02:30,,,66.75,,37.774,97.474
24/01/2023 03:00,,,66.526,,37.932,96.36
24/01/2023 03:30,,,62.654,,38.584,93.864
24/01/2023 04:00,,,57.626,,39.372,94.678
24/01/2023 04:30,,,52.132,,39.134,97.792
24/01/2023 05:00,,,53.766,,37.198,97.474
24/01/2023 05:30,,,61.428,,39.048,97.826
24/01/2023 06:00,,,54.802,,36.008,96.862
24/01/2023 06:30,,,53.414,,35.57,97.874
24/01/2023 07:00,,,63.9,,37.298,97.964
24/01/2023 07:30,,,67.16,,29.536,97.832
24/01/2023 08:00,,,67.928,,29.54,97.862
24/01/2023 08:30,,,67.92,,29.536,97.996
24/01/2023 09:00,,,67.942,,28.92,97.654
24/01/2023 09:30,,,67.652,,27.988,88.104
24/01/2023 10:00,,,67.666,,29.14,86.524
24/01/2023 10:30,,,67.912,,29.544,92.51
24/01/2023 11:00,,,67.952,,32.39,97.104
24/01/2023 11:30,,,67.914,,39.408,97.992
24/01/2023 12:00,,,67.916,,39.396,97.98
24/01/2023 12:30,,,67.932,,39.404,97.974
24/01/2023 13:00,,,67.88,,39.424,97.984
24/01/2023 13:30,,,67.87,,39.402,89.004
24/01/2023 14:00,,,67.862,,39.418,88.062
24/01/2023 14:30,,,67.782,,39.368,88.062
24/01/2023 15:00,,,67.88,,39.36,88.048
24/01/2023 15:30,,,67.884,,39.676,88.022
24/01/2023 16:00,,,67.868,,42.278,87.972
24/01/2023 16:30,,,67.888,,39.412,95.25
24/01/2023 17:00,,,67.888,,39.404,97.984
24/01/2023 17:30,,,67.862,,47.19,97.948
24/01/2023 18:00,,,67.854,,48.794,97.968
24/01/2023 18:30,,,67.896,,49.222,98.02
24/01/2023 19:00,,,67.894,,49.228,97.99
24/01/2023 19:30,,,67.87,,49.214,97.982
24/01/2023 20:00,,,67.862,,49.158,97.996
24/01/2023 20:30,,,67.816,,49.082,97.966
24/01/2023 21:00,,,67.878,,49.106,97.972
24/01/2023 21:30,,,67.88,,49.106,97.994
24/01/2023 22:00,,,67.848,,49.084,97.964
24/01/2023 22:30,,,67.878,,49.094,97.97
24/01/2023 23:00,,,67.874,,49.054,97.962
24/01/2023 23:30,,,67.726,,49.016,98.002
25/01/2023 00:00,,,67.732,,49.086,97.31
25/01/2023 00:30,,,67.886,,49.108,97.982
25/01/2023 01:00,,,67.852,,49.1,97.966
25/01/2023 01:30,,,67.888,,49.112,98.012
25/01/2023 02:00,,,67.878,,49.096,98.004
25/01/2023 02:30,,,67.866,,49.114,97.534
25/01/2023 03:00,,,67.858,,49.096,97.94
25/01/2023 03:30,,,67.872,,49.116,98.002
25/01/2023 04:00,,,60.792,,49.068,97.974
25/01/2023 04:30,,,59.984,,49.076,98
25/01/2023 05:00,,,67.93,,49.118,97.97
25/01/2023 05:30,,,67.84,,49.116,97.978
25/01/2023 06:00,,,67.848,,49.09,98.016
25/01/2023 06:30,,,67.878,,49.114,97.99
25/01/2023 07:00,,,67.904,,49.106,97.972
25/01/2023 07:30,,,67.858,,49.108,97.974
25/01/2023 08:00,,,67.836,,49.128,97.956
25/01/2023 08:30,,,67.848,,49.108,97.962
25/01/2023 09:00,,,67.862,,49.108,94.656
25/01/2023 09:30,,,67.576,,44.98,83.374
25/01/2023 10:00,,,62.846,,41.064,81.046
25/01/2023 10:30,,,65.446,,47.776,77.094
25/01/2023 11:00,,,61.484,,36.51,42.796
25/01/2023 11:30,,,56.794,,33.892,77.962
25/01/2023 12:00,,,67.714,,47.484,96.334
25/01/2023 12:30,,,67.88,,48.618,94.216
25/01/2023 13:00,,,67.362,,48.696,90.64
25/01/2023 13:30,,,65.652,,45.82,57.564
25/01/2023 14:00,,,50.534,,40.838,65.452
25/01/2023 14:30,,,45.392,,37.548,49.23
25/01/2023 15:00,,,37.174,,31.558,69.604
25/01/2023 15:30,,,47.082,,31.88,58.994
25/01/2023 16:00,,,57.918,,35.756,48.414
25/01/2023 16:30,,,41.554,,32.016,52.83
25/01/2023 17:00,,,56.914,,19.214,45.7
25/01/2023 17:30,,,42.506,,19.7,60.348
25/01/2023 18:00,,,34.398,,26.496,37.47
25/01/2023 18:30,,,24.214,,33.558,39.826
25/01/2023 19:00,,,56.506,,38.228,33.474
25/01/2023 19:30,,,55.456,,28.75,34.1
25/01/2023 20:00,,,46.544,,21.71,58.366
25/01/2023 20:30,,,48.346,,31.23,59.31
25/01/2023 21:00,,,55.24,,32.4,45.656
25/01/2023 21:30,,,54.876,,32.888,69.836
25/01/2023 22:00,,,64.152,,34.626,74.044
25/01/2023 22:30,,,64.102,,33.536,61.304
25/01/2023 23:00,,,55.022,,29.236,67.456
25/01/2023 23:30,,,48.768,,35.544,89.952
26/01/2023 00:00,,,63.424,,46.78,89.9
26/01/2023 00:30,,,58.85,,42.928,90.48
26/01/2023 01:00,,,54.84,,34.614,89.26
26/01/2023 01:30,,,57.458,,32.514,66.404
26/01/2023 02:00,,,46.466,,27.42,73.52
26/01/2023 02:30,,,61.018,,33.922,72.358
26/01/2023 03:00,,,57.526,,38.416,75.648
26/01/2023 03:30,,,61.726,,42.086,76.728
26/01/2023 04:00,,,44.878,,29.864,38.832
26/01/2023 04:30,,,24.458,,14.068,22.596
26/01/2023 05:00,,,34.844,,25.594,50.694
26/01/2023 05:30,,,52.59,,44.24,63.27
26/01/2023 06:00,,,57.246,,39.46,46
26/01/2023 06:30,,,55.246,,25.604,57.818
26/01/2023 07:00,,,50.534,,33.118,79.206
26/01/2023 07:30,,,66.82,,42.442,70.218
26/01/2023 08:00,,,57.224,,33.124,81.148
26/01/2023 08:30,,,49.292,,30.684,60.242
26/01/2023 09:00,,,61.722,,40.322,52.832
26/01/2023 09:30,,,58.486,,33.768,70.522
26/01/2023 10:00,,,57.378,,34.528,84.454
26/01/2023 10:30,,,65.608,,43.718,94.196
26/01/2023 11:00,,,64.704,,46.622,92.742
26/01/2023 11:30,,,67.146,,46.668,90.836
26/01/2023 12:00,,,67.594,,48.68,83.788
26/01/2023 12:30,,,62.946,,46.034,74.602
26/01/2023 13:00,,,55.442,,36.498,60.356
26/01/2023 13:30,,,57.442,,31.832,54.984
26/01/2023 14:00,,,59.544,,42.028,63.006
26/01/2023 14:30,,,66.686,,54.088,76.076
26/01/2023 15:00,,,66.646,,51.33,75.714
26/01/2023 15:30,,,59.544,,51.37,68.648
26/01/2023 16:00,,,62.49,,53.778,64.92
26/01/2023 16:30,,,62.428,,52.976,65.144
26/01/2023 17:00,,,60.546,,49.544,61.872
26/01/2023 17:30,,,50.304,,47.652,47.516
26/01/2023 18:00,,,55.284,,49.422,54.022
26/01/2023 18:30,,,42.338,,40.012,45.32
26/01/2023 19:00,,,34.372,,34.168,42.186
26/01/2023 19:30,,,35.644,,34.016,39.126
26/01/2023 20:00,,,35.618,,28.748,32.854
26/01/2023 20:30,,,36.67,,27.2,33.502
26/01/2023 21:00,,,25.96,,28.538,22.304
26/01/2023 21:30,,,26.35,,16.876,25.838
26/01/2023 22:00,,,31.382,,16.148,22.368
26/01/2023 22:30,,,8.962,,12.986,19.888
26/01/2023 23:00,,,11.874,,12.756,16.432
26/01/2023 23:30,,,8.874,,6.584,10.484
27/01/2023 00:00,,,7.098,,6.71,9.076
27/01/2023 00:30,,,6.604,,4.73,8.718
27/01/2023 01:00,,,3.082,,3.152,3.74
27/01/2023 01:30,,,1.75,,0.996,2.214
27/01/2023 02:00,,,0.004,,,
27/01/2023 02:30,,,,,,
27/01/2023 03:00,,,,,,
27/01/2023 03:30,,,,,,0.572
27/01/2023 04:00,,,,,,
27/01/2023 04:30,,,,,,
27/01/2023 05:00,,,,,,
27/01/2023 05:30,,,0.274,,0.234,0.934
27/01/2023 06:00,,,1.936,,1.554,3.788
27/01/2023 06:30,,,2.96,,3.374,8.928
27/01/2023 07:00,,,4.658,,5.524,12.41
27/01/2023 07:30,,,7.218,,8.072,19.784
27/01/2023 08:00,,,9.238,,10.3,20.952
27/01/2023 08:30,,,14.892,,15.204,30.312
27/01/2023 09:00,,,21.422,,22.376,36.376
27/01/2023 09:30,,,28.108,,30.82,44.912
27/01/2023 10:00,,,39.954,,35.3,54.946
27/01/2023 10:30,,,45.262,,36.896,55.116
27/01/2023 11:00,,,43.968,,35.054,56.642
27/01/2023 11:30,,,38.398,,36.426,55.45
27/01/2023 12:00,,,43.292,,40.942,57.72
27/01/2023 12:30,,,46.838,,44.52,57.646
27/01/2023 13:00,,,55.104,,48.026,59.08
27/01/2023 13:30,,,62.424,,51.498,57.994
27/01/2023 14:00,,,66.438,,56.422,67.978
27/01/2023 14:30,,,67.496,,58.788,76.674
27/01/2023 15:00,,,66.448,,58.462,74.474
27/01/2023 15:30,,,66.708,,58.458,69.374
27/01/2023 16:00,,,67.632,,57.382,71.092
27/01/2023 16:30,,,67.58,,56.878,60.346
27/01/2023 17:00,,,63.932,,56.888,51.564
27/01/2023 17:30,,,59.414,,56.044,54.62
27/01/2023 18:00,,,60.54,,56.524,57.448
27/01/2023 18:30,,,60.648,,54.29,49.296
27/01/2023 19:00,,,51.568,,46.002,41.246
27/01/2023 19:30,,,51.362,,46.292,39.53
27/01/2023 20:00,,,50.938,,47.286,45.776
27/01/2023 20:30,,,55.958,,53.764,61.586
27/01/2023 21:00,,,50.832,,53.118,63.326
27/01/2023 21:30,,,48.522,,52.86,56.452
27/01/2023 22:00,,,54.316,,49.692,52.528
27/01/2023 22:30,,,54.962,,48.114,45.432
27/01/2023 23:00,,,52.7,,48.158,51.62
27/01/2023 23:30,,,61.046,,45.85,43.14
28/01/2023 00:00,,,43.926,,30.072,38.27
28/01/2023 00:30,,,46.004,,46.528,60.05
28/01/2023 01:00,,,36.304,,52.89,62.2
28/01/2023 01:30,,,33.696,,53.106,48.604
28/01/2023 02:00,,,33.214,,34.238,23.688
28/01/2023 02:30,,,16.864,,9.75,7.262
28/01/2023 03:00,,,10.06,,4.17,2.682
28/01/2023 03:30,,,2,,0.472,2.048
28/01/2023 04:00,,,4.906,,0.022,2.29
28/01/2023 04:30,,,3.422,,0.756,6.4
28/01/2023 05:00,,,0.26,,0.122,6.816
28/01/2023 05:30,,,,,0.234,4.156
28/01/2023 06:00,,,0.052,,0.516,3.018
28/01/2023 06:30,,,1.81,,0.922,4.18
28/01/2023 07:00,,,2.386,,0.6,3.09
28/01/2023 07:30,,,5.654,,1.932,8.066
28/01/2023 08:00,,,6.022,,0.79,2.506
28/01/2023 08:30,,,4.406,,1.724,2.608
28/01/2023 09:00,,,2.318,,0.66,1.972
28/01/2023 09:30,,,1.196,,0.456,0.91
28/01/2023 10:00,,,1.964,,0.674,1.846
28/01/2023 10:30,,,0.69,,0.442,2.044
28/01/2023 11:00,,,0.84,,0.938,1.57
28/01/2023 11:30,,,0.35,,,0.182
28/01/2023 12:00,,,0.082,,0.258,2.372
28/01/2023 12:30,,,0.104,,0.596,3.67
28/01/2023 13:00,,,0.512,,1.35,2.086
28/01/2023 13:30,,,0.324,,0.77,
28/01/2023 14:00,,,,,,
28/01/2023 14:30,,,,,,
28/01/2023 15:00,,,,,,1.884
28/01/2023 15:30,,,,,0.246,3.116
28/01/2023 16:00,,,,,0.11,1.868
28/01/2023 16:30,,,,,0.108,0.598
28/01/2023 17:00,,,0.236,,0.52,0.622
28/01/2023 17:30,,,1.798,,1.084,1.204
28/01/2023 18:00,,,2.012,,0.654,1.244
28/01/2023 18:30,,,1.116,,2.212,3.926
28/01/2023 19:00,,,5.708,,9.176,10.156
28/01/2023 19:30,,,11.662,,16.434,16.81
28/01/2023 20:00,,,20.374,,22.146,19.472
28/01/2023 20:30,,,31.468,,28.548,27.668
28/01/2023 21:00,,,34.778,,31.01,32.136
28/01/2023 21:30,,,27.916,,26.96,30.69
28/01/2023 22:00,,,36.67,,41.704,40.676
28/01/2023 22:30,,,48.336,,48.372,56.054
28/01/2023 23:00,,,52.098,,48.632,52.962
28/01/2023 23:30,,,60.22,,54.496,64.084
29/01/2023 00:00,,,67.388,,59.034,68.44
29/01/2023 00:30,,,67.892,,59.034,58.606
29/01/2023 01:00,,,67.894,,59.048,58.652
29/01/2023 01:30,,,67.922,,59.04,66.684
29/01/2023 02:00,,,67.91,,59.044,68.358
29/01/2023 02:30,,,67.894,,59.064,68.368
29/01/2023 03:00,,,66.832,,58.99,68.158
29/01/2023 03:30,,,67.816,,58.762,68.184
29/01/2023 04:00,,,67.754,,58.96,68.368
29/01/2023 04:30,,,67.848,,58.946,68.404
29/01/2023 05:00,,,67.916,,58.994,68.386
29/01/2023 05:30,,,67.886,,58.966,68.386
29/01/2023 06:00,,,67.894,,59.002,68.4
29/01/2023 06:30,,,67.922,,59.07,68.406
29/01/2023 07:00,,,67.894,,59.016,68.382
29/01/2023 07:30,,,67.896,,59.056,68.384
29/01/2023 08:00,,,67.876,,59.044,68.412
29/01/2023 08:30,,,67.904,,59.024,68.4
29/01/2023 09:00,,,67.874,,59.054,68.42
29/01/2023 09:30,,,67.924,,59.02,68.398
29/01/2023 10:00,,,67.884,,59.05,68.416
29/01/2023 10:30,,,67.886,,59.026,68.408
29/01/2023 11:00,,,67.88,,59.048,68.392
29/01/2023 11:30,,,67.864,,59.032,68.416
29/01/2023 12:00,,,67.894,,59.03,68.418
29/01/2023 12:30,,,67.88,,59.054,68.434
29/01/2023 13:00,,,67.902,,58.774,68.062
29/01/2023 13:30,,,67.876,,58.656,65.99
29/01/2023 14:00,,,52.77,,54.54,67.956
29/01/2023 14:30,,,61.064,,59.044,68.444
29/01/2023 15:00,,,67.898,,59.028,68.436
29/01/2023 15:30,,,67.914,,59.062,67.698
29/01/2023 16:00,,,67.908,,59.046,68.414
29/01/2023 16:30,,,67.89,,59.03,68.472
29/01/2023 17:00,,,67.904,,59.026,68.422
29/01/2023 17:30,,,67.908,,58.994,68.386
29/01/2023 18:00,,,67.856,,59.002,67.488
29/01/2023 18:30,,,67.876,,59.052,66.96
29/01/2023 19:00,,,67.912,,59.024,68.398
29/01/2023 19:30,,,67.878,,59.05,68.48
29/01/2023 20:00,,,67.932,,59.05,74.004
29/01/2023 20:30,,,67.9,,59.014,78.07
29/01/2023 21:00,,,67.896,,59.038,78.102
29/01/2023 21:30,,,67.504,,58.994,78.144
29/01/2023 22:00,,,67.898,,59.044,78.086
29/01/2023 22:30,,,67.85,,59.018,78.06
29/01/2023 23:00,,,67.918,,59.05,79.776
29/01/2023 23:30,,,67.908,,59.004,86.956
30/01/2023 00:00,,,67.854,,59.068,87.948
30/01/2023 00:30,,,67.914,,59.038,87.932
30/01/2023 01:00,,,67.942,,59.028,87.916
30/01/2023 01:30,,,67.88,,59.07,87.92
30/01/2023 02:00,,,67.94,,59.024,87.912
30/01/2023 02:30,,,67.868,,59.062,87.914
30/01/2023 03:00,,,67.892,,57.204,87.922
30/01/2023 03:30,,,67.932,,56.916,87.876
30/01/2023 04:00,,,67.89,,59.024,87.908
30/01/2023 04:30,,,67.872,,59.058,87.866
30/01/2023 05:00,,,67.874,,59.042,87.914
30/01/2023 05:30,,,67.912,,59.026,87.936
30/01/2023 06:00,,,67.894,,59.04,87.914
30/01/2023 06:30,,,67.9,,59.052,87.882
30/01/2023 07:00,,,67.852,,59.032,87.924
30/01/2023 07:30,,,67.168,,59.046,87.924
30/01/2023 08:00,,,58.228,,56.524,85.4
30/01/2023 08:30,,,56.674,,46.306,75.662
30/01/2023 09:00,,,55.71,,56.176,73.542
30/01/2023 09:30,,,56.026,,55.208,73.422
30/01/2023 10:00,,,53.142,,34.294,69.95
30/01/2023 10:30,,,52.17,,42.78,52.16
30/01/2023 11:00,,,47.392,,32.558,54.798
30/01/2023 11:30,,,41.734,,24.326,56.19
30/01/2023 12:00,,,35.82,,24.918,39.848
30/01/2023 12:30,,,28.538,,22.414,57.858
30/01/2023 13:00,,,19.974,,25.778,30.444
30/01/2023 13:30,,,30.034,,20.968,27.778
30/01/2023 14:00,,,35.308,,33.608,23.378
30/01/2023 14:30,,,37.108,,37.162,38.036
30/01/2023 15:00,,,42.102,,47.04,51.228
30/01/2023 15:30,,,43.03,,34.392,41.208
30/01/2023 16:00,,,38.126,,24.74,41.972
30/01/2023 16:30,,,17.294,,17.28,35.29
30/01/2023 17:00,,,18.49,,22.07,31.924
30/01/2023 17:30,,,15.27,,20.396,37.716
30/01/2023 18:00,,,36.098,,40.65,58.496
30/01/2023 18:30,,,57.444,,40.86,52.432
30/01/2023 19:00,,,65.024,,53.726,70.436
30/01/2023 19:30,,,62.384,,56.236,77.728
30/01/2023 20:00,,,66.056,,58.718,87.748
30/01/2023 20:30,,,65.368,,58.69,87.938
30/01/2023 21:00,,,67.796,,59.046,87.94
30/01/2023 21:30,,,67.94,,59.018,86.966
30/01/2023 22:00,,,67.828,,59.038,87.14
30/01/2023 22:30,,,65.174,,59.014,87.73
30/01/2023 23:00,,,67.718,,59.024,87.866
30/01/2023 23:30,,,67.914,,59.036,87.902
31/01/2023 00:00,,,67.894,,59.062,87.96
31/01/2023 00:30,,,67.876,,59.044,87.902
31/01/2023 01:00,,,67.89,,59.008,87.924
31/01/2023 01:30,,,67.906,,59.056,87.9
31/01/2023 02:00,,,67.858,,59.032,87.908
31/01/2023 02:30,,,67.836,,59.026,87.91
31/01/2023 03:00,,,67.876,,59.028,87.914
31/01/2023 03:30,,,67.834,,59.024,87.9
31/01/2023 04:00,,,67.866,,59.012,87.926
31/01/2023 04:30,,,67.902,,59.038,87.926
31/01/2023 05:00,,,67.88,,59.032,87.88
31/01/2023 05:30,,,67.878,,59.046,87.936
31/01/2023 06:00,,,67.908,,59.054,87.902
31/01/2023 06:30,,,67.86,,59.018,87.952
31/01/2023 07:00,,,67.89,,59.048,87.904
31/01/2023 07:30,,,67.848,,59.01,87.932
31/01/2023 08:00,,,67.9,,59.048,87.89
31/01/2023 08:30,,,67.856,,59.042,87.938
31/01/2023 09:00,,,67.906,,59.024,87.942
31/01/2023 09:30,,,67.876,,59.054,87.892
31/01/2023 10:00,,,67.89,,59.03,87.956
31/01/2023 10:30,,,67.916,,59.052,87.928
31/01/2023 11:00,,,67.914,,59.026,87.89
31/01/2023 11:30,,,67.844,,59.036,87.932
31/01/2023 12:00,,,67.884,,59.04,87.9
31/01/2023 12:30,,,67.888,,59.048,87.936
31/01/2023 13:00,,,67.898,,59.036,87.924
31/01/2023 13:30,,,67.82,,58.846,87.942
31/01/2023 14:00,,,67.886,,58.598,87.88
31/01/2023 14:30,,,67.772,,58.538,87.776
31/01/2023 15:00,,,67.916,,59.066,87.902
31/01/2023 15:30,,,67.874,,59.014,87.922
31/01/2023 16:00,,,67.854,,59.05,87.978
31/01/2023 16:30,,,67.872,,59.004,87.876
31/01/2023 17:00,,,67.87,,59.038,87.934
31/01/2023 17:30,,,67.878,,59.048,87.936
31/01/2023 18:00,,,67.86,,59.046,87.954
31/01/2023 18:30,,,67.89,,59.04,87.898
31/01/2023 19:00,,,67.896,,59.028,87.96
31/01/2023 19:30,,,67.924,,59.064,87.884
31/01/2023 20:00,,,67.878,,59.02,87.88
31/01/2023 20:30,,,67.842,,59.032,87.882
31/01/2023 21:00,,,67.858,,59.032,87.92
31/01/2023 21:30,,,67.838,,59.014,87.89
31/01/2023 22:00,,,67.888,,59.056,87.898
31/01/2023 22:30,,,67.856,,59.028,87.874
31/01/2023 23:00,,,67.824,,59.014,87.918
31/01/2023 23:30,,,67.872,,59.026,87.88
01/02/2023 00:00,,,67.88,,59.018,87.878
01/02/2023 00:30,,,67.858,,59.046,87.908
01/02/2023 01:00,,,67.852,,59.028,87.928
01/02/2023 01:30,,,67.876,,59.028,87.894
01/02/2023 02:00,,,67.832,,59.038,87.888
01/02/2023 02:30,,,67.854,,59.026,87.948
01/02/2023 03:00,,,67.882,,59.032,87.866
01/02/2023 03:30,,,67.86,,59.036,87.912
01/02/2023 04:00,,,67.912,,59.038,87.884
01/02/2023 04:30,,,67.058,,58.714,87.508
01/02/2023 05:00,,,67.886,,59.022,87.846
01/02/2023 05:30,,,67.88,,59.03,87.914
01/02/2023 06:00,,,67.89,,59.054,87.884
01/02/2023 06:30,,,67.914,,59.018,87.878
01/02/2023 07:00,,,67.862,,59.052,87.904
01/02/2023 07:30,,,67.912,,59.032,87.91
01/02/2023 08:00,,,67.832,,59.042,87.9
01/02/2023 08:30,,,67.872,,59.018,87.9
01/02/2023 09:00,,,67.902,,59.042,87.912
01/02/2023 09:30,,,67.866,,59.044,87.946
01/02/2023 10:00,,,67.89,,59.03,87.912
01/02/2023 10:30,,,67.87,,59.032,87.788
01/02/2023 11:00,,,67.786,,58.924,87.368
01/02/2023 11:30,,,67.81,,59.028,87.954
01/02/2023 12:00,,,67.844,,58.996,87.974
01/02/2023 12:30,,,67.808,,58.986,87.95
01/02/2023 13:00,,,67.916,,59.056,87.892
01/02/2023 13:30,,,67.87,,58.278,84.614
01/02/2023 14:00,,,65.504,,56.682,79.528
01/02/2023 14:30,,,66.85,,49.74,77.78
01/02/2023 15:00,,,52.696,,38.098,62.82
01/02/2023 15:30,,,42.082,,31.702,56.76
01/02/2023 16:00,,,34.626,,16.172,43.84
01/02/2023 16:30,,,36.59,,24.94,25.704
01/02/2023 17:00,,,35.728,,26.526,18.548
01/02/2023 17:30,,,38.204,,29.06,21.424
01/02/2023 18:00,,,35.528,,23.34,31.6
01/02/2023 18:30,,,29.51,,20.528,32.538
01/02/2023 19:00,,,28.148,,23.68,33.49
01/02/2023 19:30,,,22.418,,18.166,26.806
01/02/2023 20:00,,,11.846,,14.508,21.754
01/02/2023 20:30,,,8.424,,9.508,14.032
01/02/2023 21:00,,,5.96,,5.122,4.6
01/02/2023 21:30,,,5.696,,3.518,5.046
01/02/2023 22:00,,,3.908,,1.818,7.134
01/02/2023 22:30,,,2.86,,0.222,4.804
01/02/2023 23:00,,,0.788,,,1.866
01/02/2023 23:30,,,,,,0.08
02/02/2023 00:00,,,,,,
02/02/2023 00:30,,,,,,
02/02/2023 01:00,,,,,,
02/02/2023 01:30,,,,,,
02/02/2023 02:00,,,0.238,,1.368,
02/02/2023 02:30,,,1.238,,1.76,1.938
02/02/2023 03:00,,,1.812,,2.148,4.516
02/02/2023 03:30,,,3.42,,3.228,5.312
02/02/2023 04:00,,,3.2,,2.236,3.534
02/02/2023 04:30,,,2.702,,2.89,5.14
02/02/2023 05:00,,,1.446,,0.706,1.676
02/02/2023 05:30,,,0.64,,1.07,4.128
02/02/2023 06:00,,,6.824,,6.33,10.018
02/02/2023 06:30,,,24.87,,21.664,21.91
02/02/2023 07:00,,,29.398,,23.398,36.738
02/02/2023 07:30,,,35.21,,28.036,55.038
02/02/2023 08:00,,,61.27,,48.218,86.28
02/02/2023 08:30,,,67.902,,49.18,94.312
02/02/2023 09:00,,,67.916,,49.196,99.044
02/02/2023 09:30,,,67.868,,49.152,107.736
02/02/2023 10:00,,,67.856,,49.186,107.69
02/02/2023 10:30,,,67.862,,49.152,107.72
02/02/2023 11:00,,,67.89,,49.158,107.742
02/02/2023 11:30,,,67.854,,49.172,107.688
02/02/2023 12:00,,,67.874,,49.188,107.722
02/02/2023 12:30,,,67.874,,49.162,107.652
02/02/2023 13:00,,,67.88,,49.18,107.33
02/02/2023 13:30,,,67.87,,49.148,109.136
02/02/2023 14:00,,,67.868,,49.196,107.756
02/02/2023 14:30,,,67.896,,49.174,107.656
02/02/2023 15:00,,,67.852,,49.184,107.056
02/02/2023 15:30,,,67.888,,49.156,100.012
02/02/2023 16:00,,,67.878,,49.166,105.426
02/02/2023 16:30,,,67.862,,49.186,105.802
02/02/2023 17:00,,,67.854,,49.17,102.944
02/02/2023 17:30,,,67.86,,49.154,98.116
02/02/2023 18:00,,,67.9,,49.18,98.044
02/02/2023 18:30,,,67.838,,49.174,107.094
02/02/2023 19:00,,,67.892,,49.164,107.706
02/02/2023 19:30,,,67.846,,49.182,107.718
02/02/2023 20:00,,,67.892,,49.144,107.584
02/02/2023 20:30,,,67.854,,49.156,107.732
02/02/2023 21:00,,,65.87,,49.18,107.71
02/02/2023 21:30,,,67.87,,49.1,105.66
02/02/2023 22:00,,,67.866,,49.17,107.614
02/02/2023 22:30,,,67.852,,49.16,107.7
02/02/2023 23:00,,,67.85,,49.168,107.732
02/02/2023 23:30,,,67.514,,49.082,103.672
03/02/2023 00:00,,,67.79,,59.046,102.764
03/02/2023 00:30,,,67.87,,58,107.712
03/02/2023 01:00,,,67.848,,59.048,107.68
03/02/2023 01:30,,,67.848,,58.308,107.604
03/02/2023 02:00,,,67.894,,58.926,106.664
03/02/2023 02:30,,,67.892,,59.044,110.6
03/02/2023 03:00,,,67.874,,59.038,115.432
03/02/2023 03:30,,,67.888,,58.938,116.064
03/02/2023 04:00,,,67.864,,58.93,113.422
03/02/2023 04:30,,,67.838,,57.438,72.08
03/02/2023 05:00,,,61.514,,57.776,54.126
03/02/2023 05:30,,,51.466,,58.776,80.396
03/02/2023 06:00,,,65.79,,58.986,106.824
03/02/2023 06:30,,,67.878,,58.836,99.368
03/02/2023 07:00,,,67.112,,58.86,92.806
03/02/2023 07:30,,,63.706,,57.582,94.774
03/02/2023 08:00,,,52.178,,42.402,74.54
03/02/2023 08:30,,,44.78,,44.274,80.628
03/02/2023 09:00,,,48.94,,50.708,88.31
03/02/2023 09:30,,,37.854,,31.056,70.662
03/02/2023 10:00,,,23.426,,23.422,57.328
03/02/2023 10:30,,,25.282,,16.892,38.848
03/02/2023 11:00,,,16.16,,11.436,26.982
03/02/2023 11:30,,,14.114,,11.172,19.282
03/02/2023 12:00,,,14.146,,13.712,16.662
03/02/2023 12:30,,,19.368,,15.224,19.962
03/02/2023 13:00,,,16.614,,12.872,21.51
03/02/2023 13:30,,,16.476,,14.264,23.33
03/02/2023 14:00,,,17.466,,16.852,31.402
03/02/2023 14:30,,,14.41,,16.076,31.966
03/02/2023 15:00,,,15.896,,15.244,25.66
03/02/2023 15:30,,,25.38,,15.326,33.264
03/02/2023 16:00,,,23.418,,14.868,33.138
03/02/2023 16:30,,,39.346,,28.16,45.618
03/02/2023 17:00,,,45.752,,27.944,47.492
03/02/2023 17:30,,,49.364,,19.446,50.306
03/02/2023 18:00,,,26.786,,18.536,37.28
03/02/2023 18:30,,,22.37,,18.27,31.916
03/02/2023 19:00,,,30.832,,20.818,27.782
03/02/2023 19:30,,,28.3,,22.702,54.032
03/02/2023 20:00,,,39.622,,40.328,76.53
03/02/2023 20:30,,,55.848,,45.426,78.13
03/02/2023 21:00,,,52.806,,35.038,63.424
03/02/2023 21:30,,,43.398,,30.514,50.476
03/02/2023 22:00,,,35.188,,34.286,61.78
03/02/2023 22:30,,,50.422,,43.578,65.274
03/02/2023 23:00,,,44.482,,30.222,42.634
03/02/2023 23:30,,,37.548,,29.504,52.36
04/02/2023 00:00,,,38.314,,33.536,52.984
04/02/2023 00:30,,,37.47,,31.886,62.07
04/02/2023 01:00,,,38.25,,30.8,65.452
04/02/2023 01:30,,,34.776,,21.864,75.172
04/02/2023 02:00,,,43.864,,41.984,88.336
04/02/2023 02:30,,,66.124,,47.914,94.384
04/02/2023 03:00,,,62.214,,44.17,79.706
04/02/2023 03:30,,,56.126,,39.036,81.702
04/02/2023 04:00,,,44.274,,45.378,91.666
04/02/2023 04:30,,,62.996,,49.176,107.142
04/02/2023 05:00,,,67.458,,49.21,124.528
04/02/2023 05:30,,,67.826,,48.25,135.81
04/02/2023 06:00,,,67.886,,48.234,134.82
04/02/2023 06:30,,,67.802,,48.764,135.744
04/02/2023 07:00,,,67.57,,47.674,130.86
04/02/2023 07:30,,,66.876,,48.794,120.452
04/02/2023 08:00,,,60.56,,48.524,121.456
04/02/2023 08:30,,,66.292,,48.26,127.318
04/02/2023 09:00,,,66.486,,49.154,130.454
04/02/2023 09:30,,,67.122,,48.252,125.648
04/02/2023 10:00,,,63.928,,42.056,120.216
04/02/2023 10:30,,,67.87,,47.73,120.092
04/02/2023 11:00,,,67.842,,48.258,120.28
04/02/2023 11:30,,,67.878,,48.304,121.208
04/02/2023 12:00,,,67.854,,47.296,115.168
04/02/2023 12:30,,,67.874,,46.304,111.05
04/02/2023 13:00,,,67.874,,49.15,111.342
04/02/2023 13:30,,,67.852,,46.446,108.402
04/02/2023 14:00,,,67.88,,48.156,109.978
04/02/2023 14:30,,,67.872,,48.13,111.506
04/02/2023 15:00,,,67.858,,48.138,120.998
04/02/2023 15:30,,,67.876,,46.97,121.362
04/02/2023 16:00,,,67.86,,49.176,121.412
04/02/2023 16:30,,,67.134,,49.146,121.352
04/02/2023 17:00,,,67.856,,49.182,121.422
04/02/2023 17:30,,,67.884,,49.166,118.226
04/02/2023 18:00,,,67.534,,48.46,112.182
04/02/2023 18:30,,,67.596,,47.156,119.766
04/02/2023 19:00,,,67.656,,48.272,114.03
04/02/2023 19:30,,,51.498,,47.088,96.752
04/02/2023 20:00,,,56.74,,46.864,96.578
04/02/2023 20:30,,,61.78,,53.916,105.818
04/02/2023 21:00,,,64.428,,55.692,98.096
04/02/2023 21:30,,,58.636,,42.576,86.502
04/02/2023 22:00,,,63.916,,54.31,102.124
04/02/2023 22:30,,,65.116,,57.978,98.702
04/02/2023 23:00,,,67.824,,55.646,67.594
04/02/2023 23:30,,,59.358,,45.772,58.72
05/02/2023 00:00,,,52.972,,42.482,53.41
05/02/2023 00:30,,,46.314,,29.978,80.498
05/02/2023 01:00,,,52.962,,35.358,84.84
05/02/2023 01:30,,,52,,39.312,76.548
05/02/2023 02:00,,,44.302,,28.826,71.256
05/02/2023 02:30,,,32.328,,26.682,88.706
05/02/2023 03:00,,,41.018,,40.192,93.33
05/02/2023 03:30,,,47.596,,49.568,113.86
05/02/2023 04:00,,,57.82,,42.474,104.536
05/02/2023 04:30,,,42.522,,33.288,53.65
05/02/2023 05:00,,,29.732,,24.464,58.76
05/02/2023 05:30,,,31.99,,29.154,65.35
05/02/2023 06:00,,,39.074,,37.166,76.436
05/02/2023 06:30,,,34.64,,30.554,56.554
05/02/2023 07:00,,,18.346,,15.916,31.654
05/02/2023 07:30,,,17.95,,18.54,32.762
05/02/2023 08:00,,,9.192,,7.868,16.164
05/02/2023 08:30,,,6.444,,5.268,11.124
05/02/2023 09:00,,,7.188,,7.834,14.484
05/02/2023 09:30,,,10.446,,12.678,23.224
05/02/2023 10:00,,,9.27,,10.106,21.218
05/02/2023 10:30,,,8.536,,10.654,26.46
05/02/2023 11:00,,,11.464,,15.016,27.448
05/02/2023 11:30,,,10.156,,12.274,18.542
05/02/2023 12:00,,,9.394,,11,16.706
05/02/2023 12:30,,,11.818,,13.478,21.566
05/02/2023 13:00,,,22.786,,19.634,33.19
05/02/2023 13:30,,,20.806,,23.322,33.81
05/02/2023 14:00,,,20.338,,20.28,38.702
05/02/2023 14:30,,,22.646,,24.92,44.808
05/02/2023 15:00,,,29.71,,32.768,56.814
05/02/2023 15:30,,,37.376,,42.124,81.2
05/02/2023 16:00,,,51.026,,51.24,97.074
05/02/2023 16:30,,,57.592,,58.872,97.848
05/02/2023 17:00,,,57.998,,59.04,97.908
05/02/2023 17:30,,,58.162,,59.054,97.892
05/02/2023 18:00,,,58.156,,59.048,102.496
05/02/2023 18:30,,,58.156,,59.042,123.384
05/02/2023 19:00,,,58.158,,59.046,127.232
05/02/2023 19:30,,,58.15,,59.054,135.444
05/02/2023 20:00,,,58.15,,59.042,137.146
05/02/2023 20:30,,,58.134,,59.012,137.202
05/02/2023 21:00,,,58.098,,59.03,137.144
05/02/2023 21:30,,,58.102,,59.018,137.156
05/02/2023 22:00,,,58.064,,59.05,136.994
05/02/2023 22:30,,,57.502,,58.894,136.81
05/02/2023 23:00,,,53.16,,53.93,130.596
05/02/2023 23:30,,,47.264,,52.148,122.824
06/02/2023 00:00,,,48.14,,52.434,120.09
06/02/2023 00:30,,,45.552,,52.124,121.138
06/02/2023 01:00,,,42.774,,50.632,122.982
06/02/2023 01:30,,,44.858,,46.43,104.26
06/02/2023 02:00,,,39.83,,43.614,93.832
06/02/2023 02:30,,,37.422,,39.696,87.482
06/02/2023 03:00,,,38.384,,39.918,78.728
06/02/2023 03:30,,,30.57,,29.574,82.472
06/02/2023 04:00,,,33.51,,36.342,93.948
06/02/2023 04:30,,,38.202,,37.136,99.966
06/02/2023 05:00,,,43.302,,35.636,75.428
06/02/2023 05:30,,,23.92,,28.068,70.06
06/02/2023 06:00,,,15.762,,24.458,103.856
06/02/2023 06:30,,,19.192,,8.778,92.344
06/02/2023 07:00,,,18.51,,15.704,61.876
06/02/2023 07:30,,,28.06,,22.072,58.142
06/02/2023 08:00,,,44.382,,41.12,87.464
06/02/2023 08:30,,,45.898,,49.146,79.586
06/02/2023 09:00,,,42.35,,55.778,101.472
06/02/2023 09:30,,,41.44,,56.456,132.99
06/02/2023 10:00,,,40.056,,55.986,136.564
06/02/2023 10:30,,,45.68,,54.554,136.854
06/02/2023 11:00,,,43.568,,54.122,133.524
06/02/2023 11:30,,,35.49,,50.202,116.764
06/02/2023 12:00,,,27.846,,45.454,100.484
06/02/2023 12:30,,,19.982,,33.062,88.062
06/02/2023 13:00,,,30.962,,39.478,100.522
06/02/2023 13:30,,,29.616,,33.35,98.068
06/02/2023 14:00,,,23.828,,26.478,92.832
06/02/2023 14:30,,,25.27,,27.984,86.71
06/02/2023 15:00,,,32.512,,31.06,85.064
06/02/2023 15:30,,,32.546,,30.638,82.722
06/02/2023 16:00,,,41.03,,37.816,92.748
06/02/2023 16:30,,,44.764,,41.882,107.71
06/02/2023 17:00,,,34.524,,39.912,135.942
06/02/2023 17:30,,,37.42,,43.98,131.648
06/02/2023 18:00,,,38.398,,46.262,126.87
06/02/2023 18:30,,,38.986,,47.864,130.804
06/02/2023 19:00,,,38.964,,47.24,137.4
06/02/2023 19:30,,,38.984,,48.222,139.446
06/02/2023 20:00,,,38.672,,47.202,136.816
06/02/2023 20:30,,,37.102,,48.132,140.228
06/02/2023 21:00,,,36.61,,46.072,144.386
06/02/2023 21:30,,,33.282,,39.58,141.96
06/02/2023 22:00,,,32.89,,46.676,142.412
06/02/2023 22:30,,,28.64,,49.942,140.964
06/02/2023 23:00,,,25.192,,54.198,141.7
06/02/2023 23:30,,,25.918,,49.54,127.844
07/02/2023 00:00,,,31.716,,41.206,117.83
07/02/2023 00:30,,,27.934,,40.58,123.988
07/02/2023 01:00,,,19.9,,42.966,122.032
07/02/2023 01:30,,,16.724,,40.54,116.09
07/02/2023 02:00,,,22.418,,52.992,133.876
07/02/2023 02:30,,,31.798,,55.154,137.606
07/02/2023 03:00,,,36.242,,52.15,146.49
07/02/2023 03:30,,,36.724,,45.072,143.746
07/02/2023 04:00,,,26.214,,51.338,128.268
07/02/2023 04:30,,,23.81,,48.704,118.036
07/02/2023 05:00,,,26.55,,43.386,101.274
07/02/2023 05:30,,,32.086,,46.258,112.27
07/02/2023 06:00,,,33.204,,47.13,111.002
07/02/2023 06:30,,,34.19,,55.35,113.826
07/02/2023 07:00,,,36.98,,54.366,112.072
07/02/2023 07:30,,,34.04,,44.602,101.934
07/02/2023 08:00,,,36.028,,47.216,98.176
07/02/2023 08:30,,,32.124,,45.732,103.69
07/02/2023 09:00,,,28.63,,52.002,104.18
07/02/2023 09:30,,,26.568,,47.298,115.068
07/02/2023 10:00,,,21.936,,42.746,101.038
07/02/2023 10:30,,,17.69,,35.132,91.018
07/02/2023 11:00,,,11.024,,37.122,68.322
07/02/2023 11:30,,,13.842,,28.418,75.612
07/02/2023 12:00,,,17.08,,37.106,84.124
07/02/2023 12:30,,,23.506,,45.328,77.494
07/02/2023 13:00,,,25.92,,51.076,80.062
07/02/2023 13:30,,,24.256,,36.554,66.038
07/02/2023 14:00,,,19.468,,25.612,66.324
07/02/2023 14:30,,,18.08,,16.96,65.964
07/02/2023 15:00,,,11.6,,9.946,63.15
07/02/2023 15:30,,,13.466,,11.132,69.932
07/02/2023 16:00,,,13.79,,13.604,78.614
07/02/2023 16:30,,,20.302,,25.652,113.9
07/02/2023 17:00,,,30.426,,40.532,109.046
07/02/2023 17:30,,,43.646,,39.408,97.896
07/02/2023 18:00,,,43.428,,47.602,98.692
07/02/2023 18:30,,,43.204,,40.02,104.364
07/02/2023 19:00,,,55.312,,31.72,131.988
07/02/2023 19:30,,,50.008,,32.368,124.31
07/02/2023 20:00,,,36.966,,28.336,123.114
07/02/2023 20:30,,,33.584,,32.612,116.872
07/02/2023 21:00,,,42.516,,39.242,127.932
07/02/2023 21:30,,,42.254,,35.894,135.554
07/02/2023 22:00,,,34.954,,30.182,124.296
07/02/2023 22:30,,,43.942,,37.666,106.34
07/02/2023 23:00,,,41.566,,43.244,123.938
07/02/2023 23:30,,,28.282,,35.144,123.89
08/02/2023 00:00,,,29.054,,38.47,137.278
08/02/2023 00:30,,,36.744,,34.286,106.508
08/02/2023 01:00,,,39.976,,32.034,108.584
08/02/2023 01:30,,,53.16,,45.578,138.58
08/02/2023 02:00,,,57.062,,52.008,142.362
08/02/2023 02:30,,,57.256,,50.358,138.684
08/02/2023 03:00,,,58.38,,57.478,125.976
08/02/2023 03:30,,,58.322,,58.012,147.772
08/02/2023 04:00,,,58.334,,57.956,150.348
08/02/2023 04:30,,,58.368,,56.104,152.07
08/02/2023 05:00,,,58.35,,58.01,152.96
08/02/2023 05:30,,,58.35,,58.034,154.244
08/02/2023 06:00,,,58.358,,58.976,153.54
08/02/2023 06:30,,,58.33,,57.14,154.312
08/02/2023 07:00,,,58.324,,58.938,154.61
08/02/2023 07:30,,,58.336,,58.978,155.384
08/02/2023 08:00,,,58.322,,58.946,155.404
08/02/2023 08:30,,,58.374,,58.992,155.398
08/02/2023 09:00,,,58.324,,58.932,155.4
08/02/2023 09:30,,,58.362,,58.964,155.408
08/02/2023 10:00,,,58.344,,58.986,155.406
08/02/2023 10:30,,,58.32,,58.942,155.398
08/02/2023 11:00,,,58.338,,58.986,155.43
08/02/2023 11:30,,,58.368,,58.958,155.368
08/02/2023 12:00,,,58.344,,58.998,155.436
08/02/2023 12:30,,,58.354,,58.94,155.422
08/02/2023 13:00,,,58.354,,58.964,153.018
08/02/2023 13:30,,,58.346,,58.996,153.016
08/02/2023 14:00,,,58.382,,58.604,150.286
08/02/2023 14:30,,,58.322,,58.952,148.798
08/02/2023 15:00,,,58.376,,58.984,151.736
08/02/2023 15:30,,,64.638,,58.886,148.812
08/02/2023 16:00,,,67.91,,59.03,147.066
08/02/2023 16:30,,,67.92,,59.006,147.108
08/02/2023 17:00,,,67.914,,58.948,147.032
08/02/2023 17:30,,,67.94,,58.998,147.09
08/02/2023 18:00,,,67.886,,58.95,147.028
08/02/2023 18:30,,,67.916,,58.974,147.094
08/02/2023 19:00,,,67.942,,58.964,147.07
08/02/2023 19:30,,,67.888,,58.984,147.012
08/02/2023 20:00,,,67.94,,58.98,147.056
08/02/2023 20:30,,,67.898,,58.974,147.038
08/02/2023 21:00,,,67.94,,58.974,147.12
08/02/2023 21:30,,,67.91,,58.968,146.264
08/02/2023 22:00,,,66.154,,58.796,138.634
08/02/2023 22:30,,,67.756,,58.868,145.04
08/02/2023 23:00,,,60.616,,58.09,138.04
08/02/2023 23:30,,,57.75,,58.212,145.694
09/02/2023 00:00,,,67.64,,58.196,144.638
09/02/2023 00:30,,,66.212,,57.684,145.344
09/02/2023 01:00,,,61.924,,58.82,146.922
09/02/2023 01:30,,,67.358,,58.94,146.372
09/02/2023 02:00,,,65.08,,57.896,145.852
09/02/2023 02:30,,,61.53,,56.682,142.47
09/02/2023 03:00,,,66.804,,57.528,144.398
09/02/2023 03:30,,,67.866,,58.926,145.24
09/02/2023 04:00,,,67.926,,58.946,145.128
09/02/2023 04:30,,,67.882,,58.972,146.936
09/02/2023 05:00,,,67.87,,58.95,147.076
09/02/2023 05:30,,,67.884,,58.97,146.974
09/02/2023 06:00,,,67.886,,58.972,147.1
09/02/2023 06:30,,,67.87,,58.95,147.086
09/02/2023 07:00,,,67.912,,58.95,147.03
09/02/2023 07:30,,,67.866,,58.986,147.034
09/02/2023 08:00,,,67.904,,58.988,147.07
09/02/2023 08:30,,,67.894,,58.956,147.114
09/02/2023 09:00,,,67.904,,59.01,147.076
09/02/2023 09:30,,,67.866,,59.022,147.04
09/02/2023 10:00,,,67.87,,58.996,147.086
09/02/2023 10:30,,,67.872,,59.048,154.956
09/02/2023 11:00,,,67.896,,59,155.402
09/02/2023 11:30,,,67.874,,59.064,155.37
09/02/2023 12:00,,,67.878,,59.014,155.176
09/02/2023 12:30,,,67.762,,59.012,148.896
09/02/2023 13:00,,,63.96,,59.008,147.956
09/02/2023 13:30,,,67.606,,58.374,147.432
09/02/2023 14:00,,,67.87,,54.422,147.926
09/02/2023 14:30,,,66.754,,52.728,137.798
09/02/2023 15:00,,,66.858,,44.102,138.184
09/02/2023 15:30,,,64.078,,47.45,137.546
09/02/2023 16:00,,,50.968,,54.908,124.272
09/02/2023 16:30,,,57.588,,60.008,143.484
09/02/2023 17:00,,,66.986,,56.924,137.25
09/02/2023 17:30,,,59.052,,66.914,153.352
09/02/2023 18:00,,,62.88,,65.954,146.094
09/02/2023 18:30,,,67.616,,67.07,139.264
09/02/2023 19:00,,,67.822,,68.45,129.228
09/02/2023 19:30,,,67.858,,59.002,142.462
09/02/2023 20:00,,,67.874,,57.032,138.764
09/02/2023 20:30,,,67.878,,58.966,142.272
09/02/2023 21:00,,,67.838,,59.026,144.722
09/02/2023 21:30,,,67.882,,59.02,142.298
09/02/2023 22:00,,,67.876,,59.034,143.152
09/02/2023 22:30,,,67.816,,59.03,137.712
09/02/2023 23:00,,,66.672,,57.68,123.234
09/02/2023 23:30,,,65.166,,58.736,127.79
10/02/2023 00:00,,,66.398,,52.544,107.208
10/02/2023 00:30,,,62.632,,55.084,120.488
10/02/2023 01:00,,,67.866,,59.008,140.008
10/02/2023 01:30,,,67.844,,59.038,148.324
10/02/2023 02:00,,,67.86,,58.976,146.244
10/02/2023 02:30,,,67.63,,58.966,146.32
10/02/2023 03:00,,,67.368,,59.028,154.93
10/02/2023 03:30,,,66.494,,59.018,155.504
10/02/2023 04:00,,,67.892,,59.032,155.39
10/02/2023 04:30,,,67.894,,59.042,155.48
10/02/2023 05:00,,,67.832,,59.042,151.706
10/02/2023 05:30,,,65.796,,58.66,153.948
10/02/2023 06:00,,,65.398,,56.642,155.206
10/02/2023 06:30,,,67.462,,59.052,155.42
10/02/2023 07:00,,,67.85,,59.02,155.434
10/02/2023 07:30,,,67.89,,59.044,155.478
10/02/2023 08:00,,,67.914,,59.04,155.428
10/02/2023 08:30,,,67.74,,59.05,155.392
10/02/2023 09:00,,,67.43,,59.04,155.486
10/02/2023 09:30,,,67.886,,59.072,155.316
10/02/2023 10:00,,,67.946,,59.038,155.38
10/02/2023 10:30,,,67.868,,59.028,155.42
10/02/2023 11:00,,,67.926,,59.048,155.452
10/02/2023 11:30,,,67.878,,59.036,155.402
10/02/2023 12:00,,,67.922,,59.042,155.432
10/02/2023 12:30,,,67.882,,59.072,152.478
10/02/2023 13:00,,,67.952,,59.036,151.434
10/02/2023 13:30,,,67.888,,59.024,155.824
10/02/2023 14:00,,,67.908,,59.04,150.804
10/02/2023 14:30,,,67.92,,56.596,147.106
10/02/2023 15:00,,,67.894,,49.196,147.064
10/02/2023 15:30,,,67.884,,49.208,153.358
10/02/2023 16:00,,,67.896,,49.19,149.034
10/02/2023 16:30,,,67.882,,49.232,147.092
10/02/2023 17:00,,,67.892,,49.198,147.088
10/02/2023 17:30,,,67.884,,49.192,147.046
10/02/2023 18:00,,,67.85,,49.212,147.09
10/02/2023 18:30,,,67.892,,49.228,147.1
10/02/2023 19:00,,,67.912,,49.214,147.066
10/02/2023 19:30,,,67.882,,49.192,147.14
10/02/2023 20:00,,,67.888,,49.224,147.086
10/02/2023 20:30,,,67.872,,49.198,147.134
10/02/2023 21:00,,,67.894,,49.22,147.104
10/02/2023 21:30,,,67.892,,49.198,149.88
10/02/2023 22:00,,,67.898,,49.216,151.238
10/02/2023 22:30,,,67.884,,49.21,147.042
10/02/2023 23:00,,,67.91,,49.224,159.35
10/02/2023 23:30,,,67.878,,49.206,163.828
11/02/2023 00:00,,,67.858,,49.196,163.906
11/02/2023 00:30,,,67.904,,49.216,163.876
11/02/2023 01:00,,,67.856,,49.15,163.858
11/02/2023 01:30,,,67.844,,49.212,163.886
11/02/2023 02:00,,,67.846,,49.228,163.916
11/02/2023 02:30,,,67.884,,49.174,163.866
11/02/2023 03:00,,,67.868,,49.204,163.87
11/02/2023 03:30,,,67.89,,49.22,163.702
11/02/2023 04:00,,,67.872,,49.19,163.736
11/02/2023 04:30,,,67.856,,49.216,162.442
11/02/2023 05:00,,,67.554,,49.198,161.922
11/02/2023 05:30,,,65.726,,49.21,161.308
11/02/2023 06:00,,,62.546,,49.2,151.878
11/02/2023 06:30,,,58.33,,49.184,150.606
11/02/2023 07:00,,,58.24,,49.218,147.576
11/02/2023 07:30,,,57.862,,44.876,142.052
11/02/2023 08:00,,,58.188,,48.948,151.68
11/02/2023 08:30,,,57.93,,47.17,125.496
11/02/2023 09:00,,,56.338,,44.53,118.688
11/02/2023 09:30,,,51.612,,46.994,122.348
11/02/2023 10:00,,,56.922,,48.73,120.098
11/02/2023 10:30,,,57.894,,48.134,130.112
11/02/2023 11:00,,,58.34,,49.208,159.62
11/02/2023 11:30,,,56.774,,49.188,162.618
11/02/2023 12:00,,,57.882,,49.218,163.54
11/02/2023 12:30,,,58.352,,49.218,163.702
11/02/2023 13:00,,,58.31,,49.206,163.716
11/02/2023 13:30,,,58.358,,49.194,163.186
11/02/2023 14:00,,,53.212,,49.208,163.474
11/02/2023 14:30,,,48.724,,49.23,163.86
11/02/2023 15:00,,,48.746,,49.176,161.996
11/02/2023 15:30,,,48.72,,49.228,160.634
11/02/2023 16:00,,,52.172,,49.198,162.038
11/02/2023 16:30,,,58.308,,49.192,162.098
11/02/2023 17:00,,,49.546,,49.226,159.562
11/02/2023 17:30,,,48.758,,48.276,149.032
11/02/2023 18:00,,,52.536,,49.212,143.754
11/02/2023 18:30,,,58.294,,49.198,149.732
11/02/2023 19:00,,,58.308,,49.196,154.678
11/02/2023 19:30,,,58.326,,49.218,158.652
11/02/2023 20:00,,,57.982,,49.208,152.882
11/02/2023 20:30,,,56.338,,49.12,150.402
11/02/2023 21:00,,,51.404,,47.084,124.566
11/02/2023 21:30,,,45.842,,41.302,107.452
11/02/2023 22:00,,,40.488,,38.582,101.97
11/02/2023 22:30,,,43.566,,38.142,111.172
11/02/2023 23:00,,,48.074,,48.192,116.46
11/02/2023 23:30,,,50.788,,55.048,126.668
12/02/2023 00:00,,,46.006,,53.196,123.654
12/02/2023 00:30,,,48.96,,56.198,122.352
12/02/2023 01:00,,,52.6,,52.758,113.124
12/02/2023 01:30,,,44.702,,47.504,105.292
12/02/2023 02:00,,,41.336,,41.626,98.972
12/02/2023 02:30,,,43.744,,43.976,102.938
12/02/2023 03:00,,,46.314,,51.146,103.914
12/02/2023 03:30,,,47.892,,55.494,118.744
12/02/2023 04:00,,,45.478,,51.958,108.818
12/02/2023 04:30,,,46.534,,52.892,113.048
12/02/2023 05:00,,,48.472,,57.282,115.63
12/02/2023 05:30,,,47.15,,55.976,113.112
12/02/2023 06:00,,,49.276,,54.576,118.708
12/02/2023 06:30,,,48.092,,50.406,120.366
12/02/2023 07:00,,,46.722,,45.292,110.562
12/02/2023 07:30,,,45.334,,44.522,103.142
12/02/2023 08:00,,,46.202,,45.248,105.164
12/02/2023 08:30,,,47.824,,47.988,116.676
12/02/2023 09:00,,,47.258,,48.318,126.53
12/02/2023 09:30,,,47.576,,51.298,131.586
12/02/2023 10:00,,,52.82,,55.092,144.326
12/02/2023 10:30,,,53.824,,54.736,133.764
12/02/2023 11:00,,,48.966,,51.112,113.868
12/02/2023 11:30,,,40.956,,42.886,99.222
12/02/2023 12:00,,,36.986,,39.2,100.398
12/02/2023 12:30,,,40.134,,38.508,93.844
12/02/2023 13:00,,,50.49,,45.41,106.634
12/02/2023 13:30,,,43.07,,45.846,123.778
12/02/2023 14:00,,,46.19,,45.864,125.338
12/02/2023 14:30,,,41.34,,39.15,111.74
12/02/2023 15:00,,,41.934,,40.874,117.388
12/02/2023 15:30,,,45.084,,42.71,111.778
12/02/2023 16:00,,,46.536,,42.306,121.51
12/02/2023 16:30,,,44.908,,39.62,142.534
12/02/2023 17:00,,,42.554,,37.202,130.156
12/02/2023 17:30,,,41.986,,38.756,110.618
12/02/2023 18:00,,,34.262,,41.558,111.842
12/02/2023 18:30,,,22.314,,29.194,109.748
12/02/2023 19:00,,,18.02,,24.816,90.304
12/02/2023 19:30,,,26.304,,26.702,84.198
12/02/2023 20:00,,,31.858,,34.104,71.996
12/02/2023 20:30,,,34.462,,43.7,79.424
12/02/2023 21:00,,,42.132,,52.182,128.522
12/02/2023 21:30,,,48.698,,57.332,146.938
12/02/2023 22:00,,,51.474,,64.278,149.212
12/02/2023 22:30,,,49.242,,55.394,160.556
12/02/2023 23:00,,,36.906,,55.744,158.094
12/02/2023 23:30,,,26.834,,43.848,135.686
13/02/2023 00:00,,,17.584,,35.248,129.458
13/02/2023 00:30,,,14.012,,24.33,104.124
13/02/2023 01:00,,,21.206,,25.678,82.212
13/02/2023 01:30,,,29.882,,22.664,62.316
13/02/2023 02:00,,,22.866,,23.674,46.874
13/02/2023 02:30,,,12.518,,16.206,36.698
13/02/2023 03:00,,,9.644,,9.172,29.474
13/02/2023 03:30,,,9.76,,8.432,29.256
13/02/2023 04:00,,,7.252,,8.646,26.116
13/02/2023 04:30,,,3.612,,5.33,19.39
13/02/2023 05:00,,,3.096,,2.176,15.142
13/02/2023 05:30,,,1.712,,2.126,11.28
13/02/2023 06:00,,,1.202,,1.298,6.714
13/02/2023 06:30,,,1.526,,1.506,5.806
13/02/2023 07:00,,,1.294,,1.224,6.76
13/02/2023 07:30,,,2.94,,3.728,13.358
13/02/2023 08:00,,,5.386,,5.646,20.06
13/02/2023 08:30,,,9.638,,9.068,21.02
13/02/2023 09:00,,,9.598,,8.348,23.596
13/02/2023 09:30,,,11.366,,10.064,24.41
13/02/2023 10:00,,,13.644,,12.95,32.656
13/02/2023 10:30,,,16.566,,15.61,39.778
13/02/2023 11:00,,,17.44,,14.386,37.846
13/02/2023 11:30,,,16.182,,17.072,29.904
13/02/2023 12:00,,,14.57,,14.856,36.762
13/02/2023 12:30,,,17.422,,16.104,46.39
13/02/2023 13:00,,,17.634,,15.616,35.682
13/02/2023 13:30,,,16.97,,15.174,17.186
13/02/2023 14:00,,,14.294,,12.112,15.178
13/02/2023 14:30,,,13.2,,10.142,12.888
13/02/2023 15:00,,,14.302,,10.41,16.064
13/02/2023 15:30,,,17.776,,11.5,19.42
13/02/2023 16:00,,,19.14,,12.816,18.136
13/02/2023 16:30,,,15.17,,10.842,12.25
13/02/2023 17:00,,,10.712,,7.97,12.898
13/02/2023 17:30,,,9.842,,7.384,13.428
13/02/2023 18:00,,,9.27,,6.698,14.634
13/02/2023 18:30,,,9.714,,6.78,15.988
13/02/2023 19:00,,,8.042,,7.052,14.934
13/02/2023 19:30,,,6.794,,7.156,19.058
13/02/2023 20:00,,,8.582,,10.89,26.218
13/02/2023 20:30,,,15.68,,14.6,28.07
13/02/2023 21:00,,,20,,16.232,33.896
13/02/2023 21:30,,,21.888,,18.092,35.756
13/02/2023 22:00,,,22.314,,19.88,36.93
13/02/2023 22:30,,,17.98,,19.852,32.344
13/02/2023 23:00,,,13.912,,17.128,26.178
13/02/2023 23:30,,,16.766,,15.656,24.61
14/02/2023 00:00,,,12.962,,11.542,25.62
14/02/2023 00:30,,,7.434,,7.566,28.422
14/02/2023 01:00,,,4.47,,6.84,34.214
14/02/2023 01:30,,,3.756,,8.528,41.648
14/02/2023 02:00,,,4.77,,8.466,48.464
14/02/2023 02:30,,,5.526,,9.824,46.136
14/02/2023 03:00,,,4.236,,8.248,37.036
14/02/2023 03:30,,,3.714,,9.038,41.574
14/02/2023 04:00,,,3.826,,8.658,38.7
14/02/2023 04:30,,,2.96,,4.642,34.362
14/02/2023 05:00,,,1.862,,4.414,32.25
14/02/2023 05:30,,,1.962,,5.458,32.814
14/02/2023 06:00,,,2.148,,5.018,29.456
14/02/2023 06:30,,,1.778,,3.502,21.424
14/02/2023 07:00,,,0.596,,2.682,17.2
14/02/2023 07:30,,,2.49,,5.48,22.598
14/02/2023 08:00,,,5.232,,7.268,29.38
14/02/2023 08:30,,,9.778,,12.87,39.564
14/02/2023 09:00,,,17.972,,21.192,52.792
14/02/2023 09:30,,,20.866,,25.538,64.308
14/02/2023 10:00,,,25.486,,30.43,72.386
14/02/2023 10:30,,,20.946,,27.182,89.414
14/02/2023 11:00,,,28.364,,33.384,81.46
14/02/2023 11:30,,,36.126,,45.826,74.23
14/02/2023 12:00,,,41.412,,41.424,66.96
14/02/2023 12:30,,,41.734,,34.572,58.73
14/02/2023 13:00,,,50.454,,47.916,70.38
14/02/2023 13:30,,,43.52,,48.206,95.048
14/02/2023 14:00,,,46.39,,51.456,86.244
14/02/2023 14:30,,,34.554,,46.36,67.782
14/02/2023 15:00,,,38.682,,44.886,88.122
14/02/2023 15:30,,,43.594,,49.658,80.498
14/02/2023 16:00,,,54.04,,46.264,108.042
14/02/2023 16:30,,,62.87,,55.62,111.35
14/02/2023 17:00,,,63.358,,66.308,102.882
14/02/2023 17:30,,,63.608,,67.412,127.47
14/02/2023 18:00,,,61.164,,65.75,127.278
14/02/2023 18:30,,,63.188,,66.806,128.29
14/02/2023 19:00,,,67.414,,65.832,140.478
14/02/2023 19:30,,,67.738,,64.084,146
14/02/2023 20:00,,,67.89,,67.778,161.986
14/02/2023 20:30,,,67.904,,68.78,143.05
14/02/2023 21:00,,,67.042,,66.11,151.806
14/02/2023 21:30,,,66.542,,66.792,141.59
14/02/2023 22:00,,,59.034,,64.66,137.368
14/02/2023 22:30,,,65.686,,66.566,145.378
14/02/2023 23:00,,,58.772,,63.68,134.75
14/02/2023 23:30,,,46.478,,58.158,126.496
15/02/2023 00:00,,,42.818,,42.694,130.872
15/02/2023 00:30,,,44.404,,34.656,116.59
15/02/2023 01:00,,,40.812,,39.554,91.884
15/02/2023 01:30,,,48.586,,41.612,124.772
15/02/2023 02:00,,,58.35,,58.314,158.886
15/02/2023 02:30,,,63.25,,66.23,159.102
15/02/2023 03:00,,,61.876,,64.778,156.382
15/02/2023 03:30,,,55.044,,66.76,153.344
15/02/2023 04:00,,,63.798,,65.58,155.758
15/02/2023 04:30,,,65.114,,67.498,161.452
15/02/2023 05:00,,,57.566,,66.75,160.25
15/02/2023 05:30,,,61.544,,64.58,169.15
15/02/2023 06:00,,,62.212,,65.008,161.02
15/02/2023 06:30,,,67.218,,67.212,163.742
15/02/2023 07:00,,,67.922,,68.79,161.372
15/02/2023 07:30,,,67.934,,67.852,163.108
15/02/2023 08:00,,,67.942,,67.922,155.946
15/02/2023 08:30,,,67.916,,68.792,156.854
15/02/2023 09:00,,,67.866,,66.936,155.956
15/02/2023 09:30,,,67.924,,66.832,155.998
15/02/2023 10:00,,,67.89,,68.786,158.102
15/02/2023 10:30,,,67.926,,66.262,156.81
15/02/2023 11:00,,,67.912,,66.69,141.874
15/02/2023 11:30,,,67.9,,68.772,137.104
15/02/2023 12:00,,,67.932,,68.824,147.25
15/02/2023 12:30,,,67.908,,68.764,146.94
15/02/2023 13:00,,,67.952,,68.802,146.476
15/02/2023 13:30,,,67.108,,64.042,139.852
15/02/2023 14:00,,,65.006,,59.272,132.758
15/02/2023 14:30,,,65.934,,66.316,140.828
15/02/2023 15:00,,,67.92,,68.798,150.544
15/02/2023 15:30,,,67.908,,68.816,166.734
15/02/2023 16:00,,,66.626,,68.81,166.696
15/02/2023 16:30,,,67.914,,68.774,158.356
15/02/2023 17:00,,,67.9,,68.772,155.876
15/02/2023 17:30,,,67.954,,68.706,155.87
15/02/2023 18:00,,,67.866,,68.798,154.54
15/02/2023 18:30,,,65.488,,67.476,154.03
15/02/2023 19:00,,,67.908,,68.828,156.246
15/02/2023 19:30,,,67.918,,68.796,156.886
15/02/2023 20:00,,,67.952,,68.796,156.896
15/02/2023 20:30,,,67.936,,68.796,156.872
15/02/2023 21:00,,,67.91,,68.786,165.924
15/02/2023 21:30,,,67.942,,68.814,166.58
15/02/2023 22:00,,,67.904,,68.784,166.676
15/02/2023 22:30,,,67.94,,68.83,166.632
15/02/2023 23:00,,,67.936,,68.792,176.318
15/02/2023 23:30,,,67.864,,68.774,176.496
16/02/2023 00:00,,,63.418,,68.544,176.414
16/02/2023 00:30,,,66.064,,68.708,176.436
16/02/2023 01:00,,,67.418,,68.802,176.48
16/02/2023 01:30,,,67.89,,68.764,176.442
16/02/2023 02:00,,,65.772,,68.012,176.51
16/02/2023 02:30,,,50.21,,58.5,170.36
16/02/2023 03:00,,,42.622,,49.508,147.54
16/02/2023 03:30,,,28.124,,42.14,97.19
16/02/2023 04:00,,,24.23,,26.446,70.572
16/02/2023 04:30,,,14.802,,22.98,55.87
16/02/2023 05:00,,,13.956,,15.574,43.416
16/02/2023 05:30,,,16.304,,18.678,38.758
16/02/2023 06:00,,,23.298,,22.776,44.048
16/02/2023 06:30,,,24.676,,23.288,38.332
16/02/2023 07:00,,,28.68,,26.416,36.038
16/02/2023 07:30,,,28.638,,31.162,46.41
16/02/2023 08:00,,,32.674,,34.876,54.286
16/02/2023 08:30,,,38.264,,40.118,59.872
16/02/2023 09:00,,,35.022,,39.368,62.834
16/02/2023 09:30,,,30.15,,31.328,59.708
16/02/2023 10:00,,,27.846,,25.808,60.892
16/02/2023 10:30,,,22.96,,23.554,52.826
16/02/2023 11:00,,,23.204,,21.226,42.228
16/02/2023 11:30,,,20.044,,17.718,35.016
16/02/2023 12:00,,,18.904,,18.504,39.774
16/02/2023 12:30,,,15.61,,20.142,31.744
16/02/2023 13:00,,,15.264,,18.672,34.148
16/02/2023 13:30,,,10.552,,12.312,34.912
16/02/2023 14:00,,,9.602,,12.398,36.076
16/02/2023 14:30,,,5.446,,6.388,23.098
16/02/2023 15:00,,,9.446,,9.87,21.03
16/02/2023 15:30,,,12.266,,16.196,24.194
16/02/2023 16:00,,,18.878,,22.014,39.256
16/02/2023 16:30,,,22.416,,26.334,63.144
16/02/2023 17:00,,,30.348,,40.192,77.16
16/02/2023 17:30,,,38.086,,43.018,80.314
16/02/2023 18:00,,,44,,57.046,93.016
16/02/2023 18:30,,,47.934,,66.656,143.816
16/02/2023 19:00,,,55.374,,67.482,142.346
16/02/2023 19:30,,,48.872,,65.84,160.854
16/02/2023 20:00,,,58.792,,67.032,160.414
16/02/2023 20:30,,,40.848,,51.83,114.924
16/02/2023 21:00,,,43.51,,37.044,94.322
16/02/2023 21:30,,,48.962,,41.166,76.168
16/02/2023 22:00,,,65.148,,64.766,120.858
16/02/2023 22:30,,,65.992,,66.828,154.926
16/02/2023 23:00,,,67.564,,65.94,164.404
16/02/2023 23:30,,,67.884,,67.854,175.6
17/02/2023 00:00,,,67.916,,68.748,182.588
17/02/2023 00:30,,,67.924,,68.812,186.312
17/02/2023 01:00,,,67.93,,68.786,186.292
17/02/2023 01:30,,,67.92,,68.814,186.292
17/02/2023 02:00,,,67.886,,68.8,187.386
17/02/2023 02:30,,,67.92,,68.756,186.504
17/02/2023 03:00,,,67.92,,68.828,186.464
17/02/2023 03:30,,,67.93,,68.648,191.15
17/02/2023 04:00,,,63.068,,65.894,183.55
17/02/2023 04:30,,,50.31,,53.104,161.262
17/02/2023 05:00,,,42.846,,46.742,154.27
17/02/2023 05:30,,,38.44,,43.194,150.182
17/02/2023 06:00,,,46.378,,46.202,149.618
17/02/2023 06:30,,,59.262,,58.834,129.842
17/02/2023 07:00,,,53.922,,59.976,188.964
17/02/2023 07:30,,,67.468,,68.774,190.872
17/02/2023 08:00,,,67.824,,68.78,184.58
17/02/2023 08:30,,,67.892,,68.784,196.166
17/02/2023 09:00,,,67.896,,68.788,196.174
17/02/2023 09:30,,,67.886,,68.762,196.126
17/02/2023 10:00,,,67.866,,68.79,196.146
17/02/2023 10:30,,,67.898,,68.754,196.216
17/02/2023 11:00,,,67.914,,68.812,196.172
17/02/2023 11:30,,,67.882,,68.776,196.134
17/02/2023 12:00,,,67.964,,68.79,196.182
17/02/2023 12:30,,,67.918,,68.768,196.168
17/02/2023 13:00,,,67.87,,68.776,196.164
17/02/2023 13:30,,,67.918,,68.786,196.16
17/02/2023 14:00,,,67.87,,68.742,195.848
17/02/2023 14:30,,,65.022,,68.382,193.864
17/02/2023 15:00,,,65.014,,63.804,182.54
17/02/2023 15:30,,,61.188,,65.074,125.078
17/02/2023 16:00,,,64.58,,67.238,138.326
17/02/2023 16:30,,,67.108,,68.7,149.928
17/02/2023 17:00,,,54.962,,58.056,120.568
17/02/2023 17:30,,,37.116,,53.594,113.584
17/02/2023 18:00,,,42.462,,46.45,106.976
17/02/2023 18:30,,,31.8,,42.724,143.266
17/02/2023 19:00,,,29.892,,35.874,101.962
17/02/2023 19:30,,,26.656,,32.286,77.024
17/02/2023 20:00,,,33.218,,30.972,69.71
17/02/2023 20:30,,,21.45,,20.958,51.9
17/02/2023 21:00,,,21.782,,29.75,59.216
17/02/2023 21:30,,,41.212,,47.18,95.726
17/02/2023 22:00,,,63.146,,67.922,164.114
17/02/2023 22:30,,,56.62,,62.798,176.234
17/02/2023 23:00,,,42.11,,53.186,149.746
17/02/2023 23:30,,,18.46,,22.432,69.974
18/02/2023 00:00,,,7.508,,10.172,28.686
18/02/2023 00:30,,,8.338,,9.176,23.64
18/02/2023 01:00,,,6.36,,6.12,13.418
18/02/2023 01:30,,,3.686,,3.684,9.656
18/02/2023 02:00,,,3.426,,2.952,9.766
18/02/2023 02:30,,,3.43,,4.184,8.53
18/02/2023 03:00,,,4.64,,4.78,12.674
18/02/2023 03:30,,,5.486,,2.77,9.044
18/02/2023 04:00,,,6.6,,3.952,3.59
18/02/2023 04:30,,,6.01,,3.312,4.35
18/02/2023 05:00,,,5.29,,6.558,12.858
18/02/2023 05:30,,,11.124,,9.464,29.374
18/02/2023 06:00,,,12.034,,13.736,57.6
18/02/2023 06:30,,,25.694,,26.532,47.032
18/02/2023 07:00,,,22.372,,18.466,40.856
18/02/2023 07:30,,,16.306,,18.154,35.596
18/02/2023 08:00,,,12.052,,12.302,31.884
18/02/2023 08:30,,,10.44,,12.824,33.388
18/02/2023 09:00,,,14.398,,13.824,29.654
18/02/2023 09:30,,,5.92,,5.924,11.91
18/02/2023 10:00,,,1.572,,1.992,2.992
18/02/2023 10:30,,,,,,
18/02/2023 11:00,,,,,,0.274
18/02/2023 11:30,,,,,,
18/02/2023 12:00,,,,,,
18/02/2023 12:30,,,,,,
18/02/2023 13:00,,,,,,
18/02/2023 13:30,,,,,,
18/02/2023 14:00,,,,,,
18/02/2023 14:30,,,,,,
18/02/2023 15:00,,,,,,
18/02/2023 15:30,,,,,,
18/02/2023 16:00,,,,,,
18/02/2023 16:30,,,,,,
18/02/2023 17:00,,,0.284,,0.112,
18/02/2023 17:30,,,0.144,,0.644,0.148
18/02/2023 18:00,,,0.07,,0.77,1.366
18/02/2023 18:30,,,0.762,,1.328,3.278
18/02/2023 19:00,,,0.552,,1.686,5.418
18/02/2023 19:30,,,0.382,,1.548,4.746
18/02/2023 20:00,,,0.574,,1.926,5.252
18/02/2023 20:30,,,1.26,,1.976,5.554
18/02/2023 21:00,,,1.548,,2.782,4.712
18/02/2023 21:30,,,2.084,,4.032,4.274
18/02/2023 22:00,,,1.622,,2.834,2.132
18/02/2023 22:30,,,0.592,,0.742,
18/02/2023 23:00,,,,,,
18/02/2023 23:30,,,,,,
19/02/2023 00:00,,,,,0.052,
19/02/2023 00:30,,,0.83,,1.41,1.158
19/02/2023 01:00,,,1.69,,1.67,3.522
19/02/2023 01:30,,,1.776,,1.782,7.3
19/02/2023 02:00,,,3.45,,4.108,12.178
19/02/2023 02:30,,,6.366,,6.38,14.678
19/02/2023 03:00,,,10.38,,7.738,22.106
19/02/2023 03:30,,,11.346,,12.736,54.656
19/02/2023 04:00,,,19.028,,18.596,64.172
19/02/2023 04:30,,,20.368,,23.772,86.86
19/02/2023 05:00,,,32.598,,32.294,98.52
19/02/2023 05:30,,,29.522,,34.676,111.762
19/02/2023 06:00,,,35.36,,37.964,104.38
19/02/2023 06:30,,,36.49,,32.84,88.798
19/02/2023 07:00,,,30.138,,25.374,86.428
19/02/2023 07:30,,,33.46,,35.944,115.026
19/02/2023 08:00,,,56.076,,52.478,144.118
19/02/2023 08:30,,,61.562,,67.412,163.304
19/02/2023 09:00,,,63.996,,66.81,173.342
19/02/2023 09:30,,,64.068,,64.906,177.302
19/02/2023 10:00,,,65.45,,67.528,178.99
19/02/2023 10:30,,,67.576,,68.556,180.102
19/02/2023 11:00,,,66.582,,67.06,179.01
19/02/2023 11:30,,,67.32,,68.788,183.62
19/02/2023 12:00,,,67.864,,68.736,183.132
19/02/2023 12:30,,,67.834,,68.764,196.252
19/02/2023 13:00,,,67.87,,68.794,196.16
19/02/2023 13:30,,,67.858,,68.748,196.164
19/02/2023 14:00,,,67.82,,68.758,196.112
19/02/2023 14:30,,,67.852,,68.764,196.196
19/02/2023 15:00,,,67.88,,68.77,196.206
19/02/2023 15:30,,,67.836,,68.764,196.184
19/02/2023 16:00,,,67.868,,68.74,195.25
19/02/2023 16:30,,,67.828,,68.76,195.876
19/02/2023 17:00,,,67.862,,68.79,195.748
19/02/2023 17:30,,,67.862,,65.58,196.046
19/02/2023 18:00,,,67.824,,68.68,196.112
19/02/2023 18:30,,,67.864,,68.758,196.148
19/02/2023 19:00,,,67.83,,68.756,196.096
19/02/2023 19:30,,,67.862,,68.662,196.084
19/02/2023 20:00,,,67.814,,65.066,195.446
19/02/2023 20:30,,,67.846,,59.246,195.48
19/02/2023 21:00,,,67.82,,67.1,195.588
19/02/2023 21:30,,,67.842,,68.08,196.16
19/02/2023 22:00,,,67.728,,68.756,196.024
19/02/2023 22:30,,,67.446,,68.302,193.744
19/02/2023 23:00,,,67.856,,68.756,195.788
19/02/2023 23:30,,,67.846,,68.758,196.204
20/02/2023 00:00,,,67.824,,68.772,196.19
20/02/2023 00:30,,,67.87,,66.464,196.178
20/02/2023 01:00,,,67.792,,63.43,196.242
20/02/2023 01:30,,,60.23,,62.048,196.05
20/02/2023 02:00,,,49.14,,64.44,196.15
20/02/2023 02:30,,,57.05,,67.948,195.27
20/02/2023 03:00,,,67.164,,68.768,194.642
20/02/2023 03:30,,,67.844,,68.748,196.132
20/02/2023 04:00,,,67.864,,68.762,196.166
20/02/2023 04:30,,,67.876,,68.778,196.164
20/02/2023 05:00,,,67.852,,68.734,196.16
20/02/2023 05:30,,,67.854,,68.778,196.148
20/02/2023 06:00,,,67.882,,68.77,196.212
20/02/2023 06:30,,,67.856,,68.764,196.14
20/02/2023 07:00,,,67.836,,68.778,196.196
20/02/2023 07:30,,,67.876,,68.75,196.1
20/02/2023 08:00,,,67.81,,68.744,196.16
20/02/2023 08:30,,,67.84,,68.76,196.138
20/02/2023 09:00,,,67.858,,68.742,196.176
20/02/2023 09:30,,,67.82,,68.756,196.196
20/02/2023 10:00,,,67.844,,68.74,195.632
20/02/2023 10:30,,,67.826,,68.78,187.976
20/02/2023 11:00,,,67.824,,68.734,171.9
20/02/2023 11:30,,,67.792,,68.764,163.35
20/02/2023 12:00,,,67.52,,59.892,168.372
20/02/2023 12:30,,,66.916,,47.826,161.08
20/02/2023 13:00,,,67.854,,59.934,150.46
20/02/2023 13:30,,,67.888,,67.696,152.346
20/02/2023 14:00,,,64.344,,68.758,163.926
20/02/2023 14:30,,,61.01,,68.622,170.322
20/02/2023 15:00,,,67.716,,68.666,181.568
20/02/2023 15:30,,,67.85,3.118,68.78,179.506
20/02/2023 16:00,,,67.842,3.558,68.078,184.166
20/02/2023 16:30,,,66.408,,66.154,180.76
20/02/2023 17:00,,,60.93,,65.112,176.008
20/02/2023 17:30,,,57.56,3.758,62.968,173.888
20/02/2023 18:00,,,40.85,8.4,50.246,169.826
20/02/2023 18:30,,,46.548,6.496,35.686,138.642
20/02/2023 19:00,,,49.066,4.372,49.872,121.344
20/02/2023 19:30,,,44.016,3.242,66.214,128.434
20/02/2023 20:00,,,52.548,3.488,64.38,119.404
20/02/2023 20:30,,,37.644,4.154,45.784,106.268
20/02/2023 21:00,,,23.876,3.226,27.612,78.554
20/02/2023 21:30,,,13.078,3.026,15.914,55.116
20/02/2023 22:00,,,21.436,2.532,17.216,43.568
20/02/2023 22:30,,,12.502,1.69,13.746,23.264
20/02/2023 23:00,,,7.88,0.742,9.31,15.46
20/02/2023 23:30,,,3.95,0.536,6.89,10.372
21/02/2023 00:00,,,7.896,0.196,13.708,15.028
21/02/2023 00:30,,,7.504,0.102,11.98,23.426
21/02/2023 01:00,,,25.104,0.226,28.702,13.776
21/02/2023 01:30,,,44.384,0.372,58.134,49.078
21/02/2023 02:00,,,56.624,1.262,59.506,57.936
21/02/2023 02:30,,,40.334,1.422,38.312,74.342
21/02/2023 03:00,,,47.416,2.032,52.994,68.314
21/02/2023 03:30,,,52.286,1.75,50.7,74.554
21/02/2023 04:00,,,47.486,3.444,45.928,58.642
21/02/2023 04:30,,,43.378,3.088,41.758,58.704
21/02/2023 05:00,,,28.67,3.458,30.21,42.504
21/02/2023 05:30,,,31.378,3.234,35.744,49.94
21/02/2023 06:00,,,35.472,3.458,41.078,78.582
21/02/2023 06:30,,,47.068,3.928,48.574,96.556
21/02/2023 07:00,,,50.626,4.098,42.79,76.308
21/02/2023 07:30,,,28.88,3.746,36.478,85.936
21/02/2023 08:00,,,39.006,3.676,46.044,117.698
21/02/2023 08:30,,,48.08,3.658,67.272,156.514
21/02/2023 09:00,,,58.236,8.946,65.44,173.906
21/02/2023 09:30,,,56.798,9.042,58.34,172.1
21/02/2023 10:00,,,56.42,9.52,58.136,176.854
21/02/2023 10:30,,,51.322,9.852,58.226,176.82
21/02/2023 11:00,,,51.664,9.858,52.76,183.886
21/02/2023 11:30,,,49.72,9.716,48.464,184.108
21/02/2023 12:00,,,53.378,9.54,47.718,184.982
21/02/2023 12:30,,,39.852,9.786,46.176,182.278
21/02/2023 13:00,,,60.146,9.682,48.92,170.674
21/02/2023 13:30,,,66.754,9.746,53.46,170.014
21/02/2023 14:00,,,61.48,9.852,59.724,176.282
21/02/2023 14:30,,,52.468,9.854,68.458,186.098
21/02/2023 15:00,,,53.644,9.858,68.732,186.434
21/02/2023 15:30,,,63.07,9.858,68.714,183.98
21/02/2023 16:00,,,55.164,9.158,68.052,182.122
21/02/2023 16:30,,,50.906,8.082,59.932,160.912
21/02/2023 17:00,,,51.884,7.006,52.56,157.588
21/02/2023 17:30,,,43.96,7.142,51.034,122.976
21/02/2023 18:00,,,30.264,9.58,52.298,144.668
21/02/2023 18:30,,,35.56,9.69,53.472,141.18
21/02/2023 19:00,,,37.904,9.584,45.994,129.392
21/02/2023 19:30,,,49.508,9.404,38.396,120.34
21/02/2023 20:00,,,43.896,8.092,42.178,145.308
21/02/2023 20:30,,,40.52,6.38,41.518,134.68
21/02/2023 21:00,,,44.27,7.122,42.768,135.676
21/02/2023 21:30,,,36.246,8.958,50.034,167.996
21/02/2023 22:00,,,38.954,9.78,45.226,173.456
21/02/2023 22:30,,,48.44,9.668,58.034,171.58
21/02/2023 23:00,,,45.458,9.596,63.206,172.002
21/02/2023 23:30,,,32.772,8.456,40.652,149.2
22/02/2023 00:00,,,29.99,5.916,33.122,109.954
22/02/2023 00:30,,,44.02,5.066,45.824,95.948
22/02/2023 01:00,,,46.506,4.566,51.358,97.25
22/02/2023 01:30,,,54.168,6.046,57.894,102.368
22/02/2023 02:00,,,51.702,5.818,53.09,118.018
22/02/2023 02:30,,,44.918,6.31,51.414,131.876
22/02/2023 03:00,,,56.99,8.942,61.11,159.082
22/02/2023 03:30,,,50.972,8.442,57.458,162.974
22/02/2023 04:00,,,39.93,7.762,43.552,142.47
22/02/2023 04:30,,,34.524,5.234,38.74,105.356
22/02/2023 05:00,,,32.152,4.126,33.624,84.278
22/02/2023 05:30,,,16.182,3.388,23.104,61.236
22/02/2023 06:00,,,22.386,1.586,30.802,41.958
22/02/2023 06:30,,,31.956,6.884,28.346,133.216
22/02/2023 07:00,,,31.122,8.97,54.92,165.05
22/02/2023 07:30,,,53.626,9.582,66.424,182.126
22/02/2023 08:00,,,56.01,9.124,66.124,166.796
22/02/2023 08:30,,,58.186,8.63,59.27,157.68
22/02/2023 09:00,,,63.736,9.112,60.996,174.164
22/02/2023 09:30,,,64.434,8.66,67.984,182.192
22/02/2023 10:00,,,67.254,8.22,67.674,183.596
22/02/2023 10:30,,,67.602,8.646,67.354,181.758
22/02/2023 11:00,,,66.846,9.87,66.266,181.27
22/02/2023 11:30,,,67.356,8.922,67.47,165.614
22/02/2023 12:00,,,67.012,8.688,67.206,144.464
22/02/2023 12:30,,,57.644,6.2,52.536,81.714
22/02/2023 13:00,,,40.26,3.824,27.334,56.824
22/02/2023 13:30,,,27.504,4.766,23.224,81.11
22/02/2023 14:00,,,40.21,7.098,37.06,113.39
22/02/2023 14:30,,,54.81,8.128,45.54,134.67
22/02/2023 15:00,,,64.876,9.6,53.242,156.214
22/02/2023 15:30,,,66.622,9.272,63.66,168.39
22/02/2023 16:00,,,67.092,9.294,67.234,178.322
22/02/2023 16:30,,,66.94,8.88,66.216,178.564
22/02/2023 17:00,,,66.64,9.868,67.946,184.508
22/02/2023 17:30,,,52.978,8.932,68.528,185.166
22/02/2023 18:00,,,50.268,9.868,67.854,180.74
22/02/2023 18:30,,,50.278,9.874,68.78,186.492
22/02/2023 19:00,,,52.162,8.938,68.768,186.47
22/02/2023 19:30,,,50.28,9.866,67.84,185.254
22/02/2023 20:00,,,50.26,9.874,68.804,185.34
22/02/2023 20:30,,,50.288,9.87,67.76,181.554
22/02/2023 21:00,,,52.02,9.288,65.936,184.03
22/02/2023 21:30,,,50.804,9.7,66.912,184.548
22/02/2023 22:00,,,52.164,8.942,67.788,183.666
22/02/2023 22:30,,,51.098,9.588,66.904,183.304
22/02/2023 23:00,,,50.498,9.804,67.734,179.824
22/02/2023 23:30,,,53.4,8.418,66.286,168.054
23/02/2023 00:00,,,51.832,9.354,67.058,161.842
23/02/2023 00:30,,,51.99,8.918,63.498,162.738
23/02/2023 01:00,,,52.152,9.256,63.66,130.462
23/02/2023 01:30,,,61.24,4.93,48.336,77.148
23/02/2023 02:00,,,44.59,5.502,35.078,97.634
23/02/2023 02:30,,,40.088,6.51,38.216,113.51
23/02/2023 03:00,,,48.278,7.82,46.456,137.526
23/02/2023 03:30,,,50.954,8.796,56.368,130.33
23/02/2023 04:00,,,52.572,7.604,52.962,122.696
23/02/2023 04:30,,,44.228,5.73,40.31,91.676
23/02/2023 05:00,,,31.754,3.988,28.154,59.378
23/02/2023 05:30,,,21.782,3.392,19.946,55.392
23/02/2023 06:00,,,19.844,2.27,17.036,39.306
23/02/2023 06:30,,,12.598,1.328,12.012,31.186
23/02/2023 07:00,,,11.468,1.734,11.134,34.824
23/02/2023 07:30,,,13.61,2.578,12.704,53.51
23/02/2023 08:00,,,15.134,4.158,18.506,63.768
23/02/2023 08:30,,,17.778,2.814,19.658,53.786
23/02/2023 09:00,,,16.316,2.924,18.236,52.154
23/02/2023 09:30,,,15.052,2.748,15.174,49.732
23/02/2023 10:00,,,14.342,1.998,18.574,43.748
23/02/2023 10:30,,,18.062,2.52,18.988,50.17
23/02/2023 11:00,,,18.85,2.166,16.432,46.17
23/02/2023 11:30,,,16.29,2.202,18.358,53.584
23/02/2023 12:00,,,17.688,2.996,19.156,68.46
23/02/2023 12:30,,,22.598,5.516,25.706,118.132
23/02/2023 13:00,,,40.61,8.64,36.722,125.72
23/02/2023 13:30,,,50.396,8.59,39.286,118.61
23/02/2023 14:00,,,47.346,7.942,37.44,135.974
23/02/2023 14:30,,,50.974,9.358,50.62,149.364
23/02/2023 15:00,,,54.984,8.296,47.204,143.244
23/02/2023 15:30,,,52.1,9.266,46.806,144.594
23/02/2023 16:00,,,50.414,9.828,48.06,154.828
23/02/2023 16:30,,,50.32,9.866,48.886,154.018
23/02/2023 17:00,,,50.288,9.868,49.156,156.854
23/02/2023 17:30,,,50.306,9.866,49.472,157.24
23/02/2023 18:00,,,50.3,9.874,59.008,157.156
23/02/2023 18:30,,,50.272,9.87,53.318,157.194
23/02/2023 19:00,,,50.318,9.868,57.112,159.102
23/02/2023 19:30,,,50.302,9.87,55.344,166.896
23/02/2023 20:00,,,50.278,9.868,55.698,166.872
23/02/2023 20:30,,,50.292,9.87,54.612,176.098
23/02/2023 21:00,,,50.302,9.872,53.268,176.628
23/02/2023 21:30,,,50.268,9.872,59.016,176.628
23/02/2023 22:00,,,50.312,9.866,58.976,176.59
23/02/2023 22:30,,,50.28,9.874,59.008,176.592
23/02/2023 23:00,,,50.29,9.87,58.994,176.586
23/02/2023 23:30,,,50.294,9.868,59.02,176.638
24/02/2023 00:00,,,50.286,9.866,58.986,180.882
24/02/2023 00:30,,,50.276,9.872,61.342,186.48
24/02/2023 01:00,,,52.56,8.548,68.602,171.69
24/02/2023 01:30,,,51.452,7.916,40.534,115.558
24/02/2023 02:00,,,33.484,7.798,32.914,130.128
24/02/2023 02:30,,,50.184,9.874,52.07,172.028
24/02/2023 03:00,,,50.69,9.736,58.206,163.422
24/02/2023 03:30,,,50.27,9.866,62.06,161.958
24/02/2023 04:00,,,52.304,8.886,60.36,179.258
24/02/2023 04:30,,,50.306,9.868,62.224,162.438
24/02/2023 05:00,,,52.16,8.944,63.524,163.04
24/02/2023 05:30,,,50.274,9.864,63.764,165.544
24/02/2023 06:00,,,52.248,8.912,64.512,174.676
24/02/2023 06:30,,,50.298,9.858,59.63,177.322
24/02/2023 07:00,,,54.512,7.694,53.678,172.244
24/02/2023 07:30,,,53.212,8.286,54.55,166.282
24/02/2023 08:00,,,50.292,9.864,63.802,174.112
24/02/2023 08:30,,,50.27,9.87,62.402,173.984
24/02/2023 09:00,,,50.298,9.872,64.816,176.134
24/02/2023 09:30,,,50.3,9.868,64.6,176.696
24/02/2023 10:00,,,50.294,9.872,59.096,176.66
24/02/2023 10:30,,,50.282,9.868,57.952,183.54
24/02/2023 11:00,,,50.294,9.87,57.884,186.204
24/02/2023 11:30,,,52.272,8.88,57.988,183.57
24/02/2023 12:00,,,50.282,9.874,57.86,182.584
24/02/2023 12:30,,,47.606,9.14,46.25,183.648
24/02/2023 13:00,,,37.776,9.116,55.91,185.262
24/02/2023 13:30,,,67.856,9.866,62.06,183.276
24/02/2023 14:00,,,67.668,9.864,66.856,183.866
24/02/2023 14:30,,,67.854,9.866,64.038,184.286
24/02/2023 15:00,,,66.844,9.872,61.772,185.308
24/02/2023 15:30,,,67.868,6.06,65.068,181.98
24/02/2023 16:00,,,67.912,9.868,62.646,185.41
24/02/2023 16:30,,,67.834,9.874,57.89,186.398
24/02/2023 17:00,,,67.892,9.868,55.452,186.4
24/02/2023 17:30,,,67.88,9.872,51.666,185.56
24/02/2023 18:00,,,67.886,9.87,60.528,185.464
24/02/2023 18:30,,,67.91,9.87,67.21,186.368
24/02/2023 19:00,,,65.182,9.872,67.668,185.376
24/02/2023 19:30,,,67.92,9.872,67.546,186.206
24/02/2023 20:00,,,67.784,9.87,66.638,185.94
24/02/2023 20:30,,,67.904,9.87,67.054,185.778
24/02/2023 21:00,,,67.882,9.874,67.83,183.832
24/02/2023 21:30,,,67.876,9.868,66.854,182.75
24/02/2023 22:00,,,67.668,9.874,66.826,184.7
24/02/2023 22:30,,,67.912,9.872,66.186,182.702
24/02/2023 23:00,,,67.73,8.906,65.222,183.444
24/02/2023 23:30,,,65.914,8.846,47.4,184.472
25/02/2023 00:00,,,66.82,9.824,47.042,182.824
25/02/2023 00:30,,,65.876,8.88,62.132,183.394
25/02/2023 01:00,,,64.198,8.92,64.396,183.146
25/02/2023 01:30,,,67.452,9.83,64.89,182.856
25/02/2023 02:00,,,67.854,9.86,65.064,181.362
25/02/2023 02:30,,,67.67,9.718,60.626,183.444
25/02/2023 03:00,,,67.504,9.864,61.744,184.53
25/02/2023 03:30,,,67.892,9.872,67.846,178.174
25/02/2023 04:00,,,67.652,9.864,65.894,180.242
25/02/2023 04:30,,,67.028,9.868,67.622,182.63
25/02/2023 05:00,,,66.61,8.936,61.636,179.89
25/02/2023 05:30,,,67.894,8.908,65.446,169.168
25/02/2023 06:00,,,67.012,9.868,65.92,181.376
25/02/2023 06:30,,,66.862,8.806,63.53,179.232
25/02/2023 07:00,,,64.566,9.872,66.902,184.942
25/02/2023 07:30,,,66.568,8.9,67.224,183.89
25/02/2023 08:00,,,66.898,9.868,67.784,184.14
25/02/2023 08:30,,,67.188,8.866,65.78,184.58
25/02/2023 09:00,,,65.302,8.994,65.486,181.142
25/02/2023 09:30,,,65.442,9.134,64.698,174.622
25/02/2023 10:00,,,64.85,8.996,61.266,177.05
25/02/2023 10:30,,,59.456,9.028,64.968,181
25/02/2023 11:00,,,63.734,7.96,59.14,182.058
25/02/2023 11:30,,,55.978,9.824,62.136,184.376
25/02/2023 12:00,,,66.76,9.208,64.458,172.424
25/02/2023 12:30,,,62.498,6.836,60.496,177.194
25/02/2023 13:00,,,63.59,9.086,58.84,173.94
25/02/2023 13:30,,,53.928,8.944,63.774,155.852
25/02/2023 14:00,,,45.49,8.966,55.002,164.98
25/02/2023 14:30,,,55.412,8.92,60.646,160.504
25/02/2023 15:00,,,54.908,7.382,56.362,161.25
25/02/2023 15:30,,,44.728,9.084,49.696,145.666
25/02/2023 16:00,,,52.154,5.99,52.518,153.276
25/02/2023 16:30,,,57.424,7.91,49.55,139.29
25/02/2023 17:00,,,50.74,7.942,50.552,167.568
25/02/2023 17:30,,,51.16,8.846,50.59,167.544
25/02/2023 18:00,,,49.044,7.274,54.154,144.398
25/02/2023 18:30,,,48.244,6.056,49.456,140.246
25/02/2023 19:00,,,48.104,4.706,37.3,113.876
25/02/2023 19:30,,,40.11,2.902,30.796,115.71
25/02/2023 20:00,,,34.946,6.026,29.172,115.552
25/02/2023 20:30,,,39.452,4.752,35.448,78.72
25/02/2023 21:00,,,36.438,5.544,35.172,73.72
25/02/2023 21:30,,,34.892,4.778,36.066,80.214
25/02/2023 22:00,,,20.886,3.5,21.524,68.366
25/02/2023 22:30,,,17.348,3.334,19.424,55.634
25/02/2023 23:00,,,14.862,3.018,17.538,48.41
25/02/2023 23:30,,,20.142,3.156,21.326,44.458
26/02/2023 00:00,,,23.006,2.292,21.888,39.728
26/02/2023 00:30,,,27.764,3.198,27.508,42.34
26/02/2023 01:00,,,18.648,1.09,23.654,44.888
26/02/2023 01:30,,,17.128,3.182,16.79,55.222
26/02/2023 02:00,,,24.8,3.42,25.018,53.842
26/02/2023 02:30,,,21.726,2.872,20.538,51.77
26/02/2023 03:00,,,24.346,3.51,21.876,43.66
26/02/2023 03:30,,,27.158,3.282,27.63,57.686
26/02/2023 04:00,,,29.158,2.574,24.432,52.112
26/02/2023 04:30,,,27.426,1.95,15.496,44.682
26/02/2023 05:00,,,18.002,2.536,12.998,52.104
26/02/2023 05:30,,,20.736,3.612,19.99,60.59
26/02/2023 06:00,,,24.638,3.636,26.158,64.392
26/02/2023 06:30,,,26.26,3.806,25.944,61.948
26/02/2023 07:00,,,25,2.324,22.64,41.448
26/02/2023 07:30,,,20.946,2.17,17.906,42.32
26/02/2023 08:00,,,20.608,2.608,18.728,35.162
26/02/2023 08:30,,,18.306,2.406,18.35,33.596
26/02/2023 09:00,,,12.574,1.578,13.316,21.494
26/02/2023 09:30,,,10.918,0.96,8.484,16.474
26/02/2023 10:00,,,6.406,1.322,5.85,26.352
26/02/2023 10:30,,,8.054,1.18,6.864,29.32
26/02/2023 11:00,,,5.744,0.784,5.434,14.266
26/02/2023 11:30,,,6.788,0.776,5.648,12.696
26/02/2023 12:00,,,6.852,1.104,4.136,13.802
26/02/2023 12:30,,,2.912,0.514,5.284,9.296
26/02/2023 13:00,,,2.774,0.236,3.138,4.602
26/02/2023 13:30,,,3.852,0.302,1.324,3.096
26/02/2023 14:00,,,0.746,0.424,1.816,3.604
26/02/2023 14:30,,,2.344,0.214,2.624,3.994
26/02/2023 15:00,,,4.574,0.12,2.158,1.378
26/02/2023 15:30,,,2.508,0.12,2.046,0.622
26/02/2023 16:00,,,1.728,0.172,1.192,2.734
26/02/2023 16:30,,,1.938,0.31,1.39,4.846
26/02/2023 17:00,,,2.948,0.362,2.716,7.506
26/02/2023 17:30,,,2.682,0.334,2.888,6.166
26/02/2023 18:00,,,1.612,0.462,2.052,3.622
26/02/2023 18:30,,,2.948,0.374,2.88,3.084
26/02/2023 19:00,,,5.168,0.714,3.172,4.722
26/02/2023 19:30,,,5.502,0.476,4.954,5.072
26/02/2023 20:00,,,5.878,0.62,5.024,6.28
26/02/2023 20:30,,,7.806,1.18,5.658,7.692
26/02/2023 21:00,,,6.58,0.936,8.344,7.606
26/02/2023 21:30,,,8.722,0.646,7.57,8.164
26/02/2023 22:00,,,8.31,0.766,6.648,10.772
26/02/2023 22:30,,,9.57,0.766,5.71,11.224
26/02/2023 23:00,,,9.112,0.558,5.306,10.946
26/02/2023 23:30,,,13.314,0.974,4.462,8.924
27/02/2023 00:00,,,15.588,1.96,10.382,18.714
27/02/2023 00:30,,,13.582,2.168,11.646,24.06
27/02/2023 01:00,,,13.79,1.634,10.898,22.676
27/02/2023 01:30,,,13.76,1.848,11.018,24.874
27/02/2023 02:00,,,15.5,2.158,12.914,33.758
27/02/2023 02:30,,,21.576,2.702,15.32,40.858
27/02/2023 03:00,,,27.136,3.876,20.888,60.264
27/02/2023 03:30,,,23.902,4.078,19.592,72.672
27/02/2023 04:00,,,23.134,3.966,15.118,65.828
27/02/2023 04:30,,,27.272,4.354,21.022,69.478
27/02/2023 05:00,,,27.878,4.702,22.07,77.958
27/02/2023 05:30,,,32.486,5.344,30.738,89.456
27/02/2023 06:00,,,40.13,6.86,41.572,111.338
27/02/2023 06:30,,,37.184,6.922,39.53,126.51
27/02/2023 07:00,,,42.308,6.926,40.76,125.434
27/02/2023 07:30,,,42.704,5.824,45.456,118.416
27/02/2023 08:00,,,31.984,5.464,37.052,98.52
27/02/2023 08:30,,,36.726,5.22,36.76,89.126
27/02/2023 09:00,,,36.992,5.716,35.934,81.944
27/02/2023 09:30,,,37.516,5.25,38.184,85.778
27/02/2023 10:00,,,35.446,4.95,33.406,84.312
27/02/2023 10:30,,,35.186,4.23,32.598,74.85
27/02/2023 11:00,,,31.002,4.464,28.822,68.396
27/02/2023 11:30,,,29.802,3.832,26.632,61.24
27/02/2023 12:00,,,30.234,4.09,24.77,53.35
27/02/2023 12:30,,,32.382,4.07,28.634,53.176
27/02/2023 13:00,,,31.382,4.506,31.31,58.632
27/02/2023 13:30,,,29.946,4.462,31.3,62.674
27/02/2023 14:00,,,26.584,3.734,29.914,57.514
27/02/2023 14:30,,,21.132,3.078,24.822,41.948
27/02/2023 15:00,,,32.434,2.738,25.738,40.248
27/02/2023 15:30,,,26.78,2.292,20.73,33.896
27/02/2023 16:00,,,19.822,2.402,18.59,27.516
27/02/2023 16:30,,,21.916,2.308,16.736,27.814
27/02/2023 17:00,,,19.246,1.834,15.656,26.134
27/02/2023 17:30,,,12.614,1.236,11.278,25.602
27/02/2023 18:00,,,7.942,1.478,9.944,30.336
27/02/2023 18:30,,,8.57,1.064,8.892,29.05
27/02/2023 19:00,,,11.448,1.05,8.596,29.126
27/02/2023 19:30,,,10.684,1.74,6.976,29.954
27/02/2023 20:00,,,10.966,1.948,11.104,33.85
27/02/2023 20:30,,,11.678,2.46,12.366,39.408
27/02/2023 21:00,,,12.788,2.716,15.302,41.99
27/02/2023 21:30,,,10.848,2.85,16.152,41.014
27/02/2023 22:00,,,10.938,2.096,12.572,30.016
27/02/2023 22:30,,,10.558,1.6,9.854,35.722
27/02/2023 23:00,,,11.408,0.854,8.404,31.678
27/02/2023 23:30,,,15.65,1.768,9.184,23.662
28/02/2023 00:00,,,15.64,1.998,17.036,39.48
28/02/2023 00:30,,,10.598,2.506,14.528,49.424
28/02/2023 01:00,,,13.79,2.122,13.612,30.704
28/02/2023 01:30,,,15.24,2.236,15.742,33.298
28/02/2023 02:00,,,13.76,2.894,15.448,41.504
28/02/2023 02:30,,,12.286,3.504,17.988,54.304
28/02/2023 03:00,,,16.59,4.094,24.53,70.65
28/02/2023 03:30,,,21.914,3.49,23.68,64.124
28/02/2023 04:00,,,16.87,4.436,21.5,72.168
28/02/2023 04:30,,,14.754,4.624,28.314,84.3
28/02/2023 05:00,,,16.048,4.178,26.884,89.568
28/02/2023 05:30,,,19.74,5.346,31.784,89.264
28/02/2023 06:00,,,31.668,4.82,33.056,73.204
28/02/2023 06:30,,,32.984,4.186,32.158,77.736
28/02/2023 07:00,,,37.194,4.218,28.436,80.89
28/02/2023 07:30,,,34.756,4.996,32.21,82.366
28/02/2023 08:00,,,44.314,6.654,44.28,113.844
28/02/2023 08:30,,,43.946,7.53,45.178,111.338
28/02/2023 09:00,,,38.318,9.182,39.89,122.548
28/02/2023 09:30,,,30.452,7.516,40.718,106.432
28/02/2023 10:00,,,43.398,7.09,36.272,116.136
28/02/2023 10:30,,,44.88,7.582,36.314,102.352
28/02/2023 11:00,,,46.268,6.392,36.18,104.582
28/02/2023 11:30,,,48.526,6.782,40.176,92.774
28/02/2023 12:00,,,44.924,7.142,35.14,97.674
28/02/2023 12:30,,,51.236,8.31,42.5,115.444
28/02/2023 13:00,,,54.654,9.504,44.258,131.476
28/02/2023 13:30,,,57.538,9.314,40.994,126.336
28/02/2023 14:00,,,54.94,8.456,38.548,121.74
28/02/2023 14:30,,,61.706,8.59,43.148,127.048
28/02/2023 15:00,,,56.698,8.802,50.608,100.44
28/02/2023 15:30,,,42.054,4.134,37.226,85.338
28/02/2023 16:00,,,31.95,6.862,28.48,94.864
28/02/2023 16:30,,,59.998,8.504,61.336,122.824
28/02/2023 17:00,,,63.794,9.43,59.932,137.892
28/02/2023 17:30,,,58.474,8.5,57.932,116.776
28/02/2023 18:00,,,54.576,8.906,52.666,113.886
28/02/2023 18:30,,,49.46,8.118,56.034,97.828
28/02/2023 19:00,,,65.598,8.278,57.568,102.728
28/02/2023 19:30,,,59.982,9.662,60.682,107.436
28/02/2023 20:00,,,56.706,9.186,62.35,112.306
28/02/2023 20:30,,,64.446,9.388,61.59,120.084
28/02/2023 21:00,,,58.436,8.878,62.484,141.166
28/02/2023 21:30,,,60.384,7.902,50.728,142.506
28/02/2023 22:00,,,60.114,7.998,51.526,151.568
28/02/2023 22:30,,,47.842,7.422,48.376,138.412
28/02/2023 23:00,,,57.632,5.694,48.44,140.602
28/02/2023 23:30,,,62.412,6.792,49.628,134.938
01/03/2023 00:00,,,51.544,7.782,55.906,156.54
01/03/2023 00:30,,,60.626,9.64,63.95,167.876
01/03/2023 01:00,,,58.296,9.706,62.596,172.742
01/03/2023 01:30,,,63.138,9.274,63.494,163.396
01/03/2023 02:00,,,61.028,9.358,61.238,179.68
01/03/2023 02:30,,,64.468,9.848,65.836,178.828
01/03/2023 03:00,,,60.896,9.19,59.616,168.774
01/03/2023 03:30,,,63.87,9.738,65.83,178.18
01/03/2023 04:00,,,65.568,9.828,64.156,178.764
01/03/2023 04:30,,,60.206,8.91,65.234,186.274
01/03/2023 05:00,,,63.898,9.73,64.964,186.028
01/03/2023 05:30,,,63.806,9.574,64.784,184.636
01/03/2023 06:00,,,63.274,9.818,65.066,170.194
01/03/2023 06:30,,,66.622,8.82,65.43,169.736
01/03/2023 07:00,,,66.638,9.732,58.36,172.588
01/03/2023 07:30,,,65.014,9.81,55.926,173.876
01/03/2023 08:00,,,62.212,9.776,63.73,167.058
01/03/2023 08:30,,,66.228,8.908,64.056,166.644
01/03/2023 09:00,,,66.134,9.832,64.632,162.992
01/03/2023 09:30,,,65.49,9.028,63.094,154.006
01/03/2023 10:00,,,63.416,8.492,58.268,153.108
01/03/2023 10:30,,,64.328,9.828,64.152,154.5
01/03/2023 11:00,,,63.046,9.496,63.8,153.602
01/03/2023 11:30,,,66.776,9.408,65.664,159.388
01/03/2023 12:00,,,64.83,7.33,54.208,121.63
01/03/2023 12:30,,,62.42,9.678,56.43,166.324
01/03/2023 13:00,,,61.712,9.352,61.614,161.798
01/03/2023 13:30,,,63.242,8.752,61.642,139.594
01/03/2023 14:00,,,54.026,8.75,57.572,131.554
01/03/2023 14:30,,,64.75,7.754,63.648,102.524
01/03/2023 15:00,,,57.642,7.452,48.116,113.508
01/03/2023 15:30,,,62.14,8.824,61.862,147.648
01/03/2023 16:00,,,65.188,9.314,60.42,166.464
01/03/2023 16:30,,,66.67,9.846,65.988,180.136
01/03/2023 17:00,,,66.294,9.242,65.008,159.96
01/03/2023 17:30,,,57.462,8.478,56.776,148.254
01/03/2023 18:00,,,57.41,9.766,60.122,176.566
01/03/2023 18:30,,,53.56,8.768,64.626,169.76
01/03/2023 19:00,,,58.342,9.794,63.946,179.174
01/03/2023 19:30,,,67.166,8.964,65.074,190.558
01/03/2023 20:00,,,67.872,9.874,64.046,192.326
01/03/2023 20:30,,,65.368,9.786,64.282,189.426
01/03/2023 21:00,,,67.806,9.866,65.456,189.16
01/03/2023 21:30,,,65.682,8.648,64.71,188.56
01/03/2023 22:00,,,63.816,9.44,64.928,175.694
01/03/2023 22:30,,,66.814,7.946,64.994,144.858
01/03/2023 23:00,,,62.982,7.038,58.984,125.586
01/03/2023 23:30,,,62.106,6.27,52.732,114.928
02/03/2023 00:00,,,48.578,5.944,47.492,103.374
02/03/2023 00:30,,,42.194,5.302,41.016,69.616
02/03/2023 01:00,,,32.16,5.998,32.326,80.298
02/03/2023 01:30,,,35.304,4.5,35.158,89.58
02/03/2023 02:00,,,37.412,2.4,33.742,50.116
02/03/2023 02:30,,,21.378,3.142,16.7,53.752
02/03/2023 03:00,,,28.028,5.468,36.506,82.67
02/03/2023 03:30,,,26.936,4.776,42.11,64.636
02/03/2023 04:00,,,16.44,5.544,30.606,76.202
02/03/2023 04:30,,,15.852,4.75,21.992,57.72
02/03/2023 05:00,,,28.352,4.774,27.974,74.634
02/03/2023 05:30,,,25.508,3.446,23.874,77.436
02/03/2023 06:00,,,20.502,4.2,24.082,81.588
02/03/2023 06:30,,,17.868,3.952,20.798,55.61
02/03/2023 07:00,,,14.06,3.424,24.75,57.272
02/03/2023 07:30,,,18.862,4.128,23.028,63.886
02/03/2023 08:00,,,21.24,2.31,17.956,42.496
02/03/2023 08:30,,,12.43,2.386,10.34,45.366
02/03/2023 09:00,,,11.922,1.61,9.686,54.356
02/03/2023 09:30,,,7.896,1.484,4.692,56.544
02/03/2023 10:00,,,2.362,1.756,2.016,53.344
02/03/2023 10:30,,,1.882,0.264,0.81,36.772
02/03/2023 11:00,,,6.386,0.46,3.214,21.194
02/03/2023 11:30,,,5.174,1.114,3.986,22.974
02/03/2023 12:00,,,9.31,1.636,6.488,21.522
02/03/2023 12:30,,,11.898,1.758,8.574,18.964
02/03/2023 13:00,,,7.298,1.632,4.694,27.402
02/03/2023 13:30,,,9.384,2.11,5.772,31.442
02/03/2023 14:00,,,11.27,2.572,8.422,38.162
02/03/2023 14:30,,,17.178,3.104,10.656,58.628
02/03/2023 15:00,,,20.79,4.034,13.802,64.288
02/03/2023 15:30,,,22.724,5.232,17.338,73.65
02/03/2023 16:00,,,13.97,5.268,16.556,83.982
02/03/2023 16:30,,,9.252,3.698,11.466,71.988
02/03/2023 17:00,,,10.342,3.908,11.096,66.682
02/03/2023 17:30,,,16.162,3.964,10.108,66.578
02/03/2023 18:00,,,24.582,1.874,16.388,55.576
02/03/2023 18:30,,,17.308,2.724,11.67,40.6
02/03/2023 19:00,,,22.488,2.832,12.56,38.932
02/03/2023 19:30,,,19.708,2.902,12.282,39.806
02/03/2023 20:00,,,12.368,2.238,8.45,39.424
02/03/2023 20:30,,,14.056,2.294,11.316,36.782
02/03/2023 21:00,,,11.552,3.094,15.628,38.744
02/03/2023 21:30,,,19.41,1.944,12.422,37.88
02/03/2023 22:00,,,9.456,2.806,7.868,63.604
02/03/2023 22:30,,,16.99,3.626,13.864,62.908
02/03/2023 23:00,,,28.212,1.458,18.712,32.852
02/03/2023 23:30,,,10.856,1.53,7.396,22.278
03/03/2023 00:00,,,7.576,1.456,6.25,36.412
03/03/2023 00:30,,,9.202,1.61,9.258,28.91
03/03/2023 01:00,,,6.772,1.32,9.054,30.726
03/03/2023 01:30,,,4.456,1.648,8.236,30.298
03/03/2023 02:00,,,13.304,1.396,13.622,28.044
03/03/2023 02:30,,,12.646,1.624,10.002,32.78
03/03/2023 03:00,,,7.092,1.206,9.296,22.034
03/03/2023 03:30,,,9.46,1.096,9.268,23.934
03/03/2023 04:00,,,11.12,1.28,10.676,27.548
03/03/2023 04:30,,,9.682,1.264,11.95,27.222
03/03/2023 05:00,,,11.834,1.634,12.314,27.454
03/03/2023 05:30,,,12.298,1.782,13.076,33.856
03/03/2023 06:00,,,12.574,1.478,12.872,36.588
03/03/2023 06:30,,,14.74,2.292,12.604,32.56
03/03/2023 07:00,,,16.314,2.55,13.634,37.436
03/03/2023 07:30,,,14.644,1.54,12.824,41.386
03/03/2023 08:00,,,14.656,2.068,10.578,48.952
03/03/2023 08:30,,,9.946,2.85,14.36,56.092
03/03/2023 09:00,,,13.86,3.478,17.644,51.444
03/03/2023 09:30,,,22.254,2.756,20.024,46.314
03/03/2023 10:00,,,20.034,3.468,17.848,53.46
03/03/2023 10:30,,,25.202,3.992,18.746,56.464
03/03/2023 11:00,,,24.142,4.562,18.754,52.924
03/03/2023 11:30,,,20.402,6.174,17.144,59.53
03/03/2023 12:00,,,18.636,3.808,18.952,47.974
03/03/2023 12:30,,,20.484,2.552,16.166,42.796
03/03/2023 13:00,,,16.39,4.84,13.992,42.29
03/03/2023 13:30,,,17.578,3.112,15.996,34.284
03/03/2023 14:00,,,20.47,1.968,13.444,26.776
03/03/2023 14:30,,,15.176,1.57,10.022,23.138
03/03/2023 15:00,,,13.554,1.266,7.982,22.03
03/03/2023 15:30,,,13.17,2.992,10.694,29.506
03/03/2023 16:00,,,22.736,5.422,15.244,50.546
03/03/2023 16:30,,,30.414,5.95,24.91,59.564
03/03/2023 17:00,,,35.95,5.824,26.148,61.954
03/03/2023 17:30,,,38.968,5.266,28.658,75.372
03/03/2023 18:00,,,38.19,5.692,30.15,74.678
03/03/2023 18:30,,,41.888,5.976,26.134,78.37
03/03/2023 19:00,,,41.74,5.69,31.05,79.318
03/03/2023 19:30,,,36.542,5.518,29.222,78.948
03/03/2023 20:00,,,36.592,11.24,27.906,77.518
03/03/2023 20:30,,,36.072,10.616,26.362,65.572
03/03/2023 21:00,,,33.27,9.99,24.448,64.88
03/03/2023 21:30,,,32.304,8.438,25.724,71.856
03/03/2023 22:00,,,27.104,11.388,26.286,84.492
03/03/2023 22:30,,,41.02,5.944,31.888,89.228
03/03/2023 23:00,,,36.604,5.94,28.166,97.096
03/03/2023 23:30,,,36.086,6.21,29.906,92.844
04/03/2023 00:00,,,38.586,5.926,36.152,82.638
04/03/2023 00:30,,,36.28,4.316,32.174,66.196
04/03/2023 01:00,,,24.392,2.972,19.484,49.86
04/03/2023 01:30,,,22.296,3.162,19.732,51.22
04/03/2023 02:00,,,23.176,3.17,19.948,42.876
04/03/2023 02:30,,,20.272,3.272,18.628,38.732
04/03/2023 03:00,,,23.802,4.036,18.262,38.054
04/03/2023 03:30,,,24.618,6.456,19.268,39.194
04/03/2023 04:00,,,25.372,5.386,18.882,34.496
04/03/2023 04:30,,,27.278,8.07,19.716,35.426
04/03/2023 05:00,,,25.14,10.548,17.37,36.962
04/03/2023 05:30,,,26.074,11.848,19.024,44.488
04/03/2023 06:00,,,29.138,12.248,18.826,40.102
04/03/2023 06:30,,,27.65,15.288,19.442,38.656
04/03/2023 07:00,,,38.942,18.866,20.808,54.026
04/03/2023 07:30,,,43.422,20.054,29.818,76.492
04/03/2023 08:00,,,39.416,15.482,35.272,87.002
04/03/2023 08:30,,,28.32,11.402,22.572,69.102
04/03/2023 09:00,,,21.488,12.86,20.06,67.056
04/03/2023 09:30,,,25.422,12.2,19.224,59.342
04/03/2023 10:00,,,21.35,11.444,16.836,51.7
04/03/2023 10:30,,,21.35,11.43,18.484,44.702
04/03/2023 11:00,,,19.162,16.984,14.758,46.958
04/03/2023 11:30,,,19.974,14.492,24.76,90.182
04/03/2023 12:00,,,15.158,6.394,13.862,64.978
04/03/2023 12:30,,,12.772,7.43,13.816,37.644
04/03/2023 13:00,,,23.124,5.74,13.68,31.8
04/03/2023 13:30,,,12.744,2.684,8.3,24.842
04/03/2023 14:00,,,17.426,6.084,14.576,28.004
04/03/2023 14:30,,,22.532,3.696,16.61,30.922
04/03/2023 15:00,,,7.292,4.122,7.002,19.266
04/03/2023 15:30,,,14.712,4.664,8.848,16.734
04/03/2023 16:00,,,17.506,9.352,8.978,28.142
04/03/2023 16:30,,,22.084,13.662,19.528,60.39
04/03/2023 17:00,,,29.98,15.442,26.698,84.404
04/03/2023 17:30,,,39.43,17.648,35.772,84.83
04/03/2023 18:00,,,28.658,10.234,26.662,58.194
04/03/2023 18:30,,,27.778,5.71,20.842,33.436
04/03/2023 19:00,,,17.84,2.246,10.49,15.922
04/03/2023 19:30,,,6.204,0.308,5.99,5.328
04/03/2023 20:00,,,3.188,0.286,2.428,2.124
04/03/2023 20:30,,,0.544,0.344,0.106,1.84
04/03/2023 21:00,,,,0.526,,1.626
04/03/2023 21:30,,,0.978,0.874,0.406,3.566
04/03/2023 22:00,,,0.638,1.326,0.616,5.558
04/03/2023 22:30,,,0.796,1.692,2.062,9.176
04/03/2023 23:00,,,2.538,2.272,4.11,17.356
04/03/2023 23:30,,,5.354,3.698,6.89,23.902
05/03/2023 00:00,,,6.868,5.02,8.93,23.214
05/03/2023 00:30,,,9.122,5.88,10.67,28.692
05/03/2023 01:00,,,13.564,6.364,13.834,38.934
05/03/2023 01:30,,,15.724,6.702,15.186,48.856
05/03/2023 02:00,,,13.864,8.058,16.282,37.658
05/03/2023 02:30,,,12.852,5.154,10.94,32.562
05/03/2023 03:00,,,11.028,4.356,11.434,30.592
05/03/2023 03:30,,,11.076,5.854,11.18,30.528
05/03/2023 04:00,,,10.672,3.88,9.602,25.154
05/03/2023 04:30,,,9.346,1.75,8.982,22.666
05/03/2023 05:00,,,9.044,2.568,10.762,21.66
05/03/2023 05:30,,,11.094,3.654,13.224,29.528
05/03/2023 06:00,,,15.402,4.004,16.35,35.132
05/03/2023 06:30,,,16.972,5.446,14.824,29.002
05/03/2023 07:00,,,13.576,4.388,13.97,26.482
05/03/2023 07:30,,,12.606,3.106,10.628,15.324
05/03/2023 08:00,,,7.936,1.364,4.728,5.476
05/03/2023 08:30,,,4.492,3.896,4.944,15.494
05/03/2023 09:00,,,14.93,4.746,10.11,16.626
05/03/2023 09:30,,,14.114,4.4,8.842,21.514
05/03/2023 10:00,,,13.7,5.654,12.34,31.734
05/03/2023 10:30,,,8.872,7.824,8.274,34.372
05/03/2023 11:00,,,11.356,4.498,10.792,32.522
05/03/2023 11:30,,,9.464,2.22,7.356,24.122
05/03/2023 12:00,,,7.916,3.784,7.216,24.874
05/03/2023 12:30,,,7.524,2.692,7.826,26.478
05/03/2023 13:00,,,5.826,2.304,4.218,16.376
05/03/2023 13:30,,,5.502,3.63,3.618,14.358
05/03/2023 14:00,,,7.958,3.338,5.302,18.264
05/03/2023 14:30,,,6.714,2.406,4.288,14.432
05/03/2023 15:00,,,6.412,2.344,3.58,12.19
05/03/2023 15:30,,,6.404,1.868,3.808,18.248
05/03/2023 16:00,,,4.79,1.382,3.06,11.022
05/03/2023 16:30,,,2.752,1.094,1.51,5.368
05/03/2023 17:00,,,1.734,0.814,1.09,4.252
05/03/2023 17:30,,,1.692,0.694,1.008,3.656
05/03/2023 18:00,,,0.85,0.562,0.662,1.186
05/03/2023 18:30,,,,0.082,,
05/03/2023 19:00,,,,,,
05/03/2023 19:30,,,,,,
05/03/2023 20:00,,,,,,
05/03/2023 20:30,,,,,,
05/03/2023 21:00,,,,,,
05/03/2023 21:30,,,,,,
05/03/2023 22:00,,,,,,0.436
05/03/2023 22:30,,,,0.652,0.66,4.678
05/03/2023 23:00,,,1.75,2.278,2.764,12.6
05/03/2023 23:30,,,5.746,4.424,5.596,20.122
06/03/2023 00:00,,,8.838,6.314,7.526,27.244
06/03/2023 00:30,,,9.346,9.922,10.37,39.522
06/03/2023 01:00,,,16.628,13.852,16.29,62.552
06/03/2023 01:30,,,26.83,19.536,25.38,76.216
06/03/2023 02:00,,,36.696,24.066,22.242,74.172
06/03/2023 02:30,,,41.564,21.654,28.318,88.5
06/03/2023 03:00,,,43.944,26.614,13.698,101.644
06/03/2023 03:30,,,52.624,27.958,9.578,81.446
06/03/2023 04:00,,,42.14,22.61,20.97,71.996
06/03/2023 04:30,,,33.266,25.004,14.248,77.534
06/03/2023 05:00,,,35.528,21.256,22.29,68.142
06/03/2023 05:30,,,30.594,19.258,20.322,55.428
06/03/2023 06:00,,,19.328,12.246,10.47,38.21
06/03/2023 06:30,,,17.224,10.136,9.846,35.872
06/03/2023 07:00,,,19.754,14.422,10.322,50.738
06/03/2023 07:30,,,32.11,30.616,8.092,95.4
06/03/2023 08:00,,,51.982,36.354,37.032,143.55
06/03/2023 08:30,,,64.384,48.386,50.336,186.702
06/03/2023 09:00,,,66.904,50.586,48.838,194.24
06/03/2023 09:30,,,67.828,49.038,50.578,196.298
06/03/2023 10:00,,,67.78,40.174,49.672,196.266
06/03/2023 10:30,,,67.908,9.73,0.214,196.348
06/03/2023 11:00,,,6.614,1.66,,196.252
06/03/2023 11:30,,,,,3.722,195.21
06/03/2023 12:00,,,59.858,,10.344,196.228
06/03/2023 12:30,,,67.94,5.376,,193.408
06/03/2023 13:00,,,67.992,8.598,,193.724
06/03/2023 13:30,,,67.876,9.548,,189.126
06/03/2023 14:00,,,67.942,9.566,,182.698
06/03/2023 14:30,,,67.93,8.524,,182.394
06/03/2023 15:00,,,66.642,9.302,,179.408
06/03/2023 15:30,,,66.33,9.252,,179.56
06/03/2023 16:00,,,61.276,8.6,,178.368
06/03/2023 16:30,,,57.986,9.44,,190.216
06/03/2023 17:00,,,65.41,8.61,,134.838
06/03/2023 17:30,,,65.582,25.14,35.924,97.38
06/03/2023 18:00,,,57.844,38.538,38.006,167.2
06/03/2023 18:30,,,58.94,52.66,35.174,166.662
06/03/2023 19:00,,,64.056,49.928,48.908,160.542
06/03/2023 19:30,,,37.912,53.122,31.938,173.04
06/03/2023 20:00,,,37.16,54.752,40.944,167.48
06/03/2023 20:30,,,54.406,59.582,44.088,188.894
06/03/2023 21:00,,,64.752,40.916,49.442,158.306
06/03/2023 21:30,,,26.378,41.638,22.17,153.788
06/03/2023 22:00,,,34.366,46.608,37.388,172.838
06/03/2023 22:30,,,58.594,35.26,42.58,149.018
06/03/2023 23:00,,,21.968,27.2,20.274,155.776
06/03/2023 23:30,,,13.464,22.49,17.788,128.306
07/03/2023 00:00,,,33.868,21.228,24.318,102.858
07/03/2023 00:30,,,39.246,48.052,33.512,172.914
07/03/2023 01:00,,,66.066,39.28,47.18,177.208
07/03/2023 01:30,,,41.044,28.682,30.522,126.416
07/03/2023 02:00,,,47.662,41.018,35.206,165.198
07/03/2023 02:30,,,60.802,47.702,48.098,183.358
07/03/2023 03:00,,,42.936,41.076,36.746,170.218
07/03/2023 03:30,,,40.218,40.194,34.75,126.47
07/03/2023 04:00,,,64.504,47.738,45.864,176.172
07/03/2023 04:30,,,65.566,46.048,47.22,186.64
07/03/2023 05:00,,,57.64,45.458,44.348,178.16
07/03/2023 05:30,,,59.736,38.44,42.416,164.234
07/03/2023 06:00,,,65.362,48.064,47.228,194.99
07/03/2023 06:30,,,67.294,48.824,47.084,193.242
07/03/2023 07:00,,,66.914,48.104,47.018,191.296
07/03/2023 07:30,,,66.882,47.496,46.656,184.626
07/03/2023 08:00,,,63.844,45.94,47.18,182.648
07/03/2023 08:30,,,57,41.322,38.496,150.216
07/03/2023 09:00,,,62.528,47.66,45.022,168.138
07/03/2023 09:30,,,63.784,45.322,42.622,161.838
07/03/2023 10:00,,,61.096,43.832,44.246,168.984
07/03/2023 10:30,,,56.908,36.676,43.068,159.186
07/03/2023 11:00,,,46.312,41.162,33.832,150.678
07/03/2023 11:30,,,48.962,39.972,37.512,132.028
07/03/2023 12:00,,,58.07,38.184,41.136,138.804
07/03/2023 12:30,,,58.826,21.462,38.652,96.464
07/03/2023 13:00,,,44.804,20.706,30.484,95.004
07/03/2023 13:30,,,39.168,20.692,26.932,95.942
07/03/2023 14:00,,,40.144,24.13,25.042,100.782
07/03/2023 14:30,,,36.152,27.514,23.986,108.63
07/03/2023 15:00,,,44.686,26.64,26.552,108.126
07/03/2023 15:30,,,37.606,16.412,25.734,92.32
07/03/2023 16:00,,,34.922,14.358,24.362,94.49
07/03/2023 16:30,,,46.612,25.668,38.542,127.258
07/03/2023 17:00,,,57.094,28.516,37.892,129.132
07/03/2023 17:30,,,53.182,30.394,38.85,135.146
07/03/2023 18:00,,,55.334,25.95,36.852,102.336
07/03/2023 18:30,,,41.08,24.192,30.214,87.808
07/03/2023 19:00,,,45.4,27.776,26.122,95.33
07/03/2023 19:30,,,40.902,25.73,28.798,106.01
07/03/2023 20:00,,,33.586,18.964,27.404,111.778
07/03/2023 20:30,,,32.108,28.986,25.352,128.868
07/03/2023 21:00,,,31.16,27.722,28.81,114.962
07/03/2023 21:30,,,37.466,21.086,28.152,102.738
07/03/2023 22:00,,,31.082,17.282,22.872,78.654
07/03/2023 22:30,,,23.22,12.426,16.298,57.594
07/03/2023 23:00,,,14.928,10.834,11.198,49.462
07/03/2023 23:30,,,10.92,5.87,7.09,38.608
08/03/2023 00:00,,,8.832,5.12,6.106,31.06
08/03/2023 00:30,,,6.228,3.906,4.696,19.21
08/03/2023 01:00,,,5.012,2.266,3.43,18.484
08/03/2023 01:30,,,6.004,4.274,4.118,25.306
08/03/2023 02:00,,,5.966,6.326,5.246,26.92
08/03/2023 02:30,,,2.344,7.702,3.602,32.114
08/03/2023 03:00,,,3.55,6.756,3.524,28.716
08/03/2023 03:30,,,4.708,4.134,3.928,16.674
08/03/2023 04:00,,,1.822,3.994,3.196,16.584
08/03/2023 04:30,,,4.658,3.48,3.474,14.512
08/03/2023 05:00,,,4.56,4.816,2.322,13.456
08/03/2023 05:30,,,7.728,6.398,4.616,21.136
08/03/2023 06:00,,,2.284,5.752,3.544,21.136
08/03/2023 06:30,,,1.938,4.328,0.262,12.448
08/03/2023 07:00,,,4.462,4.27,1.652,12.124
08/03/2023 07:30,,,7.442,3.29,4.8,12.65
08/03/2023 08:00,,,5.138,2.836,3.494,13.048
08/03/2023 08:30,,,5.958,5.07,3.956,21.762
08/03/2023 09:00,,,4.086,4.772,5.234,19.896
08/03/2023 09:30,,,2.936,3.21,4.406,10.012
08/03/2023 10:00,,,4.408,3.446,4.344,10.372
08/03/2023 10:30,,,4.65,4,4.114,14.468
08/03/2023 11:00,,,7.372,4.384,5.704,22.076
08/03/2023 11:30,,,8.37,5.124,7.228,27.52
08/03/2023 12:00,,,12.498,3.656,8.668,24.962
08/03/2023 12:30,,,11.96,4.452,9.63,22.384
08/03/2023 13:00,,,18.284,5.172,7.916,22.028
08/03/2023 13:30,,,10.394,4.53,6.786,17.732
08/03/2023 14:00,,,3.204,3.69,3.034,20.95
08/03/2023 14:30,,,11.09,2.484,7.418,14.454
08/03/2023 15:00,,,5.972,,6.328,8.66
08/03/2023 15:30,,,3.012,0.074,1.954,3.368
08/03/2023 16:00,,,1.15,1.468,1.122,2.74
08/03/2023 16:30,,,7.428,5.938,2.442,8.106
08/03/2023 17:00,,,9.144,4.236,9.176,21.988
08/03/2023 17:30,,,0.148,1.618,2.254,17.408
08/03/2023 18:00,,,1.006,1.308,1.51,14.822
08/03/2023 18:30,,,4.062,1.346,3.092,13.668
08/03/2023 19:00,,,5.214,2.008,3.82,23.042
08/03/2023 19:30,,,4.526,1.444,3.284,23.354
08/03/2023 20:00,,,4.104,2.448,3.228,22.202
08/03/2023 20:30,,,3.578,3.268,2.766,23.178
08/03/2023 21:00,,,2.786,4.072,3.292,23.68
08/03/2023 21:30,,,5.332,6.268,4.06,28.738
08/03/2023 22:00,,,7.062,6.354,7.724,36.594
08/03/2023 22:30,,,7.74,7.116,8.64,34.692
08/03/2023 23:00,,,8.698,7.346,8.546,42.026
08/03/2023 23:30,,,8.54,8.192,9.202,46.676
09/03/2023 00:00,,,11.04,8.79,9.272,51.444
09/03/2023 00:30,,,9.228,9.844,8.53,51.318
09/03/2023 01:00,,,11.91,9.824,11.618,58.416
09/03/2023 01:30,,,10.192,6.466,10.256,53.022
09/03/2023 02:00,,,5.768,4.292,6.584,32.88
09/03/2023 02:30,,,3.408,3.676,4.558,21.044
09/03/2023 03:00,,,3.782,5.238,4.332,24.94
09/03/2023 03:30,,,3.93,5.662,5.404,31.142
09/03/2023 04:00,,,9.282,6.888,7.04,44.042
09/03/2023 04:30,,,6.626,5.698,7.536,46.896
09/03/2023 05:00,,,3.942,7.426,4.858,47.244
09/03/2023 05:30,,,4.29,7.438,4.918,40.792
09/03/2023 06:00,,,4.372,3.048,5.228,20.99
09/03/2023 06:30,,,2.678,1.728,2.02,13.41
09/03/2023 07:00,,,1.114,2.99,0.85,11.55
09/03/2023 07:30,,,1.514,7.87,1.902,27.748
09/03/2023 08:00,,,6.972,6.706,8.092,31.47
09/03/2023 08:30,,,9.23,6.416,7.552,24.572
09/03/2023 09:00,,,3.324,6.716,6.318,25.412
09/03/2023 09:30,,,3.928,4.064,4.252,17.31
09/03/2023 10:00,,,3.956,5.608,3.56,16.08
09/03/2023 10:30,,,3.948,3.15,3.766,16.368
09/03/2023 11:00,,,8.166,2.07,4.502,9.588
09/03/2023 11:30,,,5.302,1.284,5.892,9.196
09/03/2023 12:00,,,0.48,0.686,2.038,9.58
09/03/2023 12:30,,,6.318,,1.348,4.244
09/03/2023 13:00,,,8.936,5.3,9.566,2.478
09/03/2023 13:30,,,2.268,1.556,2.076,16.238
09/03/2023 14:00,,,6.798,0.11,3.344,7.196
09/03/2023 14:30,,,11.996,2.98,9.48,8.466
09/03/2023 15:00,,,19.708,9.194,14.088,24.842
09/03/2023 15:30,,,27.23,11.3,20.186,53.564
09/03/2023 16:00,,,30.802,14.736,22.94,59.536
09/03/2023 16:30,,,35.982,20.494,27.62,91.108
09/03/2023 17:00,,,44.9,22.434,34.996,116.648
09/03/2023 17:30,,,49.48,24.314,36.51,130.932
09/03/2023 18:00,,,47.212,21.83,37.734,124.128
09/03/2023 18:30,,,44.512,30.136,37.98,134.764
09/03/2023 19:00,,,56.524,30.698,45.532,156.532
09/03/2023 19:30,,,52.38,24.528,43.326,139.946
09/03/2023 20:00,,,45.484,28.982,38.382,138.636
09/03/2023 20:30,,,41.554,15.98,37.512,128.518
09/03/2023 21:00,,,42.232,22.88,28.422,87.796
09/03/2023 21:30,,,37.178,19.884,31.498,113.45
09/03/2023 22:00,,,31.088,17.66,23.86,121.18
09/03/2023 22:30,,,33.62,25.82,29.702,128.596
09/03/2023 23:00,,,38.37,23.934,31.616,135.318
09/03/2023 23:30,,,40.832,33.112,31.238,130.89
10/03/2023 00:00,,,36.93,20.204,40.14,121.826
10/03/2023 00:30,,,52.018,13.642,44.668,111.604
10/03/2023 01:00,,,30.742,14.81,30.016,68.188
10/03/2023 01:30,,,59.366,41.854,42.45,166.404
10/03/2023 02:00,,,45.578,32.718,41.338,150.052
10/03/2023 02:30,,,39.954,27.048,28.658,93.06
10/03/2023 03:00,,,54.302,33.12,38.154,115.602
10/03/2023 03:30,,,58.114,31.982,39.662,106.17
10/03/2023 04:00,,,56.01,36.966,39.874,118.124
10/03/2023 04:30,,,49.806,28.752,37.668,117.496
10/03/2023 05:00,,,48.766,31.406,39.646,105.832
10/03/2023 05:30,,,18.754,26.304,16.888,76.002
10/03/2023 06:00,,,60.594,24.938,38.514,92.622
10/03/2023 06:30,,,10.616,8.342,10.144,31.912
10/03/2023 07:00,,,7.79,16.288,7.516,35.854
10/03/2023 07:30,,,23.214,17.794,19.82,62.848
10/03/2023 08:00,,,11.066,10.104,4.512,34.71
10/03/2023 08:30,,,10.876,16.098,7.998,44.282
10/03/2023 09:00,,,18.598,54.894,8.374,126.684
10/03/2023 09:30,,,43.844,63.202,31.166,138.686
10/03/2023 10:00,,,59.728,57.132,34.458,119.568
10/03/2023 10:30,,,56.284,43.92,32.3,110.242
10/03/2023 11:00,,,51.178,36.684,31.222,101.04
10/03/2023 11:30,,,41.164,30.62,24.838,79.766
10/03/2023 12:00,,,31.758,26.842,19.302,59.284
10/03/2023 12:30,,,20.118,18.144,14.342,33.302
10/03/2023 13:00,,,18.504,12.456,12.774,26.126
10/03/2023 13:30,,,14.89,10.248,10.086,13.682
10/03/2023 14:00,,,12.88,4.778,6.422,5.236
10/03/2023 14:30,,,4.26,2.358,1.682,0.16
10/03/2023 15:00,,,0.182,0.418,,
10/03/2023 15:30,,,,,,
10/03/2023 16:00,,,,,,
10/03/2023 16:30,,,,,,
10/03/2023 17:00,,,,,,
10/03/2023 17:30,,,,,,
10/03/2023 18:00,,,,0.85,,
10/03/2023 18:30,,,,1.68,,
10/03/2023 19:00,,,,0.822,,
10/03/2023 19:30,,,0.58,1.68,0.198,2.728
10/03/2023 20:00,,,0.996,2.834,0.664,8.88
10/03/2023 20:30,,,1.626,5.074,0.886,11.508
10/03/2023 21:00,,,2.356,5.788,3.246,13.796
10/03/2023 21:30,,,5.728,7.432,5.516,23.506
10/03/2023 22:00,,,9.24,11.852,8.684,44.978
10/03/2023 22:30,,,15.368,17.718,12.072,32.66
10/03/2023 23:00,,,14.122,11.622,8.18,23.014
10/03/2023 23:30,,,8.126,7.218,6.986,29.602
11/03/2023 00:00,,,8.844,10.776,8.924,40.972
11/03/2023 00:30,,,15.486,14.382,18.376,40.726
11/03/2023 01:00,,,25.12,21.858,19.75,59.906
11/03/2023 01:30,,,20.518,18.074,19.984,53.184
11/03/2023 02:00,,,17.694,10.444,15.882,35.862
11/03/2023 02:30,,,16.338,10.24,13.566,34.706
11/03/2023 03:00,,,14.766,20.812,15.59,57.49
11/03/2023 03:30,,,23.248,31.294,26.078,86.19
11/03/2023 04:00,,,34.578,50.898,39.666,106.488
11/03/2023 04:30,,,46.384,44.076,42.258,94.668
11/03/2023 05:00,,,33.612,42.628,31.052,85.472
11/03/2023 05:30,,,31.388,36.904,26.658,68.452
11/03/2023 06:00,,,26.528,31.21,20.986,54.646
11/03/2023 06:30,,,21.804,29.95,20.338,61.048
11/03/2023 07:00,,,23.518,20.126,21.326,46.344
11/03/2023 07:30,,,18.852,16.378,17.746,31.238
11/03/2023 08:00,,,17.334,14.764,14.386,29.588
11/03/2023 08:30,,,16.464,14.448,15.024,30.636
11/03/2023 09:00,,,13.874,9.394,12.026,20.362
11/03/2023 09:30,,,8.018,6.484,7.25,16.142
11/03/2023 10:00,,,4.662,6.076,5.124,13.552
11/03/2023 10:30,,,3.062,4.352,3.076,9.532
11/03/2023 11:00,,,2.322,4.002,2.006,7.622
11/03/2023 11:30,,,2.734,3.43,2.644,4.288
11/03/2023 12:00,,,1.888,3.356,1.736,4.084
11/03/2023 12:30,,,0.328,0.706,0.356,1.236
11/03/2023 13:00,,,,,0.01,
11/03/2023 13:30,,,,,,
11/03/2023 14:00,,,,,,
11/03/2023 14:30,,,,,0.124,0.818
11/03/2023 15:00,,,0.192,0.268,0.294,2.876
11/03/2023 15:30,,,0.44,0.5,0.948,4.414
11/03/2023 16:00,,,2.224,1.756,2.614,7.696
11/03/2023 16:30,,,3.758,4.264,3.996,12.696
11/03/2023 17:00,,,6.694,7.698,6.308,19.18
11/03/2023 17:30,,,8.582,10.18,7.966,27.05
11/03/2023 18:00,,,14.294,14.492,14.272,41.396
11/03/2023 18:30,,,22.964,22.186,24.582,63.67
11/03/2023 19:00,,,31.162,31.586,33.06,92.704
11/03/2023 19:30,,,38.736,40.65,37.84,109.066
11/03/2023 20:00,,,46.252,46.19,46.196,131.38
11/03/2023 20:30,,,53.168,52.56,51.556,150.446
11/03/2023 21:00,,,51.226,57.428,50.94,159.724
11/03/2023 21:30,,,53.134,55.974,51.416,156.048
11/03/2023 22:00,,,58.86,57.558,55.114,161.876
11/03/2023 22:30,,,54.514,51.618,52.874,154.062
11/03/2023 23:00,,,63.134,63.324,59.034,153.254
11/03/2023 23:30,,,66.144,60.89,59.64,177.138
12/03/2023 00:00,,,66.668,66.382,58.778,177.136
12/03/2023 00:30,,,65.828,66.086,60.894,178.76
12/03/2023 01:00,,,64.226,66.31,59.768,180.756
12/03/2023 01:30,,,67.01,67.436,62.272,187.232
12/03/2023 02:00,,,67.958,67.596,59.902,194.03
12/03/2023 02:30,,,67.938,67.494,60.888,193.3
12/03/2023 03:00,,,66.956,68.468,58.846,185.38
12/03/2023 03:30,,,65.494,67.35,57.728,184.428
12/03/2023 04:00,,,65.2,65.438,57.666,167.452
12/03/2023 04:30,,,53.552,51.048,49.882,134.736
12/03/2023 05:00,,,52.738,42.824,47.978,117.216
12/03/2023 05:30,,,52.962,40.226,51.456,126.36
12/03/2023 06:00,,,63.982,51.448,57.74,141.494
12/03/2023 06:30,,,57.642,47.906,55.01,114.056
12/03/2023 07:00,,,59.036,40.736,52.14,111.464
12/03/2023 07:30,,,36.402,30.986,38.52,79.8
12/03/2023 08:00,,,26.492,23.952,32.422,64.444
12/03/2023 08:30,,,27.742,18.132,30.478,48.224
12/03/2023 09:00,,,38.546,20.968,36.622,54.958
12/03/2023 09:30,,,54.846,24.802,40.608,51.53
12/03/2023 10:00,,,41.254,30.506,27.318,46.024
12/03/2023 10:30,,,25.672,39.248,22.878,61.328
12/03/2023 11:00,,,21.844,37.872,15.122,78.832
12/03/2023 11:30,,,16.168,25.906,20.362,84.824
12/03/2023 12:00,,,16.108,33.086,24.008,60.892
12/03/2023 12:30,,,19.408,42.838,10.132,53.542
12/03/2023 13:00,,,28.178,23.56,15.144,57.158
12/03/2023 13:30,,,61.44,17.252,51.218,59.474
12/03/2023 14:00,,,67.866,41.32,62.85,116.22
12/03/2023 14:30,,,67.914,57.646,62.93,159.074
12/03/2023 15:00,,,67.904,65.826,58.974,159.004
12/03/2023 15:30,,,67.894,68.486,2.254,166.748
12/03/2023 16:00,,,67.908,68.438,42.93,169.632
12/03/2023 16:30,,,67.852,68.494,43.378,176.726
12/03/2023 17:00,,,61.982,68.32,17.482,164.842
12/03/2023 17:30,,,20.256,68.238,35.186,155.936
12/03/2023 18:00,,,7.224,66.72,22.504,161.72
12/03/2023 18:30,,,29.8,42.99,15.116,109.814
12/03/2023 19:00,,,58.264,23.132,31.22,56.626
12/03/2023 19:30,,,58.934,19.554,42.598,52.804
12/03/2023 20:00,,,54.882,20.35,39.938,62.196
12/03/2023 20:30,,,62.164,15.99,43.238,57.074
12/03/2023 21:00,,,65.57,16.188,53.684,53.258
12/03/2023 21:30,,,67.86,29.9,60.3,86.876
12/03/2023 22:00,,,67.832,52.458,60.2,135.86
12/03/2023 22:30,,,67.018,56.548,58.112,168.472
12/03/2023 23:00,,,66.03,64.314,57.654,166.484
12/03/2023 23:30,,,63.026,58.186,50.492,142.046
13/03/2023 00:00,,,63.978,50.862,49.36,125.362
13/03/2023 00:30,,,60.454,46.402,54.244,111.628
13/03/2023 01:00,,,47.596,41.24,42.434,110.576
13/03/2023 01:30,,,53.836,33.602,43.652,96.192
13/03/2023 02:00,,,51.584,29.202,47.04,82.684
13/03/2023 02:30,,,56.556,42.502,53.154,122.074
13/03/2023 03:00,,,62.05,45.23,55.906,126.47
13/03/2023 03:30,,,55.766,35.956,51.704,100.912
13/03/2023 04:00,,,57.02,34.15,55.652,126.35
13/03/2023 04:30,,,61.402,52.256,55.286,147.902
13/03/2023 05:00,,,64.424,45.436,59.37,134.756
13/03/2023 05:30,,,62.658,62.192,58.672,149.358
13/03/2023 06:00,,,63.92,51.752,56.526,105.528
13/03/2023 06:30,,,66.65,52.984,58.738,99.29
13/03/2023 07:00,,,65.326,40.822,54.548,67.888
13/03/2023 07:30,,,67.208,18.796,54.994,25.24
13/03/2023 08:00,,,67.822,1.444,43.568,17.082
13/03/2023 08:30,,,63.826,5.332,22.686,39.296
13/03/2023 09:00,,,38.55,27.61,24.418,131.956
13/03/2023 09:30,,,53.184,65.398,58.472,182.196
13/03/2023 10:00,,,66.816,68.472,62.866,186.402
13/03/2023 10:30,,,67.922,68.462,62.938,186.416
13/03/2023 11:00,,,67.91,68.47,62.948,186.392
13/03/2023 11:30,,,67.932,68.462,62.926,186.382
13/03/2023 12:00,,,64.004,68.468,62.916,185.956
13/03/2023 12:30,,,60.246,68.484,61.094,184.136
13/03/2023 13:00,,,66.564,67.508,59.082,181.414
13/03/2023 13:30,,,65.788,67.474,60.004,178.416
13/03/2023 14:00,,,67.382,68.33,60.866,180.054
13/03/2023 14:30,,,65.634,67.528,57.946,185.448
13/03/2023 15:00,,,67.924,65.786,62.014,186.414
13/03/2023 15:30,,,67.896,68.46,62.926,186.36
13/03/2023 16:00,,,67.946,68.466,62.92,186.476
13/03/2023 16:30,,,67.932,68.482,62.944,186.384
13/03/2023 17:00,,,66.988,68.428,62.914,186.346
13/03/2023 17:30,,,67.92,68.464,61.956,186.41
13/03/2023 18:00,,,67.894,68.478,61.432,186.33
13/03/2023 18:30,,,67.9,68.434,61.26,186.362
13/03/2023 19:00,,,67.916,68.464,62.914,186.454
13/03/2023 19:30,,,67.926,68.488,62.938,186.38
13/03/2023 20:00,,,67.902,68.452,62.924,186.338
13/03/2023 20:30,,,67.924,68.456,62.926,186.388
13/03/2023 21:00,,,67.922,68.432,62.932,186.41
13/03/2023 21:30,,,67.896,68.466,62.944,186.44
13/03/2023 22:00,,,67.928,68.48,62.93,186.436
13/03/2023 22:30,,,67.912,68.492,62.938,186.362
13/03/2023 23:00,,,67.908,68.426,62.904,186.442
13/03/2023 23:30,,,67.972,68.51,62.834,186.428
14/03/2023 00:00,,,67.926,68.456,62.128,184.898
14/03/2023 00:30,,,67.914,67.536,62.018,179.36
14/03/2023 01:00,,,67.942,68.298,61.98,183.392
14/03/2023 01:30,,,66.792,67.872,60.908,179.332
14/03/2023 02:00,,,66.702,65.772,61.484,171.776
14/03/2023 02:30,,,66.614,61.596,59.26,152.774
14/03/2023 03:00,,,61.996,54.57,55.76,137.052
14/03/2023 03:30,,,56.392,36.046,46.762,106.332
14/03/2023 04:00,,,39.23,31.1,38.458,103.61
14/03/2023 04:30,,,43.376,33.296,35.63,108.49
14/03/2023 05:00,,,38.152,35.688,32.388,101.346
14/03/2023 05:30,,,40.49,36.086,33.576,114.25
14/03/2023 06:00,,,45.024,49.36,42.718,118.584
14/03/2023 06:30,,,41.606,48.318,40.25,113.242
14/03/2023 07:00,,,46.588,56.452,43.16,122.872
14/03/2023 07:30,,,57.04,53.064,49.372,133.828
14/03/2023 08:00,,,49.256,54.154,45.862,129.838
14/03/2023 08:30,,,52.45,60.218,45.912,133.462
14/03/2023 09:00,,,53.472,59.376,48.862,140.314
14/03/2023 09:30,,,56.302,58.266,54.076,155.518
14/03/2023 10:00,,,60.318,50.06,50.718,138.752
14/03/2023 10:30,,,54.922,55.65,50.372,146.378
14/03/2023 11:00,,,61.326,68.392,54.744,170.022
14/03/2023 11:30,,,67.712,67.99,61.766,162.462
14/03/2023 12:00,,,53.672,64.034,54.276,153.082
14/03/2023 12:30,,,51.46,39.56,42.45,109.34
14/03/2023 13:00,,,17.934,43.712,21.686,59.218
14/03/2023 13:30,,,49.59,35.11,33.156,57.192
14/03/2023 14:00,,,45.682,39.912,31.912,89.256
14/03/2023 14:30,,,43.344,40.286,40.198,100.076
14/03/2023 15:00,,,34.244,37.47,31.804,95.518
14/03/2023 15:30,,,36.952,39.592,34.622,81.302
14/03/2023 16:00,,,33.64,38.7,24.612,77.434
14/03/2023 16:30,,,53.722,66.006,50.268,145.748
14/03/2023 17:00,,,49.044,60.454,40.024,91.504
14/03/2023 17:30,,,48.01,43.31,36.818,67.03
14/03/2023 18:00,,,43.5,32.21,27.586,64.586
14/03/2023 18:30,,,30.412,24.65,23.294,65.604
14/03/2023 19:00,,,32.606,33.792,25.676,91.424
14/03/2023 19:30,,,50.73,47.928,48.392,130.114
14/03/2023 20:00,,,56.498,51.694,46.43,120.658
14/03/2023 20:30,,,57.774,58.816,48.468,138.126
14/03/2023 21:00,,,55.25,64.15,50.676,147.332
14/03/2023 21:30,,,51.376,59.64,43.33,122.46
14/03/2023 22:00,,,42.852,52.696,41.348,97.816
14/03/2023 22:30,,,36.514,39.548,33.002,96.672
14/03/2023 23:00,,,33.16,42.074,36.532,110.358
14/03/2023 23:30,,,45.714,54.94,49.804,132.786
15/03/2023 00:00,,,66.778,61.218,61.16,162.576
15/03/2023 00:30,,,67.888,65.142,61.808,168.004
15/03/2023 01:00,,,66.172,68.004,60.078,168.736
15/03/2023 01:30,,,66.024,63.402,60.004,150.152
15/03/2023 02:00,,,63.888,54.746,58.918,142.116
15/03/2023 02:30,,,62,55.036,58.662,137.954
15/03/2023 03:00,,,47.464,46.266,55.034,135.124
15/03/2023 03:30,,,46.016,50.488,48.042,131.194
15/03/2023 04:00,,,44.346,49.268,41.21,120.568
15/03/2023 04:30,,,41.426,42.778,44.168,110.394
15/03/2023 05:00,,,39.62,45.352,40.376,111.536
15/03/2023 05:30,,,40.252,39.028,43.558,100.362
15/03/2023 06:00,,,38.986,34.74,44.214,109.112
15/03/2023 06:30,,,28.9,28.146,35.286,89.042
15/03/2023 07:00,,,37.048,19.734,34.338,83.424
15/03/2023 07:30,,,41.102,23.962,35.644,80.486
15/03/2023 08:00,,,38.748,26.59,41.42,72.644
15/03/2023 08:30,,,35.886,18.12,35.968,62.048
15/03/2023 09:00,,,33.824,23.112,26.862,82.986
15/03/2023 09:30,,,48.93,43.234,12.814,137.314
15/03/2023 10:00,,,41.374,51.438,22.928,107.126
15/03/2023 10:30,,,28.756,35.66,13.274,62.248
15/03/2023 11:00,,,23.848,25.326,14.242,50.3
15/03/2023 11:30,,,17.914,24.606,9.764,42.788
15/03/2023 12:00,,,17.442,18.84,9.834,39.694
15/03/2023 12:30,,,14.716,21.238,8.55,44.358
15/03/2023 13:00,,,12.54,18.01,9.264,47.96
15/03/2023 13:30,,,14.992,12.976,13.014,55.202
15/03/2023 14:00,,,15.912,14.384,10.462,48.104
15/03/2023 14:30,,,11.36,9.31,8.662,33.366
15/03/2023 15:00,,,9.03,8.914,6.35,24.55
15/03/2023 15:30,,,6.68,8.638,4.294,21.746
15/03/2023 16:00,,,7.772,12.78,3.372,32.66
15/03/2023 16:30,,,10.822,16.608,,28.408
15/03/2023 17:00,,,14.084,19.226,,40.92
15/03/2023 17:30,,,15.828,21.45,8.198,48.448
15/03/2023 18:00,,,17.902,22.522,16.802,58.926
15/03/2023 18:30,,,19.382,24.978,17.378,60.424
15/03/2023 19:00,,,24.596,28.128,22.836,69.596
15/03/2023 19:30,,,28.854,27.894,26.526,82.766
15/03/2023 20:00,,,21.924,28.314,18.478,71.78
15/03/2023 20:30,,,44.396,33.604,39.218,119.142
15/03/2023 21:00,,,44.458,47.884,38.82,141.2
15/03/2023 21:30,,,50.866,44.624,46.022,150.256
15/03/2023 22:00,,,61.182,57.374,55.012,179.182
15/03/2023 22:30,,,66.826,59.876,57.36,182.244
15/03/2023 23:00,,,66.722,66.528,58.274,188.826
15/03/2023 23:30,,,66.75,67.494,57.8,192.126
16/03/2023 00:00,,,66.578,67.144,55.496,191.214
16/03/2023 00:30,,,67.176,65.932,56.328,185.894
16/03/2023 01:00,,,66.42,64.988,56.22,187.136
16/03/2023 01:30,,,67.09,66.648,57.516,187.318
16/03/2023 02:00,,,67.508,66.01,57.122,191.614
16/03/2023 02:30,,,66.51,66.542,57.476,179.112
16/03/2023 03:00,,,66.796,64.812,57.354,176.628
16/03/2023 03:30,,,65.48,59.624,54.252,174.524
16/03/2023 04:00,,,53.816,53.474,50.134,163.89
16/03/2023 04:30,,,45.198,51.846,42.17,138.254
16/03/2023 05:00,,,50.134,47.438,43.056,116.172
16/03/2023 05:30,,,56.332,54.556,46.398,136.79
16/03/2023 06:00,,,46.064,47.14,35.97,117.11
16/03/2023 06:30,,,48.408,40.07,37.168,111.012
16/03/2023 07:00,,,53.664,37.932,40.836,109.016
16/03/2023 07:30,,,54.386,46.212,43.02,112.852
16/03/2023 08:00,,,51.542,48.17,39.708,122.138
16/03/2023 08:30,,,51.232,42.334,40.304,113.016
16/03/2023 09:00,,,53.902,40.236,44.882,125.146
16/03/2023 09:30,,,58.806,44.116,48.916,141.1
16/03/2023 10:00,,,65.108,52.134,57.13,167.424
16/03/2023 10:30,,,66.024,58.418,52.956,188.146
16/03/2023 11:00,,,65.772,55.222,53.89,179.064
16/03/2023 11:30,,,67.938,56.936,57.07,180.474
16/03/2023 12:00,,,67.9,57.89,58.972,195.01
16/03/2023 12:30,,,67.918,57.898,58.954,196.176
16/03/2023 13:00,,,67.918,57.846,58.968,196.268
16/03/2023 13:30,,,67.914,57.852,56.23,187.056
16/03/2023 14:00,,,67.904,56.858,57.134,179.308
16/03/2023 14:30,,,44.82,35.146,33.072,187.362
16/03/2023 15:00,,,25.29,23.796,22.936,170.024
16/03/2023 15:30,,,,,,158.254
16/03/2023 16:00,,,,,,136.6
16/03/2023 16:30,,,,,,144.7
16/03/2023 17:00,,,18.382,20.22,14.012,137.52
16/03/2023 17:30,,,59.928,56.31,40.366,168.526
16/03/2023 18:00,,,67.876,58.78,24.988,187.398
16/03/2023 18:30,,,67.104,57.99,57.108,190.452
16/03/2023 19:00,,,67.25,57.4,56.084,190.166
16/03/2023 19:30,,,43.1,57.698,47.188,187.222
16/03/2023 20:00,,,65.798,55.124,56.698,196.248
16/03/2023 20:30,,,67.882,47.372,57.43,193.718
16/03/2023 21:00,,,67.884,49.04,58.954,191.82
16/03/2023 21:30,,,66.79,49.018,58.95,193.31
16/03/2023 22:00,,,65.312,48.424,58.954,191.172
16/03/2023 22:30,,,64.764,48.846,58.928,193.51
16/03/2023 23:00,,,64.626,48.96,58.052,189.384
16/03/2023 23:30,,,66.058,48.216,58.742,187.9
17/03/2023 00:00,96.884,,,,,268.728
17/03/2023 00:30,94.806,,,,,262.832
17/03/2023 01:00,95.482,,,,,251.586
17/03/2023 01:30,82.674,,,,,223.574
17/03/2023 02:00,75.51,,,,,247.732
17/03/2023 02:30,87.744,,,,,235.05
17/03/2023 03:00,96.144,,,,,260.44
17/03/2023 03:30,103.176,,,,,263.49
17/03/2023 04:00,101.944,,,,,264.398
17/03/2023 04:30,95.616,,,,,258.44
17/03/2023 05:00,93.618,,,,,260.714
17/03/2023 05:30,100.498,,,,,256.852
17/03/2023 06:00,89.058,,,,,227.674
17/03/2023 06:30,82.61,,,,,211.462
17/03/2023 07:00,80.754,,,,,173.266
17/03/2023 07:30,52.952,,,,,140.458
17/03/2023 08:00,52.186,,,,,128.522
17/03/2023 08:30,41.772,,,,,118.156
17/03/2023 09:00,43.896,,,,,100.938
17/03/2023 09:30,51.274,,,,,121.998
17/03/2023 10:00,59.076,,,,,134.818
17/03/2023 10:30,50.04,,,,,118.4
17/03/2023 11:00,47.278,,,,,102.176
17/03/2023 11:30,44.766,,,,,98.514
17/03/2023 12:00,35.152,,,,,82.61
17/03/2023 12:30,26.716,,,,,64.344
17/03/2023 13:00,19.326,,,,,43.448
17/03/2023 13:30,18.268,,,,,37.22
17/03/2023 14:00,15.044,,,,,27.836
17/03/2023 14:30,9.984,,,,,20.398
17/03/2023 15:00,14.37,,,,,25.886
17/03/2023 15:30,16.424,,,,,33.064
17/03/2023 16:00,14.328,,,,,28.188
17/03/2023 16:30,20.252,,,,,41.298
17/03/2023 17:00,14.432,,,,,28.242
17/03/2023 17:30,9.322,,,,,27.028
17/03/2023 18:00,8.374,,,,,29.746
17/03/2023 18:30,10.318,,,,,21.946
17/03/2023 19:00,5.526,,,,,9.108
17/03/2023 19:30,6.848,,,,,13.414
17/03/2023 20:00,13.186,,,,,24.172
17/03/2023 20:30,15.424,,,,,28.664
17/03/2023 21:00,13.676,,,,,20.66
17/03/2023 21:30,9.058,,,,,15.394
17/03/2023 22:00,3.752,,,,,3.708
17/03/2023 22:30,,,,,,
17/03/2023 23:00,,,,,,
17/03/2023 23:30,,,,,,
18/03/2023 00:00,,,,,,
18/03/2023 00:30,,,,,,
18/03/2023 01:00,,,,,,
18/03/2023 01:30,,,,,,
18/03/2023 02:00,,,,,,0.54
18/03/2023 02:30,,,,,,1.564
18/03/2023 03:00,,,,,,
18/03/2023 03:30,,,,,,
18/03/2023 04:00,0.082,,,,,
18/03/2023 04:30,,,,,,
18/03/2023 05:00,,,,,,
18/03/2023 05:30,0.164,,,,,1.074
18/03/2023 06:00,1.644,,,,,2.992
18/03/2023 06:30,3.51,,,,,7.526
18/03/2023 07:00,5.448,,,,,14.864
18/03/2023 07:30,9.046,,,,,19.858
18/03/2023 08:00,9.826,,,,,27.53
18/03/2023 08:30,13.112,,,,,38.214
18/03/2023 09:00,20.82,,,,,56.93
18/03/2023 09:30,35.888,,,,,69.088
18/03/2023 10:00,28.186,,,,,54.358
18/03/2023 10:30,17.388,,,,,26.704
18/03/2023 11:00,10.578,,,,,23.74
18/03/2023 11:30,9.022,,,,,23.432
18/03/2023 12:00,7.226,,,,,18.512
18/03/2023 12:30,6.952,,,,,15.322
18/03/2023 13:00,9.17,,,,,16.354
18/03/2023 13:30,9.932,,,,,20.764
18/03/2023 14:00,8.286,,,,,18.85
18/03/2023 14:30,10.548,,,,,20.28
18/03/2023 15:00,11.914,,,,,27.53
18/03/2023 15:30,9.702,,,,,29.452
18/03/2023 16:00,11.652,,,,,41.006
18/03/2023 16:30,25.888,,,,,68.348
18/03/2023 17:00,37.894,,,,,105.198
18/03/2023 17:30,51.58,,,,,141.334
18/03/2023 18:00,64.418,,,,,150.624
18/03/2023 18:30,73.022,,,,,167.994
18/03/2023 19:00,57.804,,,,,135.26
18/03/2023 19:30,71.086,,,,,129.364
18/03/2023 20:00,41.27,,,,,76.126
18/03/2023 20:30,36.956,,,,,58.036
18/03/2023 21:00,34.364,,,,,58.82
18/03/2023 21:30,27.836,,,,,54.166
18/03/2023 22:00,27.576,,,,,59.836
18/03/2023 22:30,33.382,,,,,68.128
18/03/2023 23:00,49.878,,,,,88.458
18/03/2023 23:30,48.028,,,,,101.88
19/03/2023 00:00,44.662,,,,,79.214
19/03/2023 00:30,20.29,,,,,36.448
19/03/2023 01:00,12.954,,,,,27.952
19/03/2023 01:30,23.316,,,,,44.666
19/03/2023 02:00,41.462,,,,,79.016
19/03/2023 02:30,20.41,,,,,42.626
19/03/2023 03:00,19.892,,,,,32.354
19/03/2023 03:30,20.442,,,,,33.968
19/03/2023 04:00,20.5,,,,,31.694
19/03/2023 04:30,26.548,,,,,33.418
19/03/2023 05:00,36.45,,,,,50.068
19/03/2023 05:30,34.186,,,,,55.054
19/03/2023 06:00,25.37,,,,,37.29
19/03/2023 06:30,19.124,,,,,33.818
19/03/2023 07:00,18.198,,,,,39.118
19/03/2023 07:30,21.042,,,,,66.076
19/03/2023 08:00,41.618,,,,,79.582
19/03/2023 08:30,59.328,,,,,108.756
19/03/2023 09:00,50.656,,,,,98.086
19/03/2023 09:30,31.884,,,,,88.786
19/03/2023 10:00,26.29,,,,,74.53
19/03/2023 10:30,14.322,,,,,36.85
19/03/2023 11:00,9.438,,,,,20.444
19/03/2023 11:30,5.68,,,,,10.168
19/03/2023 12:00,2.386,,,,,2.692
19/03/2023 12:30,,,,,,
19/03/2023 13:00,,,,,,
19/03/2023 13:30,,,,,,
19/03/2023 14:00,,,,,,
19/03/2023 14:30,,,,,,
19/03/2023 15:00,,,,,,
19/03/2023 15:30,,,,,,3.014
19/03/2023 16:00,,,,,,4.606
19/03/2023 16:30,0.754,,,,,8.186
19/03/2023 17:00,2.412,,,,,16.868
19/03/2023 17:30,5.558,,,,,23.778
19/03/2023 18:00,11.772,,,,,34.99
19/03/2023 18:30,19.926,,,,,50.336
19/03/2023 19:00,28.464,,,,,68.694
19/03/2023 19:30,29.888,,,,,74.376
19/03/2023 20:00,27.356,,,,,64.964
19/03/2023 20:30,25.696,,,,,65.302
19/03/2023 21:00,28.586,,,,,73.906
19/03/2023 21:30,31.848,,,,,73.342
19/03/2023 22:00,29.92,,,,,70.298
19/03/2023 22:30,25.682,,,,,56.522
19/03/2023 23:00,22.874,,,,,54.258
19/03/2023 23:30,21.258,,,,,55.13
20/03/2023 00:00,17.642,,,,,35.644
20/03/2023 00:30,10.71,,,,,16.538
20/03/2023 01:00,7.612,,,,,14.22
20/03/2023 01:30,3.706,,,,,7.836
20/03/2023 02:00,1.03,,,,,1.488
20/03/2023 02:30,,,,,,
20/03/2023 03:00,,,,,,
20/03/2023 03:30,,,,,,
20/03/2023 04:00,,,,,,
20/03/2023 04:30,,,,,,0.722
20/03/2023 05:00,1.418,,,,,1.786
20/03/2023 05:30,,,,,,
20/03/2023 06:00,,,,,,
20/03/2023 06:30,,,,,,
20/03/2023 07:00,,,,,,
20/03/2023 07:30,,,,,,
20/03/2023 08:00,,,,,,
20/03/2023 08:30,,,,,,0.646
20/03/2023 09:00,0.88,,,,,3.494
20/03/2023 09:30,3.07,,,,,7.418
20/03/2023 10:00,2.882,,,,,7.95
20/03/2023 10:30,3.014,,,,,8.278
20/03/2023 11:00,5.192,,,,,9.128
20/03/2023 11:30,6.5,,,,,14.634
20/03/2023 12:00,9.63,,,,,22.46
20/03/2023 12:30,12.082,,,,,28.19
20/03/2023 13:00,14.19,,,,,32.706
20/03/2023 13:30,14.744,,,,,38.702
20/03/2023 14:00,21.512,,,,,47.866
20/03/2023 14:30,31.152,,,,,65.596
20/03/2023 15:00,40.48,,,,,89.578
20/03/2023 15:30,53.328,,,,,118.334
20/03/2023 16:00,64.166,,,,,135.424
20/03/2023 16:30,66.51,,,,,146.924
20/03/2023 17:00,72.754,,,,,166.534
20/03/2023 17:30,59.564,,,,,190.32
20/03/2023 18:00,59.642,,,,,228.142
20/03/2023 18:30,104.116,,,,,247.438
20/03/2023 19:00,113.426,,,,,247.55
20/03/2023 19:30,118.072,,,,,246.796
20/03/2023 20:00,115.832,,,,,253.128
20/03/2023 20:30,118.926,,,,,257.272
20/03/2023 21:00,115.912,,,,,244.388
20/03/2023 21:30,101.96,,,,,233.602
20/03/2023 22:00,83.548,,,,,191.82
20/03/2023 22:30,76.342,,,,,173.744
20/03/2023 23:00,93.208,,,,,216.808
20/03/2023 23:30,105.188,,,,,242.844
21/03/2023 00:00,112.318,,,,,263.06
21/03/2023 00:30,116.538,,,,,258.408
21/03/2023 01:00,111.464,,,,,250.966
21/03/2023 01:30,115.64,,,,,256.528
21/03/2023 02:00,115.082,,,,,256.006
21/03/2023 02:30,105.888,,,,,209.148
21/03/2023 03:00,99.868,,,,,189.146
21/03/2023 03:30,83.5,,,,,167.25
21/03/2023 04:00,85.152,,,,,143.894
21/03/2023 04:30,87.118,,,,,126.902
21/03/2023 05:00,87.802,,,,,132.036
21/03/2023 05:30,86.768,,,,,134.706
21/03/2023 06:00,119.712,,,,,233.064
21/03/2023 06:30,112.758,,,,,233.782
21/03/2023 07:00,117.446,,,,,242.932
21/03/2023 07:30,125.2,,,,,244.796
21/03/2023 08:00,124.786,,,,,245.126
21/03/2023 08:30,125.708,,,,,248.852
21/03/2023 09:00,115.362,,,,,222.51
21/03/2023 09:30,110.768,,,,,203.878
21/03/2023 10:00,103.876,,,,,191.296
21/03/2023 10:30,106.102,,,,,194.284
21/03/2023 11:00,107.312,,,,,207.724
21/03/2023 11:30,98.194,,,,,194.32
21/03/2023 12:00,99.818,,,,,187.468
21/03/2023 12:30,91.836,,,,,129.38
21/03/2023 13:00,81.822,,,,,53.006
21/03/2023 13:30,87.016,,,,,59.15
21/03/2023 14:00,95.796,,,,,67.592
21/03/2023 14:30,85.57,,,,,81.846
21/03/2023 15:00,85.35,,,,,89.614
21/03/2023 15:30,90.598,,,,,95.63
21/03/2023 16:00,82.314,,,,,86.19
21/03/2023 16:30,45.074,,,,,98.41
21/03/2023 17:00,60.286,,,,,139.674
21/03/2023 17:30,109.014,,,,,227
21/03/2023 18:00,93.186,,,,,190.212
21/03/2023 18:30,95.414,,,,,175.744
21/03/2023 19:00,110.412,,,,,207.472
21/03/2023 19:30,128.622,,,,,259.022
21/03/2023 20:00,126.504,,,,,262.192
21/03/2023 20:30,130.262,,,,,264.444
21/03/2023 21:00,130.33,,,,,264.47
21/03/2023 21:30,129.368,,,,,261.588
21/03/2023 22:00,129.18,,,,,261.858
21/03/2023 22:30,128.39,,,,,259.02
21/03/2023 23:00,129.078,,,,,263.534
21/03/2023 23:30,130.304,,,,,264.408
22/03/2023 00:00,130.254,,,,,264.496
22/03/2023 00:30,130.256,,,,,264.4
22/03/2023 01:00,130.316,,,,,264.528
22/03/2023 01:30,130.302,,,,,264.506
22/03/2023 02:00,130.24,,,,,264.478
22/03/2023 02:30,130.276,,,,,264.528
22/03/2023 03:00,130.304,,,,,264.474
22/03/2023 03:30,130.22,,,,,264.47
22/03/2023 04:00,130.274,,,,,264.46
22/03/2023 04:30,130.234,,,,,264.51
22/03/2023 05:00,130.182,,,,,260.022
22/03/2023 05:30,126.984,,,,,253.372
22/03/2023 06:00,130.266,,,,,254.756
22/03/2023 06:30,130.294,,,,,252.688
22/03/2023 07:00,130.286,,,,,248.162
22/03/2023 07:30,130.256,,,,,254.76
22/03/2023 08:00,130.318,,,,,254.78
22/03/2023 08:30,130.328,,,,,254.756
22/03/2023 09:00,130.296,,,,,254.774
22/03/2023 09:30,130.308,,,,,254.788
22/03/2023 10:00,130.328,,,,,254.774
22/03/2023 10:30,130.272,,,,,254.738
22/03/2023 11:00,130.348,,,,,254.842
22/03/2023 11:30,130.28,,,,,254.712
22/03/2023 12:00,130.358,,,,,254.806
22/03/2023 12:30,130.232,,,,,254.682
22/03/2023 13:00,130.326,,,,,254.74
22/03/2023 13:30,130.29,,,,,254.822
22/03/2023 14:00,130.326,,,,,254.764
22/03/2023 14:30,130.352,,,,,254.818
22/03/2023 15:00,130.292,,,,,254.638
22/03/2023 15:30,129.344,,,,,250.85
22/03/2023 16:00,128.268,,,,,249.504
22/03/2023 16:30,122.664,,,,,254.056
22/03/2023 17:00,130.344,,,,,254.438
22/03/2023 17:30,130.27,,,,,254.75
22/03/2023 18:00,130.322,,,,,254.818
22/03/2023 18:30,130.274,,,,,254.734
22/03/2023 19:00,130.104,,,,,252.578
22/03/2023 19:30,129.3,,,,,253.736
22/03/2023 20:00,128.234,,,,,251.104
22/03/2023 20:30,130.26,,,,,253.704
22/03/2023 21:00,127.532,,,,,250.906
22/03/2023 21:30,128.404,,,,,253.908
22/03/2023 22:00,125.658,,,,,248.96
22/03/2023 22:30,126.802,,,,,233.906
22/03/2023 23:00,128.194,,,,,247.742
22/03/2023 23:30,122.54,,,,,237.818
23/03/2023 00:00,119.156,,,,,237.474
23/03/2023 00:30,120.234,,,,,240.214
23/03/2023 01:00,116.586,,,,,242.074
23/03/2023 01:30,117.316,,,,,243.912
23/03/2023 02:00,120.404,,,,,253.78
23/03/2023 02:30,120.496,,,,,252.042
23/03/2023 03:00,120.488,,,,,254.362
23/03/2023 03:30,120.476,,,,,254.75
23/03/2023 04:00,120.446,,,,,254.746
23/03/2023 04:30,120.472,,,,,254.674
23/03/2023 05:00,120.472,,,,,254.69
23/03/2023 05:30,120.438,,,,,254.762
23/03/2023 06:00,120.452,,,,,254.424
23/03/2023 06:30,122.426,,,,,254.64
23/03/2023 07:00,130.156,,,,,249.688
23/03/2023 07:30,125.466,,,,,225.95
23/03/2023 08:00,101.746,,,,,194.78
23/03/2023 08:30,84.262,,,,,179.198
23/03/2023 09:00,69.896,,,,,153.988
23/03/2023 09:30,65.582,,,,,169.544
23/03/2023 10:00,69.138,,,,,165.05
23/03/2023 10:30,55.33,,,,,125.416
23/03/2023 11:00,28.416,,,,,67.318
23/03/2023 11:30,16.126,,,,,37.816
23/03/2023 12:00,10.27,,,,,27.504
23/03/2023 12:30,15.69,,,,,33.17
23/03/2023 13:00,14.442,,,,,27.896
23/03/2023 13:30,15.338,,,,,21.186
23/03/2023 14:00,10.036,,,,,24.694
23/03/2023 14:30,7.958,,,,,21.328
23/03/2023 15:00,5.354,,,,,25.594
23/03/2023 15:30,14.712,,,,,32.122
23/03/2023 16:00,25.022,,,,,55.188
23/03/2023 16:30,25.242,,,,,103.438
23/03/2023 17:00,38.008,,,,,116.626
23/03/2023 17:30,95.112,,,,,156.834
23/03/2023 18:00,115.284,,,,,254.954
23/03/2023 18:30,126.66,,,,,256.334
23/03/2023 19:00,135.81,,,,,251.086
23/03/2023 19:30,135.512,,,,,252.544
23/03/2023 20:00,137.032,,,,,252.098
23/03/2023 20:30,133.852,,,,,247.862
23/03/2023 21:00,128.668,,,,,241.802
23/03/2023 21:30,125.33,,,,,237.512
23/03/2023 22:00,118.2,,,,,241.05
23/03/2023 22:30,124.508,,,,,238.974
23/03/2023 23:00,125.886,,,,,242.142
23/03/2023 23:30,121.46,,,,,238.17
24/03/2023 00:00,123.414,,,,,239.106
24/03/2023 00:30,127.658,,,,,244.28
24/03/2023 01:00,121.308,,,,,242.956
24/03/2023 01:30,124.902,,,,,240.526
24/03/2023 02:00,113.352,,,,,206.246
24/03/2023 02:30,124.672,,,,,220.814
24/03/2023 03:00,123.244,,,,,243.532
24/03/2023 03:30,126.284,,,,,246.032
24/03/2023 04:00,128.082,,,,,241.402
24/03/2023 04:30,123.638,,,,,229.836
24/03/2023 05:00,121.22,,,,,221.622
24/03/2023 05:30,111.908,,,,,224.918
24/03/2023 06:00,116.426,,,,,241.112
24/03/2023 06:30,120.956,,,,,255.77
24/03/2023 07:00,112.464,,,,,245.836
24/03/2023 07:30,109.574,,,,,247.366
24/03/2023 08:00,108.982,,,,,237.17
24/03/2023 08:30,99.056,,,,,245.906
24/03/2023 09:00,98.896,,,,,252.346
24/03/2023 09:30,91.998,,,,,249.522
24/03/2023 10:00,86.612,,,,,249.626
24/03/2023 10:30,85.568,,,,,239.552
24/03/2023 11:00,84.054,,,,,231.802
24/03/2023 11:30,72.448,,,,,224.446
24/03/2023 12:00,75.174,,,,,230.006
24/03/2023 12:30,76.504,,,,,222.65
24/03/2023 13:00,57.418,,,,,190.672
24/03/2023 13:30,49.422,,,,,159.33
24/03/2023 14:00,47.772,,,,,150.772
24/03/2023 14:30,46.508,,,,,146.022
24/03/2023 15:00,46.39,,,,,139.862
24/03/2023 15:30,30.098,,,,,103.992
24/03/2023 16:00,26.72,,,,,84.758
24/03/2023 16:30,29.304,,,,,81.47
24/03/2023 17:00,32.642,,,,,63.74
24/03/2023 17:30,23.194,,,,,42.652
24/03/2023 18:00,11.476,,,,,20.372
24/03/2023 18:30,8.828,,,,,15.168
24/03/2023 19:00,7.854,,,,,14.422
24/03/2023 19:30,15.49,,,,,34.552
24/03/2023 20:00,20.486,,,,,36.684
24/03/2023 20:30,52.918,,,,,103.8
24/03/2023 21:00,27.484,,,,,60.904
24/03/2023 21:30,12.338,,,,,24.042
24/03/2023 22:00,7.88,,,,,16.446
24/03/2023 22:30,8.232,,,,,18.956
24/03/2023 23:00,9.772,,,,,19.368
24/03/2023 23:30,7.838,,,,,13.084
25/03/2023 00:00,2.936,,,,,4.958
25/03/2023 00:30,0.178,,,,,0.886
25/03/2023 01:00,,,,,,
25/03/2023 01:30,2.662,,,,,6.398
25/03/2023 02:00,7.376,,,,,16.124
25/03/2023 02:30,13.276,,,,,25.536
25/03/2023 03:00,21.872,,,,,55.37
25/03/2023 03:30,43.896,,,,,123.88
25/03/2023 04:00,69.544,,,,,169.89
25/03/2023 04:30,106.894,,,,,243.654
25/03/2023 05:00,117.582,,,,,257.136
25/03/2023 05:30,113.286,,,,,261.694
25/03/2023 06:00,105.542,,,,,240.486
25/03/2023 06:30,117.06,,,,,264.992
25/03/2023 07:00,118.904,,,,,271.036
25/03/2023 07:30,118.084,,,,,269.16
25/03/2023 08:00,117.622,,,,,270.322
25/03/2023 08:30,118.096,,,,,268.026
25/03/2023 09:00,117.452,,,,,268.77
25/03/2023 09:30,124.462,,,,,257.134
25/03/2023 10:00,116.404,,,,,244.576
25/03/2023 10:30,101.804,,,,,225.096
25/03/2023 11:00,97.672,,,,,211.268
25/03/2023 11:30,74.036,,,,,146.228
25/03/2023 12:00,53.594,,,,,101.61
25/03/2023 12:30,34.142,,,,,73.948
25/03/2023 13:00,30.148,,,,,74.01
25/03/2023 13:30,28.984,,,,,67.694
25/03/2023 14:00,12.022,,,,,33.338
25/03/2023 14:30,9.32,,,,,31.654
25/03/2023 15:00,11.522,,,,,24.18
25/03/2023 15:30,18.154,,,,,35.826
25/03/2023 16:00,22.728,,,,,45.74
25/03/2023 16:30,21.426,,,,,43.104
25/03/2023 17:00,15.942,,,,,43.55
25/03/2023 17:30,18.388,,,,,54.104
25/03/2023 18:00,29.15,,,,,70.682
25/03/2023 18:30,31.504,,,,,75.232
25/03/2023 19:00,35.116,,,,,79.244
25/03/2023 19:30,24.562,,,,,48.494
25/03/2023 20:00,39.19,,,,,71.278
25/03/2023 20:30,38.694,,,,,72.63
25/03/2023 21:00,32.95,,,,,59.802
25/03/2023 21:30,28.318,,,,,55.826
25/03/2023 22:00,25.728,,,,,48.52
25/03/2023 22:30,25.94,,,,,42.93
25/03/2023 23:00,27.92,,,,,52.408
25/03/2023 23:30,21.874,,,,,42.204
26/03/2023 00:00,21.548,,,,,35.964
26/03/2023 00:30,20.512,,,,,34.89
26/03/2023 01:00,14.488,,,,,29.414
26/03/2023 01:30,11.168,,,,,21.31
26/03/2023 02:00,9.812,,,,,20.038
26/03/2023 02:30,10.046,,,,,33.778
26/03/2023 03:00,16.946,,,,,45.642
26/03/2023 03:30,31.716,,,,,66.832
26/03/2023 04:00,27.376,,,,,56.054
26/03/2023 04:30,36.53,,,,,79.69
26/03/2023 05:00,67.082,,,,,129.182
26/03/2023 05:30,38.204,,,,,81.696
26/03/2023 06:00,48.84,,,,,117.496
26/03/2023 06:30,45.328,,,,,116.66
26/03/2023 07:00,49.42,,,,,110.842
26/03/2023 07:30,45.182,,,,,103.764
26/03/2023 08:00,54.602,,,,,137.058
26/03/2023 08:30,57.734,,,,,130.2
26/03/2023 09:00,58.278,,,,,129.662
26/03/2023 09:30,74.394,,,,,179.488
26/03/2023 10:00,68.432,,,,,175.104
26/03/2023 10:30,56.5,,,,,111.93
26/03/2023 11:00,75.26,,,,,126.764
26/03/2023 11:30,77.438,,,,,115.718
26/03/2023 12:00,93.102,,,,,157.782
26/03/2023 12:30,106.122,,,,,216.13
26/03/2023 13:00,71.094,,,,,157.63
26/03/2023 13:30,99.506,,,,,197.112
26/03/2023 14:00,85.868,,,,,161.808
26/03/2023 14:30,72.23,,,,,137.642
26/03/2023 15:00,71.97,,,,,88.414
26/03/2023 15:30,122.766,,,,,236.24
26/03/2023 16:00,126.932,,,,,254.834
26/03/2023 16:30,116.652,,,,,250.288
26/03/2023 17:00,126.574,,,,,249.738
26/03/2023 17:30,122.074,,,,,254.632
26/03/2023 18:00,130.812,,,,,265.188
26/03/2023 18:30,134.178,,,,,263.286
26/03/2023 19:00,130.312,,,,,267.144
26/03/2023 19:30,135.234,,,,,264.454
26/03/2023 20:00,132.748,,,,,256.66
26/03/2023 20:30,132.514,,,,,250.77
26/03/2023 21:00,131.53,,,,,241.784
26/03/2023 21:30,130.684,,,,,238.674
26/03/2023 22:00,123.116,,,,,238.536
26/03/2023 22:30,97.014,,,,,205.624
26/03/2023 23:00,,,,,,
26/03/2023 23:30,,,,,,
27/03/2023 00:00,12.032,68.458,137.786,50.698,45.072,
27/03/2023 00:30,14.366,78.602,150.876,55.26,50.958,
27/03/2023 01:00,16.422,83.602,159.124,56.61,56.792,
27/03/2023 01:30,18.454,80.08,153.282,56.376,56.804,
27/03/2023 02:00,23.77,83.072,157.254,58.476,57.926,
27/03/2023 02:30,19.78,83.41,164.954,55.618,51.784,
27/03/2023 03:00,14.86,76.976,151.97,57.448,49.098,
27/03/2023 03:30,17.358,87.474,158.578,58.578,51.394,
27/03/2023 04:00,20.542,86.654,163.286,58.284,51.696,
27/03/2023 04:30,18.4,82.56,152.078,57.434,48.942,
27/03/2023 05:00,12.462,85.676,163.216,58.588,50.434,
27/03/2023 05:30,9.178,84.454,154.854,58.546,46.718,
27/03/2023 06:00,9.26,84.636,151.2,58.236,42.298,
27/03/2023 06:30,11.048,80.138,136.5,57.422,42.738,
27/03/2023 07:00,9.522,78.34,134.626,55.454,43.476,
27/03/2023 07:30,7.524,77.358,122.852,54.034,38.522,
27/03/2023 08:00,8.294,72.864,117.216,50.902,38.562,
27/03/2023 08:30,6.046,58.502,100.208,43.574,34.71,
27/03/2023 09:00,5.092,42.55,89.234,30.688,32.782,
27/03/2023 09:30,3.132,32.356,65.002,25.494,25.68,
27/03/2023 10:00,3,28.512,51.674,24.91,20.748,
27/03/2023 10:30,2.692,24.246,41.684,18.244,14.236,
27/03/2023 11:00,2.044,17.56,30.128,15.05,11.148,
27/03/2023 11:30,1.11,9.232,18.724,10.408,7.092,
27/03/2023 12:00,0.732,6.206,10.24,6.968,4.378,
27/03/2023 12:30,0.454,2.626,6.16,3.272,3.184,
27/03/2023 13:00,0.218,1.034,3.194,1.152,1.14,
27/03/2023 13:30,0.006,,2.124,0.278,,
27/03/2023 14:00,,0.448,0.974,0.426,0.41,
27/03/2023 14:30,0.27,0.66,3.138,0.66,1.204,
27/03/2023 15:00,0.936,2.252,8.714,1.79,2.256,
27/03/2023 15:30,1.684,4.966,14.086,3.66,3.506,
27/03/2023 16:00,2.96,9.338,21.238,6.95,6.072,
27/03/2023 16:30,5.158,15.24,28.24,12.232,8.396,
27/03/2023 17:00,5.636,17.286,24.756,15.13,7.26,
27/03/2023 17:30,4.17,12.122,16.69,12.684,5.356,
27/03/2023 18:00,2.248,7.28,8.18,8.422,2.342,
27/03/2023 18:30,2,6.438,13.286,4.812,3.78,
27/03/2023 19:00,2.75,10.016,17.496,7.334,5.352,
27/03/2023 19:30,3.246,10.9,20.974,7.834,7.192,
27/03/2023 20:00,5.322,16.222,35.158,11.316,12.888,
27/03/2023 20:30,11.03,31.554,63.884,21.718,21.648,
27/03/2023 21:00,16.594,52.988,93.522,39.384,27.768,
27/03/2023 21:30,15.872,51.146,101.378,41.85,33.752,
27/03/2023 22:00,19.912,57.306,116.546,44.57,42.952,
27/03/2023 22:30,25.648,74.242,155.078,57.118,54.564,
27/03/2023 23:00,28.072,81.31,170.55,61.064,61.396,
27/03/2023 23:30,29.322,80.92,163.91,68.07,57.9,
28/03/2023 00:00,27.386,86.614,170.8,66.802,59.012,
28/03/2023 00:30,19.408,81.41,168.374,67.292,57.896,
28/03/2023 01:00,19.56,82.046,169.21,68.422,56.836,
28/03/2023 01:30,17.204,69.598,148.188,59.684,53.24,
28/03/2023 02:00,11.76,49.618,102.466,37.61,36.784,
28/03/2023 02:30,9.456,33.004,73.436,34.696,28.41,
28/03/2023 03:00,6.504,25.202,45.11,27.018,19.074,
28/03/2023 03:30,3.96,17.23,38.964,17.506,14.392,
28/03/2023 04:00,3.298,17.462,39.554,15.642,17.006,
28/03/2023 04:30,5.536,17.276,42.88,12.532,22.476,
28/03/2023 05:00,4.86,8.95,31.932,6.68,19.456,
28/03/2023 05:30,8.026,9.25,30.66,9.542,16.79,
28/03/2023 06:00,7.336,11.548,31.556,10.69,18.33,
28/03/2023 06:30,14.676,21.072,46.41,19.636,20.824,
28/03/2023 07:00,12.42,17.842,44.522,15.622,19.142,
28/03/2023 07:30,15.316,27.364,51.318,20.862,22.694,
28/03/2023 08:00,11.98,21.918,46.57,17.252,20.384,
28/03/2023 08:30,14.57,24.428,51.106,16.406,20.074,
28/03/2023 09:00,18.81,31.648,60.908,20.574,23.79,
28/03/2023 09:30,17.644,29.208,65.308,17.23,26.84,
28/03/2023 10:00,15.37,24.176,47.066,15.894,19.49,
28/03/2023 10:30,10.668,19.67,34.368,12.046,11.588,
28/03/2023 11:00,11.558,18.99,35.906,11.162,13.348,
28/03/2023 11:30,17.622,26.996,56.7,16.472,21.754,
28/03/2023 12:00,22.256,39.46,93.746,26.366,38.706,
28/03/2023 12:30,26.14,45.73,99.962,29.842,42.414,
28/03/2023 13:00,22.45,40.146,97.54,24.648,37.452,
28/03/2023 13:30,26.89,44.692,105.798,25.378,37.108,
28/03/2023 14:00,26.726,52.59,114.28,28.48,42.782,
28/03/2023 14:30,30.556,62.3,136,34.058,50.638,
28/03/2023 15:00,35.098,72.352,142.074,46.352,55.232,
28/03/2023 15:30,27.732,56.734,109.044,39.436,40.952,
28/03/2023 16:00,24.93,52.59,112.526,33.784,40.65,
28/03/2023 16:30,22.07,48.628,103.154,30.226,35.718,
28/03/2023 17:00,20.744,43.824,98.842,26.744,36.112,
28/03/2023 17:30,23.29,43.852,105.724,28.786,39.292,
28/03/2023 18:00,22.29,43.222,98.434,29.624,36.5,
28/03/2023 18:30,20.078,45.734,88.45,27.176,31.11,
28/03/2023 19:00,18.978,39.09,80.764,23.804,27.732,
28/03/2023 19:30,14.73,33.184,67.326,25.208,25.888,
28/03/2023 20:00,15.902,35.02,69.486,32.546,27.918,
28/03/2023 20:30,13.022,29.228,66.32,23.68,27.922,
28/03/2023 21:00,14.596,32.156,70.844,25.452,29.338,
28/03/2023 21:30,12.642,25.878,49.852,21.272,20.572,
28/03/2023 22:00,8.768,17.874,46.89,12.068,19.04,
28/03/2023 22:30,11.206,22.076,47.704,16.002,20.31,
28/03/2023 23:00,5.048,10.208,22.426,7.832,7.204,
28/03/2023 23:30,6.912,13.756,32.306,11.978,13.046,
29/03/2023 00:00,4.594,8.106,15.84,8.514,7.25,
29/03/2023 00:30,1.922,3.502,8.982,3.484,3.628,
29/03/2023 01:00,2.282,3.544,9.462,4.59,3.442,
29/03/2023 01:30,2.046,4.778,9.936,4.728,4.068,
29/03/2023 02:00,2.426,2.954,4.982,4.646,2.468,
29/03/2023 02:30,2.286,3.914,7.206,2.972,3.56,
29/03/2023 03:00,2.388,4.024,5.734,5.432,2.756,
29/03/2023 03:30,1.886,2.534,9.454,3.27,2.54,
29/03/2023 04:00,2.53,4.78,9.51,3.746,3.958,
29/03/2023 04:30,3.238,4.564,9.196,3.188,5.048,
29/03/2023 05:00,5.128,9.85,23.944,4.892,12.51,
29/03/2023 05:30,7.212,11.368,29.298,7.404,13.062,
29/03/2023 06:00,7.672,14.442,37.17,8.612,14.562,
29/03/2023 06:30,12.166,25.664,52.226,19.942,19.966,
29/03/2023 07:00,17.874,33.67,69.318,22.346,29.89,
29/03/2023 07:30,15.34,28.502,59.124,24.588,24.972,
29/03/2023 08:00,11.414,20.436,50.26,12.986,22.682,
29/03/2023 08:30,17.508,38.448,86.53,26.712,32.848,
29/03/2023 09:00,17.572,45.28,98.9,32.072,38.048,
29/03/2023 09:30,21.864,50.628,122.314,33.934,47.894,
29/03/2023 10:00,23.932,53.632,115.818,36.988,41.78,
29/03/2023 10:30,22.828,50.724,112.716,36.338,39.912,
29/03/2023 11:00,19.18,49.914,112.918,35.784,36.94,
29/03/2023 11:30,23.104,54.324,122.138,34.156,45.85,
29/03/2023 12:00,33.692,70.052,167.156,40.308,57.914,
29/03/2023 12:30,35.872,77.524,162.276,48.754,56.638,
29/03/2023 13:00,38.542,81.674,163.06,61.646,51.148,
29/03/2023 13:30,38.882,83.168,158.458,66.014,52.056,
29/03/2023 14:00,37.17,81.608,162.042,59.38,48.162,
29/03/2023 14:30,35.118,74.638,126.136,53.066,57.432,
29/03/2023 15:00,33.364,85.698,125.344,57.768,60.73,
29/03/2023 15:30,29.348,87.232,174.106,57.766,61.392,
29/03/2023 16:00,22.32,78.998,162.26,55.004,55.916,
29/03/2023 16:30,34.41,88.068,174,58.664,61.91,
29/03/2023 17:00,40.822,88.19,173.374,58.712,60.132,
29/03/2023 17:30,42.104,84.388,169.588,57.718,60.964,
29/03/2023 18:00,46.102,88.194,174.052,57.776,61.93,
29/03/2023 18:30,47.326,88.142,174.058,58.732,61.958,
29/03/2023 19:00,47.642,88.198,173.994,57.828,61.946,
29/03/2023 19:30,47.602,88.186,171.634,58.7,61.91,
29/03/2023 20:00,47.612,88.188,174.088,58.754,61.94,
29/03/2023 20:30,47.586,88.166,173.176,58.256,60.102,
29/03/2023 21:00,47.542,87.268,170.468,67.092,60.038,
29/03/2023 21:30,47.596,88.15,173.18,68.472,59.098,
29/03/2023 22:00,47.514,86.188,167.362,68.494,61.016,
29/03/2023 22:30,46.872,86.202,167.55,68.334,60.344,
29/03/2023 23:00,43.704,78.36,165.764,65.33,58.698,
29/03/2023 23:30,34.818,69.766,166.422,54.838,58.254,
30/03/2023 00:00,41.978,71.732,166.836,56.174,60.408,
30/03/2023 00:30,47.228,67.604,162.736,69.08,59.994,
30/03/2023 01:00,36.416,49.798,127.08,43.3,57.136,
30/03/2023 01:30,29.766,49.416,128.54,41.53,56.472,
30/03/2023 02:00,30.27,50.006,117.876,35.672,50.628,
30/03/2023 02:30,22.756,56.706,117.236,33.162,40.404,
30/03/2023 03:00,26.822,48.632,93.534,28.732,37.354,
30/03/2023 03:30,24.216,39.13,71.326,29.594,31.31,
30/03/2023 04:00,27.14,45.836,91.67,28.09,35.88,
30/03/2023 04:30,17.956,28.834,64.484,16.136,26.384,
30/03/2023 05:00,14.768,33.09,58.114,16.916,25.592,
30/03/2023 05:30,6.846,28.33,62.04,20.078,18.674,
30/03/2023 06:00,5.662,19.842,36.978,14.888,11.218,
30/03/2023 06:30,3.882,11.462,27.048,7.18,8.922,
30/03/2023 07:00,3.01,6.154,23.686,4.482,8.712,
30/03/2023 07:30,2.746,6.306,22.524,3.798,2.754,
30/03/2023 08:00,4.682,7.454,19.252,4.486,4.85,
30/03/2023 08:30,4.116,7.832,14.386,4.97,6.568,
30/03/2023 09:00,4.394,8.708,16.818,5.254,6.21,
30/03/2023 09:30,5.014,6.578,17.874,3.262,7.796,
30/03/2023 10:00,7.592,7.356,18.612,5.898,8.486,
30/03/2023 10:30,8.862,10.952,22.662,9.566,8.644,
30/03/2023 11:00,10.096,12.08,22.84,12.358,6.378,
30/03/2023 11:30,13.808,14.736,22.662,17.656,5.142,
30/03/2023 12:00,8.134,10.156,20.42,10.556,3.67,
30/03/2023 12:30,7.194,7.946,26.22,8.796,7.994,
30/03/2023 13:00,9.3,9.672,35.656,9.244,14.542,
30/03/2023 13:30,11.814,11.482,39.792,11.204,14.216,
30/03/2023 14:00,14.172,15.998,36.732,15.202,16.15,
30/03/2023 14:30,10.802,11.532,28.804,12.31,12.694,
30/03/2023 15:00,8.1,8.61,20.568,9.32,7.544,
30/03/2023 15:30,4.162,6.432,14.462,6.212,6.89,
30/03/2023 16:00,4.73,5.148,17.772,5.91,9.898,
30/03/2023 16:30,4.522,4.222,21.5,4.35,12.524,
30/03/2023 17:00,9.436,7.552,27.446,5.714,16.1,
30/03/2023 17:30,10.85,9.978,29.214,9.23,13.424,
30/03/2023 18:00,11.11,12.116,27.134,11.528,9.876,
30/03/2023 18:30,13.608,12.87,42.126,12.492,20.446,
30/03/2023 19:00,19.7,17.75,56.6,18.16,24.102,
30/03/2023 19:30,20.972,18.706,56.706,20.074,28.248,
30/03/2023 20:00,24.594,23.48,53.292,27.698,29.444,
30/03/2023 20:30,15.728,12.748,36.402,17.36,20.262,
30/03/2023 21:00,11.304,10.246,25.05,13.284,16.188,
30/03/2023 21:30,11.924,11.816,35.332,13.502,20.566,
30/03/2023 22:00,12.214,13.788,35.036,13.368,20.694,
30/03/2023 22:30,10.6,13.078,28.29,12.126,13.87,
30/03/2023 23:00,8.982,10.106,26.628,8.86,16.548,
30/03/2023 23:30,8.184,6.952,23.714,6.6,16.598,
31/03/2023 00:00,8.298,7.254,20.272,7.758,15.902,
31/03/2023 00:30,5.282,6.792,13.612,6.742,7.038,
31/03/2023 01:00,3.334,3.666,8.746,4.232,6.07,
31/03/2023 01:30,7.962,7.9,20.124,7.162,9.192,
31/03/2023 02:00,6.188,5.098,14.932,4.838,8.988,
31/03/2023 02:30,2.32,2.14,6.99,2.874,5.076,
31/03/2023 03:00,2.2,1.448,4.322,1.536,2.714,
31/03/2023 03:30,0.776,,3.334,0.346,1.24,
31/03/2023 04:00,1.946,0.984,10.15,1.984,3.706,
31/03/2023 04:30,8.042,4.988,24.762,8.282,13.598,
31/03/2023 05:00,18.878,13.394,36.322,21.84,14.94,
31/03/2023 05:30,24.51,23.982,60.262,40.692,22.986,
31/03/2023 06:00,28.842,32.384,60.226,46.89,19.728,
31/03/2023 06:30,26.296,28.698,65.168,45.112,27.114,
31/03/2023 07:00,31.606,27.632,95.306,45.89,37.058,
31/03/2023 07:30,39.06,42.444,101.798,48.566,45.672,
31/03/2023 08:00,40.948,45.318,114.654,42.654,49.342,
31/03/2023 08:30,44.878,49.272,122.076,60.972,43.976,
31/03/2023 09:00,51.04,59.87,141.49,67.492,53.182,
31/03/2023 09:30,56.332,72.034,153.408,71.444,59.878,
31/03/2023 10:00,57.138,68.67,149.07,63.69,56.364,
31/03/2023 10:30,53.202,75.284,152.424,66.516,62.328,
31/03/2023 11:00,54.086,71.946,149.136,64.142,62.578,
31/03/2023 11:30,56.226,69.256,143.984,65.594,68.278,
31/03/2023 12:00,56.558,60.666,148.154,61.166,68.63,
31/03/2023 12:30,47.546,55.416,129.37,59.134,60.914,
31/03/2023 13:00,54.038,66.666,131.794,69.724,64.142,
31/03/2023 13:30,48.78,59.15,149.964,67.35,59.992,
31/03/2023 14:00,47.268,60.526,144.636,64.328,63.232,
31/03/2023 14:30,48.668,1.608,64.194,63.732,60.798,
31/03/2023 15:00,48.592,,52.388,61.222,59.886,
31/03/2023 15:30,47.032,17.716,60.172,60.648,58.41,
31/03/2023 16:00,42.624,47.66,90.004,55.306,54.588,
31/03/2023 16:30,39.63,34.132,85.754,44.188,49.934,
31/03/2023 17:00,29.896,33,87.682,33.432,46.158,
31/03/2023 17:30,29.944,35.758,77.308,39.234,34.698,
31/03/2023 18:00,32.928,35.424,71.948,34.98,39.24,
31/03/2023 18:30,32.994,33.766,68.636,34.59,34.964,
31/03/2023 19:00,33.672,34.536,68.952,37.662,36.638,
31/03/2023 19:30,39.396,32.616,68.038,33.516,38.626,
31/03/2023 20:00,32.916,28.914,64.532,36.974,38.348,
31/03/2023 20:30,32.352,34.562,76.44,37.786,36.238,
31/03/2023 21:00,36.484,35.408,84.276,40.658,39.544,
31/03/2023 21:30,36.95,33.884,79.42,34.46,35.488,
31/03/2023 22:00,34.788,31.578,73.774,36.212,38.31,
31/03/2023 22:30,35.332,30.58,72.492,34.72,37.904,
31/03/2023 23:00,34.626,33.702,65.162,38.674,35.236,
31/03/2023 23:30,35.098,34.558,73.454,38.974,39.15,
01/04/2023 00:00,33.844,32.026,68.464,34.728,35.116,
01/04/2023 00:30,29.568,30.142,65.644,33.654,32.376,
01/04/2023 01:00,31.87,27.872,68.2,34.36,32.89,
01/04/2023 01:30,29.178,27.944,68.386,27.078,31.558,
01/04/2023 02:00,35.12,30.054,69.046,39.602,39.774,
01/04/2023 02:30,52.33,49.002,94.498,57.772,50.856,
01/04/2023 03:00,48.286,47.15,99.004,53.326,51.2,
01/04/2023 03:30,48.69,49.482,97.626,51.884,49.924,
01/04/2023 04:00,37.658,36.588,86.566,42.624,41.448,
01/04/2023 04:30,35.91,38.994,74.702,39.326,39.148,
01/04/2023 05:00,28.83,27.566,74.074,29.44,35.576,
01/04/2023 05:30,28.148,27.81,63.368,30.44,32.064,
01/04/2023 06:00,28.178,27.864,64.408,32.308,28.034,
01/04/2023 06:30,31.14,33.03,69.04,36.386,31.57,
01/04/2023 07:00,32.008,31.606,71.05,35.538,32.444,
01/04/2023 07:30,33.118,38.364,71.594,37.426,34.706,
01/04/2023 08:00,27.674,33.14,69.128,32.97,28.87,
01/04/2023 08:30,34.25,36.146,68.89,36.296,30.608,
01/04/2023 09:00,32.838,35.724,75.866,42.24,35.878,
01/04/2023 09:30,51.008,51.992,90.22,52.08,46.152,
01/04/2023 10:00,50.75,52.166,106.968,54.03,54.968,
01/04/2023 10:30,47.66,54.7,100.596,52.384,49.542,
01/04/2023 11:00,47.722,52.378,100.776,54.752,48.204,
01/04/2023 11:30,53.106,54.614,105.126,56.154,52.844,
01/04/2023 12:00,43.352,45.52,101.746,45.244,45.286,
01/04/2023 12:30,39.684,40.948,84.254,40.466,42.028,
01/04/2023 13:00,32.69,39.612,71.214,36.904,36.738,
01/04/2023 13:30,30.512,35.114,57.752,33.08,34.134,
01/04/2023 14:00,28.78,29.068,55.8,30.004,30.804,
01/04/2023 14:30,24.348,25.092,50.77,25.28,26.712,
01/04/2023 15:00,17.428,20.112,39.518,18.87,20.058,
01/04/2023 15:30,16.562,15.894,31.496,16.398,18.484,
01/04/2023 16:00,11.842,12.626,25.252,11.788,13.67,
01/04/2023 16:30,9.02,8.846,20.176,9.182,9.994,
01/04/2023 17:00,7.824,7.536,18.028,7.908,9.702,
01/04/2023 17:30,7.208,8,15.846,7.504,8.48,
01/04/2023 18:00,6.296,7.072,13.976,6.272,6.388,
01/04/2023 18:30,6.31,5.514,13.136,7.654,6.178,
01/04/2023 19:00,6.864,5.974,12.356,7.15,6.546,
01/04/2023 19:30,6.29,5.552,13.798,7.224,6.882,
01/04/2023 20:00,4.7,4.992,9.58,5.48,5.55,
01/04/2023 20:30,4.492,3.044,7.226,4.51,4.71,
01/04/2023 21:00,3.004,1.774,5.492,2.054,2.74,
01/04/2023 21:30,3.158,0.546,5.132,2.414,3.76,
01/04/2023 22:00,3.694,1.242,4.97,3.614,4.408,
01/04/2023 22:30,3.46,2.43,4.612,3.246,3.29,
01/04/2023 23:00,2.974,2.384,5.526,3.054,3.236,
01/04/2023 23:30,3.494,3.866,6.482,4.176,4.012,
02/04/2023 00:00,4.906,5.484,9.368,6.048,4.488,
02/04/2023 00:30,5.29,5.868,10.56,6.108,5.182,
02/04/2023 01:00,5.186,6.346,10.474,6.644,4.988,
02/04/2023 01:30,4.312,4.642,7.782,4.97,4.342,
02/04/2023 02:00,3.482,2.12,5.704,3.06,2.976,
02/04/2023 02:30,1.98,0.636,3.148,1.476,1.854,
02/04/2023 03:00,1.23,0.22,1.85,1.282,1.21,
02/04/2023 03:30,1.196,,2.304,0.742,0.864,
02/04/2023 04:00,1.338,0.146,2.496,1.236,1.168,
02/04/2023 04:30,0.99,0.906,2.426,1.642,0.354,
02/04/2023 05:00,1.508,1.816,3.478,1.822,0.774,
02/04/2023 05:30,2.092,2.268,3.984,2.934,0.768,
02/04/2023 06:00,1.946,2.55,5.148,2.662,0.946,
02/04/2023 06:30,1.922,2.588,5.438,2.932,1.136,
02/04/2023 07:00,3.136,3.702,6.018,4.25,2.188,
02/04/2023 07:30,3.25,3.234,7.968,4.226,3.714,
02/04/2023 08:00,3.012,3.96,8.506,4.286,4.178,
02/04/2023 08:30,2.516,3.614,8.726,3.616,3.494,
02/04/2023 09:00,1.976,3.754,6.974,3.598,2.39,
02/04/2023 09:30,2.26,2.994,6.452,3.426,2.444,
02/04/2023 10:00,2.182,2.756,6.276,3.102,2.552,
02/04/2023 10:30,2.66,3.382,6.318,3.92,2.83,
02/04/2023 11:00,2.348,3.472,6.9,3.36,2.718,
02/04/2023 11:30,2.312,4.044,7.59,3.846,2.14,
02/04/2023 12:00,2.702,4.284,7.532,3.908,2.614,
02/04/2023 12:30,2.394,3.164,7.072,3.224,2.56,
02/04/2023 13:00,2.364,3.84,7.748,3.518,3.064,
02/04/2023 13:30,3.148,4.826,9.554,4.576,3.892,
02/04/2023 14:00,3.624,5.98,10.734,5.41,4.246,
02/04/2023 14:30,4.528,7.064,12.932,5.918,5.25,
02/04/2023 15:00,4.61,7.044,13.548,6.35,5.28,
02/04/2023 15:30,4.198,6.19,12.164,5.564,5.042,
02/04/2023 16:00,3.786,5.526,12.838,4.868,5.638,
02/04/2023 16:30,3.146,5.532,13.586,4.706,4.956,
02/04/2023 17:00,2.524,5.086,10.806,4.722,3.774,
02/04/2023 17:30,2.292,4.688,9.202,4.236,3.008,
02/04/2023 18:00,3.192,6.408,10.186,4.976,3.83,
02/04/2023 18:30,4.05,5.75,11.77,5.556,5.414,
02/04/2023 19:00,4.878,5.232,12.18,5.066,6.166,
02/04/2023 19:30,4.102,4.208,11.318,4.004,5.562,
02/04/2023 20:00,3.214,4.198,9.718,3.724,4.656,
02/04/2023 20:30,4.402,6.146,13.486,5.618,5.036,
02/04/2023 21:00,6.266,8.934,20.286,7.63,6.924,
02/04/2023 21:30,8.588,11.67,24.294,10.394,8.938,
02/04/2023 22:00,10.68,15.378,28.262,13.052,10.644,
02/04/2023 22:30,12.57,16.956,30.794,15.212,12.806,
02/04/2023 23:00,12.152,16.398,31.232,14.584,12.92,
02/04/2023 23:30,13.666,17.536,36.224,15.304,13.958,
03/04/2023 00:00,17.158,21.86,41.998,19.064,17.386,
03/04/2023 00:30,18.686,21.524,46.594,21.016,20.046,
03/04/2023 01:00,18.126,19.894,49.104,18.026,21.11,
03/04/2023 01:30,19.204,22.074,49.4,19.244,22.996,
03/04/2023 02:00,22.472,25.758,54.814,22.522,27.314,
03/04/2023 02:30,22.294,24.14,59.24,22.954,27.626,
03/04/2023 03:00,21.774,25.112,61.736,23.244,24.508,
03/04/2023 03:30,26.51,27.186,70.1,26.12,28.388,
03/04/2023 04:00,27.652,29.098,79.83,28.052,33.364,
03/04/2023 04:30,30.622,30.868,81.502,30.656,36.942,
03/04/2023 05:00,28.408,28.97,78.564,29.858,35.348,
03/04/2023 05:30,28.674,36.034,77.012,31.868,34.442,
03/04/2023 06:00,31.586,40.47,83.804,34.75,36.194,
03/04/2023 06:30,32.984,41.232,86.074,33.536,36.926,
03/04/2023 07:00,33.918,44.304,89.648,35.946,39.358,
03/04/2023 07:30,36.682,47.996,95.53,38.366,42.434,
03/04/2023 08:00,37.4,47.238,95.196,40.688,45.02,
03/04/2023 08:30,43.696,52.448,111.014,48.312,47.066,
03/04/2023 09:00,43.842,63.73,125.538,49.806,41.316,
03/04/2023 09:30,50.616,70.928,135.13,55.026,46.316,
03/04/2023 10:00,56.098,61.136,142.212,57.592,50.86,
03/04/2023 10:30,57.824,53.428,133.628,61.168,54.804,
03/04/2023 11:00,62.036,56.474,126.872,67.188,56.1,
03/04/2023 11:30,65.46,67.812,143.534,72.332,59.288,
03/04/2023 12:00,67.276,79.324,150.048,74.324,59.8,
03/04/2023 12:30,67.508,85.594,155.24,76.134,61.128,
03/04/2023 13:00,66.084,83.784,150.97,73.346,65.394,
03/04/2023 13:30,64.212,83.198,150.346,60.028,68.204,
03/04/2023 14:00,64.198,82.586,154.136,56.22,64.68,
03/04/2023 14:30,63.214,80.872,155.716,50.432,60.178,
03/04/2023 15:00,63.078,81.566,151.16,51.828,58.624,
03/04/2023 15:30,62.672,82.892,151.12,59.302,66.97,
03/04/2023 16:00,60.966,82.93,152.236,59.892,65.714,
03/04/2023 16:30,61.172,80.074,147.592,51.268,65.688,
03/04/2023 17:00,60.076,77.576,144.49,43.064,63.392,
03/04/2023 17:30,63.49,83.14,157.708,43.126,67.332,
03/04/2023 18:00,66.214,84.876,166,62.934,70.746,
03/04/2023 18:30,66.43,83.744,163.64,63.062,69.082,
03/04/2023 19:00,64.512,84.526,163.998,68.13,69.864,
03/04/2023 19:30,65.778,84.256,167.142,65.726,68.088,
03/04/2023 20:00,67.408,84.16,164.508,72.01,69.318,
03/04/2023 20:30,67.71,86.51,161.408,76.848,69.086,
03/04/2023 21:00,67.278,84.92,156.426,75.672,69.838,
03/04/2023 21:30,66.3,86.85,159.814,75.438,69.364,
03/04/2023 22:00,66.916,86.484,153.894,73.934,69.672,
03/04/2023 22:30,65.304,84.36,149.52,74.36,66.888,
03/04/2023 23:00,61.506,84.5,146.888,72.476,64.784,
03/04/2023 23:30,57.328,74.384,152.146,65.832,62.006,
04/04/2023 00:00,51.974,71.602,147.408,58.628,64.292,
04/04/2023 00:30,58.25,76.256,146.858,66.994,62.464,
04/04/2023 01:00,65.89,83.04,160.124,76.58,65.376,
04/04/2023 01:30,67.63,80.292,159.07,72.03,67.18,
04/04/2023 02:00,64.528,76.542,155.286,70.9,66.478,
04/04/2023 02:30,55.232,63.978,136.368,62.798,59.26,
04/04/2023 03:00,48.828,53.782,111.43,46.936,52.274,
04/04/2023 03:30,42.39,47.808,96.328,42.838,44.974,
04/04/2023 04:00,35.19,39.896,85.78,38.07,39.216,
04/04/2023 04:30,30.964,38.84,83.582,35.528,37.766,
04/04/2023 05:00,29.354,33.216,74.314,31.232,35.968,
04/04/2023 05:30,29.208,30.98,77.174,27.072,39.472,
04/04/2023 06:00,32.854,25.25,69.264,22.786,39.95,
04/04/2023 06:30,36.32,34.186,76.818,27.156,43.68,
04/04/2023 07:00,36.412,41.956,84.614,33.798,41.682,
04/04/2023 07:30,38.728,44.89,92.406,35.172,42.328,
04/04/2023 08:00,39.796,46.384,55.252,3.126,6.71,
04/04/2023 08:30,39.988,40.704,49.676,,,
04/04/2023 09:00,41.844,41.576,54.33,2.016,4.35,
04/04/2023 09:30,20.318,41.114,88.934,33.938,31.1,
04/04/2023 10:00,24.846,39.064,81.826,33.532,30.656,
04/04/2023 10:30,33.346,39.34,80.422,35.76,31.454,
04/04/2023 11:00,30.7,42.116,85.414,34.56,33.022,
04/04/2023 11:30,34.23,46.548,93.032,39.408,36.47,
04/04/2023 12:00,34.838,50.426,107.506,41.07,41.09,
04/04/2023 12:30,41.54,57.32,119.732,45.856,47.766,
04/04/2023 13:00,41.288,60.018,127.058,49.214,47.414,
04/04/2023 13:30,17.186,55.392,115.074,47.858,40.108,
04/04/2023 14:00,38.34,52.198,109.538,46.312,34.724,
04/04/2023 14:30,34.874,46.574,97.676,36.068,37.122,
04/04/2023 15:00,35.124,50.378,106.652,37.444,45.716,
04/04/2023 15:30,33.902,59.986,134.072,37.302,52.108,
04/04/2023 16:00,44.864,53.06,138.968,37.07,54.548,
04/04/2023 16:30,54.186,59.844,148.226,40.386,65.336,
04/04/2023 17:00,65.818,73.964,166.47,57.188,65.642,
04/04/2023 17:30,68.496,87.934,183.016,67.37,65.998,
04/04/2023 18:00,67.534,86.262,185.06,67.516,66.004,
04/04/2023 18:30,66.874,83.744,183.596,76.156,66.496,
04/04/2023 19:00,67.65,85.202,183.8,76.994,66.052,
04/04/2023 19:30,63.29,83.238,179.094,76.734,59.864,
04/04/2023 20:00,52.648,68.906,167.068,58.706,55.18,
04/04/2023 20:30,42.212,46.722,133.89,42.378,48.89,
04/04/2023 21:00,43.496,47.914,133.904,42.142,49.346,
04/04/2023 21:30,42.882,52.596,134.942,46.916,44.28,
04/04/2023 22:00,48.028,64.126,139.326,56.184,44.826,
04/04/2023 22:30,50.384,55.778,128.614,60.426,45.182,
04/04/2023 23:00,41.274,45.166,123.912,45.934,39.262,
04/04/2023 23:30,33.932,49.47,121.76,40.448,31.072,
05/04/2023 00:00,33.978,38.942,120.65,32.458,37.114,
05/04/2023 00:30,46.746,52.662,118.458,53.132,49.84,
05/04/2023 01:00,59.524,75.682,147.416,70.658,54.552,
05/04/2023 01:30,61.326,84.452,167.836,73.942,63.028,
05/04/2023 02:00,65.316,85.554,177.948,76.15,64.812,
05/04/2023 02:30,66.616,81.664,183.834,76.014,66.962,
05/04/2023 03:00,66.432,79.888,181.416,75.254,67.178,
05/04/2023 03:30,67.132,79.688,181.606,76.022,65.778,
05/04/2023 04:00,66.462,82.23,183.65,75.994,64.14,
05/04/2023 04:30,66.574,85,177.254,76.364,64.342,
05/04/2023 05:00,66.28,82.54,174.814,76.78,64.436,
05/04/2023 05:30,63.988,81.7,160.072,77.46,63.222,
05/04/2023 06:00,57.534,83.846,156.86,75.878,61.136,
05/04/2023 06:30,59.572,80.946,158.25,72.198,60.95,
05/04/2023 07:00,59.314,81.51,156.132,73.178,64.568,
05/04/2023 07:30,64.428,85.368,165.012,74.08,62.056,
05/04/2023 08:00,62.174,85.82,166.264,76.31,63.468,
05/04/2023 08:30,64.808,83.932,164.084,76.346,63.656,
05/04/2023 09:00,62.806,82.104,162.634,75.108,63.338,
05/04/2023 09:30,64.82,82.652,165.602,75.288,65.098,
05/04/2023 10:00,68.518,85.404,166.582,77.112,65.826,
05/04/2023 10:30,65.384,83.802,166.562,75.456,66.674,
05/04/2023 11:00,65.7,82.74,166.088,76.756,62.982,
05/04/2023 11:30,65.96,84.344,168.294,76.628,65.138,
05/04/2023 12:00,67.054,81.336,164.218,76.2,64.46,
05/04/2023 12:30,61.264,84.046,160.236,74.836,60.754,
05/04/2023 13:00,63.256,84.278,159.162,76.028,62.134,
05/04/2023 13:30,60,83.496,160.472,74.454,63.554,
05/04/2023 14:00,63.132,83.926,158.318,72.89,60.568,
05/04/2023 14:30,65.314,84.316,157.904,76.51,60.22,
05/04/2023 15:00,63.962,83.026,159.38,73.05,62.588,
05/04/2023 15:30,60.944,80.992,150.088,68.212,62.362,
05/04/2023 16:00,64.566,85.72,154.35,75.24,60.516,
05/04/2023 16:30,61.592,76.98,158.218,69.304,60.674,
05/04/2023 17:00,57.566,72.392,151.368,57.724,63.162,
05/04/2023 17:30,54.424,65.016,137.808,50.496,60.866,
05/04/2023 18:00,46.748,62.576,124.624,49.328,56.148,
05/04/2023 18:30,46.52,61.114,118.59,43.2,52.644,
05/04/2023 19:00,44.882,56.478,110.204,40.928,49.348,
05/04/2023 19:30,37.11,43.018,80.6,30.764,39.196,
05/04/2023 20:00,18.74,22.684,47.63,16.152,23.184,
05/04/2023 20:30,14.98,17.892,37.988,13.402,20.32,
05/04/2023 21:00,15.156,18.232,29.744,15.73,15.046,
05/04/2023 21:30,15.246,11.666,26.3,10.746,14.762,
05/04/2023 22:00,6.64,5.22,15.09,6.58,6.808,
05/04/2023 22:30,4.512,2.918,8.766,3.374,4.02,
05/04/2023 23:00,1.702,0.936,4.246,1.534,1.4,
05/04/2023 23:30,1.818,1.148,5.478,1.44,1.642,
06/04/2023 00:00,1.672,2.322,8.068,1.59,1.528,
06/04/2023 00:30,1.908,2.032,6.844,1.248,2.158,
06/04/2023 01:00,1.746,1.182,3.754,0.812,2.552,
06/04/2023 01:30,1.156,0.476,2.122,0.218,1.302,
06/04/2023 02:00,0.832,,0.554,,1.128,
06/04/2023 02:30,,,,,,
06/04/2023 03:00,,,2.296,,0.368,
06/04/2023 03:30,0.504,1.258,2.082,0.066,0.482,
06/04/2023 04:00,1.854,1.718,4.17,1.436,0.616,
06/04/2023 04:30,1.372,1.056,7.584,0.46,0.898,
06/04/2023 05:00,0.192,0.474,10.532,,0.086,
06/04/2023 05:30,0.078,2.092,12.354,,,
06/04/2023 06:00,1.894,14.504,21.39,6.656,0.734,
06/04/2023 06:30,8.918,39.346,48.266,20.8,4.366,
06/04/2023 07:00,27.006,73.574,80.74,45.39,16.408,
06/04/2023 07:30,46.41,62.2,73.532,58.16,35.91,
06/04/2023 08:00,51.776,64.1,82.148,51.744,42.272,
06/04/2023 08:30,57.768,50.918,31.22,5.02,2.06,
06/04/2023 09:00,36.994,27.32,21.512,1.41,0.672,
06/04/2023 09:30,23.52,20.316,44.756,23.444,19.262,
06/04/2023 10:00,20.268,16.154,43.018,15.888,23.69,
06/04/2023 10:30,20.862,12.638,59.81,16.558,25.066,
06/04/2023 11:00,14.568,20.062,47.198,13.75,10.542,
06/04/2023 11:30,12.668,23.9,23.226,16.502,10.2,
06/04/2023 12:00,19.002,23.988,39.064,25.236,16.874,
06/04/2023 12:30,24.762,31.43,64.26,41.64,22.346,
06/04/2023 13:00,32.682,50.986,114.584,56.368,33.078,
06/04/2023 13:30,57.522,84.678,152.316,64.876,42.824,
06/04/2023 14:00,67.762,88.018,170.894,68.476,66.578,
06/04/2023 14:30,68.47,85.68,176.724,68.502,67.71,
06/04/2023 15:00,68.332,87.692,164.338,68.436,68.454,
06/04/2023 15:30,61.2,71.962,157.364,64.938,58.882,
06/04/2023 16:00,52.012,48.118,129.656,56.762,39.322,
06/04/2023 16:30,33.212,35.706,89.996,38.62,27.75,
06/04/2023 17:00,38.8,53.164,115.87,52.15,26.156,
06/04/2023 17:30,59.092,81.484,154.674,67.876,53.066,
06/04/2023 18:00,66.34,81.226,167.324,67.894,61.766,
06/04/2023 18:30,63.224,76.406,145.694,68,58.496,
06/04/2023 19:00,56.588,72.466,161.33,61.85,67.972,
06/04/2023 19:30,59.936,77.624,167.44,67.148,55.942,
06/04/2023 20:00,65.296,76.78,162.906,67.22,62.712,
06/04/2023 20:30,58.122,70.634,157.484,65.79,58.708,
06/04/2023 21:00,51.698,74.866,154.94,66.704,58.592,
06/04/2023 21:30,48.342,75.242,150.844,66.314,64.654,
06/04/2023 22:00,41.032,59.002,151.838,59.798,52.91,
06/04/2023 22:30,36.182,63.556,154.774,60.92,50.102,
06/04/2023 23:00,35.784,56.244,152.134,50.912,50.304,
06/04/2023 23:30,46.252,64.102,145.462,60.914,56.402,
07/04/2023 00:00,48.184,53.462,146.874,62.308,50.118,
07/04/2023 00:30,48.622,59.052,137.934,58.418,56.368,
07/04/2023 01:00,49.062,67.076,136.306,63.06,58.718,
07/04/2023 01:30,50.046,69.858,144.792,59.598,65.59,
07/04/2023 02:00,45.65,68.986,132.66,53.008,58.442,
07/04/2023 02:30,43.366,63.02,124.562,47.67,53.04,
07/04/2023 03:00,51.602,62.912,115.946,49.138,57.662,
07/04/2023 03:30,56.57,68.262,118.302,55.208,58.622,
07/04/2023 04:00,61.594,71.776,139.572,62.268,60.56,
07/04/2023 04:30,62.394,80.152,165.082,65.848,66.414,
07/04/2023 05:00,30.08,80.518,171.076,61.168,68.714,
07/04/2023 05:30,,72.436,161.016,53.49,61.304,
07/04/2023 06:00,,65.93,143.034,55.368,57.548,
07/04/2023 06:30,,71.408,148.046,54.014,57.312,
07/04/2023 07:00,,60.278,142.47,50.304,53.462,
07/04/2023 07:30,,54.84,123.416,42.362,42.454,
07/04/2023 08:00,,58.04,110.878,44.214,38.756,
07/04/2023 08:30,,48.576,108.958,33.706,42.802,
07/04/2023 09:00,,44.866,100.866,29.69,35.28,
07/04/2023 09:30,,37.744,86.06,30.464,28.188,
07/04/2023 10:00,,34.388,77.718,29.468,31.618,
07/04/2023 10:30,,28.38,85.28,22.062,32.456,
07/04/2023 11:00,,31.09,77.536,25.986,30.058,
07/04/2023 11:30,,37.366,74.682,31.038,28.218,
07/04/2023 12:00,,34.2,84.306,29.41,34.114,
07/04/2023 12:30,,35.52,81.456,27.176,34.002,
07/04/2023 13:00,,26.04,69.13,17.968,26.962,
07/04/2023 13:30,,13.58,43.67,10.554,15.036,
07/04/2023 14:00,,8.616,26.766,10.986,10.202,
07/04/2023 14:30,,11.122,28.474,14.342,12.01,
07/04/2023 15:00,1.656,12.686,27.738,13.506,13.994,
07/04/2023 15:30,6.998,12.08,28.876,13.946,14.128,
07/04/2023 16:00,6.89,13.21,27.93,13.984,12.644,
07/04/2023 16:30,6.834,11.918,31.38,11.814,12.638,
07/04/2023 17:00,6.782,9.654,30.678,11.26,13.762,
07/04/2023 17:30,7.64,8.384,26.132,12.752,13.964,
07/04/2023 18:00,7.124,9.544,20.564,13.924,10.82,
07/04/2023 18:30,5.952,9.734,17.108,11.206,7.424,
07/04/2023 19:00,4.174,8.098,15.35,8.596,5.392,
07/04/2023 19:30,5.224,8.972,20.32,9.44,6.362,
07/04/2023 20:00,6.62,11.954,28.516,14.488,10.098,
07/04/2023 20:30,6.794,13.274,31.676,14.944,13.072,
07/04/2023 21:00,6.536,12.732,28.318,14.26,10.96,
07/04/2023 21:30,6.87,12.274,32.014,12.472,8.914,
07/04/2023 22:00,6.2,12.628,29.396,11.472,7.32,
07/04/2023 22:30,5.838,12.618,29.964,7.934,7.912,
07/04/2023 23:00,4.94,10.39,28.954,8.932,8.45,
07/04/2023 23:30,6.388,9.902,31.72,12.9,10.03,
08/04/2023 00:00,9.232,12.376,37.052,13.808,10.898,
08/04/2023 00:30,11.834,15.62,42.49,14.138,11.816,
08/04/2023 01:00,12.534,22.666,46.886,17.974,14.498,
08/04/2023 01:30,14.47,23.422,47.822,20.778,18.654,
08/04/2023 02:00,13.782,20.29,49.71,17.478,19.698,
08/04/2023 02:30,14.916,20.578,44.606,18.476,20.19,
08/04/2023 03:00,12.782,19.634,45.408,13.086,17.304,
08/04/2023 03:30,16.324,21.444,56.568,21.378,24.062,
08/04/2023 04:00,23.92,30.946,70.678,32.994,30.068,
08/04/2023 04:30,26.328,35.162,78.698,34.754,35.704,
08/04/2023 05:00,22.134,33.882,72.44,28.208,32.714,
08/04/2023 05:30,25.466,31.74,78.686,35.77,24.29,
08/04/2023 06:00,27.18,37.196,75.366,37.654,31.528,
08/04/2023 06:30,28.722,39.214,80.392,37.784,34.988,
08/04/2023 07:00,20.238,36.67,75.452,33.254,36.922,
08/04/2023 07:30,16.444,30.19,67.864,25.634,29.852,
08/04/2023 08:00,14.58,26.496,59.698,22.978,25.636,
08/04/2023 08:30,15.986,23.394,54.44,22.166,22.64,
08/04/2023 09:00,15.764,23.232,50.254,19.696,16.342,
08/04/2023 09:30,14.3,21.814,53.2,17.616,18.61,
08/04/2023 10:00,13.666,22.47,53.226,15.608,17.212,
08/04/2023 10:30,13.442,24.23,52.26,17.284,18.44,
08/04/2023 11:00,14.342,24.522,54.052,17.222,17.51,
08/04/2023 11:30,13.53,20.192,48.406,14.722,17.24,
08/04/2023 12:00,14.17,21.24,47.868,15.218,19.318,
08/04/2023 12:30,15.798,23.778,51.324,17.664,21.542,
08/04/2023 13:00,17.73,24.306,53.402,20.348,23.364,
08/04/2023 13:30,17.478,21.644,51.45,20.026,27.206,
08/04/2023 14:00,14.976,18.742,42.992,16.204,23.812,
08/04/2023 14:30,13.374,18.506,42.904,16.834,22.14,
08/04/2023 15:00,13.132,19.744,44.128,17.046,22.406,
08/04/2023 15:30,13.06,18.092,45.246,16.936,19.702,
08/04/2023 16:00,12.57,20.094,51.496,18.81,20.994,
08/04/2023 16:30,13.788,21.26,53.854,19.864,21.972,
08/04/2023 17:00,12.312,20.746,51.884,19.526,20.124,
08/04/2023 17:30,11.9,18.308,42.998,16.506,17.558,
08/04/2023 18:00,12.102,18.394,42.288,14.786,17.074,
08/04/2023 18:30,12.706,19.708,41.184,16.35,15.62,
08/04/2023 19:00,10.11,19.304,37.852,13.57,15.496,
08/04/2023 19:30,13.754,20.63,45.894,16.144,18.218,
08/04/2023 20:00,17.766,26.18,54.098,21.002,19.27,
08/04/2023 20:30,16.938,23.38,54.574,21.442,20.78,
08/04/2023 21:00,15.694,22.418,50.438,19.172,17.674,
08/04/2023 21:30,13.478,19.486,41.676,20.014,15.99,
08/04/2023 22:00,10.086,12.798,33.128,12.898,14.388,
08/04/2023 22:30,10.986,11.944,37.138,12.42,17.366,
08/04/2023 23:00,11.98,15.806,39.794,15.24,16.296,
08/04/2023 23:30,10.744,14.056,39.492,12.32,18.91,
09/04/2023 00:00,12.936,16.866,44.066,15.126,20.802,
09/04/2023 00:30,14.174,20.618,53.524,15.946,21.144,
09/04/2023 01:00,16.958,23.512,64.044,19.85,25.056,
09/04/2023 01:30,23.236,28.79,79.556,25.22,35.558,
09/04/2023 02:00,27.966,33.548,88.412,31.67,37.426,
09/04/2023 02:30,27.794,36.964,95.342,32.43,41.92,
09/04/2023 03:00,39.734,46.07,123.762,42.392,55.486,
09/04/2023 03:30,45.644,59.326,141.458,51.862,59.73,
09/04/2023 04:00,45.234,61.28,142.476,52.67,61.784,
09/04/2023 04:30,49.106,55.466,139.218,51.24,61.802,
09/04/2023 05:00,50.518,56.124,135.07,48.084,65.724,
09/04/2023 05:30,52.82,60.782,146.478,47.93,66.832,
09/04/2023 06:00,62.864,72.186,163.506,61.226,75.192,
09/04/2023 06:30,65.95,82.52,180.696,71.53,77.572,
09/04/2023 07:00,66.102,87.632,187.124,65.68,77.018,
09/04/2023 07:30,67.106,84.056,192.126,64.482,77.366,
09/04/2023 08:00,66.656,81.024,191.856,66.352,76.378,
09/04/2023 08:30,63.596,86.846,185.94,66.912,68.89,
09/04/2023 09:00,62.36,85.328,180.338,65.402,72.484,
09/04/2023 09:30,61.868,83.104,183.674,61.952,74.312,
09/04/2023 10:00,63.806,84.948,183.376,63.796,76.082,
09/04/2023 10:30,66.946,81.446,182.44,71.436,68.88,
09/04/2023 11:00,67.176,83.492,189.58,77.588,73.696,
09/04/2023 11:30,67.28,87.354,191.704,77.098,73.468,
09/04/2023 12:00,66.924,86.888,189.562,74.08,77.464,
09/04/2023 12:30,66.796,86.376,190.146,67.234,76.576,
09/04/2023 13:00,68.416,87.142,167.578,68.276,76.222,
09/04/2023 13:30,66.982,87.928,184.878,64.838,75.236,
09/04/2023 14:00,65.56,84.548,187.654,64.88,75.816,
09/04/2023 14:30,66.578,86.202,189.418,67.19,77.498,
09/04/2023 15:00,66.274,86.934,191.994,68.216,75.966,
09/04/2023 15:30,68.352,88.128,192.766,73.092,76.48,
09/04/2023 16:00,66.532,87.662,191.136,77.858,78.508,
09/04/2023 16:30,68.354,86.906,191.944,76.818,77.454,
09/04/2023 17:00,67.278,87.234,192.002,76.382,76.436,
09/04/2023 17:30,67.79,83.282,193.156,77.928,77.552,
09/04/2023 18:00,67.65,86.14,194.136,78.024,77.088,
09/04/2023 18:30,67.446,88.182,194.07,77.218,76.64,
09/04/2023 19:00,68.486,88.208,194.13,77.258,77.536,
09/04/2023 19:30,68.44,88.216,193.096,78.14,77.57,
09/04/2023 20:00,68.496,88.246,194.064,77.158,77.638,
09/04/2023 20:30,68.466,88.182,194.116,78.164,78.508,
09/04/2023 21:00,68.444,88.204,194.118,78.148,78.544,
09/04/2023 21:30,68.474,88.19,194.126,78.156,78.494,
09/04/2023 22:00,68.458,88.24,194.116,78.14,78.558,
09/04/2023 22:30,68.48,88.222,194.082,78.18,78.52,
09/04/2023 23:00,68.46,88.2,194.152,78.144,78.542,
09/04/2023 23:30,68.48,88.216,194.122,78.146,78.542,
10/04/2023 00:00,68.498,88.182,194.104,78.146,78.52,
10/04/2023 00:30,68.462,88.242,194.154,78.14,78.52,
10/04/2023 01:00,68.464,88.18,194.098,78.184,78.544,
10/04/2023 01:30,68.486,88.25,194.122,78.168,78.508,
10/04/2023 02:00,68.46,88.178,194.104,78.124,77.906,
10/04/2023 02:30,68.502,88.094,192.232,77.276,70.092,
10/04/2023 03:00,67.538,85.46,188.472,77.956,77.214,
10/04/2023 03:30,68.48,86.36,193.568,77.26,75.53,
10/04/2023 04:00,67.594,88.228,194.166,78.172,78.194,
10/04/2023 04:30,68.486,88.204,194.1,78.168,78.57,
10/04/2023 05:00,68.468,88.21,194.178,78.15,78.546,
10/04/2023 05:30,68.492,88.214,194.124,78.158,78.512,
10/04/2023 06:00,68.446,88.222,194.112,78.124,78.528,
10/04/2023 06:30,68.454,88.172,194.066,78.156,78.512,
10/04/2023 07:00,58.872,88.24,194.082,78.142,78.522,
10/04/2023 07:30,58.824,88.2,194.104,78.136,78.52,
10/04/2023 08:00,58.796,88.17,194.022,78.134,78.538,
10/04/2023 08:30,58.816,88.19,194.098,78.112,78.494,
10/04/2023 09:00,58.798,88.174,194.102,78.16,78.524,
10/04/2023 09:30,58.818,88.228,194.004,78.124,78.524,
10/04/2023 10:00,58.81,87.67,194.12,78.14,77.634,
10/04/2023 10:30,58.788,88.146,192.504,78.114,78.508,
10/04/2023 11:00,58.798,86.234,188.108,75.748,75.668,
10/04/2023 11:30,58.486,79.438,179.714,76.47,74.484,
10/04/2023 12:00,57.29,76.326,171.784,70.95,66.902,
10/04/2023 12:30,51.982,59.574,126.184,50.558,61.292,
10/04/2023 13:00,39.222,40.824,73.552,30.85,43.656,
10/04/2023 13:30,28.61,32.924,82.556,23.254,32.132,
10/04/2023 14:00,29.752,40.2,107.204,20.438,25.22,
10/04/2023 14:30,23.36,43.674,117.734,20.572,33.96,
10/04/2023 15:00,29.314,48.366,106.566,23.368,35.006,
10/04/2023 15:30,17.24,34.838,72.002,22.572,25.954,
10/04/2023 16:00,19.726,32.786,66.056,19.638,24.898,
10/04/2023 16:30,24.048,29.018,77.198,17.572,33.444,
10/04/2023 17:00,24.396,31.768,88.97,18.166,33.924,
10/04/2023 17:30,30.996,37.906,113.012,19.674,40.53,
10/04/2023 18:00,35.182,56.732,133.794,24.41,50.65,
10/04/2023 18:30,49.25,74.386,160.886,46.228,68.84,
10/04/2023 19:00,66.3,87.414,189.334,66.786,78.488,
10/04/2023 19:30,68.446,87.588,193.64,75.398,78.522,
10/04/2023 20:00,68.434,88.248,193.746,78.08,78.526,
10/04/2023 20:30,68.188,87.948,192.912,77.924,78.532,
10/04/2023 21:00,67.668,84.64,192.51,76.284,78.47,
10/04/2023 21:30,65.604,82.75,182.676,77.908,78.544,
10/04/2023 22:00,55.206,81.952,180.824,78.078,78.376,
10/04/2023 22:30,64.232,86.348,193.12,78.072,78.498,
10/04/2023 23:00,68.392,88.02,194.124,78.102,78.546,
10/04/2023 23:30,68.356,88.162,186.598,78.14,78.514,
11/04/2023 00:00,68.452,88.192,184.488,78.148,78.482,
11/04/2023 00:30,68.456,87.296,184.344,78.138,78.546,
11/04/2023 01:00,68.452,87.978,184.358,78.132,78.502,
11/04/2023 01:30,68.418,87.802,183.272,78.138,78.474,
11/04/2023 02:00,68.444,87.352,184.386,78.062,78.532,
11/04/2023 02:30,68.214,87.116,184.322,77.508,78.476,
11/04/2023 03:00,65.598,84.05,178.438,69.93,77.744,
11/04/2023 03:30,64.81,82.942,162.826,72.972,77.686,
11/04/2023 04:00,55.226,72.118,161.992,65.422,74.406,
11/04/2023 04:30,55.656,70.378,163.414,62.728,68.35,
11/04/2023 05:00,53.406,68.692,157.562,56.456,59.922,
11/04/2023 05:30,51.494,65.006,145.466,59.542,57.14,
11/04/2023 06:00,49.208,59.112,135.316,57.756,47.764,
11/04/2023 06:30,37.744,52.052,143.262,47.22,49.966,
11/04/2023 07:00,27.24,59.686,135.14,54.648,52.938,
11/04/2023 07:30,31.078,55.206,140.978,54.084,56.85,
11/04/2023 08:00,29.762,57.944,138.884,54.018,54.246,
11/04/2023 08:30,34.276,71.702,138.492,61.894,70.358,
11/04/2023 09:00,37.582,68.926,139.508,58.05,72.484,
11/04/2023 09:30,28.016,56.92,113.382,44.21,60.18,
11/04/2023 10:00,27.148,55.098,102.462,45.332,57.896,
11/04/2023 10:30,30.644,58.668,103.642,43.504,59.886,
11/04/2023 11:00,26.738,52.086,104.15,41.596,45.98,
11/04/2023 11:30,28.5,54.796,108.706,44.598,53.18,
11/04/2023 12:00,29.24,57.572,119.734,46.772,48.312,
11/04/2023 12:30,29.654,58.824,126.452,39.346,64.814,
11/04/2023 13:00,47.67,72.444,151.422,58.804,78.51,
11/04/2023 13:30,56.28,74.502,147.194,69.966,71.588,
11/04/2023 14:00,53.112,64.216,158.768,59.034,64.2,
11/04/2023 14:30,47.176,66.24,147.928,51.148,60.18,
11/04/2023 15:00,32.884,37.27,88.93,31.756,36.002,
11/04/2023 15:30,17.884,19.694,61.492,20.836,21.254,
11/04/2023 16:00,10.122,14.596,35.56,15.622,11.29,
11/04/2023 16:30,12.42,15.258,28.58,14.42,13.27,
11/04/2023 17:00,12.186,21.564,42.124,20.134,13.76,
11/04/2023 17:30,20.618,29.012,90.878,25.634,43.904,
11/04/2023 18:00,36.434,61.002,162.392,48.858,72.604,
11/04/2023 18:30,58.21,84.884,190.704,75.79,77.594,
11/04/2023 19:00,58.406,88.108,194.16,78.138,77.62,
11/04/2023 19:30,58.816,88.202,191.368,78.15,78.52,
11/04/2023 20:00,58.83,88.188,194.092,78.146,78.504,
11/04/2023 20:30,58.814,88.208,194.062,78.13,77.424,
11/04/2023 21:00,58.8,88.174,193.738,78.122,78.462,
11/04/2023 21:30,58.798,88.174,186.452,75.308,78.522,
11/04/2023 22:00,58.78,88.166,181.87,76.974,75.816,
11/04/2023 22:30,58.784,88.226,184.568,78.128,78.276,
11/04/2023 23:00,58.824,88.17,182.036,78.156,77.672,
11/04/2023 23:30,64.542,88.132,176.962,78.118,73.256,
12/04/2023 00:00,68.456,87.844,180.874,75.374,78.486,
12/04/2023 00:30,68.494,85.532,188.172,78.04,78.554,
12/04/2023 01:00,64.002,78.544,191.816,78.172,78.552,
12/04/2023 01:30,68.446,78.536,193.938,76.996,78.486,
12/04/2023 02:00,62.482,73.932,172.714,75.896,74,
12/04/2023 02:30,65.452,69.462,177.176,66.982,73.946,
12/04/2023 03:00,66.102,88.088,184.88,68.488,77.144,
12/04/2023 03:30,63.588,84.326,183.646,72.306,73.336,
12/04/2023 04:00,67.102,87.676,189.12,75.474,77.87,
12/04/2023 04:30,68.412,87.874,187.212,76.35,78.526,
12/04/2023 05:00,68.454,88.212,190.226,78.19,78.55,
12/04/2023 05:30,68.496,88.196,191.24,78.14,78.52,
12/04/2023 06:00,68.442,88.176,194.058,78.122,78.518,
12/04/2023 06:30,68.486,88.224,194.09,78.184,78.51,
12/04/2023 07:00,68.456,88.212,194.078,78.094,78.536,
12/04/2023 07:30,68.44,88.198,194.134,78.154,78.54,
12/04/2023 08:00,68.466,88.174,194.036,78.12,78.5,
12/04/2023 08:30,68.488,86.152,194.064,78.112,77.584,
12/04/2023 09:00,68.492,84.082,194.124,78.172,77.598,
12/04/2023 09:30,68.458,88.238,193.966,77.246,76.47,
12/04/2023 10:00,68.02,84.546,189.264,77.424,75.2,
12/04/2023 10:30,67.848,88.092,184.668,77.674,74.164,
12/04/2023 11:00,64.992,82.848,185.226,74.092,73.896,
12/04/2023 11:30,67.426,86.778,186.132,74.91,66.732,
12/04/2023 12:00,59.348,78.096,174.53,71.29,65.358,
12/04/2023 12:30,65.192,80.992,186.25,70.188,77.15,
12/04/2023 13:00,67.732,87.458,187.71,75.266,75.514,
12/04/2023 13:30,67.14,83.016,186.694,74.248,76.398,
12/04/2023 14:00,68.198,87.184,185.316,77.924,76.602,
12/04/2023 14:30,67.2,87.986,190.586,77.274,75.638,
12/04/2023 15:00,68.15,87.6,190.658,77.41,74.358,
12/04/2023 15:30,66.722,85.544,190.806,76.842,77.294,
12/04/2023 16:00,62.752,79.678,183.444,69.144,75.636,
12/04/2023 16:30,62.638,80.576,179.542,73.032,74.128,
12/04/2023 17:00,57.648,72.232,164.904,68.034,63.166,
12/04/2023 17:30,47.006,60.388,146.058,52.832,46.606,
12/04/2023 18:00,43.84,54.76,137.884,46.634,43.28,
12/04/2023 18:30,34.326,46.006,122.406,38.656,34.948,
12/04/2023 19:00,43.162,55.038,134.75,48.062,49.714,
12/04/2023 19:30,26.298,44.186,73.82,46.022,27.216,
12/04/2023 20:00,25.02,40.476,67.94,39.39,34.612,
12/04/2023 20:30,21.034,42.54,83.436,28.79,26.708,
12/04/2023 21:00,34.74,37.142,115.544,31.164,55.032,
12/04/2023 21:30,58.45,80.526,168.768,72.47,77.626,
12/04/2023 22:00,58.086,87.348,183.854,70.844,77.464,
12/04/2023 22:30,58.506,87.17,177.412,78.142,66.34,
12/04/2023 23:00,57.298,78.584,168.566,77.93,54.5,
12/04/2023 23:30,55.638,80.66,153.61,76.484,62.368,
13/04/2023 00:00,58.536,85.286,160.278,77.604,74.194,
13/04/2023 00:30,58.444,87.67,187.776,78.126,73.854,
13/04/2023 01:00,54.176,82.596,176.16,74.134,67.23,
13/04/2023 01:30,47.36,71.176,149.072,62.916,57.438,
13/04/2023 02:00,43,61.558,129.874,56.218,42.848,
13/04/2023 02:30,44.008,53.874,121.848,54.318,43.998,
13/04/2023 03:00,45.556,53.22,105.348,57.074,45.198,
13/04/2023 03:30,40.644,59.494,109.76,50.646,40.324,
13/04/2023 04:00,41.566,54.666,82.06,49.33,20.938,
13/04/2023 04:30,16.208,32.558,48.942,40.426,16.14,
13/04/2023 05:00,32.522,33.992,64.59,42.074,25.56,
13/04/2023 05:30,38.106,47.236,91.052,45.164,36.472,
13/04/2023 06:00,31.818,34.284,77.068,35.046,31.828,
13/04/2023 06:30,23.85,34.412,65.392,30.682,27.102,
13/04/2023 07:00,14.228,21.854,45.252,18.712,21.068,
13/04/2023 07:30,8.74,12.162,29.298,10.474,10.934,
13/04/2023 08:00,17.242,23.088,40.246,31.236,18.182,
13/04/2023 08:30,29.684,40.46,66.818,44.802,31.624,
13/04/2023 09:00,28.406,37.486,64.024,42.452,30.728,
13/04/2023 09:30,34.06,50.898,65.076,59.616,35.536,
13/04/2023 10:00,29.18,44.382,74.324,39.5,26.242,
13/04/2023 10:30,33.556,39.868,82.442,39.646,33.22,
13/04/2023 11:00,32.286,40.88,99.05,36.616,44.372,
13/04/2023 11:30,24.972,35.402,79.064,31.066,32.958,
13/04/2023 12:00,14.294,23.266,50.182,21.028,18.356,
13/04/2023 12:30,9.234,15.45,29.202,13.438,11.18,
13/04/2023 13:00,6.372,11.128,20.224,8.186,7.652,
13/04/2023 13:30,2.636,6.016,10.874,5.848,4.128,
13/04/2023 14:00,1.524,4.048,7.422,1.98,2.974,
13/04/2023 14:30,2.338,2.648,7.042,1.35,2.054,
13/04/2023 15:00,1.012,1.224,5.578,1.568,1.486,
13/04/2023 15:30,0.246,1.76,3.996,1.924,2.342,
13/04/2023 16:00,0.018,0.942,0.836,1.138,0.338,
13/04/2023 16:30,,,,,,
13/04/2023 17:00,,,,,,
13/04/2023 17:30,,,,,,
13/04/2023 18:00,0.56,0.37,1.8,,0.842,
13/04/2023 18:30,0.762,1.294,1.638,0.316,0.834,
13/04/2023 19:00,1.062,0.374,2.032,0.798,,
13/04/2023 19:30,1.04,1.512,3.754,1.18,,
13/04/2023 20:00,1.312,1.706,4.64,1.262,1.322,
13/04/2023 20:30,2.08,2.238,6.176,2.758,2.99,
13/04/2023 21:00,2.76,2.516,6.83,2.926,3.198,
13/04/2023 21:30,3.196,3.28,9.938,2.306,5.266,
13/04/2023 22:00,4.932,6.342,18.008,3.624,10.656,
13/04/2023 22:30,15.046,14.026,25.982,11.488,13.152,
13/04/2023 23:00,14.928,16.698,23.23,17.286,9.76,
13/04/2023 23:30,6.538,13.162,17.44,14.88,10.31,
14/04/2023 00:00,10.664,7.472,13.414,6.634,9.398,
14/04/2023 00:30,6.528,8.64,13.276,13.468,10.644,
14/04/2023 01:00,12.898,15.904,42.164,11.804,19.796,
14/04/2023 01:30,24.482,24.4,57.55,23.716,24.566,
14/04/2023 02:00,18.016,20.64,42.048,19.356,19.078,
14/04/2023 02:30,13.64,18.182,44.968,16.818,16.748,
14/04/2023 03:00,14.28,21.79,51.466,14.854,15.886,
14/04/2023 03:30,16.75,20.808,53.722,13.76,26.068,
14/04/2023 04:00,18.49,17.234,46.036,12.836,25.396,
14/04/2023 04:30,20.412,18.144,50.9,12.65,27.698,
14/04/2023 05:00,20.118,18.228,43.242,17.324,26.57,
14/04/2023 05:30,20.448,16.082,57.23,12.804,28.97,
14/04/2023 06:00,21.65,18.944,53.914,19.74,24.04,
14/04/2023 06:30,17.638,22.078,48.796,17.87,23.438,
14/04/2023 07:00,17.548,18.274,46.626,12.03,23.302,
14/04/2023 07:30,14.268,13.368,36.99,11.45,16.524,
14/04/2023 08:00,12.79,15.686,38.216,16.028,13.728,
14/04/2023 08:30,14.588,17.86,43.816,19.502,14.816,
14/04/2023 09:00,16.092,19.282,53.088,17.424,19.782,
14/04/2023 09:30,17.574,21.586,49.858,20.952,18.776,
14/04/2023 10:00,14.164,19.02,42.234,15.586,15.404,
14/04/2023 10:30,14.232,18.314,44.096,15.818,19.642,
14/04/2023 11:00,11.722,17.632,41.914,14.406,17.408,
14/04/2023 11:30,9.344,15.364,34.85,12.796,12.82,
14/04/2023 12:00,9.88,10.078,21.756,8.368,9.854,
14/04/2023 12:30,9.352,14.198,26.118,9.612,9.276,
14/04/2023 13:00,7.378,13.63,30.938,12.018,12.242,
14/04/2023 13:30,16.296,21.478,43.52,19.542,19.646,
14/04/2023 14:00,16.112,31.534,60.672,25.65,18.694,
14/04/2023 14:30,12.632,26.334,47.492,21.714,16.544,
14/04/2023 15:00,12.384,24.878,45.288,19.002,14.312,
14/04/2023 15:30,12.388,24.19,50.976,16.932,10.848,
14/04/2023 16:00,11.026,14.284,32.384,15.9,12.814,
14/04/2023 16:30,7.56,11.77,25.374,11.752,10.44,
14/04/2023 17:00,4.25,7.454,28.878,6.06,7.378,
14/04/2023 17:30,3.154,5.444,32.548,3.186,11.968,
14/04/2023 18:00,11.642,6.138,47.236,4.638,26.902,
14/04/2023 18:30,14.332,13.818,47.884,12.404,24.3,
14/04/2023 19:00,16.76,31.524,58.684,20.096,23.422,
14/04/2023 19:30,17.698,28.136,52.442,23.184,23.384,
14/04/2023 20:00,13.796,17.782,47.866,18.438,20.966,
14/04/2023 20:30,10.49,17.568,41.306,12.96,17.324,
14/04/2023 21:00,8.358,13.526,32.894,10.65,12.13,
14/04/2023 21:30,6.64,10.468,24.562,7.732,8.198,
14/04/2023 22:00,4.472,5.894,13.684,4.482,4.928,
14/04/2023 22:30,2.134,3.202,5.894,2.168,2.286,
14/04/2023 23:00,1.87,2.546,4.686,1.422,2.36,
14/04/2023 23:30,1.748,2.604,4.478,1.698,2.03,
15/04/2023 00:00,0.854,1.54,4.29,0.894,1.104,
15/04/2023 00:30,0.63,1.056,2.756,0.312,0.562,
15/04/2023 01:00,0.63,0.54,1.732,0.054,0.52,
15/04/2023 01:30,0.26,0.454,2.238,,0.92,
15/04/2023 02:00,1.042,0.65,0.662,0.822,0.54,
15/04/2023 02:30,,,,,,
15/04/2023 03:00,,,,,,
15/04/2023 03:30,,,,,,
15/04/2023 04:00,,,,,,
15/04/2023 04:30,,,,,,
15/04/2023 05:00,,,,,,
15/04/2023 05:30,,,,,,
15/04/2023 06:00,,,,,,
15/04/2023 06:30,,,,,,
15/04/2023 07:00,,,,,,
15/04/2023 07:30,,,,,,
15/04/2023 08:00,,,,,,
15/04/2023 08:30,,,,,,
15/04/2023 09:00,,,,,,
15/04/2023 09:30,,,,,,
15/04/2023 10:00,,,,,,
15/04/2023 10:30,,,,,,
15/04/2023 11:00,,,,,,
15/04/2023 11:30,0.044,,,,,
15/04/2023 12:00,0.944,,,0.09,0.238,
15/04/2023 12:30,0.842,0.93,,1.028,,
15/04/2023 13:00,0.518,0.83,1.878,0.868,,
15/04/2023 13:30,0.382,0.578,0.768,0.432,,
15/04/2023 14:00,0.774,0.96,0.104,0.602,0.344,
15/04/2023 14:30,1.154,1.444,0.366,1.528,0.334,
15/04/2023 15:00,1.394,1.804,2.82,1.4,0.578,
15/04/2023 15:30,2.21,3.35,6.258,2.25,0.94,
15/04/2023 16:00,1.198,2.548,3.998,2.178,0.422,
15/04/2023 16:30,1.408,2.24,5.216,1.398,1.916,
15/04/2023 17:00,2.842,3.744,12.584,3.152,4.05,
15/04/2023 17:30,5.774,7.146,24.176,6.334,8.506,
15/04/2023 18:00,9.55,14.538,43.416,13.446,15.428,
15/04/2023 18:30,12.846,22.048,60.388,20.498,18.386,
15/04/2023 19:00,15.324,28.13,76.296,26.694,23.922,
15/04/2023 19:30,18.914,35.21,95.85,33.226,33.886,
15/04/2023 20:00,24.662,38.44,116.8,34.008,41.368,
15/04/2023 20:30,32.22,49.286,146.912,41.76,51.992,
15/04/2023 21:00,37.594,59.048,155.646,56.722,61.106,
15/04/2023 21:30,37.448,60.9,158.186,53.354,64.312,
15/04/2023 22:00,40.662,59.538,156.836,56.066,66.37,
15/04/2023 22:30,35.232,56.314,151.456,49.478,59.638,
15/04/2023 23:00,34.262,54.542,151.626,49.072,58.368,
15/04/2023 23:30,34.472,59.804,158.91,46.786,60.23,
16/04/2023 00:00,38.47,65.784,165.15,59.52,59.726,
16/04/2023 00:30,37.654,62.672,162.29,58.28,61.152,
16/04/2023 01:00,35.478,58.23,156.52,51.918,61.786,
16/04/2023 01:30,35.824,57.354,155.154,52.444,60.786,
16/04/2023 02:00,35.996,49.722,144.312,50.744,58.424,
16/04/2023 02:30,36.9,48.342,144.282,51.2,57.816,
16/04/2023 03:00,31.678,45.048,123.05,47.704,49.684,
16/04/2023 03:30,29.548,38.566,97.916,36.182,43.494,
16/04/2023 04:00,28.884,32.688,85.552,28.462,35.74,
16/04/2023 04:30,18.412,26.97,80.58,28.172,28.9,
16/04/2023 05:00,16.996,24.25,77.256,23.648,33.27,
16/04/2023 05:30,18.924,25.318,86.116,22.594,30.22,
16/04/2023 06:00,19.744,32.134,88.492,28.474,28.318,
16/04/2023 06:30,18.598,29.042,88.704,25.47,27.366,
16/04/2023 07:00,18.59,27.876,95.342,23.686,34.804,
16/04/2023 07:30,20.392,29.59,89.96,25.014,35.714,
16/04/2023 08:00,20.146,30.46,78.84,26.606,34.02,
16/04/2023 08:30,20.792,28.866,72.68,28.578,33.696,
16/04/2023 09:00,19.566,30.1,73.452,25.456,36.486,
16/04/2023 09:30,22.178,35.116,77.23,26.4,37.684,
16/04/2023 10:00,20.494,33.478,82.442,25.572,37.678,
16/04/2023 10:30,24.12,42.2,83.228,32.432,37.27,
16/04/2023 11:00,24.59,44.622,83.202,30.638,33.198,
16/04/2023 11:30,25.786,43.936,89.34,28.35,32.68,
16/04/2023 12:00,28.87,44.58,98.156,30.336,33.818,
16/04/2023 12:30,25.586,40.466,84.03,26.046,28.144,
16/04/2023 13:00,21.468,37.804,69.924,25.128,21.892,
16/04/2023 13:30,14.256,27.902,59.22,16.62,16.718,
16/04/2023 14:00,14.592,21.766,52.708,13.456,16.134,
16/04/2023 14:30,16.252,19.726,54.622,14.228,20.46,
16/04/2023 15:00,16.892,17.496,56.446,13.436,23.138,
16/04/2023 15:30,17.474,17.604,56.282,13.926,23.602,
16/04/2023 16:00,22.898,24.514,62.812,19.08,29.754,
16/04/2023 16:30,28.02,32.154,82.338,25.616,37.222,
16/04/2023 17:00,30.54,36.808,99.278,25.138,43.79,
16/04/2023 17:30,26.214,34.114,96.638,20.318,40.658,
16/04/2023 18:00,26.986,34.532,102.834,22.334,40.638,
16/04/2023 18:30,31.922,39.19,106.252,28.032,44.27,
16/04/2023 19:00,35.446,41.182,118.418,27.65,50.972,
16/04/2023 19:30,38.328,39.61,119.714,26.304,44.354,
16/04/2023 20:00,31.374,34.998,102.918,24.29,37.76,
16/04/2023 20:30,28.472,33.676,88.682,27.664,35.086,
16/04/2023 21:00,24.19,22.374,81.888,19.672,32.198,
16/04/2023 21:30,28.508,21.14,71,21.63,32.336,
16/04/2023 22:00,25.636,21.684,68.324,21.422,32.072,
16/04/2023 22:30,25.514,21.038,67.584,21.176,30.986,
16/04/2023 23:00,21.17,17.644,59.092,16.74,28.702,
16/04/2023 23:30,18.416,16.42,48.69,15.414,22.348,
17/04/2023 00:00,15.82,12.754,43.814,11.66,20.59,
17/04/2023 00:30,16.14,12.112,38.596,11.534,20.72,
17/04/2023 01:00,16.056,12.062,35.024,10.42,19.81,
17/04/2023 01:30,13.53,12.404,31.28,11.224,18.054,
17/04/2023 02:00,11.638,10.314,26.816,9.094,12.122,
17/04/2023 02:30,12.092,11.518,28.762,10.098,15.09,
17/04/2023 03:00,12.018,11.518,32.19,10.788,16.122,
17/04/2023 03:30,16.128,13.518,42.76,13.496,24.392,
17/04/2023 04:00,20.684,18.606,60.18,15.414,34.584,
17/04/2023 04:30,25.298,20.688,73.608,21.964,37.616,
17/04/2023 05:00,23.056,23.736,71.87,22.09,33.436,
17/04/2023 05:30,18.92,24.074,69.02,19.056,31.912,
17/04/2023 06:00,18.524,24.312,66.222,15.818,31.126,
17/04/2023 06:30,24.98,24.61,69.542,23.128,39.154,
17/04/2023 07:00,32.116,35.43,84.55,30.08,44.056,
17/04/2023 07:30,32.132,46.848,115.106,36.868,45.334,
17/04/2023 08:00,36.976,54.658,135.814,44.158,54.124,
17/04/2023 08:30,38.028,57.982,155.044,48.242,55.168,
17/04/2023 09:00,34.228,59.566,148.284,44.572,52.358,
17/04/2023 09:30,33.858,52.716,132.392,39.51,52.132,
17/04/2023 10:00,33.978,47.158,126.826,42.83,48.87,
17/04/2023 10:30,30.41,43.434,117.418,36.416,40.878,
17/04/2023 11:00,26.304,38.616,105.86,32.15,38.388,
17/04/2023 11:30,26.992,35.27,93.372,30.468,39.098,
17/04/2023 12:00,33.896,39.374,92.004,35.954,38.532,
17/04/2023 12:30,29.05,43.108,94.732,36.822,34.872,
17/04/2023 13:00,21.686,34.442,85.038,25.548,28.862,
17/04/2023 13:30,18.252,25.48,74.634,18.888,23.116,
17/04/2023 14:00,18.278,22.51,68.672,15.718,21.332,
17/04/2023 14:30,19.164,29.498,70.14,17.876,22.492,
17/04/2023 15:00,21.398,35.896,76.5,23.218,26.67,
17/04/2023 15:30,23.058,31.792,82.946,27.76,32.052,
17/04/2023 16:00,25.016,31.456,78.066,26.634,34.508,
17/04/2023 16:30,21.164,27.534,78.314,23.522,31.308,
17/04/2023 17:00,16.854,23.296,79.456,19.12,27.718,
17/04/2023 17:30,14.682,17.586,71.666,17.024,25.898,
17/04/2023 18:00,14.314,16.008,63.668,15.824,25.24,
17/04/2023 18:30,12.118,13.28,58.136,12.212,20.828,
17/04/2023 19:00,9.588,15.076,52.724,11.126,16.738,
17/04/2023 19:30,9.012,14.87,41.596,11.436,13.856,
17/04/2023 20:00,9.042,14.734,37.574,11.334,12.218,
17/04/2023 20:30,8.078,11.32,31.252,9.93,11.212,
17/04/2023 21:00,9.466,11.24,26.334,11.422,12.244,
17/04/2023 21:30,9.28,9.404,23.924,10.18,12.182,
17/04/2023 22:00,10.168,6.902,22.55,7.45,15.076,
17/04/2023 22:30,6.234,6.282,22.306,5.966,11.258,
17/04/2023 23:00,5.578,6.284,20.402,6.288,9.394,
17/04/2023 23:30,5.37,6.828,20.802,6.386,7.476,
18/04/2023 00:00,16.874,,,,,23.364
18/04/2023 00:30,14.814,,,,,18.696
18/04/2023 01:00,14.442,,,,,14.728
18/04/2023 01:30,12.358,,,,,12.57
18/04/2023 02:00,9.118,,,,,11.024
18/04/2023 02:30,5.938,,,,,6.614
18/04/2023 03:00,3.014,,,,,3.24
18/04/2023 03:30,1.678,,,,,1.614
18/04/2023 04:00,0.156,,,,,0.688
18/04/2023 04:30,,,,,,
18/04/2023 05:00,0.024,,,,,
18/04/2023 05:30,,,,,,
18/04/2023 06:00,,,,,,
18/04/2023 06:30,,,,,,
18/04/2023 07:00,,,,,,
18/04/2023 07:30,,,,,,
18/04/2023 08:00,0.81,,,,,
18/04/2023 08:30,1.198,,,,,
18/04/2023 09:00,2.892,,,,,0.402
18/04/2023 09:30,4.09,,,,,2.176
18/04/2023 10:00,4.074,,,,,4.272
18/04/2023 10:30,6.306,,,,,8.644
18/04/2023 11:00,8.688,,,,,14.968
18/04/2023 11:30,13.028,,,,,21.942
18/04/2023 12:00,16.788,,,,,20.01
18/04/2023 12:30,19.626,,,,,19.108
18/04/2023 13:00,18.362,,,,,20.514
18/04/2023 13:30,15.088,,,,,20.92
18/04/2023 14:00,20.884,,,,,24.298
18/04/2023 14:30,20.416,,,,,24.222
18/04/2023 15:00,19.498,,,,,25.356
18/04/2023 15:30,28.942,,,,,30.826
18/04/2023 16:00,29.754,,,,,33.824
18/04/2023 16:30,43.13,,,,,45.04
18/04/2023 17:00,41.678,,,,,53.126
18/04/2023 17:30,32.682,,,,,47.422
18/04/2023 18:00,27.77,,,,,40.014
18/04/2023 18:30,28.246,,,,,38.414
18/04/2023 19:00,31.426,,,,,39.84
18/04/2023 19:30,39.408,,,,,43.448
18/04/2023 20:00,45.42,,,,,49.828
18/04/2023 20:30,52.346,,,,,58.096
18/04/2023 21:00,51.288,,,,,60.834
18/04/2023 21:30,57.778,,,,,64.01
18/04/2023 22:00,62.642,,,,,69.03
18/04/2023 22:30,56.522,,,,,69.06
18/04/2023 23:00,55.1,,,,,69.06
18/04/2023 23:30,52.338,,,,,65.762
19/04/2023 00:00,36.878,,,,,49.37
19/04/2023 00:30,26.202,,,,,34.372
19/04/2023 01:00,33.988,,,,,33.53
19/04/2023 01:30,43.036,,,,,44.944
19/04/2023 02:00,58.144,,,,,51.076
19/04/2023 02:30,51.14,,,,,53.668
19/04/2023 03:00,72.136,,,,,69.868
19/04/2023 03:30,59.576,,,,,69.326
19/04/2023 04:00,62.756,,,,,64.492
19/04/2023 04:30,66.44,,,,,70.448
19/04/2023 05:00,70.188,,,,,74.03
19/04/2023 05:30,80.674,,,,,85.512
19/04/2023 06:00,96.238,,,,,96.804
19/04/2023 06:30,104.562,,,,,113.752
19/04/2023 07:00,110.92,,,,,120.424
19/04/2023 07:30,120.11,,,,,130.032
19/04/2023 08:00,122.412,,,,,136.748
19/04/2023 08:30,121.248,,,,,135.542
19/04/2023 09:00,125.798,,,,,139.248
19/04/2023 09:30,127.378,,,,,146.212
19/04/2023 10:00,121.118,,,,,143.516
19/04/2023 10:30,117.258,,,,,142.448
19/04/2023 11:00,105.478,,,,,130.218
19/04/2023 11:30,98.546,,,,,123.296
19/04/2023 12:00,90.372,,,,,116.484
19/04/2023 12:30,78.714,,,,,97.038
19/04/2023 13:00,63.288,,,,,78.434
19/04/2023 13:30,48.574,,,,,57.71
19/04/2023 14:00,34.954,,,,,43.814
19/04/2023 14:30,25.806,,,,,30.766
19/04/2023 15:00,23.498,,,,,25.072
19/04/2023 15:30,32.09,,,,,31.004
19/04/2023 16:00,39.884,,,,,40.074
19/04/2023 16:30,43.886,,,,,44.744
19/04/2023 17:00,46.958,,,,,53.096
19/04/2023 17:30,49.22,,,,,55.748
19/04/2023 18:00,52.656,,,,,57.33
19/04/2023 18:30,58.504,,,,,59.76
19/04/2023 19:00,56.318,,,,,61.354
19/04/2023 19:30,47.62,,,,,54.896
19/04/2023 20:00,51.336,,,,,61.478
19/04/2023 20:30,47.426,,,,,65.482
19/04/2023 21:00,47.876,,,,,62.652
19/04/2023 21:30,52.748,,,,,64.75
19/04/2023 22:00,46.334,,,,,57.218
19/04/2023 22:30,44.508,,,,,51.864
19/04/2023 23:00,51.946,,,,,52.574
19/04/2023 23:30,65.624,,,,,65.86
20/04/2023 00:00,63.706,,,,,69.23
20/04/2023 00:30,72.582,,,,,72.776
20/04/2023 01:00,63.316,,,,,63.718
20/04/2023 01:30,43.2,,,,,49.936
20/04/2023 02:00,32.996,,,,,36.042
20/04/2023 02:30,33.172,,,,,35.988
20/04/2023 03:00,38.02,,,,,39.574
20/04/2023 03:30,40.838,,,,,40.51
20/04/2023 04:00,40.498,,,,,35.596
20/04/2023 04:30,25.852,,,,,26.46
20/04/2023 05:00,15.776,,,,,24.38
20/04/2023 05:30,21.37,,,,,35.834
20/04/2023 06:00,32.926,,,,,56.452
20/04/2023 06:30,42.204,,,,,72.228
20/04/2023 07:00,42.94,,,,,63.71
20/04/2023 07:30,35.214,,,,,49.186
20/04/2023 08:00,21.7,,,,,31.896
20/04/2023 08:30,11.112,,,,,31.648
20/04/2023 09:00,12.138,,,,,26.514
20/04/2023 09:30,16.782,,,,,24.322
20/04/2023 10:00,19.676,,,,,28.718
20/04/2023 10:30,16.546,,,,,27.552
20/04/2023 11:00,17.698,,,,,27.318
20/04/2023 11:30,19.31,,,,,29.446
20/04/2023 12:00,16.218,,,,,23.94
20/04/2023 12:30,17.752,,,,,23.76
20/04/2023 13:00,18.674,,,,,25.336
20/04/2023 13:30,14.78,,,,,21.782
20/04/2023 14:00,19.924,,,,,24.736
20/04/2023 14:30,23.648,,,,,29.81
20/04/2023 15:00,26.704,,,,,34.486
20/04/2023 15:30,23.972,,,,,30.71
20/04/2023 16:00,22.948,,,,,31.014
20/04/2023 16:30,24.628,,,,,31.74
20/04/2023 17:00,25.512,,,,,32.936
20/04/2023 17:30,33.944,,,,,41.804
20/04/2023 18:00,44.814,,,,,55.65
20/04/2023 18:30,51.646,,,,,63.134
20/04/2023 19:00,58.652,,,,,75.564
20/04/2023 19:30,61.886,,,,,76.528
20/04/2023 20:00,62.652,,,,,82.014
20/04/2023 20:30,64.054,,,,,83.32
20/04/2023 21:00,65.42,,,,,81.038
20/04/2023 21:30,66.768,,,,,80.544
20/04/2023 22:00,76.892,,,,,90.422
20/04/2023 22:30,87.532,,,,,96.338
20/04/2023 23:00,77.312,,,,,92.95
20/04/2023 23:30,71.01,,,,,90.446
21/04/2023 00:00,20.108,,28.552,24.234,24.68,52.282
21/04/2023 00:30,22.266,,33.028,24.062,27.144,47.262
21/04/2023 01:00,27.418,,37.27,31.972,30.894,54.69
21/04/2023 01:30,27.516,,37.242,33.95,30.972,58.312
21/04/2023 02:00,25.788,,36.842,30.968,32.256,54.312
21/04/2023 02:30,29.13,,41.124,35.464,34.574,64.506
21/04/2023 03:00,31.314,,42.188,39.48,37.014,67.076
21/04/2023 03:30,32.01,,46.36,37.222,40.69,77.492
21/04/2023 04:00,39.59,,52.884,42.556,46.644,88.812
21/04/2023 04:30,43.94,,53.866,44.844,46.358,89.256
21/04/2023 05:00,43.734,,57.176,41.944,48.522,87.676
21/04/2023 05:30,41.534,0.292,57.036,37.692,46.13,80.214
21/04/2023 06:00,44.196,,59.876,39.844,47.108,85.088
21/04/2023 06:30,40.042,,60.312,39.954,49.43,95.508
21/04/2023 07:00,41.682,,59.636,41.04,50.086,106.432
21/04/2023 07:30,42.618,,60.03,40.262,50.988,113.648
21/04/2023 08:00,40.626,,57.31,38.822,48.902,113.202
21/04/2023 08:30,41.92,,56.176,41.582,48.344,115.98
21/04/2023 09:00,43.188,,61.75,43.51,48.102,110.148
21/04/2023 09:30,40.976,,59.166,45.85,48.39,107.386
21/04/2023 10:00,49.684,,61.202,51.538,54.276,117.19
21/04/2023 10:30,51.886,2.22,57.672,59.032,59.182,117.612
21/04/2023 11:00,55.73,,55.568,66.89,62.15,116.71
21/04/2023 11:30,59.84,,57.614,71.336,66.068,122.162
21/04/2023 12:00,57.39,,69.028,63.28,68.044,113.222
21/04/2023 12:30,54.204,,74.604,56.806,67.268,107.536
21/04/2023 13:00,52.65,,75.034,53.842,66.764,109.788
21/04/2023 13:30,51.496,,71.078,47.158,68.71,123.71
21/04/2023 14:00,61.612,,71.62,57.342,66.574,144.288
21/04/2023 14:30,58.266,,65.472,55.094,61.768,140.834
21/04/2023 15:00,51.434,,65.824,51.864,62.786,133.21
21/04/2023 15:30,51.666,4.342,71.548,52.248,66.938,146.702
21/04/2023 16:00,58.152,0.202,72.706,63.442,70.32,163.672
21/04/2023 16:30,58.602,0.33,75.782,71.202,74.678,162.386
21/04/2023 17:00,58.308,0.046,77.176,66.346,75.534,162.996
21/04/2023 17:30,57.122,1.35,77.524,65.842,74.328,153.7
21/04/2023 18:00,59.578,0.238,77.332,60.728,75.47,155.844
21/04/2023 18:30,60.244,,72.892,53.712,70.906,137.344
21/04/2023 19:00,51.81,,66.036,47.34,57.456,118.602
21/04/2023 19:30,51.3,,61.104,49.568,52.28,123.014
21/04/2023 20:00,52.338,,61.488,49.274,58.868,120.834
21/04/2023 20:30,52.21,3.732,57.724,48.5,53.236,118.392
21/04/2023 21:00,48.858,3.98,52.63,47.356,47.188,99.642
21/04/2023 21:30,49.024,5.738,56.774,41.806,49.474,87.404
21/04/2023 22:00,48.206,5.28,55.864,40.332,47.364,89.066
21/04/2023 22:30,46.308,5.07,52.522,41.078,46.152,99.878
21/04/2023 23:00,38.766,5.332,46.53,37.662,40.306,103.186
21/04/2023 23:30,31.136,3.584,45.848,32.14,34.918,102.042
22/04/2023 00:00,31.016,3.246,44.52,33.568,34.83,114.374
22/04/2023 00:30,37.328,3.852,50.078,38.26,43.086,130.382
22/04/2023 01:00,37.14,3.018,47.626,37.174,40.968,126.476
22/04/2023 01:30,41.53,6.038,50.472,38.502,48.478,127.406
22/04/2023 02:00,50.648,10.492,54.644,48.848,54.28,156.236
22/04/2023 02:30,50.492,11.504,58.666,49.734,55.902,163.098
22/04/2023 03:00,46.578,11.764,54.262,55.182,55.302,172.344
22/04/2023 03:30,44.772,12.454,54.918,57.426,58.23,179.694
22/04/2023 04:00,51.382,14.264,59.062,61.322,65.792,185.122
22/04/2023 04:30,52.194,15.14,64.556,63.096,69.464,189.46
22/04/2023 05:00,54.654,15.95,72.4,64.106,73.582,185.856
22/04/2023 05:30,58.162,15.73,77.372,68.016,78.082,191.848
22/04/2023 06:00,58.682,16.568,76.79,68.404,76.608,192.788
22/04/2023 06:30,65.512,16.56,76.776,68.436,77.626,194.638
22/04/2023 07:00,68.504,16.568,76.64,68.382,77.632,194.108
22/04/2023 07:30,68.482,22.824,77.66,68.446,77.488,186.386
22/04/2023 08:00,68.524,24.546,77.668,68.392,77.618,186.392
22/04/2023 08:30,68.484,24.926,76.746,68.452,77.616,186.438
22/04/2023 09:00,68.534,22.484,77.702,68.41,78.544,193.656
22/04/2023 09:30,68.508,16.528,77.676,68.434,78.494,194.7
22/04/2023 10:00,68.472,18.204,76.758,68.4,77.608,194.688
22/04/2023 10:30,68.114,21.48,77.672,68.404,77.548,194.672
22/04/2023 11:00,63.514,16.522,76.79,68.424,78.528,194.684
22/04/2023 11:30,58.722,16.536,77.652,68.432,77.582,194.686
22/04/2023 12:00,57.916,16.51,77.026,68.412,77.14,194.686
22/04/2023 12:30,57.97,15.506,71.756,67.218,74.912,194.422
22/04/2023 13:00,55.362,14.402,61.626,61.7,69.656,192.93
22/04/2023 13:30,47.372,10.548,45.486,57.116,59.41,179.54
22/04/2023 14:00,36.768,10.456,31.648,45.67,44.92,155.644
22/04/2023 14:30,27.09,11.398,28.36,35.796,37.404,139.87
22/04/2023 15:00,26.454,6.776,28.198,33.824,31.924,120.37
22/04/2023 15:30,34.802,13.06,33.384,36.976,37.584,131.154
22/04/2023 16:00,27.568,9.49,34.392,31.412,34.232,113.398
22/04/2023 16:30,21.208,7.976,33.182,27.906,30.42,101.346
22/04/2023 17:00,19.514,7.352,25.768,24.904,21.828,82.148
22/04/2023 17:30,20.526,8.978,23.256,19.37,25.066,75.498
22/04/2023 18:00,14.91,8.918,23.238,13.912,22.508,69.254
22/04/2023 18:30,12.986,8.67,17.84,17.626,17.876,103.554
22/04/2023 19:00,21.946,9.112,20.872,34.894,26.872,144.072
22/04/2023 19:30,30.922,13.682,30.024,50.29,36.68,176.256
22/04/2023 20:00,41.096,15.778,28.556,62.378,48.832,186.212
22/04/2023 20:30,52.142,19.462,51.708,62.938,66.674,174.174
22/04/2023 21:00,55.19,26.33,65.296,58.294,69.548,183.422
22/04/2023 21:30,57.99,28.038,73.082,55.412,74.234,183.812
22/04/2023 22:00,57.822,29.442,72.106,47.412,72.048,181.194
22/04/2023 22:30,64.63,25.99,68.544,49.954,71.712,181.254
22/04/2023 23:00,64.188,24.292,62.238,55.214,66.426,178.566
22/04/2023 23:30,59.09,22.932,69.974,52.91,67.684,157.766
23/04/2023 00:00,53.344,19.354,60.098,58.152,57.674,155.936
23/04/2023 00:30,53.892,23.894,63.788,55.668,56.562,158.452
23/04/2023 01:00,57.022,17.978,57.642,57.592,50.02,186.532
23/04/2023 01:30,41.09,18.418,50.098,46.284,48.306,117.69
23/04/2023 02:00,29.954,13.374,43.362,37.488,34.89,96.652
23/04/2023 02:30,26.006,7.686,31.052,35.114,27.592,92.216
23/04/2023 03:00,23.674,7.82,26.004,27.38,23.882,71.344
23/04/2023 03:30,18.552,8.108,24.522,18.536,25.086,53.33
23/04/2023 04:00,18.498,5.96,17.936,18.704,16.874,48.93
23/04/2023 04:30,18.71,7.358,16.894,19.484,17.26,48.876
23/04/2023 05:00,14.94,9.048,18.056,13.076,14.692,54.166
23/04/2023 05:30,17.608,12.884,22.118,21.428,18.782,56.29
23/04/2023 06:00,15.002,11.338,22.732,22.792,17.154,53.092
23/04/2023 06:30,14.742,10.298,23.746,26.194,18.212,54.168
23/04/2023 07:00,16.348,7.844,19.704,24.604,13.414,54.754
23/04/2023 07:30,17.792,9.49,16.774,32.866,12.736,62.542
23/04/2023 08:00,23.49,6.22,13.08,35.344,14.83,81.274
23/04/2023 08:30,25.31,6.216,15.362,40.028,19.512,123.15
23/04/2023 09:00,29.004,12.692,26.73,41.544,29.08,134.382
23/04/2023 09:30,29.932,13.81,27.212,35.654,29.912,118.506
23/04/2023 10:00,36.346,14.068,29.064,45.808,34.894,112.594
23/04/2023 10:30,47.208,20.668,47.638,60.66,42.902,160.296
23/04/2023 11:00,53.49,28.688,58.468,62.56,56.858,172.32
23/04/2023 11:30,59.782,28.246,56.59,74.16,63.72,198.686
23/04/2023 12:00,1.032,,58.742,74.51,73.73,204.632
23/04/2023 12:30,31.626,23.514,71.726,73.71,76.558,199.342
23/04/2023 13:00,60.566,37.162,75.562,73.58,76.368,190.362
23/04/2023 13:30,58.932,33.636,69.532,71.804,75.29,193.614
23/04/2023 14:00,57.562,31.67,67.882,67.728,76.394,192.75
23/04/2023 14:30,60.524,30.868,66.672,68.44,76.926,201.854
23/04/2023 15:00,61.578,37.732,75.904,70.934,76.61,197.428
23/04/2023 15:30,61.634,36.958,74.924,74.322,77.532,201.734
23/04/2023 16:00,61.508,37.182,74.42,74.306,76.49,196.19
23/04/2023 16:30,61.406,37.158,76.14,72.746,75.622,194.494
23/04/2023 17:00,61.652,36.808,75.562,74.312,76.59,193.818
23/04/2023 17:30,61.676,38.68,76.072,74.296,78.432,195.866
23/04/2023 18:00,61.706,39.09,74.328,74.31,76.722,195.902
23/04/2023 18:30,61.678,39.084,77.59,74.32,78.494,195.858
23/04/2023 19:00,61.728,39.018,77.586,74.268,78.436,197.936
23/04/2023 19:30,61.68,39.042,77.588,74.302,76.73,200.79
23/04/2023 20:00,61.704,39.026,77.642,74.308,78.36,200.764
23/04/2023 20:30,61.686,39.012,77.606,74.326,78.498,200.762
23/04/2023 21:00,61.72,39.03,77.624,72.198,78.498,200.768
23/04/2023 21:30,61.684,39.028,77.578,72.466,78.492,200.756
23/04/2023 22:00,61.69,39.028,77.646,74.294,78.502,200.796
23/04/2023 22:30,61.728,39.032,77.594,74.318,78.488,200.77
23/04/2023 23:00,61.708,39.088,77.628,74.298,78.504,200.736
23/04/2023 23:30,61.71,39.074,77.652,74.334,78.484,200.798
24/04/2023 00:00,61.694,39.038,77.634,74.312,78.506,200.772
24/04/2023 00:30,61.714,39.058,77.616,74.268,78.512,200.806
24/04/2023 01:00,61.696,39.09,77.618,74.324,78.508,200.748
24/04/2023 01:30,61.732,39.068,77.66,74.338,78.472,200.768
24/04/2023 02:00,61.67,39.076,77.582,74.306,78.498,200.794
24/04/2023 02:30,61.734,39.066,77.616,74.292,78.494,200.75
24/04/2023 03:00,61.682,39.096,77.616,74.32,78.532,200.746
24/04/2023 03:30,61.708,39.062,77.608,74.296,78.484,200.79
24/04/2023 04:00,61.246,38.98,77.664,74.094,78.208,200.572
24/04/2023 04:30,61.7,38.77,77.308,74.282,76.502,200.756
24/04/2023 05:00,61.688,39.066,76.686,74.054,78.416,200.806
24/04/2023 05:30,61.558,39.082,77.616,72.906,75.62,199.358
24/04/2023 06:00,61.668,39.04,75.232,74.284,78.31,200.76
24/04/2023 06:30,61.714,38.958,77.582,74.268,76.586,200.582
24/04/2023 07:00,61.654,38.888,77.408,74.3,77.098,199.582
24/04/2023 07:30,61.63,38.886,76.47,74.26,77.51,197.746
24/04/2023 08:00,61.702,39.012,77.634,74.298,78.436,196.396
24/04/2023 08:30,61.114,38.448,77.32,73.974,74.19,192.606
24/04/2023 09:00,61.696,39.086,77.624,74.274,78.28,195.15
24/04/2023 09:30,61.686,39.068,77.582,74.266,76.944,195.234
24/04/2023 10:00,61.684,39.086,77.608,74.32,77.912,198.644
24/04/2023 10:30,61.698,39.074,77.594,74.04,78.51,199.794
24/04/2023 11:00,61.196,38.452,77.414,74.166,76.508,200.55
24/04/2023 11:30,61.694,39.086,77.558,74.278,78.506,200.678
24/04/2023 12:00,61.684,39.08,77.55,71.57,78.466,200.746
24/04/2023 12:30,61.692,39.062,77.57,74.296,78.296,200.642
24/04/2023 13:00,61.63,38.944,77.292,74.274,76.572,200.044
24/04/2023 13:30,61.084,38.474,76.256,73.88,77.41,194.048
24/04/2023 14:00,60.168,37.058,74.256,73.336,76.334,195.092
24/04/2023 14:30,60.598,38.112,75.144,73.544,76.48,192.906
24/04/2023 15:00,61.222,37.096,76.21,73.98,73.972,185.26
24/04/2023 15:30,62.014,38.396,77.256,74.284,78.228,197.116
24/04/2023 16:00,57.268,33.162,74.702,69.99,69.376,183.526
24/04/2023 16:30,57.19,32.168,70.942,70.718,65.42,162.938
24/04/2023 17:00,59.08,32.278,74.026,70.256,75.514,191.034
24/04/2023 17:30,56.238,36.528,75.584,66.976,74.246,190.836
24/04/2023 18:00,45.464,26.132,63.292,63.704,54.62,159.37
24/04/2023 18:30,60.936,37.544,72.566,73.676,76.378,190.284
24/04/2023 19:00,60.952,38.044,76.124,69.08,76.102,188.982
24/04/2023 19:30,47.958,29.866,63.926,69.566,61.562,184.986
24/04/2023 20:00,60.282,34.414,72.366,70.232,73.202,189.268
24/04/2023 20:30,58.202,34.91,76.924,70.928,72.738,195.906
24/04/2023 21:00,59.94,38.81,77.538,76.286,75.89,180.338
24/04/2023 21:30,55.926,28.81,72.206,69.484,64.246,160.618
24/04/2023 22:00,56.878,34.302,71.432,69.35,71.946,187.682
24/04/2023 22:30,57.652,35.704,74.066,73.222,75.15,171.134
24/04/2023 23:00,57.92,31.956,68.864,76.618,69.276,132.472
24/04/2023 23:30,51.596,30.088,74.146,58.366,60.504,117.286
25/04/2023 00:00,45.164,24.388,58.732,52.756,55.954,141.644
25/04/2023 00:30,53.61,31.192,62.088,71.48,67.7,187.78
25/04/2023 01:00,60.466,36.14,70.45,69.516,76.806,189.814
25/04/2023 01:30,60.648,37.776,74.14,70.308,76.388,184.94
25/04/2023 02:00,58.938,34.832,73.132,70.856,72.746,191.688
25/04/2023 02:30,59.636,33.244,65.874,66.428,72.756,189.438
25/04/2023 03:00,56.26,35.624,72.758,68.616,73.886,182.304
25/04/2023 03:30,59.61,36.506,73.678,71.286,72.44,188.336
25/04/2023 04:00,60.68,34.936,74.964,72.926,70.328,187.062
25/04/2023 04:30,60.782,37.908,75.372,74.192,75,199.386
25/04/2023 05:00,62.046,38.768,76.868,74.258,78.184,197.378
25/04/2023 05:30,60.87,38.858,77.48,73.666,77.114,187.75
25/04/2023 06:00,57.618,36.738,74.808,73.394,75.514,188.774
25/04/2023 06:30,55.206,34.968,71.374,70.616,65.274,175.584
25/04/2023 07:00,59.68,32.502,71.122,71.202,68.552,196.334
25/04/2023 07:30,55.174,32.476,58.512,65.088,64.926,177.584
25/04/2023 08:00,52.828,24.87,53.956,62.474,48.054,157.456
25/04/2023 08:30,47.924,26.674,51.11,53.886,47.658,153.174
25/04/2023 09:00,45.454,26.556,54.1,52.416,50.156,131.902
25/04/2023 09:30,43.378,25.002,55.792,52.314,50.388,103.506
25/04/2023 10:00,30.698,17.626,42.992,35.224,39.914,84.03
25/04/2023 10:30,24.198,23.124,32.04,30.262,38.658,77.116
25/04/2023 11:00,27.672,19.152,28.674,37.156,38.044,78.266
25/04/2023 11:30,28.216,19,31.816,44.298,32.05,87.928
25/04/2023 12:00,32.146,20.694,39.302,32.086,38.674,80.756
25/04/2023 12:30,19.266,12.744,23.514,26.296,19.394,72.132
25/04/2023 13:00,24.512,14.384,21.176,44.76,25.332,114.718
25/04/2023 13:30,41.13,24.02,42.406,42.926,49.23,156.094
25/04/2023 14:00,17.86,14.96,26.85,19.868,30.698,58.416
25/04/2023 14:30,8.338,7.22,15.292,9.386,13.158,31.56
25/04/2023 15:00,21.42,4.154,8.842,37.38,11.156,66.456
25/04/2023 15:30,20.078,17.382,40.152,15.682,33.564,44.926
25/04/2023 16:00,7.814,3.96,8.982,12.976,8.664,24.27
25/04/2023 16:30,8.138,1.778,6.328,11.198,3.916,16.052
25/04/2023 17:00,9.848,2.764,9.23,16.756,7.052,25.32
25/04/2023 17:30,12.146,4.072,12.658,20.84,8.822,21.444
25/04/2023 18:00,10.24,5.392,14.884,15.238,12.09,22.042
25/04/2023 18:30,10.36,2.4,7.81,9.166,5.352,17.146
25/04/2023 19:00,3.762,2.384,7.146,7.318,4.448,2.42
25/04/2023 19:30,5.734,0.986,6.78,4.69,3.594,8.934
25/04/2023 20:00,0.792,1.344,2.618,1.946,2.266,1.754
25/04/2023 20:30,0.05,,0.574,7.058,,0.34
25/04/2023 21:00,4.124,,0.502,7.55,,4.628
25/04/2023 21:30,6.084,,3.948,6.474,0.174,7.112
25/04/2023 22:00,4.256,0.524,5.33,4.674,2.594,4.466
25/04/2023 22:30,5.48,0.566,4.712,6.558,3.286,10.32
25/04/2023 23:00,8.224,2.21,6.942,10.024,6.55,22.232
25/04/2023 23:30,6.64,3.472,8.192,6.46,7.606,15.082
26/04/2023 00:00,4.75,2.77,5.234,3.65,5.944,13.562
26/04/2023 00:30,3.984,2.39,4.818,2.982,5.69,11.574
26/04/2023 01:00,3.284,1.394,4.168,3.37,4.526,10.53
26/04/2023 01:30,1.978,1.458,3.464,2.988,3.556,6.34
26/04/2023 02:00,3.158,2.158,4.086,3.73,5.176,9.392
26/04/2023 02:30,3.196,2.14,4.616,2.114,4.846,6.57
26/04/2023 03:00,1.118,1.17,2.202,1.476,2.496,2.738
26/04/2023 03:30,2.298,0.832,2.004,2.854,1.84,5.57
26/04/2023 04:00,2.336,0.826,2.186,3.006,3.446,9.054
26/04/2023 04:30,2.352,1.392,2.506,2.688,3.622,5.372
26/04/2023 05:00,3.426,1.724,2.7,5.006,3.038,7.278
26/04/2023 05:30,4.892,1.734,5.178,6.792,5.024,14.3
26/04/2023 06:00,4.85,1.992,5.66,8.066,5.356,12.672
26/04/2023 06:30,4.008,1.438,4.21,6.714,3.12,9.416
26/04/2023 07:00,3.036,1.098,3.2,4.864,2.82,7.55
26/04/2023 07:30,3.384,0.45,2.314,4.232,2.114,8.798
26/04/2023 08:00,2.89,0.802,2.2,2.05,2.654,7.296
26/04/2023 08:30,2.034,0.74,1.11,0.36,2.07,6.72
26/04/2023 09:00,0.708,0.362,0.43,0.01,1.374,4.088
26/04/2023 09:30,0.492,0.796,1.358,0.432,1.79,2.736
26/04/2023 10:00,1.252,0.712,1.504,,1.804,3.126
26/04/2023 10:30,0.546,0.284,0.882,,0.634,1.07
26/04/2023 11:00,1.216,0.644,1.578,0.908,1.166,1.778
26/04/2023 11:30,1.288,0.446,1.306,3.072,0.612,2.524
26/04/2023 12:00,2.07,0.29,0.494,1.198,0.308,2.644
26/04/2023 12:30,0.862,0.68,1.166,0.108,0.99,0.256
26/04/2023 13:00,0.078,0.318,1.054,,0.328,
26/04/2023 13:30,,,0.106,,,
26/04/2023 14:00,,,,,,
26/04/2023 14:30,,,,,,
26/04/2023 15:00,,,,,,
26/04/2023 15:30,,,,,,
26/04/2023 16:00,,,,,,
26/04/2023 16:30,,,,,,
26/04/2023 17:00,,,,,,
26/04/2023 17:30,,,,,,
26/04/2023 18:00,,,,,,
26/04/2023 18:30,,,,,,
26/04/2023 19:00,,,,,,
26/04/2023 19:30,,,,,,
26/04/2023 20:00,,,,,,0.276
26/04/2023 20:30,,0.564,,,0.122,1.692
26/04/2023 21:00,0.402,0.592,,,0.076,2.868
26/04/2023 21:30,0.302,0.738,0.006,0.034,,2.178
26/04/2023 22:00,0.066,0.746,,,,1.62
26/04/2023 22:30,0.552,0.34,,,0.282,2.434
26/04/2023 23:00,,0.296,,,,1.094
26/04/2023 23:30,,0.47,,,,0.726
27/04/2023 00:00,,0.714,0.056,,0.196,0.136
27/04/2023 00:30,,0.594,0.29,,,1.04
27/04/2023 01:00,0.238,0.628,0.298,0.118,,2.584
27/04/2023 01:30,0.738,1.162,1.052,0.066,0.652,2.81
27/04/2023 02:00,0.622,1.378,1.566,,0.74,1.626
27/04/2023 02:30,0.72,1.222,1.576,0.52,0.918,4.58
27/04/2023 03:00,1.582,2.09,2.384,1.766,1.654,9.292
27/04/2023 03:30,3.302,3.384,3.8,3.72,3.934,17.242
27/04/2023 04:00,4.862,5.636,6.3,6.776,7.18,23.894
27/04/2023 04:30,7.986,7.542,8.32,9.184,10.426,28.006
27/04/2023 05:00,9.012,9.196,11.78,10.886,13.326,35.214
27/04/2023 05:30,11.28,10.88,13.616,15.344,16.47,43.628
27/04/2023 06:00,12.792,11.696,17.324,16.578,17.468,48.022
27/04/2023 06:30,14.352,13.058,20.218,19.84,19.972,54.892
27/04/2023 07:00,14.806,15.154,23.608,23.634,23.264,64.718
27/04/2023 07:30,18.41,18.622,27.696,30.492,29.132,79.492
27/04/2023 08:00,23.104,22.69,35.052,33.424,34.634,88.758
27/04/2023 08:30,25.432,27.118,36.442,33.35,38.834,100.888
27/04/2023 09:00,25.76,29.402,38.5,38.182,43.508,105.644
27/04/2023 09:30,28.614,30.428,40.794,39.7,44.438,104.608
27/04/2023 10:00,29.304,33.772,41.1,41.032,49.226,115.74
27/04/2023 10:30,22.922,44.712,50.304,48.392,57.554,140.276
27/04/2023 11:00,26.28,47.798,56.06,53.938,59.116,144.304
27/04/2023 11:30,39.688,50.944,56.166,54.728,61.468,143.584
27/04/2023 12:00,46.024,51.442,59.112,60.108,64.102,155.094
27/04/2023 12:30,41.438,52.178,59.366,59.346,65.752,157.364
27/04/2023 13:00,41.808,52.248,55.722,55.994,64.64,149.938
27/04/2023 13:30,42.366,59.462,64.892,57.818,65.026,136.262
27/04/2023 14:00,45.024,58.096,62.96,61.154,63.598,150.796
27/04/2023 14:30,41.084,52.552,61.136,58.656,56.866,155.186
27/04/2023 15:00,36.874,47.09,53.678,54.836,51.038,141.028
27/04/2023 15:30,33.474,48.29,53.306,46.652,49.906,135.128
27/04/2023 16:00,36.108,51.72,54.424,48.632,53.944,138.802
27/04/2023 16:30,38.778,58.432,64.744,53.928,60.65,147.22
27/04/2023 17:00,41.684,63.686,72.218,49.958,66.588,149.482
27/04/2023 17:30,48.526,66.644,76.58,62.042,73.566,169.718
27/04/2023 18:00,51.734,64.81,76.662,68.434,76.992,188.12
27/04/2023 18:30,51.662,59.574,77.466,65.502,76.51,194.612
27/04/2023 19:00,48.552,57.602,75.906,69.646,76.764,192.998
27/04/2023 19:30,48.98,56.15,72.668,72.362,72.31,194.702
27/04/2023 20:00,51.1,57.888,75.614,66.106,74.396,201.492
27/04/2023 20:30,51.942,58.662,77.37,67.388,77.966,201.898
27/04/2023 21:00,51.234,57.79,76.71,67.708,77.47,200.774
27/04/2023 21:30,49.954,49.398,76.594,68.034,75.284,199.21
27/04/2023 22:00,48.326,58.5,77.006,72.72,77.29,198.356
27/04/2023 22:30,49.248,55.21,75.168,73.106,71.692,184.894
27/04/2023 23:00,44.338,51.462,68.658,67.154,62.994,173.4
27/04/2023 23:30,42.84,46.76,59.666,60.844,55.866,161.628
28/04/2023 00:00,40.702,48.97,62.538,59.74,60.868,148.446
28/04/2023 00:30,38.884,45.168,60.926,54.302,58.454,130.218
28/04/2023 01:00,41.186,44.728,56.816,49.006,55.344,133.336
28/04/2023 01:30,43.646,53.028,61.114,48.358,56.796,145.658
28/04/2023 02:00,46.804,57.49,66.648,51.366,61.198,149.528
28/04/2023 02:30,46.628,61.818,64.188,52.918,63.394,153.736
28/04/2023 03:00,47.868,61.86,64.402,51.104,65.302,156.498
28/04/2023 03:30,46.726,55.772,69.974,49.55,62.338,151.088
28/04/2023 04:00,46.978,57.64,69.606,53.926,63.304,139.272
28/04/2023 04:30,47.018,51.814,69.008,53.356,58.31,135.122
28/04/2023 05:00,46.208,54.418,66.888,55.622,60.162,134.002
28/04/2023 05:30,46.932,55.144,62.296,51.72,57.06,119.95
28/04/2023 06:00,46.262,54.312,57.052,46.888,49.594,114.198
28/04/2023 06:30,43.234,53.758,54.524,40.746,48.47,116.08
28/04/2023 07:00,41.672,53.248,57.092,37.9,48.594,105.506
28/04/2023 07:30,36.42,52.054,56.95,42.674,41.228,103.804
28/04/2023 08:00,38.57,46.898,53.142,52.114,34.264,112.252
28/04/2023 08:30,41.092,47.532,50.562,52.348,36.25,115.798
28/04/2023 09:00,40.974,46.758,54.438,48.974,40.914,113.454
28/04/2023 09:30,39.386,50.1,61.094,41.474,44.958,113.332
28/04/2023 10:00,38.166,44.838,59.732,43.298,43.06,109.868
28/04/2023 10:30,35.582,34.704,48.882,41.294,29.584,93.814
28/04/2023 11:00,31.204,38.28,42.53,35.746,31.526,92.788
28/04/2023 11:30,35.886,42.678,49.16,39.322,35.532,98.65
28/04/2023 12:00,36.712,42.882,46.158,40.378,36.516,97.56
28/04/2023 12:30,36.266,41.696,43.342,38.918,35.73,81.224
28/04/2023 13:00,28.262,34.754,39.276,21.888,27.5,55.786
28/04/2023 13:30,18.998,26.678,30.73,17.604,21.776,44.942
28/04/2023 14:00,14.918,20.898,26.87,15.558,20.834,37.574
28/04/2023 14:30,13.716,18.508,23.398,13.434,18.822,36.848
28/04/2023 15:00,13.562,18.496,21.734,12.622,19.992,32.734
28/04/2023 15:30,11.064,17.486,23.816,10.794,18.352,23.4
28/04/2023 16:00,9.162,11.214,18.712,10.34,12.458,14.104
28/04/2023 16:30,5.452,6.072,9.446,4.38,6.578,5.842
28/04/2023 17:00,3.426,5.036,7.658,1.216,4.878,1.744
28/04/2023 17:30,0.816,1.936,3.284,,1.33,
28/04/2023 18:00,0.72,0.738,0.73,0.532,0.432,4.532
28/04/2023 18:30,3.614,2.374,1.22,5.61,2.766,21.598
28/04/2023 19:00,10.33,8.486,5.344,9.984,9.784,42.14
28/04/2023 19:30,10.108,12.608,17.156,12.714,11.788,44.196
28/04/2023 20:00,22.11,15.83,19.544,20.934,18.3,68.206
28/04/2023 20:30,26.248,25.838,33.146,26.464,25.918,58.114
28/04/2023 21:00,21.09,25.93,37.808,18.81,29.654,51.198
28/04/2023 21:30,17.516,23.304,37.928,16.248,25.984,50.602
28/04/2023 22:00,21.28,22.182,37.178,22.538,23.878,54.432
28/04/2023 22:30,21.354,22.11,27.812,26.36,21.852,58.54
28/04/2023 23:00,15.996,15.274,23.224,18.998,16.208,59.998
28/04/2023 23:30,15.364,14.252,19.58,18.668,15.766,52.998
29/04/2023 00:00,17.178,16.426,23.74,19.79,19.178,63.256
29/04/2023 00:30,17.414,15.804,24.312,20.52,18.588,61.956
29/04/2023 01:00,18.498,15.78,21.258,20.818,18.278,54.482
29/04/2023 01:30,16.04,16.28,18.754,21.284,18.374,52.438
29/04/2023 02:00,21.336,19.112,20.432,24.11,21.68,61.136
29/04/2023 02:30,23.82,21.134,29.422,26.564,25.094,65.276
29/04/2023 03:00,21.738,18.962,25.016,23.204,21.844,61.87
29/04/2023 03:30,17.334,16.676,23.152,19.52,19.51,42.742
29/04/2023 04:00,15.85,13.748,16.804,19.04,17.418,43.662
29/04/2023 04:30,17.284,14.79,17.734,22.604,16.774,61.144
29/04/2023 05:00,18.496,15.904,17.944,21.714,17.582,55.55
29/04/2023 05:30,21.854,17.486,22.186,25.894,21.514,64.108
29/04/2023 06:00,21.508,20.208,23.726,22.992,23.262,61.51
29/04/2023 06:30,18.582,18.328,22.738,18.522,20.018,53.33
29/04/2023 07:00,10.492,16.664,17.426,6.292,17.76,27.846
29/04/2023 07:30,3.99,8.968,9.242,1.054,8.64,8.75
29/04/2023 08:00,0.5,3.616,3.502,0.682,3.28,2.896
29/04/2023 08:30,0.394,1.266,0.004,0.34,0.234,1.56
29/04/2023 09:00,0.364,,,1.09,,1.46
29/04/2023 09:30,1.514,,0.17,2.638,,5.378
29/04/2023 10:00,4.836,1.534,3.898,1.858,2.182,11.674
29/04/2023 10:30,1.178,4.63,4.326,,3.988,3.696
29/04/2023 11:00,,1.384,0.448,,0.79,
29/04/2023 11:30,,0.034,,,,
29/04/2023 12:00,,,,,,
29/04/2023 12:30,,,,,,
29/04/2023 13:00,,,,,,
29/04/2023 13:30,,0.016,,,,
29/04/2023 14:00,,0.304,,,,
29/04/2023 14:30,,,,,,
29/04/2023 15:00,,1.044,,,,0.164
29/04/2023 15:30,,0.742,,,,0.17
29/04/2023 16:00,,0.35,,,,0.672
29/04/2023 16:30,,1.154,,,0.078,1.626
29/04/2023 17:00,,1.046,,,,0.606
29/04/2023 17:30,0.236,1.834,0.388,,0.676,3.162
29/04/2023 18:00,0.03,2.322,1.034,,1.274,3.79
29/04/2023 18:30,0.954,3.086,1.718,0.728,1.278,5.882
29/04/2023 19:00,1.708,4.254,3.75,0.694,2.112,6.82
29/04/2023 19:30,4.25,6.414,6.154,2.366,6.178,13.05
29/04/2023 20:00,5.154,7.552,7.504,4.722,7.126,17.072
29/04/2023 20:30,6.602,7.316,7.12,7.22,7.562,19.818
29/04/2023 21:00,7.808,8.306,8.554,7.702,8.294,23.028
29/04/2023 21:30,9.61,10.074,9.978,9.474,9.952,27.238
29/04/2023 22:00,10.154,10.178,10.094,9.266,10.238,28.814
29/04/2023 22:30,9.922,12.618,12.236,11.318,12.168,32.084
29/04/2023 23:00,11.064,13.23,12.9,10.172,12.9,32.026
29/04/2023 23:30,10.888,14.494,14.38,12.288,16.142,36.636
30/04/2023 00:00,10.814,14.286,16.492,11.802,15.366,36.202
30/04/2023 00:30,10.85,14.9,16.586,12.572,15.952,38.618
30/04/2023 01:00,12.09,16.448,17.652,12.12,15.962,46.01
30/04/2023 01:30,13.106,17.582,19.004,17.19,17.628,47.596
30/04/2023 02:00,15.438,19.358,19.418,17.692,20.426,49.508
30/04/2023 02:30,17.302,22.548,22.872,19.414,22.702,51.922
30/04/2023 03:00,20.104,22.612,26.366,19.3,23.448,50.942
30/04/2023 03:30,19.612,25.888,32.828,19.408,27.29,54.778
30/04/2023 04:00,22.658,27.768,34.906,21.798,29.886,60.104
30/04/2023 04:30,26.18,33.998,37.802,23.636,34.016,62.066
30/04/2023 05:00,26.65,41.768,42.268,24.802,40.986,77.472
30/04/2023 05:30,30.256,43.066,46.442,27.718,45.586,85.934
30/04/2023 06:00,32.56,40.26,47.412,30.836,43.994,95.034
30/04/2023 06:30,34.038,41.95,45.188,40.684,44.458,109.16
30/04/2023 07:00,37.232,41.838,52.512,45.152,47.686,116.57
30/04/2023 07:30,30.902,32.188,39.842,43.686,36.984,122.898
30/04/2023 08:00,36.068,42.174,39.432,44.838,45.588,138.226
30/04/2023 08:30,42.812,51.138,54.138,54.142,56.99,155.112
30/04/2023 09:00,52.708,61.562,60.53,56.886,67.192,150.214
30/04/2023 09:30,54.556,63.464,64.014,46.308,60.028,139.03
30/04/2023 10:00,55.382,52.066,61.9,45.82,55.184,153.268
30/04/2023 10:30,47.412,41.606,43.832,45.108,42.978,143.348
30/04/2023 11:00,35.364,35.034,36.428,43.828,35.126,109.852
30/04/2023 11:30,21.688,22.78,22.2,22.766,22.92,72.202
30/04/2023 12:00,21.526,24.028,18.67,19.182,22.906,63.868
30/04/2023 12:30,21.082,22.856,18.362,16.02,20.4,50.134
30/04/2023 13:00,16.072,16.562,19.134,12.518,14.326,36.302
30/04/2023 13:30,14.378,24.236,24.076,6.634,18.034,41.284
30/04/2023 14:00,13.484,20.416,21.204,10.076,15.744,50.344
30/04/2023 14:30,16.756,28.38,29.624,12.644,26.296,71.29
30/04/2023 15:00,19.228,26.56,29.758,14.154,23.356,66.908
30/04/2023 15:30,19.324,27.23,31.584,14.272,27.02,65.71
30/04/2023 16:00,21.19,25.246,29.432,15.914,28.33,58.792
30/04/2023 16:30,18.936,25.294,29.86,14.804,29.004,50.392
30/04/2023 17:00,19.812,32.316,38.318,20.528,32.658,61.144
30/04/2023 17:30,29.644,42.78,53.908,32.088,43.528,97.114
30/04/2023 18:00,27.75,33.022,47.278,32.244,40.456,91.35
30/04/2023 18:30,20.634,31.002,33.216,23.836,33.854,76.32
30/04/2023 19:00,21.468,27.218,30.828,24.026,33.05,69.018
30/04/2023 19:30,22.092,28.07,25.786,22.048,29.244,60.204
30/04/2023 20:00,23.686,25.766,33.714,23.83,27.82,45.236
30/04/2023 20:30,24.988,28.458,31.626,23.28,27.164,42.364
30/04/2023 21:00,12.212,21.244,26.644,14.564,18.856,29.448
30/04/2023 21:30,14.272,19.718,20.606,12.022,20.66,34.758
30/04/2023 22:00,16.712,24.082,17.626,17.42,26.024,65.274
30/04/2023 22:30,24.496,30.142,22.732,29.806,33.468,103.802
30/04/2023 23:00,29.3,36.062,26.96,47.476,38.226,104.732
30/04/2023 23:30,26.83,50.59,36.312,41.626,46.718,91.888
01/05/2023 00:00,28.978,53.342,48.948,31.74,53.682,80.968
01/05/2023 00:30,24.938,36.92,34.996,30.12,40.924,59.632
01/05/2023 01:00,21.63,36.144,24.792,25.434,32.904,54.112
01/05/2023 01:30,22.842,39.804,25.696,23.596,35.068,62.298
01/05/2023 02:00,20.398,43.148,28.254,22.282,40.024,64.9
01/05/2023 02:30,20.564,36.254,23.516,21.606,34.43,66.378
01/05/2023 03:00,24.078,44.284,24.734,24.21,41.212,79.594
01/05/2023 03:30,24.164,52.364,26.894,28.04,45.936,89.414
01/05/2023 04:00,25.224,49.58,30.576,28.3,45.326,74.51
01/05/2023 04:30,20.548,36.902,23.43,22.408,34.884,61.882
01/05/2023 05:00,16.778,31.916,20.262,16.914,28.356,52.658
01/05/2023 05:30,13.778,29.61,16.542,15.046,25.866,46.434
01/05/2023 06:00,12.944,32.682,19.908,14.122,29,48.664
01/05/2023 06:30,14.146,34.998,19.186,15.626,30.204,43.41
01/05/2023 07:00,11.494,21.378,15.384,13.846,16.676,31.44
01/05/2023 07:30,10.8,11.14,11.402,12.774,9.812,24.006
01/05/2023 08:00,12.372,10.664,12.606,14.802,9.35,16.962
01/05/2023 08:30,16.092,10.054,15.306,35.374,10.176,48.944
01/05/2023 09:00,43.336,37.65,52.966,63.336,40.056,137.346
01/05/2023 09:30,53.744,44.97,70.312,72.836,49.288,159.878
01/05/2023 10:00,58.74,59.414,71.33,73.094,66.382,162.5
01/05/2023 10:30,45.824,51.448,50.962,69.596,58.034,151.514
01/05/2023 11:00,58.264,67.1,66.67,76.452,73.106,155.234
01/05/2023 11:30,59.952,66.568,73.196,76.196,74.862,155.668
01/05/2023 12:00,60.614,64.57,71.64,77.96,76.086,170.038
01/05/2023 12:30,61.85,68.086,75.226,78.12,77.472,175.014
01/05/2023 13:00,61.156,67.388,77.238,78.138,77.512,173.796
01/05/2023 13:30,62.054,67.362,75.904,74.668,76.36,168.65
01/05/2023 14:00,60.24,66.586,76.872,55.354,76.244,145.974
01/05/2023 14:30,53.706,65.014,75.604,52.464,74.644,139.272
01/05/2023 15:00,53.406,66.302,70.436,61.52,72.58,132.482
01/05/2023 15:30,52.78,64.036,59.234,65.17,58.076,137.85
01/05/2023 16:00,51.022,57.332,63.01,61.822,57.372,148.878
01/05/2023 16:30,49.342,60.17,67.064,59.374,58.896,149.446
01/05/2023 17:00,40.81,44.05,54.082,51.766,43.592,121.206
01/05/2023 17:30,34.132,31.704,39.474,48.216,32.252,99.072
01/05/2023 18:00,28.404,36.264,37.362,40.312,33.848,89.264
01/05/2023 18:30,32.102,32.868,34.892,43.612,31.022,92.704
01/05/2023 19:00,30.858,41.676,39.11,36.522,36.59,86.396
01/05/2023 19:30,27.66,37.252,37.33,31.7,34.464,83.866
01/05/2023 20:00,21.092,26.74,28.716,24.08,26.59,69.152
01/05/2023 20:30,18.964,25.762,23.486,22.892,25.07,60.78
01/05/2023 21:00,19.286,22.022,23.986,19.26,24.52,51.002
01/05/2023 21:30,16.652,13.568,18.494,22.704,14.516,37.836
01/05/2023 22:00,13.786,11.846,12.898,20.586,12.888,35.66
01/05/2023 22:30,11.2,11.45,13.49,15.32,13.084,31.092
01/05/2023 23:00,11.53,11.216,13.002,12.136,14.608,32.918
01/05/2023 23:30,11.49,8.788,11.8,12.702,10.198,28.118
02/05/2023 00:00,9.616,5.462,9.394,14.402,6.768,19.592
02/05/2023 00:30,10.468,5.03,8.08,14.968,7.198,20.16
02/05/2023 01:00,5.84,5.734,7.888,9.602,6.306,12.214
02/05/2023 01:30,5.594,3.044,7.246,7.978,3.3,6.45
02/05/2023 02:00,3.194,2.234,9.562,3.764,2.652,3
02/05/2023 02:30,3.846,2.08,4.284,3.382,2.198,3.852
02/05/2023 03:00,1.544,2.93,5.164,1.652,2.848,1.886
02/05/2023 03:30,1.468,1.194,3.334,1.432,1.234,1.544
02/05/2023 04:00,1.54,0.682,2.684,1.768,0.588,0.756
02/05/2023 04:30,1.53,0.312,0.902,0.904,0.018,0.632
02/05/2023 05:00,1.652,0.574,1.23,1.774,0.222,1.482
02/05/2023 05:30,1.53,1.624,2.098,2.024,1.136,1.252
02/05/2023 06:00,1.808,0.708,1.99,1.746,0.594,0.682
02/05/2023 06:30,1.428,0.992,1.586,2.328,0.854,0.932
02/05/2023 07:00,1.802,0.37,1.35,2.346,0.582,0.804
02/05/2023 07:30,1.604,0.022,0.692,1.712,0.224,0.592
02/05/2023 08:00,0.364,,0.35,,,
02/05/2023 08:30,,,,,,
02/05/2023 09:00,,,,,,
02/05/2023 09:30,,,,,,
02/05/2023 10:00,,,,,,
02/05/2023 10:30,,,,,,
02/05/2023 11:00,,,,,,
02/05/2023 11:30,,,,,,
02/05/2023 12:00,,,,,,
02/05/2023 12:30,,,,,,
02/05/2023 13:00,,,,,,
02/05/2023 13:30,,,,,,0.852
02/05/2023 14:00,0.41,,,,,1.942
02/05/2023 14:30,0.394,,,,,0.854
02/05/2023 15:00,0.554,0.95,,,0.068,1.736
02/05/2023 15:30,0.992,2.052,0.472,4.412,0.88,7.356
02/05/2023 16:00,3.138,3.07,1.31,6.958,1.884,15.19
02/05/2023 16:30,7.26,5.962,3.046,10.26,4.252,24.11
02/05/2023 17:00,8.278,8.07,5.546,11.104,6.544,27.386
02/05/2023 17:30,9.272,8.13,6.954,10.192,7.286,29.398
02/05/2023 18:00,10.574,9.946,9.35,10.49,10.428,36.23
02/05/2023 18:30,10.896,11.734,10.604,14.6,11.806,42.114
02/05/2023 19:00,12.538,13.662,11.366,16.672,12.076,47.17
02/05/2023 19:30,17.51,16.196,13.852,20.172,14.51,61.322
02/05/2023 20:00,23.874,19.894,17.502,26.038,20.316,78.156
02/05/2023 20:30,24.368,27.194,24.998,24.656,26.536,81.316
02/05/2023 21:00,20.406,28.994,25.69,24.14,26.24,71.436
02/05/2023 21:30,20.958,24.822,22.926,21.388,20.678,60.192
02/05/2023 22:00,17.428,23.16,21.588,18.588,19.276,57.616
02/05/2023 22:30,17.404,22.478,21.034,19.62,20.482,56.174
02/05/2023 23:00,18.608,21.42,19.054,19.686,18.95,54.7
02/05/2023 23:30,16.704,18.442,19.61,14.182,17.986,48.376
03/05/2023 00:00,15.444,20.744,19.59,14.584,20.826,40.262
03/05/2023 00:30,15.582,18.568,19.442,13.432,17.43,35.596
03/05/2023 01:00,14.004,19.252,19.128,15.096,17.644,40.606
03/05/2023 01:30,14.868,22.844,22.524,18.214,18.61,47.194
03/05/2023 02:00,17.598,18.946,19.628,22.25,17.788,49.944
03/05/2023 02:30,16.526,19.794,20.306,20.932,20.324,43.194
03/05/2023 03:00,14.83,20.542,20.516,17.88,18.308,39.026
03/05/2023 03:30,14.64,20.192,18.402,19.126,17.748,45.992
03/05/2023 04:00,17.566,24.208,22.844,20.256,21.81,55.204
03/05/2023 04:30,24.344,26.886,26.93,27.714,25.556,57.116
03/05/2023 05:00,22.37,28.026,28.93,25.126,24.574,52.616
03/05/2023 05:30,21.426,27.296,25.916,23.532,24.282,51.708
03/05/2023 06:00,18.696,25.564,25.258,19.514,23.314,49.332
03/05/2023 06:30,18.406,23.108,23.084,20.178,21.122,45.372
03/05/2023 07:00,18.066,20.262,21.486,23.202,19.494,45.652
03/05/2023 07:30,14.692,19.244,20.926,17.88,17.474,33.914
03/05/2023 08:00,14.28,19.242,20.65,16.79,16.648,26.346
03/05/2023 08:30,11.18,15.464,18.16,13.868,13.606,19.256
03/05/2023 09:00,10.128,11.89,15.56,12.994,11.998,22.666
03/05/2023 09:30,8.91,11.724,12,10.982,10.584,22.24
03/05/2023 10:00,9.34,10.514,12.896,11.552,10.032,21.174
03/05/2023 10:30,10.898,14.858,15.216,13.972,13.146,24.888
03/05/2023 11:00,10.92,14.43,15.876,13.942,13.924,24.518
03/05/2023 11:30,10.032,15.52,15.55,12.51,13.104,27.252
03/05/2023 12:00,10.942,16.438,16.084,12.394,14.268,29.644
03/05/2023 12:30,9.312,16.402,17.466,10.984,14.074,27.752
03/05/2023 13:00,8.662,13.384,13.21,11.428,11.616,27.456
03/05/2023 13:30,10.14,13.588,13.358,12.73,12.522,27.112
03/05/2023 14:00,10.438,15.486,14.302,12.534,13.74,25.566
03/05/2023 14:30,8.784,15.804,16.944,11.626,12.784,24.4
03/05/2023 15:00,8.912,14.89,13.252,11.372,12.636,26.676
03/05/2023 15:30,9.466,12.978,12.32,12.05,11.438,28.642
03/05/2023 16:00,10.272,15.204,15.388,12.876,13.048,31.624
03/05/2023 16:30,15.488,22.18,21.636,19.02,19.994,43.666
03/05/2023 17:00,19.384,29.126,27.798,23.72,24.824,51.354
03/05/2023 17:30,20.896,30.862,31.612,23.61,26.964,53.418
03/05/2023 18:00,21.466,27.528,28.678,20.822,25.952,50.696
03/05/2023 18:30,21.214,24.758,29.036,16.958,25.48,50.008
03/05/2023 19:00,21.248,26.96,28.566,17.736,25.256,51.154
03/05/2023 19:30,20.676,25.94,27.948,17.782,23.752,52.978
03/05/2023 20:00,21.696,24.702,27.456,19.252,23.524,54.734
03/05/2023 20:30,22.676,30.346,30.84,19.378,26.578,61.974
03/05/2023 21:00,26.23,37.49,32.276,25.638,32.37,76.094
03/05/2023 21:30,27.524,45.224,42.88,25.914,39.268,74.896
03/05/2023 22:00,21.752,37.726,37.034,21.97,30.044,65.936
03/05/2023 22:30,20.148,28.76,26.55,23.034,25.348,78.154
03/05/2023 23:00,20.712,29.536,25.06,20.814,25.96,76.902
03/05/2023 23:30,22.098,28.286,21.362,25.362,25.96,90.294
04/05/2023 00:00,21.896,29.974,24.646,28.562,26.896,101.15
04/05/2023 00:30,21.874,24.83,24.548,29.092,23.726,99.872
04/05/2023 01:00,22.044,24.888,24.246,30.702,23.364,94.004
04/05/2023 01:30,24.652,29.528,26.434,33.198,28.094,90.446
04/05/2023 02:00,24.618,31.04,26.832,31.826,30.454,87.892
04/05/2023 02:30,23.738,30.95,25.46,29.198,28.126,80.408
04/05/2023 03:00,24.616,31.818,29.182,30.266,28.974,80.57
04/05/2023 03:30,29.992,32.402,31.422,30.186,29.742,82.398
04/05/2023 04:00,27.366,35.002,40.428,27.088,33.054,62.488
04/05/2023 04:30,23.66,25.454,31.658,29.278,19.824,66.88
04/05/2023 05:00,29.016,31.438,34.406,30.452,31.622,66.796
04/05/2023 05:30,26.816,32.524,32.41,27.924,30.334,68.096
04/05/2023 06:00,28.558,29.848,34.444,30.394,26.15,73.6
04/05/2023 06:30,23.854,30.296,34.666,24.172,27.76,70.404
04/05/2023 07:00,24.31,29.132,30.81,33.756,21.376,71.806
04/05/2023 07:30,19.308,34.21,31.402,20.962,23.352,66.54
04/05/2023 08:00,18.378,30.666,33.938,18.45,21.18,58.438
04/05/2023 08:30,26.166,38.186,42.502,27.574,29.738,68
04/05/2023 09:00,26.286,37.028,43.348,24.366,30.306,68.098
04/05/2023 09:30,25.384,38.534,41.398,25.984,28.622,69.374
04/05/2023 10:00,24.208,36.298,36.944,27.336,30.28,79.048
04/05/2023 10:30,20.72,36.568,34.91,23.97,29.242,80.128
04/05/2023 11:00,21.846,33.612,32.178,25.984,30.236,67.204
04/05/2023 11:30,21.566,31.896,33.66,28.284,25.774,62.908
04/05/2023 12:00,33.656,38.768,42.44,38.3,32.03,75.956
04/05/2023 12:30,35.138,42.956,40.78,40.538,36.388,91.274
04/05/2023 13:00,34.782,46.4,38.172,44.826,40.636,99.692
04/05/2023 13:30,37.154,41.028,40.014,44.806,40.252,94.492
04/05/2023 14:00,36.346,44.244,39.79,45.046,39.78,91.346
04/05/2023 14:30,34.866,43.066,39.158,40.606,35.668,86.468
04/05/2023 15:00,33.436,37.772,36.65,40.672,34.064,83.49
04/05/2023 15:30,30.318,40.584,41.67,40.55,33.178,82.306
04/05/2023 16:00,29.36,37.91,45.376,41.406,35.362,85.122
04/05/2023 16:30,30.762,39.722,47.13,38.216,38.332,95.834
04/05/2023 17:00,24.346,45.744,44.86,33.526,39.248,93.49
04/05/2023 17:30,35.396,42.87,44.086,56.502,35.876,91.984
04/05/2023 18:00,39.708,42.53,59.118,59.106,43.75,111.932
04/05/2023 18:30,39.22,53.498,59.626,55.572,50.272,133.728
04/05/2023 19:00,34.964,54.878,55.34,49.16,51.19,128.686
04/05/2023 19:30,35.484,47.94,57.76,49.838,46.31,116.056
04/05/2023 20:00,34.91,48.12,54.05,48.082,45.574,116.278
04/05/2023 20:30,33,47.612,53.092,50.956,45.014,115.162
04/05/2023 21:00,42.854,50.814,57.124,52.562,46.936,119.608
04/05/2023 21:30,42.812,50.578,56.642,52.368,42.774,114.104
04/05/2023 22:00,45.1,52.506,57.57,54.752,44.784,111.846
04/05/2023 22:30,42.364,52.632,57.642,54.176,47.766,114.694
04/05/2023 23:00,43.346,53.258,59.14,54.614,47.012,111.268
04/05/2023 23:30,35.49,56.184,62.382,48.974,48.714,109.19
05/05/2023 00:00,45.56,59.516,58.094,48.906,44.81,115.164
05/05/2023 00:30,44.824,53.604,58.358,52.016,45.222,115.972
05/05/2023 01:00,46.072,54.282,61.62,56.198,48.634,129.87
05/05/2023 01:30,48.61,53.758,65.108,58.778,54.368,142.848
05/05/2023 02:00,54.434,60.238,70.3,67.434,62.272,154.69
05/05/2023 02:30,55.702,65.316,74.626,68.716,68.168,170.556
05/05/2023 03:00,58.46,68.318,77.404,73.088,71.778,181.554
05/05/2023 03:30,59.532,68.058,77.596,74.628,73.824,177.048
05/05/2023 04:00,59.016,67.988,77.634,73.114,74.862,181.16
05/05/2023 04:30,61.412,68.3,77.58,77.554,75.376,196.932
05/05/2023 05:00,61.738,68.298,77.632,78.09,78.39,200.616
05/05/2023 05:30,62.124,68.338,77.636,78.138,78.462,201.674
05/05/2023 06:00,62.134,68.308,77.644,78.118,78.442,196.39
05/05/2023 06:30,62.148,68.32,77.632,78.156,78.494,202.422
05/05/2023 07:00,62.176,68.296,77.624,78.1,78.48,200.406
05/05/2023 07:30,62.11,68.296,77.568,78.12,78.488,204.576
05/05/2023 08:00,62.152,68.246,77.638,78.18,78.502,204.462
05/05/2023 08:30,62.152,67.254,77.66,78.142,78.514,204.49
05/05/2023 09:00,62.124,66.344,77.646,78.13,77.38,199.348
05/05/2023 09:30,59.698,67.526,77.608,76.456,73.05,198.016
05/05/2023 10:00,59.344,67.286,77.476,76.458,70.988,191.328
05/05/2023 10:30,55.648,65.134,76.454,72.134,65.35,190.748
05/05/2023 11:00,55.716,61.948,76.72,67.828,60.302,178.012
05/05/2023 11:30,54.236,58.16,77.064,66.462,56.966,173.87
05/05/2023 12:00,52.836,60.468,75.536,65.788,59.06,177.508
05/05/2023 12:30,51.776,55.024,74.246,68.276,51.396,154.73
05/05/2023 13:00,42.832,46.566,69.22,50.342,39.444,127.616
05/05/2023 13:30,40.32,42.482,59.782,46.59,35.632,110.908
05/05/2023 14:00,33.368,33.502,47.734,38.418,27.838,93.588
05/05/2023 14:30,31.928,37.294,47.962,38.582,28.502,93.726
05/05/2023 15:00,32.044,44.026,49.572,38.982,34.972,95.032
05/05/2023 15:30,29.942,36.456,44.458,36.082,29.652,79.508
05/05/2023 16:00,29.364,32.458,37.01,37.542,26.168,69.008
05/05/2023 16:30,26.622,24.652,31.074,33.284,20.746,54.232
05/05/2023 17:00,20.19,21.31,23.616,25.654,17.176,54.576
05/05/2023 17:30,24.118,22.724,25,28.616,24.718,57.694
05/05/2023 18:00,25.116,14.532,30.986,32.178,19.456,60.528
05/05/2023 18:30,22.496,17.598,20.998,31.284,18.514,53.658
05/05/2023 19:00,9.864,6.272,9.442,15.954,4.336,17.778
05/05/2023 19:30,3.846,2.412,3.288,5.45,1.872,4.694
05/05/2023 20:00,1.268,0.026,0.392,3.02,,1.772
05/05/2023 20:30,,,,,,
05/05/2023 21:00,,,,,,
05/05/2023 21:30,,,,,,
05/05/2023 22:00,,,,,,
05/05/2023 22:30,,,,,,
05/05/2023 23:00,,,,,,
05/05/2023 23:30,,,,,,
06/05/2023 00:00,,,,,,
06/05/2023 00:30,,,,,,
06/05/2023 01:00,,,,,,
06/05/2023 01:30,0.888,1.984,3.192,,1.548,
06/05/2023 02:00,3.332,2.946,5.046,1.924,3.58,3.846
06/05/2023 02:30,4.35,6.356,7.762,3.922,3.058,7.522
06/05/2023 03:00,5.332,8.464,9.57,5.392,5.33,5.958
06/05/2023 03:30,4.85,5.776,7.596,4.632,3.318,1.956
06/05/2023 04:00,3.37,6.316,11.05,3.866,4.2,1.814
06/05/2023 04:30,4.642,11.108,10.956,5.27,7.068,2.99
06/05/2023 05:00,5.074,11.242,9.106,3.872,7.404,6.928
06/05/2023 05:30,5.438,7.912,11.724,6.026,5.08,8.148
06/05/2023 06:00,8.574,16.39,17.612,11.66,11.652,15.386
06/05/2023 06:30,11.518,17.872,15.908,17.6,13.838,27.912
06/05/2023 07:00,10.808,16.83,20.172,14.368,14.528,26.772
06/05/2023 07:30,10.116,19.336,23.084,15.036,17.45,32.792
06/05/2023 08:00,11.948,18.426,22.494,16.222,19.344,33.794
06/05/2023 08:30,12.034,19.896,24.63,19.226,21.48,33.606
06/05/2023 09:00,11.348,18.958,28.608,19.846,15.3,34.876
06/05/2023 09:30,18.938,24.654,39.002,23.516,26.856,51.21
06/05/2023 10:00,22.762,27.214,39.584,33.174,30.682,61.808
06/05/2023 10:30,25.31,28.86,42.132,37.272,35.744,70.138
06/05/2023 11:00,24.366,27.732,37.78,33.912,37.206,76.96
06/05/2023 11:30,24.064,26.62,38.076,34.702,36.986,74.884
06/05/2023 12:00,25.316,27.652,39.44,39.186,36.494,74.92
06/05/2023 12:30,25.02,26.558,35.128,39.808,33.736,76.16
06/05/2023 13:00,25.478,29.424,38.884,36.768,36.864,79.816
06/05/2023 13:30,22.684,28.35,43.37,33.898,36.864,71.2
06/05/2023 14:00,27.548,29.312,42.236,30.918,33.386,74.962
06/05/2023 14:30,21.606,28.226,41.87,28.254,24.478,76.502
06/05/2023 15:00,19.492,33.758,45.5,27.61,24.244,83.768
06/05/2023 15:30,24.408,40.56,59.256,34.854,27.928,100.672
06/05/2023 16:00,33.394,49.54,65.476,48.886,33.634,121.184
06/05/2023 16:30,43.472,56.654,69.03,62.098,42.758,133.332
06/05/2023 17:00,50.32,65.088,75.136,73.596,61.776,160.132
06/05/2023 17:30,52.112,63.886,70.796,76.84,62.538,162.076
06/05/2023 18:00,49.034,51.376,62.794,71.288,50.538,154.464
06/05/2023 18:30,47.494,57.246,67.254,67.406,52.174,148.53
06/05/2023 19:00,45.422,57.97,57.682,65.244,53.528,141.134
06/05/2023 19:30,35.022,40.996,45.846,61.14,38.852,126.052
06/05/2023 20:00,26.404,36.896,32.628,47.41,32.868,120.594
06/05/2023 20:30,22.202,29.062,28.184,29.21,25.59,77.054
06/05/2023 21:00,17.486,22.802,29.574,25.734,23.016,63.442
06/05/2023 21:30,15.216,20.41,26.654,24.876,17.096,59.494
06/05/2023 22:00,14.79,20.73,24.996,22.68,17.496,55.108
06/05/2023 22:30,12.894,18.066,19.99,23.454,11.286,48.04
06/05/2023 23:00,8.648,18.204,21.778,15.01,9.78,37.844
06/05/2023 23:30,10.534,16.218,17.776,16.19,11.244,44.19
07/05/2023 00:00,9.146,15.85,17.68,15.086,11.468,35.21
07/05/2023 00:30,12.342,20.096,26.028,19.484,16.336,37.808
07/05/2023 01:00,18.842,31.27,34.41,29.814,27.934,56.882
07/05/2023 01:30,13.938,31.606,41.254,29.194,27.648,53.05
07/05/2023 02:00,16.848,36.56,44.192,28.24,27.842,66.634
07/05/2023 02:30,20.914,41.302,38.454,32.072,32.854,67.844
07/05/2023 03:00,20.042,32.968,33.862,31.52,28.568,68.18
07/05/2023 03:30,19.248,32.224,33.708,30.688,26.768,74.616
07/05/2023 04:00,22.684,31.814,30.962,30.708,26.364,77.762
07/05/2023 04:30,19.884,29.424,32.37,27.052,23.87,68.47
07/05/2023 05:00,23.672,28.922,36.696,23.76,25.15,64.26
07/05/2023 05:30,25.448,38.162,50.488,23.406,31.394,70.598
07/05/2023 06:00,33.248,47.124,42.218,26.588,34.642,73.33
07/05/2023 06:30,32.14,43.804,42.63,29.5,31.544,74.88
07/05/2023 07:00,26.962,40.704,44.72,25.272,29.114,72.746
07/05/2023 07:30,27.488,42.824,45.824,24.832,29.746,76.32
07/05/2023 08:00,36.412,50.482,50.994,34.184,37.996,98
07/05/2023 08:30,27.718,31.708,36.24,30.246,23.118,87.8
07/05/2023 09:00,26.374,41.41,43.702,26.704,29.204,82.828
07/05/2023 09:30,27.032,47.186,49.34,29.784,30.862,88.484
07/05/2023 10:00,29.098,53.042,53.586,30.908,35.348,96.97
07/05/2023 10:30,31.278,45.67,47.218,39.32,31.756,89.522
07/05/2023 11:00,32.388,53.566,53.12,43.594,37.112,96.132
07/05/2023 11:30,32.572,56.688,56.282,42.556,41.104,109.514
07/05/2023 12:00,35.196,56.146,51.298,41.814,41.278,120.886
07/05/2023 12:30,34.774,49.856,44.37,36.89,36.788,124.498
07/05/2023 13:00,29.082,43.906,39.496,33.194,31.812,106.656
07/05/2023 13:30,31.808,45.006,42.044,34.746,32.968,99.9
07/05/2023 14:00,28.044,44.426,54.43,32.094,32.22,81.606
07/05/2023 14:30,25.412,35.064,42.398,27.356,27.46,71.524
07/05/2023 15:00,22.038,25.388,30.542,22.86,22.47,63.228
07/05/2023 15:30,21.92,25.668,28.658,23.076,22.71,56.092
07/05/2023 16:00,23.03,27.184,35.202,28.02,25.368,66.446
07/05/2023 16:30,22.142,27.8,38.628,32.568,26.764,76.034
07/05/2023 17:00,22.194,25.592,32.694,28.824,23.164,65.254
07/05/2023 17:30,22.856,26.24,27.832,30.61,22.9,66.744
07/05/2023 18:00,21.404,25.102,27.908,29.038,22.654,65.204
07/05/2023 18:30,17.914,22.386,24.094,24.082,17.844,50.506
07/05/2023 19:00,16.772,21.054,20.75,22.352,17.758,53.838
07/05/2023 19:30,17.12,22.21,20.796,19.776,19.256,46.032
07/05/2023 20:00,15.99,20.76,21.606,17.09,18.768,46.642
07/05/2023 20:30,17.392,20.396,21.1,21.462,18.388,50.938
07/05/2023 21:00,17.46,21.696,22.372,20.714,18.454,51.656
07/05/2023 21:30,21.15,22.712,25.012,23.944,21.194,58.252
07/05/2023 22:00,25.648,34.628,35.494,24.196,28.088,78.196
07/05/2023 22:30,27.134,34.944,44.524,28.808,30.24,87.424
07/05/2023 23:00,33.094,37.294,49.332,35,37.588,101.496
07/05/2023 23:30,35.594,43.934,46.33,34.834,39.396,114.718
08/05/2023 00:00,39.578,44.822,44.354,34.582,39.398,145.428
08/05/2023 00:30,34.316,38.732,36.68,37.11,31.894,144.126
08/05/2023 01:00,31.914,37.722,36.146,35.364,31.422,129.504
08/05/2023 01:30,27.796,29.784,27.078,31.564,21.808,116.746
08/05/2023 02:00,26.608,31.952,29.096,33.342,25.552,124.776
08/05/2023 02:30,28.968,31.68,32.854,33.848,26.604,128.408
08/05/2023 03:00,23.772,30.266,32.02,25.562,26.162,93.65
08/05/2023 03:30,30.318,36.066,34.016,27.112,28.754,105.612
08/05/2023 04:00,33.464,34.706,30.962,37.896,29.2,136.064
08/05/2023 04:30,35.748,44.996,36.956,37.948,31.748,146.564
08/05/2023 05:00,38.282,52.258,47.45,40.366,34.702,164.136
08/05/2023 05:30,41.706,53.968,47.99,38.178,38.564,143.028
08/05/2023 06:00,36.64,52.7,45.47,32.994,36.622,124.902
08/05/2023 06:30,44.928,65.432,58.482,41.22,44.848,134.936
08/05/2023 07:00,57.308,66.094,69.26,57.508,53.766,175.366
08/05/2023 07:30,58.09,64.736,63.278,63.284,48.266,183.676
08/05/2023 08:00,60.772,64.636,69.204,65.628,62.814,179.726
08/05/2023 08:30,57.068,61.896,75.448,58.838,60.78,170.806
08/05/2023 09:00,65.584,58.696,73.978,65.272,63.196,173.974
08/05/2023 09:30,66.874,56.846,74.034,77.962,56.278,176.538
08/05/2023 10:00,67.438,58.678,76.574,78.122,56.814,183.984
08/05/2023 10:30,67.31,55.704,74.406,77.298,56.134,186.42
08/05/2023 11:00,65.702,56.948,76.658,77.1,54.856,191.07
08/05/2023 11:30,66.412,48.608,74.226,75.742,67.396,193.778
08/05/2023 12:00,67.472,56.476,77.582,76.14,66.204,184.45
08/05/2023 12:30,66.522,58.118,75.85,76.36,66.058,181.77
08/05/2023 13:00,67.304,57.336,76.592,76.16,65.818,185.07
08/05/2023 13:30,64.814,63.51,77.534,76.106,65.432,188.86
08/05/2023 14:00,64.362,63.732,75.766,77.216,64.776,185.332
08/05/2023 14:30,64.122,64.48,76.662,77.448,66.596,186.484
08/05/2023 15:00,64.566,61.978,77.606,76.598,63.968,185.274
08/05/2023 15:30,66.694,62.452,75.166,76.46,63.904,190.832
08/05/2023 16:00,62.206,65.1,72.134,68.96,65.776,190.624
08/05/2023 16:30,58.586,63.94,74.612,64.684,66.34,185.396
08/05/2023 17:00,65.514,63.11,77.484,71.078,63.81,186.488
08/05/2023 17:30,66.662,57.846,76.704,77.982,65.754,183.748
08/05/2023 18:00,62.254,57.014,74.164,75.64,60.812,177.66
08/05/2023 18:30,63.208,60.988,75.06,70.348,56.08,177.47
08/05/2023 19:00,66.192,52.698,71.726,70.8,60.466,166.008
08/05/2023 19:30,59.898,57.326,75.074,58.392,66.458,149.456
08/05/2023 20:00,62.554,57.648,75.646,62.756,65.85,162.102
08/05/2023 20:30,66.588,66.812,75.214,71.55,65.374,183.206
08/05/2023 21:00,65.646,65.32,73.28,72.13,74.816,139.684
08/05/2023 21:30,35.97,49.842,61.646,36.82,45.204,50.428
08/05/2023 22:00,19.496,34.542,49.094,16.956,30.39,57.476
08/05/2023 22:30,14.046,17.21,25.426,15.774,17.274,73.944
08/05/2023 23:00,17.542,18.21,9.866,15.028,18.102,64.538
08/05/2023 23:30,17.08,17.692,7.284,13.404,16.916,50.802
09/05/2023 00:00,17.51,17.144,6.928,14.106,16.756,63.162
09/05/2023 00:30,21.432,16.112,10.806,13.734,22.166,74.674
09/05/2023 01:00,29.206,34.602,17.254,26.04,36.14,104.782
09/05/2023 01:30,31.528,38.208,25.29,31.972,38.9,84.292
09/05/2023 02:00,16.764,17.276,12.812,20.448,16.308,50.334
09/05/2023 02:30,6.372,10.328,7.26,8.956,8.554,26.678
09/05/2023 03:00,2.35,4.548,2.534,2.832,3.736,10.972
09/05/2023 03:30,2.332,8.85,2.516,2.206,5.948,14.562
09/05/2023 04:00,12.554,21.414,14.75,6.528,18.772,32.05
09/05/2023 04:30,12.634,18.526,14.054,10.446,15.972,40.866
09/05/2023 05:00,13.898,23.442,22.438,9.522,21.154,42.332
09/05/2023 05:30,12.504,22.052,21.902,12,19.628,59.18
09/05/2023 06:00,13.6,17.68,17.322,17.282,14.848,51.458
09/05/2023 06:30,6.722,11.948,10.014,12.82,7.522,30.416
09/05/2023 07:00,6.226,18.008,11.094,9.326,17.378,28.586
09/05/2023 07:30,11.51,16.426,13.008,11.708,18.6,31.842
09/05/2023 08:00,10.148,19.702,14.26,10.88,19.644,32.442
09/05/2023 08:30,9.578,20.214,18.926,10.918,21.488,35.11
09/05/2023 09:00,7.848,16.45,12.84,7.29,16.114,24.228
09/05/2023 09:30,5.15,9.726,9.352,4.52,9.47,15.532
09/05/2023 10:00,3.124,7.508,7.662,1.832,7.662,10.994
09/05/2023 10:30,3.19,6.426,5.93,2.01,6.928,15.652
09/05/2023 11:00,6.126,1.876,4.89,3.016,3.048,19.754
09/05/2023 11:30,6.468,3.964,4.17,5.398,3.166,21.484
09/05/2023 12:00,4.934,15.304,5.826,6.38,11.366,21.574
09/05/2023 12:30,9.87,18.378,14.1,7.562,20.902,28.41
09/05/2023 13:00,13.784,21.212,16.4,7.9,25.604,43.814
09/05/2023 13:30,13.414,20.334,14.734,7.138,20.192,43.196
09/05/2023 14:00,9.66,16.618,11.754,2.104,14.67,27.44
09/05/2023 14:30,6.454,10.954,7.994,0.07,10.956,17.48
09/05/2023 15:00,1.8,9.032,3.804,,6.718,11.07
09/05/2023 15:30,,4.82,1.414,,1.092,6.926
09/05/2023 16:00,,2.71,,,0.342,3.78
09/05/2023 16:30,,0.034,,0.772,,
09/05/2023 17:00,2.232,,,8.822,,8.684
09/05/2023 17:30,6.732,0.792,2.354,13.408,3.662,18.786
09/05/2023 18:00,7.624,2.93,4.296,12.264,3.752,22.184
09/05/2023 18:30,7.73,7.318,6.104,12.59,4.48,26.674
09/05/2023 19:00,5.932,6.862,6.576,11.26,4.556,23.05
09/05/2023 19:30,7.11,11.648,8.792,9.908,7.708,24.176
09/05/2023 20:00,9.426,14.31,12.012,12.262,13.75,45.91
09/05/2023 20:30,13.632,13.204,11.304,15.22,11.988,44.796
09/05/2023 21:00,8.65,13.434,11.166,8.574,11.798,23.866
09/05/2023 21:30,8.92,17.828,14.084,9.8,14.126,28.998
09/05/2023 22:00,8.818,15.166,14.904,7.832,12.476,26.842
09/05/2023 22:30,7.54,13.072,11.848,10.662,7.804,21.104
09/05/2023 23:00,10.238,19.218,18.124,11.918,12.416,19.138
09/05/2023 23:30,6.9,22.262,15.396,6.118,13.62,7.982
10/05/2023 00:00,4.274,18.442,13.984,1.16,13.924,2.942
10/05/2023 00:30,4.472,15.064,15.602,1.596,11.554,5.604
10/05/2023 01:00,3.056,11.8,15.482,1.712,8.556,1.854
10/05/2023 01:30,1.444,5.498,12.736,,5.542,
10/05/2023 02:00,0.07,4.17,4.3,,3.43,
10/05/2023 02:30,,2.358,2.612,,1.706,
10/05/2023 03:00,,2.65,0.842,,1.016,
10/05/2023 03:30,,2.366,0.326,,0.456,1.164
10/05/2023 04:00,0.538,1.96,,,0.61,1.676
10/05/2023 04:30,0.69,0.99,,,0.536,
10/05/2023 05:00,,1.68,,,0.372,
10/05/2023 05:30,,0.1,,,,
10/05/2023 06:00,,0.008,,,,
10/05/2023 06:30,,,,,,
10/05/2023 07:00,,,,,,
10/05/2023 07:30,,,,,,
10/05/2023 08:00,,,,,,
10/05/2023 08:30,,,,,,
10/05/2023 09:00,,,,,,
10/05/2023 09:30,,0.084,,,,
10/05/2023 10:00,,,,,,
10/05/2023 10:30,,0.064,,,,
10/05/2023 11:00,0.52,0.022,0.594,,,
10/05/2023 11:30,0.186,,,,,
10/05/2023 12:00,,,,,,
10/05/2023 12:30,,,,,,2.64
10/05/2023 13:00,0.71,0.53,,0.774,0.182,8.546
10/05/2023 13:30,1.202,2.854,1.046,1.156,1.348,9.318
10/05/2023 14:00,3.752,4.382,3.3,3.396,3.262,16.852
10/05/2023 14:30,8.554,9.134,6.838,9.792,6.494,34.838
10/05/2023 15:00,12.39,16.412,14.642,14.35,10.772,44.674
10/05/2023 15:30,17.41,28.542,24.352,17.632,23.148,78.37
10/05/2023 16:00,20.438,21.438,21.328,17.694,17.084,72.504
10/05/2023 16:30,15.31,11.636,11.972,11.37,12.004,47.276
10/05/2023 17:00,15.586,13.898,15.436,13.796,12.018,43.734
10/05/2023 17:30,13.776,15.082,19.85,15.458,13.878,48.27
10/05/2023 18:00,6.856,12.588,14.114,8.358,11.252,35.618
10/05/2023 18:30,8.72,12.322,16.482,8.816,13.882,38.304
10/05/2023 19:00,9.46,17.112,16.76,8.384,16.086,40.95
10/05/2023 19:30,13.764,19.504,11.458,12.576,17.382,58.404
10/05/2023 20:00,10.684,19.486,14.062,14.328,17.288,48.304
10/05/2023 20:30,10.508,17.232,15.662,9.488,16.016,37.008
10/05/2023 21:00,9.402,10.472,9.55,9.47,10.068,31.278
10/05/2023 21:30,6.058,4.868,4.494,5.272,5.142,16.91
10/05/2023 22:00,2.752,2.726,3.776,1.888,2.31,5.118
10/05/2023 22:30,2.908,3.048,2.87,1.662,2.834,5.318
10/05/2023 23:00,4.118,2.81,3.42,4.06,2.594,5.866
10/05/2023 23:30,2.488,1.894,3.508,2.802,1.57,2.912
11/05/2023 00:00,5.136,6.142,6.822,3.91,5.854,10.464
11/05/2023 00:30,8.026,6.314,8,9.332,5.302,17.142
11/05/2023 01:00,7.184,7.846,6.704,6.22,7.004,14.146
11/05/2023 01:30,5.378,5.804,4.998,3.854,5.124,10.302
11/05/2023 02:00,4.04,5.614,3.376,1.492,4.366,11.718
11/05/2023 02:30,6.558,8.836,6.57,3.526,8.176,13.952
11/05/2023 03:00,4.59,5.03,4.552,2.104,4.152,5.254
11/05/2023 03:30,1.57,3.422,1.998,0.008,2.19,2.948
11/05/2023 04:00,1.892,3.954,2.2,0.144,2.958,5.2
11/05/2023 04:30,0.112,2.498,0.006,,1.042,3.91
11/05/2023 05:00,,2.372,,,0.314,2.168
11/05/2023 05:30,0.476,2.054,0.078,,0.862,0.566
11/05/2023 06:00,0.66,1.33,0.024,,0.71,
11/05/2023 06:30,,,,,,
11/05/2023 07:00,,,,,,
11/05/2023 07:30,,,,,,
11/05/2023 08:00,,,,,,
11/05/2023 08:30,,,,,,
11/05/2023 09:00,,,,,,1.498
11/05/2023 09:30,,,,,,2.642
11/05/2023 10:00,,,,,,3.854
11/05/2023 10:30,,,,,,4.024
11/05/2023 11:00,,,,,,4.31
11/05/2023 11:30,,,,,,6.188
11/05/2023 12:00,,,,,,3.77
11/05/2023 12:30,,,,,,5.158
11/05/2023 13:00,0.324,0.148,,0.972,,10.946
11/05/2023 13:30,2.068,0.668,0.052,2.472,0.968,21.726
11/05/2023 14:00,2.668,1.798,0.592,3.156,2.248,20.318
11/05/2023 14:30,2.756,1.434,0.288,4.01,1.414,21.594
11/05/2023 15:00,2.938,2.404,1.604,3.554,2.842,23.85
11/05/2023 15:30,5.088,3.482,2.658,6.272,5.068,30.032
11/05/2023 16:00,5.394,3.674,1.39,8.008,4.846,44.95
11/05/2023 16:30,7.022,5.592,3.078,8.866,7.086,42.804
11/05/2023 17:00,7.934,6.314,3.628,9.548,8.324,40.102
11/05/2023 17:30,6.834,5.546,4.564,9.776,6.526,44.668
11/05/2023 18:00,12.388,8.672,10.108,15.776,10.692,59.156
11/05/2023 18:30,20.502,18.098,18.166,25.606,16.292,85.256
11/05/2023 19:00,24.144,23.942,20.904,32.364,20.146,116.472
11/05/2023 19:30,28.996,34.502,28.144,34.638,34.058,122.726
11/05/2023 20:00,29.756,34.534,25.132,30.96,33.462,119.622
11/05/2023 20:30,26.978,33.69,24.95,30.704,32.01,116.452
11/05/2023 21:00,25.848,31.894,25.844,30.79,31.042,108.264
11/05/2023 21:30,22.928,27.22,19.936,29.012,25.662,102.782
11/05/2023 22:00,21.966,25.64,16.05,26.914,23.448,104.13
11/05/2023 22:30,19.004,24.45,14.842,23.044,22.946,91.522
11/05/2023 23:00,19.174,24.198,14.276,22.642,23.542,82.49
11/05/2023 23:30,17.62,20.018,12.854,20.548,19.848,70.604
12/05/2023 00:00,15.708,18.076,11.632,17.846,17.688,69.44
12/05/2023 00:30,15.996,20.662,12.462,17.984,18.16,69.408
12/05/2023 01:00,18.652,21.678,14.176,22.762,19.204,73.618
12/05/2023 01:30,18.52,24.27,15.878,22.654,19.552,74.79
12/05/2023 02:00,19.954,25.008,17.742,22.16,22.408,66.58
12/05/2023 02:30,21.498,27.492,19.23,22.21,25.078,67.934
12/05/2023 03:00,17.466,24.94,18.912,20.576,22.698,62.514
12/05/2023 03:30,20.416,23.218,16.964,22.37,21.7,67.742
12/05/2023 04:00,21.254,26.716,17.196,21.166,24.728,65.64
12/05/2023 04:30,17.95,25.246,16.364,21.552,20.686,61.74
12/05/2023 05:00,16.948,22.362,16.758,18.956,20.524,52.356
12/05/2023 05:30,18.868,18.282,14.544,21.842,17.356,58.248
12/05/2023 06:00,18.176,21.58,17.134,18.854,21.07,55.562
12/05/2023 06:30,22.408,25.262,20.966,25.014,24.774,62.302
12/05/2023 07:00,25.316,26.794,20.842,36.142,26.584,82.56
12/05/2023 07:30,24.488,27.562,23.46,21.796,27.56,69.964
12/05/2023 08:00,13.154,21.114,18.092,10.456,17.914,30.428
12/05/2023 08:30,6.61,8.176,9.812,5.096,9.628,17.792
12/05/2023 09:00,3.338,5.07,5.118,2.742,5.096,10.976
12/05/2023 09:30,1.7,2.768,2.516,1.45,2.24,3.758
12/05/2023 10:00,1.262,1.272,1.144,1.258,0.772,2.878
12/05/2023 10:30,1.26,0.77,0.714,2.52,0.604,5.106
12/05/2023 11:00,2.98,0.884,1.548,4.686,1.36,7.494
12/05/2023 11:30,5.472,1.75,3.426,6.388,3.102,12.404
12/05/2023 12:00,5.82,4.686,5.844,8.676,6.174,24.846
12/05/2023 12:30,6.698,3.816,7.022,8.246,5.374,25.83
12/05/2023 13:00,5.7,5.822,5.974,6.134,6.018,22.062
12/05/2023 13:30,4.052,3.522,4.108,3.606,3.558,13.762
12/05/2023 14:00,3.658,2.706,3.438,3.822,2.762,11.51
12/05/2023 14:30,2.798,2.976,3.418,3.116,2.666,8.546
12/05/2023 15:00,2.584,2.884,2.876,1.804,2.666,7.914
12/05/2023 15:30,1.47,0.808,1.806,1.23,1.066,5.552
12/05/2023 16:00,1.254,0.868,2.074,0.452,0.546,3.83
12/05/2023 16:30,1.91,1.624,2.764,1.424,0.972,5.112
12/05/2023 17:00,1.974,2.162,2.204,1.35,1.804,5.97
12/05/2023 17:30,2.424,2.316,1.468,1.866,2.4,2.864
12/05/2023 18:00,1.466,1.21,0.676,0.64,1.192,0.008
12/05/2023 18:30,0.04,0.11,,,,
12/05/2023 19:00,,,,,,
12/05/2023 19:30,,,,,,
12/05/2023 20:00,,,,,,
12/05/2023 20:30,,,,,,
12/05/2023 21:00,,,,,,
12/05/2023 21:30,,,,,,
12/05/2023 22:00,,,,,,
12/05/2023 22:30,,,,,,
12/05/2023 23:00,,,,,,
12/05/2023 23:30,,,,,,
13/05/2023 00:00,,,,,,
13/05/2023 00:30,,,,,,
13/05/2023 01:00,,,,,,
13/05/2023 01:30,,,,,,
13/05/2023 02:00,,,,,,
13/05/2023 02:30,,,,,,
13/05/2023 03:00,,,,,,
13/05/2023 03:30,,,,,,
13/05/2023 04:00,,,,,,
13/05/2023 04:30,,,,,,
13/05/2023 05:00,,,,,,
13/05/2023 05:30,,,,,,
13/05/2023 06:00,0.08,,,,,0.214
13/05/2023 06:30,,,,,,
13/05/2023 07:00,,,,,,1.422
13/05/2023 07:30,0.082,0.04,,0.314,,1.79
13/05/2023 08:00,0.588,0.308,0.442,1.32,0.116,2.698
13/05/2023 08:30,0.38,0.614,0.226,0.054,0.3,1.29
13/05/2023 09:00,0.352,0.258,,0.086,,1.38
13/05/2023 09:30,1.054,0.546,,1.788,0.998,5.468
13/05/2023 10:00,1.802,2.116,1.474,2.792,2.248,5.896
13/05/2023 10:30,1.39,1.794,1.916,1.642,1.564,5.494
13/05/2023 11:00,1.104,0.97,0.48,2.64,1.038,8.618
13/05/2023 11:30,1.596,1.254,0.074,4.448,1.288,11.876
13/05/2023 12:00,1.898,2.59,1.89,2.786,2.322,7.968
13/05/2023 12:30,1.798,1.964,1.19,3.156,1.998,9.534
13/05/2023 13:00,2.298,2.286,1.864,4.044,2.496,10.284
13/05/2023 13:30,2.06,2.59,1.284,4.38,2.41,12.972
13/05/2023 14:00,3.618,4.558,2.446,6.846,4.458,19.606
13/05/2023 14:30,4.988,7.748,5.126,9.318,7.782,27.452
13/05/2023 15:00,8.004,11.71,7.762,12.332,11.52,35.026
13/05/2023 15:30,6.27,12.576,9.204,11.536,11.124,32.922
13/05/2023 16:00,6.794,13.1,9.078,13.086,12.562,35.864
13/05/2023 16:30,7.44,15.362,10.674,14.406,16.424,42.338
13/05/2023 17:00,8.95,18.888,13.162,18.098,20.218,52.334
13/05/2023 17:30,14.466,24.83,16.418,17.676,26.332,61.866
13/05/2023 18:00,21.074,30.602,20.334,20.384,30.966,65.418
13/05/2023 18:30,22.264,30.158,23.138,19.734,32.248,77.514
13/05/2023 19:00,24.48,26.426,22.008,25.936,32.59,101.85
13/05/2023 19:30,26.49,28.658,21.51,31.5,36.426,113.038
13/05/2023 20:00,26.082,28.276,26.394,32.03,34.422,111.144
13/05/2023 20:30,22.874,26.33,24.036,24.436,33.286,87.288
13/05/2023 21:00,16.648,31.96,27.05,23.192,38.428,69.648
13/05/2023 21:30,14.246,36.648,27.412,18.48,28.38,72.604
13/05/2023 22:00,15.09,30.202,20.704,24.504,24.308,81.372
13/05/2023 22:30,20.404,32.794,22.386,25.838,32.826,79.948
13/05/2023 23:00,17.508,30.628,23.296,15.724,34.094,53.906
13/05/2023 23:30,12.354,25.98,20.9,7.638,29.228,30.174
14/05/2023 00:00,9.012,21.274,17.514,8.144,24.71,23.336
14/05/2023 00:30,10.358,20.252,17.162,11.76,22.174,28.25
14/05/2023 01:00,8.818,19.016,15.59,11.722,20.148,25.98
14/05/2023 01:30,9.024,17.724,12.578,10.576,17.612,23.702
14/05/2023 02:00,12.098,19.402,16.266,14.236,19.364,36.236
14/05/2023 02:30,12.446,21.458,18.224,14.254,17.804,45.118
14/05/2023 03:00,13.622,25.624,20.384,17.54,18.37,52.526
14/05/2023 03:30,14.154,34.3,26.098,18.884,26.362,60.906
14/05/2023 04:00,16.506,33.538,28.308,19,32.152,46.49
14/05/2023 04:30,12.96,20.052,21.606,15.166,20.836,28.748
14/05/2023 05:00,9.484,15.158,16.14,14.328,15.048,20.866
14/05/2023 05:30,7.968,12.29,15.414,12.724,12.094,14.816
14/05/2023 06:00,7.424,10.254,11.48,10.496,11.57,17.416
14/05/2023 06:30,6.884,8.326,9.034,10.236,8.042,14.508
14/05/2023 07:00,4.838,6.146,7.422,8.762,6.66,18.15
14/05/2023 07:30,4.41,5.22,5.636,8.576,5.038,16.872
14/05/2023 08:00,2.992,2.542,2.378,6.902,2.694,19.152
14/05/2023 08:30,4.15,4.11,1.91,8.532,3.444,25.834
14/05/2023 09:00,6.068,4.444,2.842,11.412,5.002,33.082
14/05/2023 09:30,7.13,6.212,4.334,11.58,7.716,41.03
14/05/2023 10:00,6.402,6.512,3.508,12.246,7.368,35.514
14/05/2023 10:30,6.404,7.48,5.444,9.932,8.444,31.076
14/05/2023 11:00,8.746,10.648,8.566,11.556,11.732,34.522
14/05/2023 11:30,11.652,11.68,9.416,16.698,12.35,37.454
14/05/2023 12:00,12.836,15.952,12.926,16.02,15.808,33.386
14/05/2023 12:30,13.768,18.046,13.884,15.96,19.61,26.288
14/05/2023 13:00,8.596,17.592,10.35,7.728,15.244,24.226
14/05/2023 13:30,11.65,17.776,11.296,12.116,18.584,53.386
14/05/2023 14:00,18.432,22.824,9.568,21.268,24.462,67.93
14/05/2023 14:30,20.074,29.76,10.688,22.428,28.472,70.558
14/05/2023 15:00,20.428,20.744,9.666,23.438,23.948,72.988
14/05/2023 15:30,15.342,21.866,16.242,18.178,22.004,41.56
14/05/2023 16:00,11.582,21.512,14.746,11.948,18.736,34.004
14/05/2023 16:30,11.084,18.44,16.698,12.41,16.616,29.784
14/05/2023 17:00,6.706,15.54,8.678,8.262,13.696,51.596
14/05/2023 17:30,15.482,37.446,11.16,37.828,31.914,125.98
14/05/2023 18:00,19.19,48.952,25.522,31.194,38.632,92.378
14/05/2023 18:30,11.662,28.408,24.24,19.196,26.706,64.646
14/05/2023 19:00,15.356,21.362,19.466,24.128,18.732,62.916
14/05/2023 19:30,23.176,39.69,30.428,36.66,34.724,85.606
14/05/2023 20:00,29.04,39.898,33.596,48.096,44.174,132.58
14/05/2023 20:30,31.248,29.396,26.246,48.22,35.814,125.188
14/05/2023 21:00,13.576,22.152,19.124,34.502,23.99,97.292
14/05/2023 21:30,14.232,22.266,23.326,25.134,23.47,69.81
14/05/2023 22:00,13.568,8.876,12.69,33.186,13.118,45.682
14/05/2023 22:30,6.238,5.622,3.574,11.746,7.154,15.564
14/05/2023 23:00,3.22,5.538,3.156,2.258,5.24,4.882
14/05/2023 23:30,2.518,3.71,5.082,0.184,3.286,1.46
15/05/2023 00:00,2.812,1.172,5.172,3.622,1.628,7.642
15/05/2023 00:30,6.396,4.974,2.854,12.424,4.83,39.846
15/05/2023 01:00,19.798,16.342,11.48,36.918,17.664,80.928
15/05/2023 01:30,20.428,23.692,16.482,23.376,27.546,28.194
15/05/2023 02:00,10.494,10.81,9.878,9.45,11.808,0.224
15/05/2023 02:30,2.14,2.426,4.47,1.634,2.958,
15/05/2023 03:00,1.898,0.66,3.034,2.688,0.84,4.972
15/05/2023 03:30,5.862,2.482,2.962,4.206,3.2,11.914
15/05/2023 04:00,3.67,3.606,3.434,2.526,2.58,19.982
15/05/2023 04:30,3.26,5.672,4.142,5.08,4.344,44.398
15/05/2023 05:00,15.246,15.576,4.366,17.662,14.418,57.578
15/05/2023 05:30,16.564,19.642,12.698,10.344,20.294,30.668
15/05/2023 06:00,13.434,10.994,9.614,10.408,13.856,39.296
15/05/2023 06:30,10.858,9.81,11.428,14.072,13.08,32.62
15/05/2023 07:00,9.562,8.678,8.246,12.558,9.7,33.928
15/05/2023 07:30,10.69,10.204,7.386,17.2,10.61,36.122
15/05/2023 08:00,12.412,11.286,11.07,11.108,11.524,30.382
15/05/2023 08:30,10.278,10.424,10.438,11.244,9.794,21.024
15/05/2023 09:00,6.894,5.132,7.6,6.812,6.576,10.87
15/05/2023 09:30,3.742,3.21,4.588,3.93,2.95,7.046
15/05/2023 10:00,2.664,2.328,4.452,2.322,2.602,5.93
15/05/2023 10:30,3.214,4.41,2.946,3.852,3.874,7.916
15/05/2023 11:00,3.358,3.916,3.572,4.262,4.5,8.296
15/05/2023 11:30,2.764,2.978,2.568,3.134,3.508,8.42
15/05/2023 12:00,3.17,5.682,2.638,3.266,5.52,15.606
15/05/2023 12:30,4.292,6.512,4.694,4.95,5.594,10.606
15/05/2023 13:00,3.08,2.846,5.03,0.418,3.068,0.46
15/05/2023 13:30,1.39,1.57,2.268,1.632,1.352,16.782
15/05/2023 14:00,10.964,8.144,5.124,18.532,11.23,23.092
15/05/2023 14:30,4.742,3.87,3.698,6.244,4.566,8.796
15/05/2023 15:00,5.466,2.916,2.322,3.534,3.986,1.732
15/05/2023 15:30,1.14,0.326,0.6,0.314,,
15/05/2023 16:00,,,,,,
15/05/2023 16:30,,,,,,
15/05/2023 17:00,1.5,2.764,0.112,0.336,1.724,0.032
15/05/2023 17:30,,,0.038,,,
15/05/2023 18:00,,,,,,
15/05/2023 18:30,,,,,,
15/05/2023 19:00,,,,,,
15/05/2023 19:30,0.07,0.49,,,,
15/05/2023 20:00,0.616,0.138,,,,
15/05/2023 20:30,,,,,,
15/05/2023 21:00,,,,,,
15/05/2023 21:30,0.052,0.35,,,,2.156
15/05/2023 22:00,0.624,1.492,,0.23,0.676,3.642
15/05/2023 22:30,2.304,2.848,,2.242,2.09,7.224
15/05/2023 23:00,4.256,2.498,1.366,4.374,1.778,5.338
15/05/2023 23:30,2.962,2.108,2.18,4.906,1.52,3.01
16/05/2023 00:00,2.194,1.15,1.612,2.12,0.95,1.41
16/05/2023 00:30,2.858,1.376,0.974,10.048,1.376,11.566
16/05/2023 01:00,5.894,4.3,5.35,13.814,4.41,24.356
16/05/2023 01:30,8.65,14.292,6.634,11.488,8.676,33.374
16/05/2023 02:00,9.538,17.614,7.512,10.936,12.964,40.778
16/05/2023 02:30,15.756,31.102,11.69,19.964,25.83,66.218
16/05/2023 03:00,19.578,36.544,18.398,25.112,31.64,91.33
16/05/2023 03:30,28.224,50.85,26.378,42.376,48.23,127.494
16/05/2023 04:00,41.556,64.882,43.406,54.44,61.85,166.582
16/05/2023 04:30,46.712,65.998,51.004,60.958,64.496,206.768
16/05/2023 05:00,59.598,68.338,51.536,71.796,76.578,206.306
16/05/2023 05:30,62.796,68.324,53.404,72.566,77.298,203.874
16/05/2023 06:00,51.658,68.178,52.996,66.034,72.4,216.202
16/05/2023 06:30,49.456,68.132,47.93,58.226,71.748,198.124
16/05/2023 07:00,48.712,64.826,45.914,58.672,66.596,203.778
16/05/2023 07:30,48.264,66.348,41.068,61.742,68.404,202.638
16/05/2023 08:00,51.876,67.64,51.91,65.632,72.982,199.972
16/05/2023 08:30,46.196,67.884,47.512,53.896,71.214,166.982
16/05/2023 09:00,37.026,66.974,34.896,45.294,65.23,139.092
16/05/2023 09:30,41.344,68.092,44.608,43.762,69.306,117.646
16/05/2023 10:00,31.928,59.668,44.274,39.784,53.62,90.864
16/05/2023 10:30,16.668,38.87,30.254,24.172,40.692,59.844
16/05/2023 11:00,,,26.152,13.21,33.522,33.35
16/05/2023 11:30,,,22.342,7.686,22.444,19.664
16/05/2023 12:00,,,13.51,19.692,9.916,24.088
16/05/2023 12:30,,,12.448,30.704,8.67,40.456
16/05/2023 13:00,,,9.996,16.558,8.026,37.308
16/05/2023 13:30,0.848,1.864,9.142,18.102,5.972,33.696
16/05/2023 14:00,5.256,5.932,5.916,10.56,5,25.292
16/05/2023 14:30,3.542,4.118,2.818,9.696,4.532,22.412
16/05/2023 15:00,3.454,4.026,1.968,6.264,2.664,14.676
16/05/2023 15:30,0.748,0.73,0.136,4.19,0.862,6.378
16/05/2023 16:00,2.436,,0.162,8.894,,5.34
16/05/2023 16:30,7.21,4.336,2.31,10.372,5.364,17.696
16/05/2023 17:00,6.7,7.638,6.214,8.666,9.258,26.144
16/05/2023 17:30,6.084,4.372,6.922,7.228,6.962,20.392
16/05/2023 18:00,6.48,3.85,6.05,8.042,5.656,16.284
16/05/2023 18:30,7.782,5.082,6.464,6.864,6.456,17.502
16/05/2023 19:00,9.058,5.358,7.44,6.634,7.222,18.392
16/05/2023 19:30,7.372,3.738,7.032,6.738,5.272,15.308
16/05/2023 20:00,3.558,1.836,3.6,5.404,2.122,7.544
16/05/2023 20:30,3.034,4.422,3.076,3.8,3.81,8.338
16/05/2023 21:00,4.936,3.278,5.758,4.388,4.66,10.284
16/05/2023 21:30,5.112,3.486,5.02,4.75,4.034,8.014
16/05/2023 22:00,3.474,1.458,2.776,3.37,1.858,2.712
16/05/2023 22:30,1.82,0.242,0.556,1.274,0.004,0.652
16/05/2023 23:00,0.068,,,,,
16/05/2023 23:30,,,,,,
17/05/2023 00:00,,,,,,
17/05/2023 00:30,,,,,,
17/05/2023 01:00,,,,,,
17/05/2023 01:30,,,,,,
17/05/2023 02:00,,,,,,
17/05/2023 02:30,,,,,,
17/05/2023 03:00,0.184,,,,,
17/05/2023 03:30,0.54,,,,,
17/05/2023 04:00,0.974,,,0.436,,0.324
17/05/2023 04:30,0.624,0.164,,0.242,,0.564
17/05/2023 05:00,1.226,,,0.77,,0.478
17/05/2023 05:30,1.446,0.402,,0.696,,3.544
17/05/2023 06:00,1.834,1.096,0.134,1.858,0.728,5.174
17/05/2023 06:30,2.442,1.688,0.558,1.864,1.258,7.312
17/05/2023 07:00,2.85,3.692,2.2,3.798,2.876,11.712
17/05/2023 07:30,5.036,4.878,3.844,5.868,4.448,16.518
17/05/2023 08:00,5.506,8.294,5.006,8.302,8.298,25.378
17/05/2023 08:30,6.594,7.994,6.096,9.296,7.354,23.322
17/05/2023 09:00,8.012,11.166,9.51,8.26,10.318,27.768
17/05/2023 09:30,10.244,10.382,13.048,12.12,10.492,21.662
17/05/2023 10:00,8.076,10.524,7.116,6.668,8.354,18.112
17/05/2023 10:30,9.31,8.612,7.714,5.99,7.662,19.868
17/05/2023 11:00,8.176,7.748,7.578,10.696,6.168,28.1
17/05/2023 11:30,10.434,9.198,8.188,9.896,7.548,28.524
17/05/2023 12:00,9.736,8.496,6.648,9.302,7.162,30.99
17/05/2023 12:30,8.634,7.996,6.032,8.068,6.094,33.53
17/05/2023 13:00,9.132,10.168,7.192,7.756,8.46,37.872
17/05/2023 13:30,9.156,11.654,7.858,9.67,10.148,40.438
17/05/2023 14:00,12.18,14.576,10.826,13.792,14.832,56.716
17/05/2023 14:30,13.426,16.398,13.37,16.118,15.898,65.068
17/05/2023 15:00,18.582,25.708,20.142,20.598,25.79,101.472
17/05/2023 15:30,28.882,43.52,30.49,33.718,40.316,149.98
17/05/2023 16:00,39.654,58.2,46.25,45.972,55.292,182.606
17/05/2023 16:30,49.242,68.218,54.946,59.468,69.44,213.326
17/05/2023 17:00,59.068,73.014,60.656,66.354,73.446,218.34
17/05/2023 17:30,63.06,71.556,63.25,70.786,70.862,214.108
17/05/2023 18:00,59.928,69.268,61.528,66.694,67.276,208.73
17/05/2023 18:30,50.214,59.682,53.486,49.748,57.29,189.612
17/05/2023 19:00,52.074,49.674,44.084,45.044,50.728,219.644
17/05/2023 19:30,61.462,57.12,46.85,57.222,61.262,207.758
17/05/2023 20:00,52.124,63.636,37.854,50.116,58.86,188.508
17/05/2023 20:30,42.822,55.808,36.614,39.624,53.692,127.442
17/05/2023 21:00,24.876,53.38,38.418,31.796,48.728,106.262
17/05/2023 21:30,31.07,59.09,39.188,34.986,57.462,118.36
17/05/2023 22:00,28.372,34.874,27.682,32.66,37.718,116.04
17/05/2023 22:30,23.456,21.138,16.672,33.968,23.316,99.994
17/05/2023 23:00,15.752,12.348,9.888,23.924,12.608,89.644
17/05/2023 23:30,21.17,40.166,18.688,23.19,34.19,118.556
18/05/2023 00:00,46.906,58.498,39.358,34.796,53.55,160.004
18/05/2023 00:30,48.576,62.554,40.086,39.972,60.05,177.326
18/05/2023 01:00,54.382,70.56,50.588,44.17,66.518,180.104
18/05/2023 01:30,51.008,73.416,47.712,41.226,67.584,161.648
18/05/2023 02:00,53.24,61.356,50.966,36.17,58.276,156.034
18/05/2023 02:30,43.716,54,43.684,31.538,46.96,151.086
18/05/2023 03:00,43.812,60.944,44.846,31.424,49.892,137.882
18/05/2023 03:30,45.04,61.92,48.804,32.64,52.772,131.758
18/05/2023 04:00,46.068,60.822,49.45,27.586,57.674,125.456
18/05/2023 04:30,41.304,52.216,37.57,24.576,48.792,113.622
18/05/2023 05:00,34.302,45.62,32.836,21.462,43.376,109.25
18/05/2023 05:30,31.87,41.538,29.03,21.074,38.732,108.102
18/05/2023 06:00,33.132,45.384,29.852,22.892,39.012,111.226
18/05/2023 06:30,38.686,43.78,32.568,26.334,41.794,104.542
18/05/2023 07:00,39.812,45.316,31.674,26.118,41.106,97.642
18/05/2023 07:30,38.424,46.36,33.844,27.434,41.656,101.044
18/05/2023 08:00,35.75,47.858,33.024,27.044,41.83,110.382
18/05/2023 08:30,33.092,48.854,32.836,24.652,42.824,111.226
18/05/2023 09:00,34.878,48.752,34.21,25.846,43.114,113.33
18/05/2023 09:30,37.054,48.506,35.512,30.244,45.45,116.76
18/05/2023 10:00,38.386,52.372,39.47,35.714,49.086,120.936
18/05/2023 10:30,36.632,46.074,39.168,31.802,43.906,107.382
18/05/2023 11:00,36.668,45.722,38.078,27.358,41.692,112.564
18/05/2023 11:30,38.62,43.416,36.188,29.136,39.986,111.752
18/05/2023 12:00,36.396,39.486,30.548,28.172,33.328,99.062
18/05/2023 12:30,37.69,40.476,34.064,33.556,33.466,101.416
18/05/2023 13:00,46.218,57.688,36.926,36.186,47.114,127.848
18/05/2023 13:30,57.824,69.206,41.522,41.28,67.34,151.238
18/05/2023 14:00,55.76,66.438,38.536,47.664,65.342,147.206
18/05/2023 14:30,47.928,48.148,23.222,44.202,46.814,128.82
18/05/2023 15:00,35.668,37.824,22.73,33.244,35.63,126.782
18/05/2023 15:30,32.004,27.932,31.312,30.112,31.336,105.664
18/05/2023 16:00,24.082,27.248,30.548,20.876,27.786,83.864
18/05/2023 16:30,26.102,30.188,31.622,27.248,29.398,104.542
18/05/2023 17:00,30.346,33.954,31.842,34.888,33.654,132.1
18/05/2023 17:30,35.57,34.104,31.182,35.968,34.9,121.186
18/05/2023 18:00,28.562,32.376,28.376,29.416,31.54,109.27
18/05/2023 18:30,31.738,38.592,29.874,28.092,34.832,108.75
18/05/2023 19:00,33.62,39.016,29.314,27.992,36.444,114.058
18/05/2023 19:30,36.864,45.63,28.094,27.57,40.948,122.674
18/05/2023 20:00,35.376,48.464,28.924,28.114,43.484,127.952
18/05/2023 20:30,33.894,44.494,28.016,29.714,37.522,128.73
18/05/2023 21:00,37.178,52.042,30.742,31.998,46.462,155.464
18/05/2023 21:30,44.276,50.546,30.97,51.054,48.378,182.728
18/05/2023 22:00,46.852,53.314,28.408,52.288,48.742,187.77
18/05/2023 22:30,45.96,55.486,32.164,48.932,57.256,157.032
18/05/2023 23:00,38.122,55.526,36.826,40.292,66.212,130.418
18/05/2023 23:30,39.072,41.796,37.3,29.586,46.476,126.73
19/05/2023 00:00,,,30.86,26.674,68.272,131.2
19/05/2023 00:30,,,28.176,25.766,67.194,119.424
19/05/2023 01:00,,,20.026,20.386,55.448,98.874
19/05/2023 01:30,,,18.478,16.77,43.218,84.3
19/05/2023 02:00,,,9.728,12.258,25.6,52.93
19/05/2023 02:30,,,14.05,13.274,30.28,73.684
19/05/2023 03:00,,,10.402,6.436,19.942,48.398
19/05/2023 03:30,,,12.988,8.818,30.44,57.034
19/05/2023 04:00,,,14.342,12.03,32.222,57.404
19/05/2023 04:30,,,14.414,10.87,27.484,46.066
19/05/2023 05:00,,,11.238,3.078,16.466,27.11
19/05/2023 05:30,,,5.564,1.848,7.316,14.972
19/05/2023 06:00,,,2.19,1.474,3.336,11.042
19/05/2023 06:30,,,,0.446,0.866,6.818
19/05/2023 07:00,,,0.072,,,
19/05/2023 07:30,,,,,,
19/05/2023 08:00,,,,,,
19/05/2023 08:30,,,,,,
19/05/2023 09:00,,,,,,
19/05/2023 09:30,,,,,,
19/05/2023 10:00,,,,,,
19/05/2023 10:30,,,,,,
19/05/2023 11:00,,,,,,
19/05/2023 11:30,,,,,,
19/05/2023 12:00,,,,,,
19/05/2023 12:30,,,,,,
19/05/2023 13:00,,,,,,
19/05/2023 13:30,,,,,,
19/05/2023 14:00,,,,,,
19/05/2023 14:30,,,,,,
19/05/2023 15:00,,,,,,
19/05/2023 15:30,,,,,,
19/05/2023 16:00,,,,,,
19/05/2023 16:30,,,,,,1.114
19/05/2023 17:00,,,,,,2.146
19/05/2023 17:30,,,,,,4.734
19/05/2023 18:00,,,,,,5.45
19/05/2023 18:30,,,0.152,0.034,0.842,9.06
19/05/2023 19:00,,,0.86,1.776,3.658,14.546
19/05/2023 19:30,,,2.028,4.018,5.982,21.546
19/05/2023 20:00,,,3.976,5.234,9.242,27.634
19/05/2023 20:30,,,5.602,8.326,13.132,38.16
19/05/2023 21:00,,,7.412,7.582,13.574,38.528
19/05/2023 21:30,,,8.49,9.228,14.148,41.342
19/05/2023 22:00,,,8.986,12.016,17.682,54.75
19/05/2023 22:30,,,8.5,13.876,18.558,58.852
19/05/2023 23:00,,,8.436,9.016,15.642,48.086
19/05/2023 23:30,,,6.804,6.49,12.856,36.184
20/05/2023 00:00,,,4.784,5.28,9.336,26.798
20/05/2023 00:30,,,3.282,3.024,6.538,14.782
20/05/2023 01:00,,,0.978,0.994,2.816,6.14
20/05/2023 01:30,,,1.082,1.102,2.158,7.214
20/05/2023 02:00,,,0.928,1.018,2.5,6.602
20/05/2023 02:30,,,1.128,0.088,1.438,8.044
20/05/2023 03:00,,,1.934,0.876,3.536,14.654
20/05/2023 03:30,,,2.242,2.178,5.444,19.232
20/05/2023 04:00,,,3.412,4.928,9.116,29.004
20/05/2023 04:30,,,7.06,7.602,13.662,34.906
20/05/2023 05:00,,,10.028,10.676,19.072,48.302
20/05/2023 05:30,,,15.702,14.644,23.93,60.234
20/05/2023 06:00,,,23.26,16.906,32.362,68.394
20/05/2023 06:30,,,24.894,18.324,30.216,77.262
20/05/2023 07:00,,,27.858,17.528,29.436,79.284
20/05/2023 07:30,,,35.572,19.656,44.35,79.148
20/05/2023 08:00,,,30.398,21.956,42.72,87.072
20/05/2023 08:30,,,25.096,30.578,41.69,102.46
20/05/2023 09:00,,,21.306,26.456,38.876,100.06
20/05/2023 09:30,,,21.526,24.576,33.246,85.654
20/05/2023 10:00,,,19.13,19.71,28.71,72.338
20/05/2023 10:30,,,21.728,16.016,27.156,61.696
20/05/2023 11:00,,,26.908,17.072,28.646,59.206
20/05/2023 11:30,,,29.722,16.604,31.596,64.538
20/05/2023 12:00,,,30.186,17.592,29.138,69.092
20/05/2023 12:30,,,28.638,15.83,24.968,65.966
20/05/2023 13:00,,,26.064,15.116,22.952,58.66
20/05/2023 13:30,,,33.762,15.444,32.774,76.058
20/05/2023 14:00,,,38.756,15.804,35.46,88.638
20/05/2023 14:30,,,37.876,22.838,34.476,96.234
20/05/2023 15:00,,,33.712,23.004,33.334,106.792
20/05/2023 15:30,,,28.748,24.434,36.822,110.924
20/05/2023 16:00,,,25.976,28.4,37.808,127.836
20/05/2023 16:30,,,26.142,30.108,41.618,135.968
20/05/2023 17:00,,,26.492,38.286,52.408,166.566
20/05/2023 17:30,,,33.432,43.902,59.72,202.882
20/05/2023 18:00,,,40.228,47.698,30.304,213.342
20/05/2023 18:30,,,40.604,54.626,31.12,214.994
20/05/2023 19:00,,,33.696,56.65,45.432,230.134
20/05/2023 19:30,,,37.972,47.74,74.554,229.974
20/05/2023 20:00,,,35.652,51.592,72,225.256
20/05/2023 20:30,,,40.316,43.944,78.322,217.178
20/05/2023 21:00,,,47.326,42.428,82.362,217.406
20/05/2023 21:30,,,54.194,38.802,72.388,193.348
20/05/2023 22:00,,,51.846,46.142,89.218,183.008
20/05/2023 22:30,,,62.566,40.32,85.396,135.942
20/05/2023 23:00,,,53.472,25.154,56.442,71.474
20/05/2023 23:30,,,45.386,16.454,44.416,50.416
21/05/2023 00:00,,,43.082,13.676,33.502,61.316
21/05/2023 00:30,,,30.894,15.342,33.02,58.116
21/05/2023 01:00,,,21.896,12.572,26.65,48.856
21/05/2023 01:30,,,16.182,13.354,18.404,33.924
21/05/2023 02:00,,,14.052,11,14.85,30.956
21/05/2023 02:30,,,9.78,9.34,10.982,33.51
21/05/2023 03:00,,,4.39,6.646,11.77,42.288
21/05/2023 03:30,,,0.188,3.86,4.926,25.436
21/05/2023 04:00,,,,2.056,1.448,12.92
21/05/2023 04:30,,,,0.762,0.3,5.618
21/05/2023 05:00,,,,0.356,0.648,5.426
21/05/2023 05:30,,,,,,5.424
21/05/2023 06:00,,,,0.758,0.072,6.09
21/05/2023 06:30,,,,0.372,,4.626
21/05/2023 07:00,,,0.114,1.214,0.602,6.456
21/05/2023 07:30,,,1.292,2.636,3.656,9.448
21/05/2023 08:00,,,0.366,2.02,3.67,9.016
21/05/2023 08:30,,,,0.312,1.064,7.384
21/05/2023 09:00,,,,0.292,,6.246
21/05/2023 09:30,,,,1.65,2.908,1.714
21/05/2023 10:00,,,1.214,,6.124,7.852
21/05/2023 10:30,,,3.054,,3,16.654
21/05/2023 11:00,,,2.084,0.344,0.33,31.838
21/05/2023 11:30,,,1.018,2.262,0.792,33.432
21/05/2023 12:00,,,,2.42,,29.562
21/05/2023 12:30,,,,3.644,1.728,33.318
21/05/2023 13:00,,,,0.744,0.128,28.49
21/05/2023 13:30,,,,,,16.672
21/05/2023 14:00,,,,,,10.026
21/05/2023 14:30,,,0.024,0.384,0.148,7.506
21/05/2023 15:00,,,0.39,0.764,0.278,8.07
21/05/2023 15:30,,,,0.11,,8.45
21/05/2023 16:00,,,,,,3.554
21/05/2023 16:30,,,,0.322,0.3,0.642
21/05/2023 17:00,,,,,,
21/05/2023 17:30,,,,,,
21/05/2023 18:00,,,,,,
21/05/2023 18:30,,,,,,
21/05/2023 19:00,,,,,,
21/05/2023 19:30,,,,,,
21/05/2023 20:00,,,,,,
21/05/2023 20:30,,,,,,
21/05/2023 21:00,,,,,,
21/05/2023 21:30,,,,,,
21/05/2023 22:00,,,,,,
21/05/2023 22:30,,,,,,
21/05/2023 23:00,,,,,,
21/05/2023 23:30,,,,,,
22/05/2023 00:00,,,,,,
22/05/2023 00:30,,,,,,
22/05/2023 01:00,,,,,,
22/05/2023 01:30,,,,,,
22/05/2023 02:00,,,,,,
22/05/2023 02:30,,,,,,
22/05/2023 03:00,,,,,,
22/05/2023 03:30,,,,,,
22/05/2023 04:00,,,,,,
22/05/2023 04:30,,,,,,
22/05/2023 05:00,,,,,,
22/05/2023 05:30,,,,,,
22/05/2023 06:00,,,,,,
22/05/2023 06:30,,,,,,
22/05/2023 07:00,,,,,,
22/05/2023 07:30,,,,,,
22/05/2023 08:00,,,0.2,7.35,4.476,17.142
22/05/2023 08:30,,,12.036,25.186,26.34,84.084
22/05/2023 09:00,,,25.534,17.598,35.402,85.306
22/05/2023 09:30,,,27.812,31.27,47.422,121.482
22/05/2023 10:00,,,30.892,37.954,53.026,144.62
22/05/2023 10:30,,,45.838,37.384,60.766,168.514
22/05/2023 11:00,,,50.376,37.604,61.57,159.824
22/05/2023 11:30,,,42.832,34.88,50.11,110.602
22/05/2023 12:00,,,30.634,24.926,35.874,87.126
22/05/2023 12:30,,,31.954,19.576,36.464,70.518
22/05/2023 13:00,,,31.33,17.266,33.56,57.264
22/05/2023 13:30,,,28.006,13.15,26.1,46.044
22/05/2023 14:00,,,26.074,13.786,20.274,38.032
22/05/2023 14:30,,,20.92,14.416,20.55,35.582
22/05/2023 15:00,,,18.826,12.4,19.824,31.242
22/05/2023 15:30,,,16.436,10.296,15.98,18.986
22/05/2023 16:00,,,15.026,7.292,13.144,6.824
22/05/2023 16:30,,,7.63,3.25,7.176,0.782
22/05/2023 17:00,,,2.62,0.74,2.83,
22/05/2023 17:30,,,0.006,,,
22/05/2023 18:00,,,,,,
22/05/2023 18:30,,,,,,
22/05/2023 19:00,,,,,,
22/05/2023 19:30,,,,,,
22/05/2023 20:00,,,,,,
22/05/2023 20:30,,,,,,
22/05/2023 21:00,,,,,,
22/05/2023 21:30,,,,,,
22/05/2023 22:00,,,1.472,0.206,1.156,2.246
22/05/2023 22:30,,,3.964,0.42,4.91,5.618
22/05/2023 23:00,,,4.398,0.43,5.416,6.632
22/05/2023 23:30,,,3.78,0.51,4.106,11.062
23/05/2023 00:00,,,1.742,3.724,3.118,27.44
23/05/2023 00:30,,,,3.532,4.976,40.092
23/05/2023 01:00,,,,0.22,1.872,37.956
23/05/2023 01:30,,,1.448,,0.632,21.484
23/05/2023 02:00,,,0.278,,,13.036
23/05/2023 02:30,,,0.018,,0.144,13.746
23/05/2023 03:00,,,,0.742,,8.036
23/05/2023 03:30,,,,0.518,,2.068
23/05/2023 04:00,,,,0.498,,0.444
23/05/2023 04:30,,,,,,
23/05/2023 05:00,,,,,,
23/05/2023 05:30,,,,,,
23/05/2023 06:00,,,,,,
23/05/2023 06:30,,,,,,
23/05/2023 07:00,,,,,,
23/05/2023 07:30,,,,,,
23/05/2023 08:00,,,,,,1.492
23/05/2023 08:30,,,0.306,2.716,1.098,8.724
23/05/2023 09:00,,,2.8,4.43,5.064,20.292
23/05/2023 09:30,,,4.032,5.564,7.188,28.848
23/05/2023 10:00,,,5.692,8.044,11.084,44.038
23/05/2023 10:30,,,11.15,11.016,16.886,56.602
23/05/2023 11:00,,,17.512,12.394,20.972,58.188
23/05/2023 11:30,,,18.048,9.81,20.136,59.554
23/05/2023 12:00,,,18.926,10.658,23.296,70.954
23/05/2023 12:30,,,24.492,11.408,33.112,84.276
23/05/2023 13:00,,,23.928,12.324,36.67,89.588
23/05/2023 13:30,,,17.222,10.976,40.436,74.972
23/05/2023 14:00,,,28.66,12.3,41.928,88.508
23/05/2023 14:30,,,34.492,12.052,38.69,108.144
23/05/2023 15:00,,,29.354,12.224,40.856,121.854
23/05/2023 15:30,,,24.934,12.158,41.992,124.8
23/05/2023 16:00,,,38.218,16.192,49.8,135.352
23/05/2023 16:30,,,46.6,16.408,51.112,130.094
23/05/2023 17:00,,,48.804,23.864,40.944,117.092
23/05/2023 17:30,,,45.268,17.942,33.376,95.554
23/05/2023 18:00,,,47.448,14.606,39.06,119.598
23/05/2023 18:30,,,54.206,18.95,49.312,143.53
23/05/2023 19:00,,,52.164,19.326,61.092,155.304
23/05/2023 19:30,,,52.474,27.362,55.436,157.168
23/05/2023 20:00,,,44.748,32.884,48.868,152.834
23/05/2023 20:30,,,44.248,28.032,52.698,166.562
23/05/2023 21:00,,,47.826,27.694,61.636,175.926
23/05/2023 21:30,,,55.108,26.354,62.812,165.128
23/05/2023 22:00,,,78.886,28.112,70.11,177.628
23/05/2023 22:30,,,79.926,31.896,93.954,218.486
23/05/2023 23:00,,,79.942,31.486,104.788,220.034
23/05/2023 23:30,,,79.922,32.77,113.74,231.434
24/05/2023 00:00,,,79.94,33.286,103.328,218.444
24/05/2023 00:30,,,79.94,32.294,117.448,231.936
24/05/2023 01:00,,,79.92,37.27,120.176,258.736
24/05/2023 01:30,,,79.942,37.936,130.528,272.808
24/05/2023 02:00,,,79.946,37.962,132.546,269.77
24/05/2023 02:30,,,79.936,36.958,120.498,237.816
24/05/2023 03:00,,,79.89,36.22,107.472,240.462
24/05/2023 03:30,,,79.898,37.978,116.484,283.074
24/05/2023 04:00,,,79.908,37.982,103.344,244.992
24/05/2023 04:30,,,79.956,36.478,92.684,202.574
24/05/2023 05:00,,,79.9,29.464,90.44,183.588
24/05/2023 05:30,,,53.582,9.452,53.168,103.21
24/05/2023 06:00,,,20.446,3.116,20.734,52.3
24/05/2023 06:30,,,4.994,1.506,3.904,10.666
24/05/2023 07:00,,,,0.364,,
24/05/2023 07:30,,,,,,
24/05/2023 08:00,,,,,,
24/05/2023 08:30,,,,,,
24/05/2023 09:00,,,,,,1.926
24/05/2023 09:30,,,0.738,0.52,2.748,6.136
24/05/2023 10:00,,,1.114,0.026,1.376,0.372
24/05/2023 10:30,,,1.104,0.596,1.906,2.858
24/05/2023 11:00,,,6.532,1.642,6.7,9.3
24/05/2023 11:30,,,8.454,3.312,7.586,11.192
24/05/2023 12:00,,,6.76,4.684,8.778,17.222
24/05/2023 12:30,,,8.39,9.046,10.648,26.044
24/05/2023 13:00,,,10.43,9.326,8.384,25.54
24/05/2023 13:30,,,11.08,9.298,11.076,35.918
24/05/2023 14:00,,,12.202,7.728,17.446,51.542
24/05/2023 14:30,,,21.5,12.426,21.01,48.748
24/05/2023 15:00,,,16.15,7.768,15.944,41.612
24/05/2023 15:30,,,18.268,8.366,18.388,37.744
24/05/2023 16:00,,,16.604,7.192,14.096,17.482
24/05/2023 16:30,,,11.866,5.192,7.066,5.4
24/05/2023 17:00,,,5.444,2.434,2.116,3.42
24/05/2023 17:30,,,4.38,0.94,0.108,7.934
24/05/2023 18:00,,,5.876,,2.128,8.972
24/05/2023 18:30,,,1.324,,0.596,1.08
24/05/2023 19:00,,,,,,0.26
24/05/2023 19:30,,,,0.684,,8.456
24/05/2023 20:00,,,,8.044,3.11,34.146
24/05/2023 20:30,,,4.52,20.434,18.656,89.088
24/05/2023 21:00,,,10.58,30.75,28.362,140.424
24/05/2023 21:30,,,13.608,31.954,20.644,129.926
24/05/2023 22:00,,,11.872,37.01,16.228,113.932
24/05/2023 22:30,,,17.638,37.992,25.04,114.708
24/05/2023 23:00,,,42.222,38.006,48.52,137.022
24/05/2023 23:30,,,60.762,37.996,68.254,144.178
25/05/2023 00:00,,,66.02,36.902,66.534,136.906
25/05/2023 00:30,,,66.586,26.524,62.57,132.956
25/05/2023 01:00,,,60.318,21.638,55.422,98.472
25/05/2023 01:30,,,43.582,14.37,44.554,67.13
25/05/2023 02:00,,,33.906,13.474,35.236,56.266
25/05/2023 02:30,,,27.288,11.248,27.442,47.884
25/05/2023 03:00,,,20.098,9.104,21.552,39.758
25/05/2023 03:30,,,17.578,6.964,18.838,35.804
25/05/2023 04:00,,,13.468,5.214,15.42,29.97
25/05/2023 04:30,,,16.052,5.88,16.65,29.554
25/05/2023 05:00,,,18.652,6.558,17.824,31.206
25/05/2023 05:30,,,13.57,4.962,12.914,22.992
25/05/2023 06:00,,,11.55,5.082,11.522,18.986
25/05/2023 06:30,,,11.162,4.678,11.028,18.976
25/05/2023 07:00,,,10.912,5.008,12.04,20.626
25/05/2023 07:30,,,12.308,4.572,11.432,21.496
25/05/2023 08:00,,,11.444,3.16,9.442,18.378
25/05/2023 08:30,,,10.614,2.238,8.434,18.932
25/05/2023 09:00,,,11.184,1.87,10.704,21.112
25/05/2023 09:30,,,10.834,2.06,10.006,18.496
25/05/2023 10:00,,,10.644,4.278,4.498,18.732
25/05/2023 10:30,,,15.874,13.102,5.54,46.836
25/05/2023 11:00,,,17.386,14.168,6.668,51.202
25/05/2023 11:30,,,17.022,10.89,6.608,38.96
25/05/2023 12:00,,,16.742,7.178,13.03,32.318
25/05/2023 12:30,,,17.998,8.748,16.556,32.52
25/05/2023 13:00,,,18.576,7.41,18.016,29.836
25/05/2023 13:30,,,19.664,7.066,16.25,23.012
25/05/2023 14:00,,,12.432,6.358,5.37,8.302
25/05/2023 14:30,,,2.5,3.468,0.748,1.698
25/05/2023 15:00,,,0.016,1.144,,0.146
25/05/2023 15:30,,,,,,
25/05/2023 16:00,,,0.098,0.154,,2.798
25/05/2023 16:30,,,1.27,,1.472,4.858
25/05/2023 17:00,,,1.05,0.512,2.94,10.088
25/05/2023 17:30,,,4.288,1.918,6.276,17.544
25/05/2023 18:00,,,6.062,2.39,5.56,12.48
25/05/2023 18:30,,,4.626,1.062,3.89,7.29
25/05/2023 19:00,,,3.31,,1.946,0.866
25/05/2023 19:30,,,,,,
25/05/2023 20:00,,,,,,
25/05/2023 20:30,,,,,,
25/05/2023 21:00,,,,,,
25/05/2023 21:30,,,,,,
25/05/2023 22:00,,,,,,
25/05/2023 22:30,,,,,,1.552
25/05/2023 23:00,,,0.134,0.512,0.444,
25/05/2023 23:30,,,,,,
26/05/2023 00:00,,,,0.49,,1.842
26/05/2023 00:30,,,5.926,22.974,10.698,68.378
26/05/2023 01:00,,,47.234,37.984,59.214,132.002
26/05/2023 01:30,,,68.9,37.98,66.688,139.208
26/05/2023 02:00,,,62.41,35.648,66.422,125.344
26/05/2023 02:30,,,54.356,26.282,57.448,96.578
26/05/2023 03:00,,,49.854,21.876,51.638,87.048
26/05/2023 03:30,,,36.308,17.686,38.878,73.384
26/05/2023 04:00,,,33.332,16.15,32.24,67.61
26/05/2023 04:30,,,26.452,13.918,26.976,59.01
26/05/2023 05:00,,,19.138,8.616,19.778,39.806
26/05/2023 05:30,,,15.648,5.998,15.054,31.166
26/05/2023 06:00,,,14.072,6.562,15.156,28.968
26/05/2023 06:30,,,12.306,5.364,12.574,19.91
26/05/2023 07:00,,,8.016,3.166,7.382,12.276
26/05/2023 07:30,,,4.94,1.326,4.688,7.24
26/05/2023 08:00,,,3.174,0.812,2.736,2.628
26/05/2023 08:30,,,1.518,,0.564,
26/05/2023 09:00,,,,,,
26/05/2023 09:30,,,,,,
26/05/2023 10:00,,,,,,
26/05/2023 10:30,,,,,,
26/05/2023 11:00,,,,,,
26/05/2023 11:30,,,,,,
26/05/2023 12:00,,,,,,
26/05/2023 12:30,,,,,,0.632
26/05/2023 13:00,,,,0.648,,2.278
26/05/2023 13:30,,,,3.536,1.1,12.278
26/05/2023 14:00,,,,7.498,2.116,26.446
26/05/2023 14:30,,,1.874,11.462,3.398,35.826
26/05/2023 15:00,,,3.736,11.724,3.694,39.394
26/05/2023 15:30,,,4.824,12.31,3.312,38.92
26/05/2023 16:00,,,10.106,16.31,6.108,50.59
26/05/2023 16:30,,,22.44,14.344,9.374,43.782
26/05/2023 17:00,,,21.698,12.766,9.076,45.09
26/05/2023 17:30,,,20.078,14.83,10.63,58.416
26/05/2023 18:00,,,23.29,19.81,14.14,75.2
26/05/2023 18:30,,,21.318,18.414,12.516,68.874
26/05/2023 19:00,,,20.338,14.342,13.796,64.474
26/05/2023 19:30,,,20.532,14.582,16.784,64.614
26/05/2023 20:00,,,19.862,12.248,23.362,63.886
26/05/2023 20:30,,,16.746,11.436,22.036,62.284
26/05/2023 21:00,,,20.666,10.524,24.444,66.284
26/05/2023 21:30,,,20.664,9.946,27.504,74.714
26/05/2023 22:00,,,22.07,11.482,27.65,78.51
26/05/2023 22:30,,,18.934,10.31,23.944,67.77
26/05/2023 23:00,,,23.21,12.246,24.832,84.222
26/05/2023 23:30,,,38.148,16.366,31.818,93.756
27/05/2023 00:00,,,45.728,19.776,38.956,110.858
27/05/2023 00:30,,,52.796,22.752,49.422,140.574
27/05/2023 01:00,,,53.436,23.194,56.866,159.564
27/05/2023 01:30,,,61.686,32.312,68.51,161.988
27/05/2023 02:00,,,62.766,31.55,61.512,130.02
27/05/2023 02:30,,,64.052,27.862,82.268,162.162
27/05/2023 03:00,,,79.91,30.724,111.866,205.004
27/05/2023 03:30,,,79.924,35.842,96.25,189.206
27/05/2023 04:00,,,78.434,27.228,94.79,181.366
27/05/2023 04:30,,,79.614,33.228,114.366,242.884
27/05/2023 05:00,,,79.922,51.536,141.848,285.576
27/05/2023 05:30,,,79.878,42.478,144.16,271.53
27/05/2023 06:00,,,79.912,48.414,142.216,273.018
27/05/2023 06:30,,,79.868,41.466,132.468,280.78
27/05/2023 07:00,,,79.898,47.142,130.016,265.862
27/05/2023 07:30,,,79.902,43.896,117.772,251.622
27/05/2023 08:00,,,79.924,51.88,117.822,268.128
27/05/2023 08:30,,,79.934,55.694,121.366,283.174
27/05/2023 09:00,,,79.904,57.494,130.226,295.478
27/05/2023 09:30,,,79.878,65.1,135.586,285.944
27/05/2023 10:00,,,79.88,49.33,138.796,246.284
27/05/2023 10:30,,,79.912,34.494,133.74,212.154
27/05/2023 11:00,,,79.91,31.052,118.826,205.782
27/05/2023 11:30,,,79.902,35.136,104.664,204.044
27/05/2023 12:00,,,79.914,35.466,102.338,218.66
27/05/2023 12:30,,,79.888,41.318,125.516,263.604
27/05/2023 13:00,,,79.912,58.058,142.802,291.476
27/05/2023 13:30,,,79.946,62.536,143.134,298.228
27/05/2023 14:00,,,79.926,76.346,146.712,305.48
27/05/2023 14:30,,,79.932,78.01,139.076,303.41
27/05/2023 15:00,,,99.612,76.728,108.816,281.836
27/05/2023 15:30,,,103.762,67.696,86.782,280.834
27/05/2023 16:00,,,117.098,76.668,117.092,305.546
27/05/2023 16:30,,,130.524,71.478,127.606,260.926
27/05/2023 17:00,,,117.878,60.214,102.542,202.914
27/05/2023 17:30,,,98.028,39.724,96.402,184.44
27/05/2023 18:00,,,68.616,37.298,81.492,150.37
27/05/2023 18:30,,,74.402,32.838,71.574,139.712
27/05/2023 19:00,,,67.946,31.668,72.978,171.974
27/05/2023 19:30,,,50.074,28.472,59.74,139.588
27/05/2023 20:00,,,75.77,31.026,64.382,106.448
27/05/2023 20:30,,,66.474,28.92,57.034,87.428
27/05/2023 21:00,,,70.79,29.41,57.238,87.998
27/05/2023 21:30,,,52.352,25.572,40.978,85.176
27/05/2023 22:00,,,45.144,32.752,41.386,87.78
27/05/2023 22:30,,,48.65,29.894,48.682,94.652
27/05/2023 23:00,,,38.68,24.52,40.022,88.962
27/05/2023 23:30,,,45.91,24.432,37.81,84.838
28/05/2023 00:00,,,46.328,19.888,31.806,58.982
28/05/2023 00:30,,,33.966,13.91,23.91,37.84
28/05/2023 01:00,,,30.774,9.204,20.136,47.382
28/05/2023 01:30,,,33.61,7.57,20,73.114
28/05/2023 02:00,,,25.212,10.52,17.428,47.412
28/05/2023 02:30,,,18.164,6.59,15.406,28.402
28/05/2023 03:00,,,26.634,8.672,23.962,35.902
28/05/2023 03:30,,,31.482,14.632,32.314,51.896
28/05/2023 04:00,,,23.814,11.214,26.394,53.922
28/05/2023 04:30,,,14.134,13.456,17.132,38.524
28/05/2023 05:00,,,17.456,15.716,19.764,34.144
28/05/2023 05:30,,,27.48,12,23.568,46.642
28/05/2023 06:00,,,29.538,15.11,24.768,60.77
28/05/2023 06:30,,,34.146,18.916,28.166,66.382
28/05/2023 07:00,,,31.122,20.168,27.086,71.422
28/05/2023 07:30,,,28.554,22.282,28.036,74.454
28/05/2023 08:00,,,28.61,25.168,30.386,90.108
28/05/2023 08:30,,,37.35,31.186,36.686,91.282
28/05/2023 09:00,,,32.306,20.616,29.938,71.732
28/05/2023 09:30,,,17.482,16.36,16.502,43.936
28/05/2023 10:00,,,13.804,9.256,5.32,18.55
28/05/2023 10:30,,,5.928,3.488,0.738,3.414
28/05/2023 11:00,,,0.924,0.552,,
28/05/2023 11:30,,,,,,
28/05/2023 12:00,,,,,,
28/05/2023 12:30,,,,,,
28/05/2023 13:00,,,,,,
28/05/2023 13:30,,,,,,
28/05/2023 14:00,,,,,,
28/05/2023 14:30,,,,,,
28/05/2023 15:00,,,,,,
28/05/2023 15:30,,,,,,
28/05/2023 16:00,,,,,,
28/05/2023 16:30,,,,,,
28/05/2023 17:00,,,,,,
28/05/2023 17:30,,,,,,
28/05/2023 18:00,,,,,,
28/05/2023 18:30,,,,,,
28/05/2023 19:00,,,,,,
28/05/2023 19:30,,,,,,
28/05/2023 20:00,,,,,,
28/05/2023 20:30,,,,,,
28/05/2023 21:00,,,,,,
28/05/2023 21:30,,,,,,
28/05/2023 22:00,,,,,,
28/05/2023 22:30,,,,,,
28/05/2023 23:00,,,,,,
28/05/2023 23:30,,,,,,
29/05/2023 00:00,,,,,,
29/05/2023 00:30,,,,,,
29/05/2023 01:00,,,,,,
29/05/2023 01:30,,,,,,
29/05/2023 02:00,,,,,,
29/05/2023 02:30,,,,,,
29/05/2023 03:00,,,,,,0.188
29/05/2023 03:30,,,,,,
29/05/2023 04:00,,,,,,
29/05/2023 04:30,,,,0.184,,
29/05/2023 05:00,,,,0.258,0.658,0.258
29/05/2023 05:30,,,,0.058,0.558,
29/05/2023 06:00,,,,,0.174,
29/05/2023 06:30,,,,,,
29/05/2023 07:00,,,,,,
29/05/2023 07:30,,,,,,
29/05/2023 08:00,,,,,,
29/05/2023 08:30,,,,,,
29/05/2023 09:00,,,,,,
29/05/2023 09:30,,,,,,
29/05/2023 10:00,,,,,,
29/05/2023 10:30,,,,,,
29/05/2023 11:00,,,,,,
29/05/2023 11:30,,,,,,
29/05/2023 12:00,,,,,,
29/05/2023 12:30,,,,,,
29/05/2023 13:00,,,,,,
29/05/2023 13:30,,,,,,
29/05/2023 14:00,,,0.852,0.69,1.334,3.3
29/05/2023 14:30,,,3.214,1.238,3.806,8.09
29/05/2023 15:00,,,2.398,0.02,2.694,7.268
29/05/2023 15:30,,,1.35,1.084,1.592,4.578
29/05/2023 16:00,,,2.238,2.084,1.834,4.528
29/05/2023 16:30,,,5.93,2.91,4.384,9.902
29/05/2023 17:00,,,4.032,1.714,4.464,8.896
29/05/2023 17:30,,,1.504,0.562,1.878,5.49
29/05/2023 18:00,,,0.866,0.156,1.286,7.878
29/05/2023 18:30,,,0.914,1.142,2.92,14.834
29/05/2023 19:00,,,2.12,1.172,3.872,18.206
29/05/2023 19:30,,,3.616,1.838,4.954,12.168
29/05/2023 20:00,,,2.382,0.73,2.792,5.184
29/05/2023 20:30,,,1.202,,0.728,0.744
29/05/2023 21:00,,,0.6,,,
29/05/2023 21:30,,,,,,
29/05/2023 22:00,,,,,,
29/05/2023 22:30,,,,,,
29/05/2023 23:00,,,,,,
29/05/2023 23:30,,,,,,
30/05/2023 00:00,,,,,,
30/05/2023 00:30,,,,,,
30/05/2023 01:00,,,1.942,1.166,2.1,2.33
30/05/2023 01:30,,,2.72,0.368,3.142,3.126
30/05/2023 02:00,,,2.92,0.382,3.962,4.974
30/05/2023 02:30,,,1.612,0.356,1.724,1.986
30/05/2023 03:00,,,0.004,0.066,0.144,1.272
30/05/2023 03:30,,,,0.742,0.318,4.646
30/05/2023 04:00,,,,,,1.23
30/05/2023 04:30,,,,,,
30/05/2023 05:00,,,,0.908,,3.412
30/05/2023 05:30,,,,,,3.156
30/05/2023 06:00,,,,,,
30/05/2023 06:30,,,,,,
30/05/2023 07:00,,,,,,
30/05/2023 07:30,,,,,,
30/05/2023 08:00,,,,,,
30/05/2023 08:30,,,,,,
30/05/2023 09:00,,,,,,
30/05/2023 09:30,,,,,,
30/05/2023 10:00,,,,,,
30/05/2023 10:30,,,,,,
30/05/2023 11:00,,,,,,
30/05/2023 11:30,,,,,,
30/05/2023 12:00,,,,,,1.432
30/05/2023 12:30,,,,,,3.174
30/05/2023 13:00,,,,,,2.202
30/05/2023 13:30,,,,,,1.304
30/05/2023 14:00,,,,,,
30/05/2023 14:30,,,,,,
30/05/2023 15:00,,,,,,
30/05/2023 15:30,,,,,,
30/05/2023 16:00,,,,,,
30/05/2023 16:30,,,,,,
30/05/2023 17:00,,,,,,0.108
30/05/2023 17:30,,,0.07,,0.782,2.238
30/05/2023 18:00,,,1.544,0.996,2.398,4.204
30/05/2023 18:30,,,1.52,1.48,2.3,3.764
30/05/2023 19:00,,,2.774,2.682,3.882,6.49
30/05/2023 19:30,,,5.114,4.334,6.068,11.888
30/05/2023 20:00,,,7.32,5.386,8.2,14.718
30/05/2023 20:30,,,6.11,2.7,5.806,9.236
30/05/2023 21:00,,,3.606,1.426,2.68,3.67
30/05/2023 21:30,,,2.264,0.128,0.526,
30/05/2023 22:00,,,0.292,1.052,,
30/05/2023 22:30,,,1.564,2.4,1.052,0.562
30/05/2023 23:00,,,1.654,2.562,2.114,2.064
30/05/2023 23:30,,,2.858,4.014,2.594,1.682
31/05/2023 00:00,,,2.226,4.028,3.99,3.754
31/05/2023 00:30,,,0.998,1.934,2.418,3.694
31/05/2023 01:00,,,,0.672,0.234,2.908
31/05/2023 01:30,,,1.094,1.618,0.514,3.372
31/05/2023 02:00,,,0.652,2.51,1.594,3.682
31/05/2023 02:30,,,0.032,2.592,0.932,2.834
31/05/2023 03:00,,,,2.55,1.588,1.088
31/05/2023 03:30,,,1.198,3.104,3.55,3.266
31/05/2023 04:00,,,0.864,2.494,3.314,3.136
31/05/2023 04:30,,,1.822,1.46,2.702,0.58
31/05/2023 05:00,,,0.902,0.314,1.448,
31/05/2023 05:30,,,0.32,,,
31/05/2023 06:00,,,,,,
31/05/2023 06:30,,,,0.222,,
31/05/2023 07:00,,,,,,
31/05/2023 07:30,,,,,,
31/05/2023 08:00,,,,,,
31/05/2023 08:30,,,,,,
31/05/2023 09:00,,,,,,
31/05/2023 09:30,,,,,,
31/05/2023 10:00,,,,,,
31/05/2023 10:30,,,,0.008,,
31/05/2023 11:00,,,2.11,4.552,0.15,0.304
31/05/2023 11:30,,,5.574,2.968,3.15,1.444
31/05/2023 12:00,,,5.112,2.152,3.906,3.756
31/05/2023 12:30,,,2.388,0.012,1.892,2.104
31/05/2023 13:00,,,0.146,,0.132,
31/05/2023 13:30,,,,,,
31/05/2023 14:00,,,,,,
31/05/2023 14:30,,,,,,
31/05/2023 15:00,,,,,,
31/05/2023 15:30,,,,,,
31/05/2023 16:00,,,,,,
31/05/2023 16:30,,,,,,
31/05/2023 17:00,,,,,,
31/05/2023 17:30,,,,,,
31/05/2023 18:00,,,,,,
31/05/2023 18:30,,,,,,
31/05/2023 19:00,,,,,,
31/05/2023 19:30,,,,,,
31/05/2023 20:00,,,,,,
31/05/2023 20:30,,,0.354,0.576,0.166,
31/05/2023 21:00,,,1.102,1.066,0.612,0.986
31/05/2023 21:30,,,1.364,2.362,1.418,4.384
31/05/2023 22:00,,,2.568,3.006,2.958,7.556
31/05/2023 22:30,,,3.55,2.746,2.692,8.278
31/05/2023 23:00,,,2.318,2.384,2.084,7.404
31/05/2023 23:30,,,3.54,1.944,3.088,9.822
01/06/2023 00:00,,,8.548,5.114,8.618,20.218
01/06/2023 00:30,,,9.524,7.16,10.47,28.546
01/06/2023 01:00,,,13.092,14.05,12.866,28.29
01/06/2023 01:30,,,27.306,13.726,16.502,32.042
01/06/2023 02:00,,,21.666,11.674,13.21,25.088
01/06/2023 02:30,,,31.502,31.48,21.406,34.57
01/06/2023 03:00,,,55.116,41.332,37.58,58.484
01/06/2023 03:30,,,51.388,42.374,49.19,92.74
01/06/2023 04:00,,,78.42,51.754,59.046,105.006
01/06/2023 04:30,,,66.632,38.106,49.574,91.784
01/06/2023 05:00,,,58.182,33.82,44.264,75.634
01/06/2023 05:30,,,60.652,36.932,44.086,78.118
01/06/2023 06:00,,,62.008,34.316,41.08,70.968
01/06/2023 06:30,,,64.072,36.118,46.252,81.17
01/06/2023 07:00,,,56.954,32.134,43.672,81.082
01/06/2023 07:30,,,56.256,37.414,39.228,80.062
01/06/2023 08:00,,,62.506,44.034,51.51,108.326
01/06/2023 08:30,,,83.094,59.908,70.204,133.32
01/06/2023 09:00,,,88.668,63.314,80.372,157.708
01/06/2023 09:30,,,77.85,65.822,87.652,171.782
01/06/2023 10:00,,,84.46,60.81,85.178,173.216
01/06/2023 10:30,,,49.794,50.34,69.494,151.724
01/06/2023 11:00,,,52.532,50.554,63.694,121.186
01/06/2023 11:30,,,67.53,48.086,68.572,118.534
01/06/2023 12:00,,,53.954,40.694,60,122.474
01/06/2023 12:30,,,58.212,43.492,49.828,112.818
01/06/2023 13:00,,,56.28,42.97,55.162,119.028
01/06/2023 13:30,,,54.354,55.384,60.76,122.53
01/06/2023 14:00,,,60.722,39.984,62.92,134.446
01/06/2023 14:30,,,33.67,23.354,37.092,99.204
01/06/2023 15:00,,,32.516,30.08,31.514,79.692
01/06/2023 15:30,,,41.728,34.814,41.142,94.67
01/06/2023 16:00,,,43.118,34.404,46.4,105.166
01/06/2023 16:30,,,52.376,33.834,50.974,94.72
01/06/2023 17:00,,,55.406,37.464,51.364,93.52
01/06/2023 17:30,,,65.162,46.594,60.122,102.298
01/06/2023 18:00,,,58.038,43.298,56.384,96.206
01/06/2023 18:30,,,47.452,38.566,49.97,78.888
01/06/2023 19:00,,,44.602,32.178,43.24,77.646
01/06/2023 19:30,,,41.246,28.538,40.398,75.066
01/06/2023 20:00,,,43.702,28.34,37.692,79.296
01/06/2023 20:30,,,43.694,31.074,37.81,79.114
01/06/2023 21:00,,,42.772,32.238,38.072,84.636
01/06/2023 21:30,,,33.216,25.522,33.042,79.456
01/06/2023 22:00,,,28.552,23.78,34.866,81.916
01/06/2023 22:30,,,35.446,21.722,39.438,81.34
01/06/2023 23:00,,,32.332,21.65,31.202,68.994
01/06/2023 23:30,,,29.722,18.138,25.63,60.668
02/06/2023 00:00,,,30.192,18.048,25.824,63.4
02/06/2023 00:30,,,30.344,17.796,25.762,58.758
02/06/2023 01:00,,,29.044,16.268,25.142,57.144
02/06/2023 01:30,,,28.76,18.032,25.8,50.896
02/06/2023 02:00,,,27.814,15.85,23.422,41.432
02/06/2023 02:30,,,24.608,13.272,19.332,34.542
02/06/2023 03:00,,,21.614,12.192,16.016,29.748
02/06/2023 03:30,,,19.34,10.192,15.704,28.558
02/06/2023 04:00,,,18.812,10.09,14.87,26.154
02/06/2023 04:30,,,12.782,7.28,11.844,21.25
02/06/2023 05:00,,,13.114,7.33,11.336,19.084
02/06/2023 05:30,,,11.79,6.722,9.71,16.98
02/06/2023 06:00,,,10.624,6.43,9.254,16.196
02/06/2023 06:30,,,8.09,4.802,6.932,12.632
02/06/2023 07:00,,,4.8,2.146,4.052,6.72
02/06/2023 07:30,,,2.836,0.826,1.998,2.256
02/06/2023 08:00,,,0.588,,0.002,
02/06/2023 08:30,,,,,,
02/06/2023 09:00,,,,,,
02/06/2023 09:30,,,0.002,,,
02/06/2023 10:00,,,,,,
02/06/2023 10:30,,,0.04,,,
02/06/2023 11:00,,,,,,
02/06/2023 11:30,,,,,,
02/06/2023 12:00,,,,,,
02/06/2023 12:30,,,,,,
02/06/2023 13:00,,,,,,
02/06/2023 13:30,,,,,,
02/06/2023 14:00,,,,,,
02/06/2023 14:30,,,,,,
02/06/2023 15:00,,,,,,
02/06/2023 15:30,,,,,,
02/06/2023 16:00,,,,,,
02/06/2023 16:30,,,,,,
02/06/2023 17:00,,,,,,
02/06/2023 17:30,,,,,,
02/06/2023 18:00,,,,,,
02/06/2023 18:30,,,,,,
02/06/2023 19:00,,,,,,
02/06/2023 19:30,,,,,,
02/06/2023 20:00,,,,,,
02/06/2023 20:30,,,,,,
02/06/2023 21:00,,,,,,
02/06/2023 21:30,,,,,,
02/06/2023 22:00,,,,,,
02/06/2023 22:30,,,,,,
02/06/2023 23:00,,,,,,
02/06/2023 23:30,,,,,,
03/06/2023 00:00,,,,,,
03/06/2023 00:30,,,,,,
03/06/2023 01:00,,,,,,
03/06/2023 01:30,,,,,,
03/06/2023 02:00,,,,,,
03/06/2023 02:30,,,,,,
03/06/2023 03:00,,,,,,
03/06/2023 03:30,,,,,,
03/06/2023 04:00,,,,,,
03/06/2023 04:30,,,,,,
03/06/2023 05:00,,,,,,
03/06/2023 05:30,,,,,,
03/06/2023 06:00,,,,,,
03/06/2023 06:30,,,,,,
03/06/2023 07:00,,,,,,
03/06/2023 07:30,,,,,,
03/06/2023 08:00,,,,,,
03/06/2023 08:30,,,,,,
03/06/2023 09:00,,,,,,
03/06/2023 09:30,,,,,,
03/06/2023 10:00,,,,,,
03/06/2023 10:30,,,,,,
03/06/2023 11:00,,,,,,
03/06/2023 11:30,,,,,,
03/06/2023 12:00,,,,,,0.39
03/06/2023 12:30,,,,,,
03/06/2023 13:00,,,,1.084,,
03/06/2023 13:30,,,,1.996,,2.698
03/06/2023 14:00,,,,,,0.272
03/06/2023 14:30,,,0.54,2.198,,2.97
03/06/2023 15:00,,,4.138,4.984,1.254,6.48
03/06/2023 15:30,,,9.416,8.39,4.324,15.8
03/06/2023 16:00,,,9.124,7.9,4.348,16.098
03/06/2023 16:30,,,9.76,6.824,4.532,12.902
03/06/2023 17:00,,,7.464,5.514,2.698,10.676
03/06/2023 17:30,,,6.25,6.09,2.614,11.274
03/06/2023 18:00,,,5.692,4.666,6.23,15.794
03/06/2023 18:30,,,4.524,3.504,4.648,13.182
03/06/2023 19:00,,,1.916,2.268,2.644,8.668
03/06/2023 19:30,,,1.728,1.802,3.124,5.496
03/06/2023 20:00,,,2.444,2.28,2.846,3.13
03/06/2023 20:30,,,2.582,2.296,2.2,1.368
03/06/2023 21:00,,,4.73,2.478,3.228,3.802
03/06/2023 21:30,,,7.312,2.652,5.406,8.516
03/06/2023 22:00,,,9.37,5.266,7.512,13.884
03/06/2023 22:30,,,11.804,8.36,10.396,21.468
03/06/2023 23:00,,,12.766,10.396,12.112,26.28
03/06/2023 23:30,,,14.618,8.804,13.254,28.164
04/06/2023 00:00,,,,,,
04/06/2023 00:30,,,,,,
04/06/2023 01:00,,,,,,
04/06/2023 01:30,,,,,,
04/06/2023 02:00,,,,,,
04/06/2023 02:30,,,,,,
04/06/2023 03:00,,,,,,
04/06/2023 03:30,,,,,,
04/06/2023 04:00,,,,,,
04/06/2023 04:30,,,,,,
04/06/2023 05:00,,,,,,
04/06/2023 05:30,,,,,,
04/06/2023 06:00,,,,,,
04/06/2023 06:30,,,,,,
04/06/2023 07:00,,,,,,
04/06/2023 07:30,,,,,,
04/06/2023 08:00,,,,,,
04/06/2023 08:30,,,,,,
04/06/2023 09:00,,,,,,
04/06/2023 09:30,,,,,,
04/06/2023 10:00,,,,,,
04/06/2023 10:30,,,,,,
04/06/2023 11:00,,,,,,
04/06/2023 11:30,,,,,,
04/06/2023 12:00,,,,,,
04/06/2023 12:30,,,,,,
04/06/2023 13:00,,,,,,
04/06/2023 13:30,,,,,,
04/06/2023 14:00,,,,,,
04/06/2023 14:30,,,,,,
04/06/2023 15:00,,,,,,
04/06/2023 15:30,,,,,,
04/06/2023 16:00,,,,,,
04/06/2023 16:30,,,,,,
04/06/2023 17:00,,,,,,
04/06/2023 17:30,,,,,,
04/06/2023 18:00,,,,,,
04/06/2023 18:30,,,,,,
04/06/2023 19:00,,,,,,
04/06/2023 19:30,,,,,,
04/06/2023 20:00,,,,,,
04/06/2023 20:30,,,,,,
04/06/2023 21:00,,,,,,
04/06/2023 21:30,,,,,,
04/06/2023 22:00,,,,,,
04/06/2023 22:30,,,,,,
04/06/2023 23:00,,,,,,
04/06/2023 23:30,,,,,,
05/06/2023 00:00,,,0.948,0.422,,
05/06/2023 00:30,,,2.308,0.648,0.594,0.29
05/06/2023 01:00,,,3.98,2.304,2.256,3.462
05/06/2023 01:30,,,3.916,2.444,3.454,4.468
05/06/2023 02:00,,,3.66,2.318,2.298,4.85
05/06/2023 02:30,,,1.904,0.238,1.254,0.866
05/06/2023 03:00,,,0.802,,,
05/06/2023 03:30,,,,,,
05/06/2023 04:00,,,,0.224,,
05/06/2023 04:30,,,,0.218,,
05/06/2023 05:00,,,0.24,,0.166,
05/06/2023 05:30,,,1.202,,0.584,
05/06/2023 06:00,,,1.138,,0.288,
05/06/2023 06:30,,,0.05,,,
05/06/2023 07:00,,,0.286,,,
05/06/2023 07:30,,,2.176,,,
05/06/2023 08:00,,,1.738,,,
05/06/2023 08:30,,,1.044,0.604,,
05/06/2023 09:00,,,1.7,2.304,0.556,0.154
05/06/2023 09:30,,,2.76,3.292,1.948,3.62
05/06/2023 10:00,,,2.624,2.642,2.488,4.824
05/06/2023 10:30,,,1.968,5.268,2.894,5.424
05/06/2023 11:00,,,4.34,2,3.822,4.446
05/06/2023 11:30,,,4.066,,2.072,4.67
05/06/2023 12:00,,,2.464,,0.46,1.054
05/06/2023 12:30,,,2.888,0.752,0.476,
05/06/2023 13:00,,,1.904,2.44,0.254,
05/06/2023 13:30,,,2.736,5.45,2.516,6.76
05/06/2023 14:00,,,5.514,1.866,4.094,10.12
05/06/2023 14:30,,,4.868,2.482,2.158,3.65
05/06/2023 15:00,,,6.87,4.878,3.296,1.68
05/06/2023 15:30,,,5.812,4.064,4.54,0.872
05/06/2023 16:00,,,4.658,2.86,2.42,2.676
05/06/2023 16:30,,,4.418,3.31,2.822,5.504
05/06/2023 17:00,,,3.228,2.286,3.146,2.664
05/06/2023 17:30,,,3.084,2.638,2.64,1.924
05/06/2023 18:00,,,3.788,3.948,2.238,1.738
05/06/2023 18:30,,,8.176,6.868,4.774,3.746
05/06/2023 19:00,,,13.082,8.926,7.236,3.904
05/06/2023 19:30,,,9.244,7.904,10.462,9.404
05/06/2023 20:00,,,5.98,8.922,9.166,11.824
05/06/2023 20:30,,,2.114,7.398,6.672,9.72
05/06/2023 21:00,,,1.802,2.858,5.308,12.636
05/06/2023 21:30,,,2.852,2.402,4.444,19.848
05/06/2023 22:00,,,3.038,1.88,2.192,12.472
05/06/2023 22:30,,,2.71,1.418,2.022,7.882
05/06/2023 23:00,,,2.564,1.316,2.6,6.59
05/06/2023 23:30,,,2.25,1.224,1.2,5.894
06/06/2023 00:00,,,3.916,2.016,2.024,4.068
06/06/2023 00:30,,,2.162,2.604,2.816,3.57
06/06/2023 01:00,,,1.976,0.542,0.778,0.308
06/06/2023 01:30,,,2.504,0.116,0.984,0.65
06/06/2023 02:00,,,1.176,,0.552,0.296
06/06/2023 02:30,,,0.508,0.644,0.456,0.812
06/06/2023 03:00,,,,,,
06/06/2023 03:30,,,,,,
06/06/2023 04:00,,,,,,
06/06/2023 04:30,,,0.28,0.476,,
06/06/2023 05:00,,,,,,
06/06/2023 05:30,,,,,,
06/06/2023 06:00,,,,,,
06/06/2023 06:30,,,,,,
06/06/2023 07:00,,,,,,
06/06/2023 07:30,,,,,,
06/06/2023 08:00,,,,,,
06/06/2023 08:30,,,,,,
06/06/2023 09:00,,,,,,
06/06/2023 09:30,,,,,,
06/06/2023 10:00,,,,,,
06/06/2023 10:30,,,,,,
06/06/2023 11:00,,,,,,
06/06/2023 11:30,,,,,,
06/06/2023 12:00,,,,,,
06/06/2023 12:30,,,,,,
06/06/2023 13:00,,,,,,
06/06/2023 13:30,,,,,,
06/06/2023 14:00,,,,,,
06/06/2023 14:30,,,,,,
06/06/2023 15:00,,,,,,
06/06/2023 15:30,,,,,,
06/06/2023 16:00,,,,,,
06/06/2023 16:30,,,,,,
06/06/2023 17:00,,,,,,
06/06/2023 17:30,,,,,,
06/06/2023 18:00,,,,,,
06/06/2023 18:30,,,,,,
06/06/2023 19:00,,,,,,
06/06/2023 19:30,,,,,,
06/06/2023 20:00,,,,,,
06/06/2023 20:30,,,,,,
06/06/2023 21:00,,,,,,
06/06/2023 21:30,,,,,,
06/06/2023 22:00,,,,,,
06/06/2023 22:30,,,,,,
06/06/2023 23:00,,,,,,
06/06/2023 23:30,,,,,,
07/06/2023 00:00,,,,,,
07/06/2023 00:30,,,,,,
07/06/2023 01:00,,,,,,
07/06/2023 01:30,,,,,,
07/06/2023 02:00,,,,,,
07/06/2023 02:30,,,,,,
07/06/2023 03:00,,,,,,
07/06/2023 03:30,,,,,,
07/06/2023 04:00,,,,,,
07/06/2023 04:30,,,,,,
07/06/2023 05:00,,,,,,
07/06/2023 05:30,,,,,,
07/06/2023 06:00,,,,,,
07/06/2023 06:30,,,,,,
07/06/2023 07:00,,,,,,
07/06/2023 07:30,,,,,,
07/06/2023 08:00,,,,,,
07/06/2023 08:30,,,,,,
07/06/2023 09:00,,,,,,
07/06/2023 09:30,,,,,,
07/06/2023 10:00,,,,,,
07/06/2023 10:30,,,,,,
07/06/2023 11:00,,,,,,
07/06/2023 11:30,,,,,,
07/06/2023 12:00,,,,,,
07/06/2023 12:30,,,,,,
07/06/2023 13:00,,,,,,
07/06/2023 13:30,,,,,,
07/06/2023 14:00,,,,,,
07/06/2023 14:30,,,,,,
07/06/2023 15:00,,,,,,
07/06/2023 15:30,,,,,,
07/06/2023 16:00,,,,,,
07/06/2023 16:30,,,,0.47,,
07/06/2023 17:00,,,0.008,1.872,0.754,0.178
07/06/2023 17:30,,,,1.332,0.392,0.866
07/06/2023 18:00,,,,1.176,0.904,0.836
07/06/2023 18:30,,,,,,0.854
07/06/2023 19:00,,,,,,0.516
07/06/2023 19:30,,,,,,
07/06/2023 20:00,,,,,,
07/06/2023 20:30,,,,,,
07/06/2023 21:00,,,,,,
07/06/2023 21:30,,,,,,
07/06/2023 22:00,,,,,,
07/06/2023 22:30,,,,,,
07/06/2023 23:00,,,,,,
07/06/2023 23:30,,,,,,
08/06/2023 00:00,,,,,,
08/06/2023 00:30,,,,,,
08/06/2023 01:00,,,,,,
08/06/2023 01:30,,,,,,
08/06/2023 02:00,,,,,,
08/06/2023 02:30,,,,,,
08/06/2023 03:00,,,,,,
08/06/2023 03:30,,,,0.63,,2.648
08/06/2023 04:00,,,,2.666,0.52,7.308
08/06/2023 04:30,,,1.382,3.35,1.758,8.694
08/06/2023 05:00,,,6.682,3.05,5.412,8.256
08/06/2023 05:30,,,4.952,0.918,3.888,7.204
08/06/2023 06:00,,,4.352,0.032,2.194,3.062
08/06/2023 06:30,,,6.414,1.44,3.678,4.894
08/06/2023 07:00,,,4.692,1.876,4.778,8.374
08/06/2023 07:30,,,4.13,2.602,2.904,8.94
08/06/2023 08:00,,,6.988,3.574,3.364,5.936
08/06/2023 08:30,,,8.35,5.334,5.476,8.128
08/06/2023 09:00,,,7.6,5.634,7.434,9.828
08/06/2023 09:30,,,2.576,1.892,4.878,8.372
08/06/2023 10:00,,,0.834,0.518,1.51,4.82
08/06/2023 10:30,,,2.65,1.946,2.36,4.28
08/06/2023 11:00,,,3.99,3.002,3.196,5.372
08/06/2023 11:30,,,5.254,4.486,4.582,6.494
08/06/2023 12:00,,,5.008,4.284,5.188,7.794
08/06/2023 12:30,,,4.112,3.168,4.138,8.236
08/06/2023 13:00,,,3.734,2.42,3.594,6.948
08/06/2023 13:30,,,1.986,0.954,1.486,2.844
08/06/2023 14:00,,,1.388,0.86,1.122,0.57
08/06/2023 14:30,,,0.554,0.406,0.454,0.036
08/06/2023 15:00,,,1.712,0.824,1.062,1.394
08/06/2023 15:30,,,4.512,2.064,3.416,4.658
08/06/2023 16:00,,,4.744,1.908,3.544,5.022
08/06/2023 16:30,,,5.902,3.396,5.138,8.044
08/06/2023 17:00,,,4.364,2.318,4.128,5.71
08/06/2023 17:30,,,3.538,2.308,3.736,6.144
08/06/2023 18:00,,,4.534,3.27,4.852,8.346
08/06/2023 18:30,,,2.848,2.342,3.372,6.476
08/06/2023 19:00,,,4.51,2.39,3.398,6.28
08/06/2023 19:30,,,6.308,1.89,3.504,4.834
08/06/2023 20:00,,,7.27,2.31,5.24,5.11
08/06/2023 20:30,,,8.696,2.858,7.576,8.582
08/06/2023 21:00,,,4.818,1.828,6.49,8.666
08/06/2023 21:30,,,5.414,1.366,4.468,5.51
08/06/2023 22:00,,,5.582,0.536,3.386,2.72
08/06/2023 22:30,,,7.034,0.068,5.108,2.724
08/06/2023 23:00,,,7.748,1.13,5.386,3.384
08/06/2023 23:30,,,7.362,1.838,4.802,8.462
09/06/2023 00:00,2.102,1.954,2.168,2.236,1.852,4.474
09/06/2023 00:30,1.526,0.404,,1.258,0.17,5.61
09/06/2023 01:00,0.794,1.732,,,0.584,4.424
09/06/2023 01:30,,0.926,,,0.364,1.134
09/06/2023 02:00,0.058,,,,0.082,0.02
09/06/2023 02:30,0.048,,1.488,,0.014,1.04
09/06/2023 03:00,,,1.58,0.05,0.322,
09/06/2023 03:30,,1.298,0.368,0.496,0.606,
09/06/2023 04:00,0.284,2.012,0.55,0.67,1.476,1.03
09/06/2023 04:30,0.308,1.34,2.028,0.078,1.334,1.666
09/06/2023 05:00,0.83,1.244,2.738,0.278,1.276,3.592
09/06/2023 05:30,1.48,1.73,0.408,1.536,1.178,4.682
09/06/2023 06:00,0.24,0.418,0.646,,0.128,4.382
09/06/2023 06:30,0.432,,2.256,0.478,,3.57
09/06/2023 07:00,2.244,0.17,5.314,2.152,0.232,3.048
09/06/2023 07:30,3.426,1.118,8.222,4.402,1.192,5.592
09/06/2023 08:00,3.506,3.594,11.196,7.498,4.556,9.374
09/06/2023 08:30,5.052,5.832,14.264,9.122,7.064,14.02
09/06/2023 09:00,4.46,6.264,11.888,7.094,6.608,18.054
09/06/2023 09:30,4.036,6.934,9.048,3.126,6.65,20.766
09/06/2023 10:00,3.648,7.408,3.17,3.26,6.154,14.808
09/06/2023 10:30,1.222,2.71,5.622,2.26,2.998,16.82
09/06/2023 11:00,0.79,2.862,2.15,1.856,1.548,14.39
09/06/2023 11:30,0.452,2.932,2.444,1.344,1.624,9.624
09/06/2023 12:00,0.158,0.804,2.454,0.462,0.872,5.764
09/06/2023 12:30,0.502,1.872,5.114,1.192,1.386,2.31
09/06/2023 13:00,0.776,2.616,5.268,3.152,1.454,2.474
09/06/2023 13:30,1.576,2.36,5.976,2.938,2.06,5.662
09/06/2023 14:00,1.938,1.652,5.208,1.566,1.946,6.432
09/06/2023 14:30,1.364,2.24,5.94,1.194,1.67,7.99
09/06/2023 15:00,1.88,3.674,5.514,0.456,2.89,5.612
09/06/2023 15:30,1.694,3.098,3.878,1.258,2.004,5.14
09/06/2023 16:00,1.126,2.474,2.73,0.522,1.926,5.5
09/06/2023 16:30,0.838,1.692,2.706,0.352,1.314,4.536
09/06/2023 17:00,0.932,1.098,1.88,0.722,1.156,4.144
09/06/2023 17:30,0.802,1.04,1.772,1.086,0.694,4
09/06/2023 18:00,0.63,1.002,2.074,0.428,0.38,2.756
09/06/2023 18:30,0.582,0.854,1.84,0.506,0.144,1.252
09/06/2023 19:00,0.67,0.902,1.694,0.952,0.446,1.312
09/06/2023 19:30,1.058,1.104,2.538,0.946,1.142,2.496
09/06/2023 20:00,0.934,1.756,3.118,1.966,1.156,3.658
09/06/2023 20:30,1.278,1.53,2.51,1.598,0.908,4.224
09/06/2023 21:00,1.626,1.262,2.38,1.966,1.192,3.848
09/06/2023 21:30,1.534,1.57,2.732,2.08,1.496,4.56
09/06/2023 22:00,1.232,1.75,3.11,2.02,1.46,4.096
09/06/2023 22:30,0.41,1.12,1.734,0.702,0.56,0.672
09/06/2023 23:00,0.886,2.112,3.572,0.878,1.654,2.148
09/06/2023 23:30,1.666,2.504,3.998,1.878,1.806,4.306
10/06/2023 00:00,1.846,2.274,4.17,2.056,1.874,4.542
10/06/2023 00:30,1.162,1.752,2.986,1.544,1.336,3.914
10/06/2023 01:00,1.744,2.27,4.444,2.134,1.964,5.038
10/06/2023 01:30,1.638,2.072,3.206,2.304,1.498,5.154
10/06/2023 02:00,0.822,1.368,2.424,0.936,0.94,1.484
10/06/2023 02:30,0.762,1.082,1.712,0.882,0.824,2.68
10/06/2023 03:00,1.108,1.744,2.94,1.644,1.418,3.318
10/06/2023 03:30,0.408,1.194,2.016,0.344,0.978,0.86
10/06/2023 04:00,,0.804,1.022,,0.344,
10/06/2023 04:30,0.148,0.608,1.332,,0.366,0.062
10/06/2023 05:00,0.332,0.53,1.276,0.224,0.346,0.488
10/06/2023 05:30,0.01,0.046,0.362,,,
10/06/2023 06:00,0.276,0.228,1.524,0.23,0.168,
10/06/2023 06:30,0.454,1.348,2.138,0.954,0.424,0.982
10/06/2023 07:00,0.506,1.03,2.71,0.814,0.118,1.12
10/06/2023 07:30,0.374,0.384,1.358,0.842,0.196,0.1
10/06/2023 08:00,0.164,0.784,1.33,0.282,,
10/06/2023 08:30,,0.052,1.146,,,
10/06/2023 09:00,,0.616,2.466,,,
10/06/2023 09:30,0.716,0.824,3.574,0.78,0.588,
10/06/2023 10:00,0.764,1.222,2.944,0.958,0.67,0.294
10/06/2023 10:30,0.604,0.832,2.176,0.89,0.314,1.556
10/06/2023 11:00,0.844,1.33,3.068,1.202,0.468,1.878
10/06/2023 11:30,0.616,1.726,4.052,0.55,0.72,1.482
10/06/2023 12:00,2.348,3.26,8.132,3.746,2.236,5.964
10/06/2023 12:30,2.13,4.722,9.624,3.69,2.918,6.78
10/06/2023 13:00,3.066,4.9,10.33,3.12,3.658,7.822
10/06/2023 13:30,4.854,6.312,11.002,4.288,4.784,8.64
10/06/2023 14:00,4.19,5.774,12.94,6.568,4.224,13.324
10/06/2023 14:30,6.566,8.138,23.256,8.214,7.134,18.632
10/06/2023 15:00,11.934,12.402,24.664,17.396,11.064,25.072
10/06/2023 15:30,14.194,14.816,30.412,18.768,14.248,32.746
10/06/2023 16:00,16.806,20.466,35.718,18.972,19.122,41.26
10/06/2023 16:30,20.294,25.09,48.324,20.706,22.398,47.18
10/06/2023 17:00,26.738,37.374,67.526,22.052,32.24,54.536
10/06/2023 17:30,32.51,48.408,88.444,30.506,42.04,85.148
10/06/2023 18:00,40.194,50.274,109.406,45.646,49.73,113.294
10/06/2023 18:30,43.174,58.458,105.542,48.296,52.534,122.278
10/06/2023 19:00,49.992,60.272,100.842,51.226,46.942,117.708
10/06/2023 19:30,44.996,66.528,100.084,54.016,49.396,138.862
10/06/2023 20:00,42.782,73.866,101.328,55.838,47.972,147.52
10/06/2023 20:30,42.454,77.938,97.076,60.232,48.048,132.22
10/06/2023 21:00,42.962,76.534,99.432,57.27,48.242,124.96
10/06/2023 21:30,41.684,68.892,101.576,59.222,45.534,132.382
10/06/2023 22:00,39.866,65.73,102.616,59.586,45.986,140.214
10/06/2023 22:30,43.112,51.716,98.79,61.178,45.252,180.69
10/06/2023 23:00,51.458,57.518,81.536,70.888,44.684,199.248
10/06/2023 23:30,50.53,60.974,81.678,77.878,37.77,187.656
11/06/2023 00:00,53.962,55.356,89.32,67.736,36.884,170.494
11/06/2023 00:30,55.69,52.192,91.56,61.018,39.78,136.69
11/06/2023 01:00,54.066,56.616,89.474,53.29,51.476,115.116
11/06/2023 01:30,48.916,54.942,102.632,43.436,53.41,118.056
11/06/2023 02:00,43.086,57.874,105.754,39.83,52.948,129.236
11/06/2023 02:30,41.618,58.302,98.71,34.532,51.09,96.32
11/06/2023 03:00,25.074,39.968,75.804,20.722,34.656,88.81
11/06/2023 03:30,26.862,33.858,60.046,31.462,27.358,86.6
11/06/2023 04:00,25.708,33.434,63.094,25.77,27.832,80.622
11/06/2023 04:30,21.022,37.438,71.422,23.952,31.564,84.414
11/06/2023 05:00,22.724,43.032,65.894,22.614,34.32,110.33
11/06/2023 05:30,25.976,42.806,65.526,27.708,34.072,113.884
11/06/2023 06:00,25.606,35.278,60.736,30.966,32.558,101.09
11/06/2023 06:30,21.338,29.36,53.14,24.068,25.008,84.372
11/06/2023 07:00,16.106,21.754,36.686,18.042,20.062,41.014
11/06/2023 07:30,9.702,11.466,28.408,8.874,12.562,20.692
11/06/2023 08:00,6.478,8.062,16.496,5.594,8.286,14.47
11/06/2023 08:30,6.02,9.552,21.1,4.774,9,12.64
11/06/2023 09:00,6.934,12.476,28.52,7.094,11.568,13.876
11/06/2023 09:30,4.91,10.304,24.53,4.886,9.874,15.044
11/06/2023 10:00,3.978,9.24,19.126,2.792,8.26,13.518
11/06/2023 10:30,3.486,7.298,20.432,4.064,6.814,10.452
11/06/2023 11:00,4.504,8.986,16.33,3.534,8.566,12.26
11/06/2023 11:30,4.47,8.9,19.434,4.066,8.496,5.986
11/06/2023 12:00,1.316,4.284,10.532,0.22,3.642,2.768
11/06/2023 12:30,1.052,2.8,4.88,0.106,2.416,1.526
11/06/2023 13:00,1.184,2.598,7.926,0.228,2.288,1.034
11/06/2023 13:30,2.926,2.588,8.144,2.432,3.194,3.86
11/06/2023 14:00,0.722,0.93,3.472,0.796,0.882,
11/06/2023 14:30,,0.646,0.474,,0.15,
11/06/2023 15:00,,0.69,0.838,,0.232,
11/06/2023 15:30,0.536,1.312,2.22,,0.886,
11/06/2023 16:00,0.886,1.534,4.554,1.012,1.31,2.99
11/06/2023 16:30,2.782,2.598,5.726,3.664,2.758,7.652
11/06/2023 17:00,2.58,2.132,6.254,3.15,2.532,11.012
11/06/2023 17:30,3.108,2.68,6.812,3.918,2.918,9.614
11/06/2023 18:00,4.034,3.908,11.44,6.13,3.45,9.502
11/06/2023 18:30,3.86,4.446,12.536,5.764,3.676,8.066
11/06/2023 19:00,5.07,5.036,13.378,9.374,4.838,13.028
11/06/2023 19:30,5.438,6.308,15.098,7.722,5.254,11.128
11/06/2023 20:00,2.604,7.988,15.358,2.032,5.772,6.83
11/06/2023 20:30,3.688,6.94,13.122,2.858,5.464,10.364
11/06/2023 21:00,5.63,8.452,14.642,6.388,6.272,18.476
11/06/2023 21:30,6.784,8.84,17.808,7.404,7.726,12.18
11/06/2023 22:00,3.32,12.168,23.314,4.058,8.512,6.388
11/06/2023 22:30,1.288,7.56,17.456,1.346,4.744,3.308
11/06/2023 23:00,0.138,6.174,14.856,,3.452,1.762
11/06/2023 23:30,0.84,6.864,11.402,0.53,4.008,4.816
12/06/2023 00:00,2.26,3.988,8.31,2.098,2.504,5.854
12/06/2023 00:30,0.796,2.02,4.632,,1.422,
12/06/2023 01:00,,0.31,0.354,,,
12/06/2023 01:30,,,,,,
12/06/2023 02:00,,,,,,
12/06/2023 02:30,,,,,,0.42
12/06/2023 03:00,0.844,0.06,1.112,1.554,0.056,3.718
12/06/2023 03:30,1.082,0.172,3.526,3.368,0.122,0.466
12/06/2023 04:00,,,0.7,1.508,,
12/06/2023 04:30,0.208,0.016,2.2,0.116,,
12/06/2023 05:00,0.264,0.416,1.932,,0.212,
12/06/2023 05:30,0.126,,0.908,,,
12/06/2023 06:00,,,,,,
12/06/2023 06:30,,,,,,
12/06/2023 07:00,,,,,,
12/06/2023 07:30,,,,,,
12/06/2023 08:00,,,,,,
12/06/2023 08:30,,,,,,
12/06/2023 09:00,,,,,,
12/06/2023 09:30,,,,,,
12/06/2023 10:00,,,,,,
12/06/2023 10:30,,,,,,
12/06/2023 11:00,,,,,,0.34
12/06/2023 11:30,,,,,,0.054
12/06/2023 12:00,,,,0.042,,
12/06/2023 12:30,0.134,0.612,0.96,,0.244,
12/06/2023 13:00,0.174,1.036,2.506,,0.424,1.354
12/06/2023 13:30,0.272,1.548,3.65,0.526,0.61,1.144
12/06/2023 14:00,0.84,1.824,2.844,0.832,1.038,3.228
12/06/2023 14:30,0.812,1.942,4.944,1.236,1.182,2.78
12/06/2023 15:00,0.094,1.27,4.926,0.118,0.408,2.772
12/06/2023 15:30,0.374,1.79,4.582,0.772,1.04,4.838
12/06/2023 16:00,0.824,1.4,3.262,1.318,0.69,2.33
12/06/2023 16:30,1.754,2.432,4.568,1.914,1.126,0.666
12/06/2023 17:00,2.496,3.972,7.052,3.832,2.3,2.758
12/06/2023 17:30,2.834,4.792,7.338,3.3,2.774,3.888
12/06/2023 18:00,2.228,3.732,6.126,3.636,3.102,8.726
12/06/2023 18:30,2.854,4.324,5.504,4.126,3.252,8.318
12/06/2023 19:00,2.65,4.08,5.894,3.96,2.766,5.12
12/06/2023 19:30,1.41,1.64,3.564,2.294,1.282,5.38
12/06/2023 20:00,0.986,2.848,6.178,1.77,1.716,6.492
12/06/2023 20:30,1.24,3.92,7.562,2.582,2.626,6.912
12/06/2023 21:00,1.478,4.278,9.918,3.148,3.002,7.064
12/06/2023 21:30,2.294,2.444,5.64,5.486,1.702,13.156
12/06/2023 22:00,2.518,3.122,4.986,5.174,2.326,11.73
12/06/2023 22:30,3.086,4.284,8.508,3.99,3.598,7.654
12/06/2023 23:00,2.916,4.464,12.716,2.268,4.008,4.72
12/06/2023 23:30,3.266,4.438,10.324,1.768,3.736,4.094
13/06/2023 00:00,2.338,3.79,7.654,1.906,2.768,3.932
13/06/2023 00:30,3.374,5.436,8.412,1.856,3.972,3.64
13/06/2023 01:00,3.024,4.604,8.302,2.086,3.604,4.842
13/06/2023 01:30,1.434,3.592,5.802,0.738,2.654,2.714
13/06/2023 02:00,2.41,4.794,8.476,1.416,3.632,3.37
13/06/2023 02:30,2.106,7.846,15.78,,5.57,1.952
13/06/2023 03:00,0.974,5.94,12.908,,3.638,0.33
13/06/2023 03:30,0.23,3.7,8.02,,2.02,
13/06/2023 04:00,0.066,3.086,5.496,,1.804,
13/06/2023 04:30,,2.776,4.548,,1.366,0.978
13/06/2023 05:00,0.002,1.892,3.266,,0.676,1.334
13/06/2023 05:30,2.014,4.132,8.946,1.288,2.892,4.586
13/06/2023 06:00,3.426,6.042,10.47,3.732,4.656,11.89
13/06/2023 06:30,4.17,5.558,6.724,7.492,3.442,22.3
13/06/2023 07:00,8.766,5.442,10.012,13.074,4.27,42.386
13/06/2023 07:30,10.034,8.278,11.834,10.808,6.22,31.586
13/06/2023 08:00,3.55,8.506,10.296,1.284,5.26,4.032
13/06/2023 08:30,,0.9,3.058,,0.43,
13/06/2023 09:00,,,,,,
13/06/2023 09:30,,,,,,
13/06/2023 10:00,,,,,,
13/06/2023 10:30,,,,,,
13/06/2023 11:00,,,,,,
13/06/2023 11:30,2.32,2.714,6.098,1.212,2.518,1.74
13/06/2023 12:00,4.062,5.478,12.548,3.742,4.192,5.622
13/06/2023 12:30,4.202,9.438,20.638,4.466,7,11.844
13/06/2023 13:00,7.544,11.264,35.92,7.382,8.258,11.876
13/06/2023 13:30,12.044,13.596,47.794,9.996,8.272,11.712
13/06/2023 14:00,13.94,15.804,44.758,11.202,8.844,14.082
13/06/2023 14:30,16.376,15.548,35.588,13.336,8.458,14.98
13/06/2023 15:00,13.226,15.414,29.612,13.542,8.202,16.912
13/06/2023 15:30,9.966,10.346,20.046,10.656,6.152,13.878
13/06/2023 16:00,8.934,7.706,15.362,11.228,4.968,13.978
13/06/2023 16:30,6.574,6.574,13.886,6.44,4.26,9.134
13/06/2023 17:00,4.558,6.248,12.128,3.51,3.496,5.238
13/06/2023 17:30,2.784,6.218,11.77,3.796,2.992,7.286
13/06/2023 18:00,3.536,4.648,13.364,6.426,3.412,9.774
13/06/2023 18:30,2.672,5.11,12.454,5.52,4.132,6.738
13/06/2023 19:00,2.844,7.182,15.178,4.748,5.204,7.568
13/06/2023 19:30,3.608,7.35,14.906,4.172,5.346,9.052
13/06/2023 20:00,4.754,9.622,20.52,4.848,7.14,10.728
13/06/2023 20:30,4.794,9.278,20.74,3.172,6.894,10.402
13/06/2023 21:00,5.276,10.072,22.396,3.392,7.79,9.166
13/06/2023 21:30,8.248,11.594,21.758,4.722,9.192,8.042
13/06/2023 22:00,6.668,12.41,25.038,1.47,10.138,4.5
13/06/2023 22:30,3.194,13.788,23.406,1.498,11.12,5.726
13/06/2023 23:00,4.508,13.048,21.62,3.634,10.188,9.282
13/06/2023 23:30,6.084,12.842,23.792,5.276,11.18,13.9
14/06/2023 00:00,9.584,18.938,33.978,8.008,18.742,25.224
14/06/2023 00:30,15.074,25.166,40.054,12.988,23.57,34.86
14/06/2023 01:00,16.1,27.19,37.744,13.526,23.948,53.514
14/06/2023 01:30,18.172,29.986,41.668,15.742,25.904,60.334
14/06/2023 02:00,13.706,22.824,36.346,12.242,20.008,42.832
14/06/2023 02:30,12.89,28.33,36.072,7.662,16.456,35.928
14/06/2023 03:00,12.43,27.98,35.75,7.2,16.578,42.28
14/06/2023 03:30,9.19,24.388,26.794,9.152,11.178,41.16
14/06/2023 04:00,10.012,19.628,24.834,10.098,9.716,38.286
14/06/2023 04:30,10.47,16.072,24.746,12.342,10.504,49.832
14/06/2023 05:00,10.806,15.908,26.334,13.62,15.118,58.016
14/06/2023 05:30,10.792,14.816,21.398,14.958,14.23,57.122
14/06/2023 06:00,9.404,12.392,17.174,12.344,11.944,50.99
14/06/2023 06:30,8.9,9.934,16.298,12.618,10.492,45.088
14/06/2023 07:00,7.912,9.648,12.998,10.1,9.544,36.982
14/06/2023 07:30,7.258,8.498,13.524,10.34,8.374,32.162
14/06/2023 08:00,6.816,8.6,12.37,8.428,8.494,27.332
14/06/2023 08:30,5.196,8.232,10.842,6.402,7.886,20.87
14/06/2023 09:00,5.14,6.43,11.676,7.824,6.742,17.866
14/06/2023 09:30,4.544,5.516,11.912,6.654,5.934,15.53
14/06/2023 10:00,3.598,4.458,9.912,4.928,4.606,13.248
14/06/2023 10:30,4.458,5.262,11.96,6.412,5.354,17.136
14/06/2023 11:00,5.586,5.966,11.142,8,6.36,21.532
14/06/2023 11:30,6.342,7.08,11.176,8.328,7.424,24.998
14/06/2023 12:00,6.456,6.61,12.486,8.632,7.278,21.152
14/06/2023 12:30,6.22,7.004,13.506,9.6,6.142,22.446
14/06/2023 13:00,9.116,11.942,18.258,11.184,7.7,28.926
14/06/2023 13:30,11.036,12.908,16.804,11.544,11.398,39.864
14/06/2023 14:00,10.532,13.882,20.902,9.656,13.122,44.972
14/06/2023 14:30,8.8,12.986,18.88,10.986,12.002,42.126
14/06/2023 15:00,8.406,7.516,16.608,12.42,10.898,37.006
14/06/2023 15:30,7.364,,11.13,9.032,8.794,
14/06/2023 16:00,5.692,,9.99,5.4,7.882,
14/06/2023 16:30,5.746,3.778,8.414,9.838,7.412,17.966
14/06/2023 17:00,4.556,5.854,7.886,5.246,5.736,19.384
14/06/2023 17:30,2.966,4.134,5,3.91,4.146,18.048
14/06/2023 18:00,2.264,2.702,3.264,3.054,2.97,17.754
14/06/2023 18:30,1.91,2.796,2.174,2.842,2.8,15.368
14/06/2023 19:00,1.76,2.776,2.808,2.764,2.852,14.748
14/06/2023 19:30,1.952,3.118,2.668,2.994,2.72,15.75
14/06/2023 20:00,1.492,3.26,3.048,2.928,2.356,13.97
14/06/2023 20:30,1.62,2.49,2.194,2.91,1.692,14.542
14/06/2023 21:00,1.348,3.7,4.762,1.976,2.372,11.616
14/06/2023 21:30,2.048,5.026,6.492,2.494,3.742,13.172
14/06/2023 22:00,2.334,5.344,7.086,2.598,3.584,13.174
14/06/2023 22:30,2.648,5.656,6.042,2.752,4.138,16.724
14/06/2023 23:00,2.726,5.076,6.356,2.306,3.458,15.994
14/06/2023 23:30,2.728,5.44,7.388,2.9,4.686,15.958
15/06/2023 00:00,3.01,5.466,6.182,3.252,4.144,16.682
15/06/2023 00:30,2.294,4.978,5.774,2.946,4.014,14.964
15/06/2023 01:00,3.524,6.2,7.672,3.98,4.444,13.994
15/06/2023 01:30,3.164,6.724,7.922,3.162,5.246,16.934
15/06/2023 02:00,3.694,6.662,8.804,4.312,6.056,14.47
15/06/2023 02:30,3.428,5.074,7.884,2.744,4.616,7.742
15/06/2023 03:00,1.918,2.826,3.864,0.408,2.124,3.164
15/06/2023 03:30,,1.29,0.792,,0.266,
15/06/2023 04:00,,,,,,
15/06/2023 04:30,,,,,,
15/06/2023 05:00,,,,,,
15/06/2023 05:30,,,,,,
15/06/2023 06:00,,,,,,
15/06/2023 06:30,,,,,,
15/06/2023 07:00,,,,,,
15/06/2023 07:30,,,,,,
15/06/2023 08:00,,,,,,
15/06/2023 08:30,,,,,,
15/06/2023 09:00,,,,,,
15/06/2023 09:30,,,,,,
15/06/2023 10:00,,,,,,
15/06/2023 10:30,,,,,,
15/06/2023 11:00,,,,,,0.166
15/06/2023 11:30,,,,,,
15/06/2023 12:00,0.246,,,0.236,0.024,
15/06/2023 12:30,0.024,,,0.034,,
15/06/2023 13:00,0.212,0.23,,,0.098,
15/06/2023 13:30,0.746,0.84,0.592,0.898,0.838,0.028
15/06/2023 14:00,0.492,,1.116,,,
15/06/2023 14:30,,0.166,,,,
15/06/2023 15:00,,,,,,
15/06/2023 15:30,,,,,,
15/06/2023 16:00,,,,,,
15/06/2023 16:30,,,,,,
15/06/2023 17:00,,,,,,
15/06/2023 17:30,,,,,,0.046
15/06/2023 18:00,,,,,,0.506
15/06/2023 18:30,,,,,,0.732
15/06/2023 19:00,,,,,,0.132
15/06/2023 19:30,,,,,,
15/06/2023 20:00,,,,,,
15/06/2023 20:30,,,,,,
15/06/2023 21:00,,,,,,
15/06/2023 21:30,,,,,,
15/06/2023 22:00,,,,,,
15/06/2023 22:30,,,,,,
15/06/2023 23:00,,,,,,
15/06/2023 23:30,,,,,,
16/06/2023 00:00,,,,,,
16/06/2023 00:30,,,,,,
16/06/2023 01:00,,,,,,
16/06/2023 01:30,,,,,,
16/06/2023 02:00,,,,,,
16/06/2023 02:30,,,,,,
16/06/2023 03:00,,,,,,
16/06/2023 03:30,,,,,,
16/06/2023 04:00,,,,,,
16/06/2023 04:30,,,,,,
16/06/2023 05:00,,,,,,
16/06/2023 05:30,,,,,,
16/06/2023 06:00,,,,,,
16/06/2023 06:30,,,,,,
16/06/2023 07:00,,,,,,
16/06/2023 07:30,,,,,,
16/06/2023 08:00,,,,,,
16/06/2023 08:30,,,,,,
16/06/2023 09:00,,,,,,
16/06/2023 09:30,,,,,,
16/06/2023 10:00,,,,,,
16/06/2023 10:30,,,,,,
16/06/2023 11:00,,,,,,
16/06/2023 11:30,,,,,,
16/06/2023 12:00,,,,,,
16/06/2023 12:30,,,,,,
16/06/2023 13:00,,,,,,
16/06/2023 13:30,,,,,,
16/06/2023 14:00,,,,,,
16/06/2023 14:30,,,,,,
16/06/2023 15:00,,,,,,
16/06/2023 15:30,,0.082,,,,1.388
16/06/2023 16:00,,0.382,,,,1.776
16/06/2023 16:30,,0.6,,,,2.548
16/06/2023 17:00,0.546,1.57,,0.298,0.924,5.882
16/06/2023 17:30,1.492,2.428,0.678,1.748,1.716,9.3
16/06/2023 18:00,3.09,3.206,2.368,3.386,3.03,14.768
16/06/2023 18:30,3.636,5.068,5.79,4.566,4.434,16.816
16/06/2023 19:00,3.702,6.158,7.364,4.99,4.494,14.4
16/06/2023 19:30,3.098,5.204,7.082,3.448,4.538,10.884
16/06/2023 20:00,2.084,3.566,4.294,1.908,2.954,9.212
16/06/2023 20:30,1.118,1.866,2.06,0.266,1.554,3.842
16/06/2023 21:00,,0.642,,,0.344,1.176
16/06/2023 21:30,,0.694,,,0.416,
16/06/2023 22:00,,0.46,0.358,,0.27,0.2
16/06/2023 22:30,,0.932,0.95,,0.624,1.828
16/06/2023 23:00,0.314,1.206,1.392,,0.982,2.428
16/06/2023 23:30,0.304,0.814,1.466,,0.598,1.598
17/06/2023 00:00,0.306,1.294,2.104,0.018,1.458,1.888
17/06/2023 00:30,0.192,1.126,1.266,,1.256,1.294
17/06/2023 01:00,,0.3,,,0.186,
17/06/2023 01:30,,,,,,
17/06/2023 02:00,,,,,,
17/06/2023 02:30,,,,,,
17/06/2023 03:00,,,,,,
17/06/2023 03:30,,,,,,
17/06/2023 04:00,,,,,,
17/06/2023 04:30,,,,,,
17/06/2023 05:00,,,,,,
17/06/2023 05:30,0.68,0.992,1.372,0.784,0.45,1.314
17/06/2023 06:00,2.496,2.59,4.41,3.38,2.336,6.356
17/06/2023 06:30,3.55,3.704,6.732,4.308,3.304,6.79
17/06/2023 07:00,3.15,4.266,8.194,3.986,3.706,7.402
17/06/2023 07:30,3.018,4.404,7.372,3.588,2.808,7.008
17/06/2023 08:00,0.288,1.986,2.736,,0.174,2.446
17/06/2023 08:30,0.492,2.35,3.19,0.072,0.746,4.148
17/06/2023 09:00,1.63,3.24,4.552,1.912,2.338,6.758
17/06/2023 09:30,1.378,3.308,5.556,1.714,1.646,6.644
17/06/2023 10:00,3.43,4.374,8.942,4.294,2.854,10.442
17/06/2023 10:30,5.8,4.422,11.802,9.68,3.796,15.586
17/06/2023 11:00,4.058,5.56,10.416,7.37,5.498,15.494
17/06/2023 11:30,3.798,5.622,8.888,4.12,5.108,15.702
17/06/2023 12:00,3.078,5.648,6.696,3.62,4.164,15.524
17/06/2023 12:30,3.09,5.174,5.928,3.41,3.996,13.456
17/06/2023 13:00,3.128,5.39,5.542,2.892,4.264,13.008
17/06/2023 13:30,5.074,6.578,7.228,3.728,5.89,16.648
17/06/2023 14:00,4.788,5.524,6.818,3.952,4.898,18.408
17/06/2023 14:30,3.578,4.898,6.106,3.456,4.186,14.98
17/06/2023 15:00,4.112,5.55,7.286,4.524,4.708,16.308
17/06/2023 15:30,3.836,4.138,6.188,3.58,3.948,14.348
17/06/2023 16:00,2.304,3.814,4.4,2.26,3.108,12.284
17/06/2023 16:30,3,5.268,5.906,2.986,3.46,14.386
17/06/2023 17:00,4.16,5.326,7.91,5.716,4.862,18.54
17/06/2023 17:30,3.002,3.32,5.236,4.332,3.306,15.38
17/06/2023 18:00,1.816,3.274,4.722,1.9,2.058,12.278
17/06/2023 18:30,3.33,4.834,6.268,3.842,4.262,16.706
17/06/2023 19:00,3.318,5.858,6.3,5.006,5.142,19.144
17/06/2023 19:30,5.4,5.624,10.122,6.98,5.84,20.854
17/06/2023 20:00,3.63,5.174,9.656,4.81,4.676,18.068
17/06/2023 20:30,4.188,4.308,10.188,5.788,3.26,14.89
17/06/2023 21:00,2.852,5.15,9.542,3.49,3.724,10.358
17/06/2023 21:30,4.098,8.03,10.18,3.86,5.958,19.354
17/06/2023 22:00,6.094,8.018,14.106,6.35,6.438,21.464
17/06/2023 22:30,4.06,8.744,17.312,4.412,5.998,10.56
17/06/2023 23:00,7.684,6.356,16.776,9.076,6.404,20.414
17/06/2023 23:30,2.56,5.596,9.264,2.466,4.552,7.548
18/06/2023 00:00,3.264,4.476,6.604,5.038,3.726,10.354
18/06/2023 00:30,3.566,4.478,7.468,4.218,3.69,9.188
18/06/2023 01:00,3.296,3.148,5.602,4.43,2.314,9.304
18/06/2023 01:30,1.522,2.524,1.842,1.878,1.07,6.102
18/06/2023 02:00,1.456,2.808,2.252,0.962,1.178,7.41
18/06/2023 02:30,3.81,4.87,5.43,4.756,3.81,9.062
18/06/2023 03:00,3.554,3.022,6.528,4.11,1.88,2.08
18/06/2023 03:30,0.06,0.554,0.376,0.14,0.134,0.138
18/06/2023 04:00,,0.324,0.366,,,0.764
18/06/2023 04:30,2.188,2.962,5.122,1.716,2.566,6.178
18/06/2023 05:00,5.318,4.674,9.862,6.85,5.556,13.478
18/06/2023 05:30,6.044,6.148,13.162,8.702,5.814,16.86
18/06/2023 06:00,6.888,7.236,18.45,10.616,6.78,15.796
18/06/2023 06:30,6.484,7.442,15.038,8.502,5.958,16.404
18/06/2023 07:00,6.052,6.138,12.09,7.156,4.328,14.228
18/06/2023 07:30,4.362,6.054,8.984,6.794,4.756,16.826
18/06/2023 08:00,5.906,6.564,12.682,7.026,5.454,14.522
18/06/2023 08:30,6.426,8.422,18.394,7.218,6.384,17.268
18/06/2023 09:00,5.632,5.712,14.312,7.056,4.052,18.914
18/06/2023 09:30,2.282,3.866,10.35,6.064,2.36,10.282
18/06/2023 10:00,2.164,5.994,10.416,6.088,2.92,11.26
18/06/2023 10:30,4.508,8.754,19.9,7.938,6.66,15.95
18/06/2023 11:00,8.106,14.272,27.512,13.418,14.034,19.216
18/06/2023 11:30,9.728,14.274,22.108,17.478,13.818,30.674
18/06/2023 12:00,6.212,7.79,14.876,14.048,6.978,29.992
18/06/2023 12:30,4.492,6.468,10.526,6.994,4.038,18.818
18/06/2023 13:00,5.7,5.744,10.168,8.65,5.682,20.746
18/06/2023 13:30,3.31,5.444,11.854,7.25,3.768,12.166
18/06/2023 14:00,4.018,6.532,12.016,7.472,4.594,10.81
18/06/2023 14:30,5.538,4.826,10.02,7.196,4.984,19.212
18/06/2023 15:00,7.036,6.774,15.512,7.218,5.702,20.788
18/06/2023 15:30,6.774,10.778,13.662,7.374,8.084,19.364
18/06/2023 16:00,6.778,11.378,12.976,12.186,7.906,22.398
18/06/2023 16:30,6.552,8.778,20.884,9.928,5.102,22.2
18/06/2023 17:00,6.512,9.57,18.934,8.514,7.284,18.418
18/06/2023 17:30,8.566,12.352,22.068,10.722,9.786,22.042
18/06/2023 18:00,8.562,14.082,24.116,9.324,10.87,21.832
18/06/2023 18:30,12.276,13.896,26.81,12.34,10.744,22.99
18/06/2023 19:00,17.032,16.276,37.776,18.908,13.016,24.812
18/06/2023 19:30,19.102,17.738,45.69,23.18,14.99,38.376
18/06/2023 20:00,20.076,23.258,47.332,23.87,17.834,46.458
18/06/2023 20:30,23.308,23.748,47.964,31.096,19.958,51.442
18/06/2023 21:00,24.676,22.396,49.15,34.554,20.092,61.36
18/06/2023 21:30,21.852,15.19,48.218,32.256,19.742,53.302
18/06/2023 22:00,23.79,20.25,55.918,31.654,24.926,53.874
18/06/2023 22:30,28.282,25.316,69.182,37.734,30.302,65.014
18/06/2023 23:00,36.514,31.058,83.308,50.256,34.852,82.842
18/06/2023 23:30,42.75,38.016,103.096,63.662,39.372,103.49
19/06/2023 00:00,50.246,43.184,100.108,74.06,45.198,117.112
19/06/2023 00:30,48.06,42.582,112.49,72.526,45.23,128.358
19/06/2023 01:00,65.258,61.86,127.116,95.318,62.148,156.942
19/06/2023 01:30,68.016,61.674,123.938,96.188,62.992,192.52
19/06/2023 02:00,67.14,60.734,136.956,89.602,57.188,176.492
19/06/2023 02:30,69.812,72.64,129.202,90.976,61.06,213.506
19/06/2023 03:00,67.924,77.112,130.088,89.92,63.082,230.2
19/06/2023 03:30,68.408,78.142,129.38,89.5,63.798,234.014
19/06/2023 04:00,68.412,78.134,129.334,89.504,63.84,234.084
19/06/2023 04:30,68.386,78.102,129.372,89.464,63.82,234.106
19/06/2023 05:00,68.392,78.152,129.326,89.48,63.808,234.076
19/06/2023 05:30,67.358,75.482,131.102,90.07,62.47,233.36
19/06/2023 06:00,73.186,78.054,126.034,84.768,66.408,228.996
19/06/2023 06:30,73.66,70.744,138.972,37.584,62.782,221.916
19/06/2023 07:00,51.244,57.536,92.702,37.58,46.742,167.742
19/06/2023 07:30,44.658,56.342,88.916,37.562,43.342,157.088
19/06/2023 08:00,45.288,55.936,98.138,37.572,46.92,154.762
19/06/2023 08:30,45.466,47.31,93.798,37.564,43.562,160.434
19/06/2023 09:00,39.618,53.89,87.964,37.58,44.376,146.444
19/06/2023 09:30,35.014,39.232,71.818,44.5,33.226,103.148
19/06/2023 10:00,23.888,32.136,63.404,31.396,26.726,72.834
19/06/2023 10:30,20.08,29.586,55.686,22.98,24.84,72.792
19/06/2023 11:00,27.624,39.612,70.466,33.454,32.322,78.832
19/06/2023 11:30,31.542,40.532,77.02,40.87,33.576,87.126
19/06/2023 12:00,28.38,38.81,75.93,38.028,31.99,98.036
19/06/2023 12:30,20.986,23.374,59.92,29.78,19.912,90.154
19/06/2023 13:00,18.304,13.972,35.63,27.216,13.494,82.466
19/06/2023 13:30,13.424,9.588,28.866,18.866,9.39,50.506
19/06/2023 14:00,31.914,36.314,75.626,29.758,28.202,59.54
19/06/2023 14:30,33.196,43.92,82.934,41.286,35.174,84.36
19/06/2023 15:00,35.35,46.982,77.3,34.696,33.586,79.448
19/06/2023 15:30,43.002,52.346,91.544,44.684,37.086,83.03
19/06/2023 16:00,38.638,51.498,94.334,46.886,34.87,82.668
19/06/2023 16:30,31.71,49.874,91.712,42.144,35.218,78.504
19/06/2023 17:00,25.954,37.118,71.394,33.854,30.404,69.036
19/06/2023 17:30,29.56,50.428,78.142,35.124,38.35,84.242
19/06/2023 18:00,43.402,55.304,89.118,53.616,46.532,132.622
19/06/2023 18:30,50.832,65.276,98.16,57.772,49.908,159.362
19/06/2023 19:00,64.86,77.082,113.556,68.608,63.476,197.666
19/06/2023 19:30,69.478,76.89,117.378,37.58,65.22,222.77
19/06/2023 20:00,66.714,75.152,120.298,37.598,64.998,220.144
19/06/2023 20:30,68.464,76.248,121.85,37.578,64.79,203.614
19/06/2023 21:00,69.374,77.534,124.32,37.566,47.194,201.088
19/06/2023 21:30,68.466,75.142,134.006,37.596,48.96,206.828
19/06/2023 22:00,71.384,74.018,133.87,37.568,46.678,225.774
19/06/2023 22:30,69.206,73.498,144.518,37.588,47.552,221.178
19/06/2023 23:00,67.756,75.288,139.952,37.586,46.876,206.316
19/06/2023 23:30,70.812,75.658,132.344,37.58,48.612,203.282
20/06/2023 00:00,62.846,65.434,139.9,37.58,47.87,176.29
20/06/2023 00:30,48.124,61.666,132.424,56.81,44.722,129.412
20/06/2023 01:00,52.666,72.014,127.228,71.236,48.502,142.364
20/06/2023 01:30,52.726,58.866,94.874,71.886,41.908,150.936
20/06/2023 02:00,32.782,41.266,69.26,52.112,28.24,105.08
20/06/2023 02:30,32.624,48.1,85.706,35.164,27.976,97.132
20/06/2023 03:00,32.334,43.924,80.206,49.12,31.85,104.164
20/06/2023 03:30,33.546,48.452,89.414,33.19,35.838,95.118
20/06/2023 04:00,44.18,58.938,115.176,39.802,49.558,104.696
20/06/2023 04:30,41.408,46.818,86.014,52.89,36.508,99.758
20/06/2023 05:00,29.254,42.506,74.498,35.048,27.432,65.606
20/06/2023 05:30,25.54,46.616,69.186,30.72,30.502,54.206
20/06/2023 06:00,27.48,43.186,66.422,33.944,27.62,53.714
20/06/2023 06:30,24.494,32.956,57.8,28.754,21.544,52.434
20/06/2023 07:00,14.722,19.608,43.234,19.884,12.684,40.482
20/06/2023 07:30,6.616,11.68,28.114,9.756,7.82,25.186
20/06/2023 08:00,4.478,7.984,14.166,5.36,5.068,10.918
20/06/2023 08:30,5.636,6.594,12.136,7.12,4.338,19.396
20/06/2023 09:00,6.542,4.392,9.154,7.59,3.614,21.336
20/06/2023 09:30,3.93,4.716,7.75,5.192,2.464,14.562
20/06/2023 10:00,4.644,4.986,6.248,4.244,3.042,15.544
20/06/2023 10:30,2.06,1.732,0.978,2.252,1.068,9.336
20/06/2023 11:00,0.912,1.176,2.88,1.354,0.832,6.296
20/06/2023 11:30,4.112,7.158,16.816,4.836,4.266,7.444
20/06/2023 12:00,4.096,5.42,11.238,6.76,3.314,6.154
20/06/2023 12:30,1.51,2.218,4.324,1.628,0.608,0.824
20/06/2023 13:00,1.292,2.252,5.592,1.694,0.634,2.146
20/06/2023 13:30,4.84,5.84,6.424,8.708,2.868,18.646
20/06/2023 14:00,1.944,1.274,1.392,3.586,0.662,9.844
20/06/2023 14:30,0.302,0.166,2.016,0.642,,
20/06/2023 15:00,,,0.622,,,
20/06/2023 15:30,,,,,,
20/06/2023 16:00,,0.2,1.17,,0.184,
20/06/2023 16:30,0.626,1.738,12.874,0.148,1.624,
20/06/2023 17:00,1.424,3.144,9.684,1.782,2.464,8.1
20/06/2023 17:30,0.876,1.998,9.404,0.518,1.108,8.712
20/06/2023 18:00,2.91,4.758,10.952,1.15,2.268,6.518
20/06/2023 18:30,2.87,4.078,8.336,2.604,3.464,3.882
20/06/2023 19:00,3.138,3.494,5.952,5.388,3.276,4.806
20/06/2023 19:30,3.06,3.164,10.632,4.922,2.32,2.172
20/06/2023 20:00,4.582,2.61,13.446,6.11,2.824,
20/06/2023 20:30,2.576,0.588,7.978,3.936,1.924,
20/06/2023 21:00,0.096,,,1.126,,0.034
20/06/2023 21:30,,,,,,
20/06/2023 22:00,,,,,,
20/06/2023 22:30,,,,,,
20/06/2023 23:00,,0.5,1.654,,0.288,
20/06/2023 23:30,1.576,2.046,3.534,1.136,2.156,1.702
21/06/2023 00:00,4.464,5.724,16.334,3.746,5.02,12.79
21/06/2023 00:30,5.974,8.598,11.658,7.188,5.882,18.528
21/06/2023 01:00,3.854,5.978,8.796,4.564,4.742,18.436
21/06/2023 01:30,2.744,3.3,8.008,2.036,2.72,9.966
21/06/2023 02:00,3.03,4.138,10.294,4.096,3.238,17.374
21/06/2023 02:30,9.076,10.346,20.21,12.346,9.736,30.778
21/06/2023 03:00,14.324,16.516,27.978,19.682,14.93,43.37
21/06/2023 03:30,17.08,14.652,36.5,21.368,14.746,44.162
21/06/2023 04:00,20.648,19.368,37.372,24.826,19.642,66.2
21/06/2023 04:30,27.068,13.082,32.926,22.95,22.148,71.596
21/06/2023 05:00,34.238,14.594,45.588,35.054,24.618,95.85
21/06/2023 05:30,37.28,19.786,49.176,34.122,30.312,106.894
21/06/2023 06:00,49.318,25.446,57.84,46.348,41.432,151.238
21/06/2023 06:30,57.076,28.96,69.83,64.56,45.932,165.462
21/06/2023 07:00,57.912,25.022,70.95,63.21,45.202,164.348
21/06/2023 07:30,51.03,31.608,66.022,76.564,36.088,191.21
21/06/2023 08:00,69.848,59.882,100.706,75.682,62.22,210.42
21/06/2023 08:30,64.852,44.558,103.834,64.572,48.876,175.676
21/06/2023 09:00,51.606,51.918,88.968,51.092,43.056,164.89
21/06/2023 09:30,52.394,53.384,86.472,53.308,43.74,165.47
21/06/2023 10:00,44.812,54.556,81.962,54.928,46.544,181.236
21/06/2023 10:30,58.526,70.07,101.014,52.722,58.296,200.708
21/06/2023 11:00,65.646,71.842,128.028,89.854,62.016,209.51
21/06/2023 11:30,61.716,68.58,130.868,87.478,51.168,182.914
21/06/2023 12:00,59.932,74.154,127.578,70.98,58.268,189.306
21/06/2023 12:30,66.558,74.1,134.2,75.886,64.65,198.978
21/06/2023 13:00,63.416,71.734,128.988,73.288,58.664,194.466
21/06/2023 13:30,66.538,77.782,141.628,77.678,63.688,215.066
21/06/2023 14:00,65.986,76.74,137.612,68.72,63.144,203.406
21/06/2023 14:30,59.66,76.802,136.314,67.052,64.122,208.576
21/06/2023 15:00,58.478,75.02,130.334,59.324,64.134,197.04
21/06/2023 15:30,63.28,74.508,137.416,78.686,56,212.182
21/06/2023 16:00,61.306,57.27,116.16,63.018,46.076,173.3
21/06/2023 16:30,52.138,53.56,88.514,41.974,40.026,122.894
21/06/2023 17:00,48.182,46.036,83.79,39.028,34.204,120.188
21/06/2023 17:30,60.688,67.684,101.658,55.146,54.164,180.53
21/06/2023 18:00,69.782,75.64,133.876,68.832,64.978,193.414
21/06/2023 18:30,70.326,77.672,133.376,66.186,67.532,174.654
21/06/2023 19:00,69.996,69.408,129.66,61.064,71.246,176.894
21/06/2023 19:30,46.812,56.968,93.59,47.518,57.05,125.988
21/06/2023 20:00,24.9,28.082,64.698,33.542,29.928,87.788
21/06/2023 20:30,16.058,19.824,37.124,30.998,19.916,68.974
21/06/2023 21:00,12.092,15.078,23.506,25.344,13.798,48.178
21/06/2023 21:30,5.13,13.808,13.366,18.676,10.018,38.386
21/06/2023 22:00,6.6,13.114,12.208,14.416,9.206,40.658
21/06/2023 22:30,9.98,15.058,18.518,15.478,9.95,40.338
21/06/2023 23:00,7.72,17.938,16.258,27.29,10.718,53.094
21/06/2023 23:30,7.782,14.698,16.784,21.604,10.478,34.988
22/06/2023 00:00,,,6.888,8.264,10.154,25.652
22/06/2023 00:30,,,3.498,3.174,5.47,20.942
22/06/2023 01:00,,,5.032,3.624,10.106,37.79
22/06/2023 01:30,,,12.22,10.182,19.25,52.892
22/06/2023 02:00,,,11.626,11.924,13,49.022
22/06/2023 02:30,,,16.548,10.922,22.978,68.214
22/06/2023 03:00,,,33.14,10.212,30.136,63.304
22/06/2023 03:30,,,33.16,12.002,31.318,68.87
22/06/2023 04:00,,,24.014,16.248,28.65,91.476
22/06/2023 04:30,,,28.788,22.892,29.08,98.344
22/06/2023 05:00,,,33.29,22.226,30,85.94
22/06/2023 05:30,,,26.84,10.508,16.528,56.968
22/06/2023 06:00,,,17.096,5.318,11.058,53.072
22/06/2023 06:30,,,15.87,10.386,14.21,67.326
22/06/2023 07:00,,,21.832,15.134,21.692,70.966
22/06/2023 07:30,,,22.25,14.32,22.398,47.776
22/06/2023 08:00,,,19.458,7.79,17.122,34.314
22/06/2023 08:30,,,16.988,2.594,13.51,23.45
22/06/2023 09:00,,,11.882,2.276,9.084,19.14
22/06/2023 09:30,,,5.102,,3.58,6.37
22/06/2023 10:00,,,0.556,,,
22/06/2023 10:30,,,,,,
22/06/2023 11:00,,,,,,
22/06/2023 11:30,,,,,,
22/06/2023 12:00,,,,,,
22/06/2023 12:30,,,,,,
22/06/2023 13:00,,,,,,
22/06/2023 13:30,,,,,,
22/06/2023 14:00,,,,,,
22/06/2023 14:30,,,,,,
22/06/2023 15:00,,,,,,
22/06/2023 15:30,,,,,,
22/06/2023 16:00,,,,,,
22/06/2023 16:30,,,,,,
22/06/2023 17:00,,,,,,
22/06/2023 17:30,,,,,,3.354
22/06/2023 18:00,,,,,0.554,6.722
22/06/2023 18:30,,,,0.476,1.47,6.77
22/06/2023 19:00,,,,1.11,2.838,8.304
22/06/2023 19:30,,,0.666,1.518,2.692,10.068
22/06/2023 20:00,,,2.828,2.962,4.684,15.914
22/06/2023 20:30,,,5.54,5.048,7.484,22.042
22/06/2023 21:00,,,5.568,5.046,9.212,25.662
22/06/2023 21:30,,,7.322,2.788,8.54,23.528
22/06/2023 22:00,,,7.51,2.796,5.95,19.932
22/06/2023 22:30,,,6.894,4.666,4.974,22.778
22/06/2023 23:00,,,5.78,3.542,5.696,25.146
22/06/2023 23:30,,,11.134,6.61,12.826,36.51
23/06/2023 00:00,,,17.694,8.388,19.684,40.334
23/06/2023 00:30,,,18.608,7.286,18.738,39.884
23/06/2023 01:00,,,20.62,8.688,18.41,40.672
23/06/2023 01:30,,,15.858,6.434,15.828,34.376
23/06/2023 02:00,,,14.672,5.424,13.588,29.778
23/06/2023 02:30,,,14.918,5.63,13.284,30.736
23/06/2023 03:00,,,13.97,6.316,12.638,32.258
23/06/2023 03:30,,,14.216,6.536,12.2,34.418
23/06/2023 04:00,,,15.566,10.018,16.292,45.246
23/06/2023 04:30,,,22.492,14.1,23.72,65.236
23/06/2023 05:00,,,28.522,19.118,31.426,86.63
23/06/2023 05:30,,,34.678,22.666,35.408,99.506
23/06/2023 06:00,,,49.018,26.18,45.476,123.04
23/06/2023 06:30,,,50.19,27.816,45.706,121.814
23/06/2023 07:00,,,57.118,30.258,55.628,129.75
23/06/2023 07:30,,,63.158,34.42,58.808,148.58
23/06/2023 08:00,,,83.808,38.862,78.318,173.312
23/06/2023 08:30,,,93.194,51.206,94.416,228.322
23/06/2023 09:00,,,98.948,55.636,103.768,223.782
23/06/2023 09:30,,,81.128,57.068,70.604,171.062
23/06/2023 10:00,,,69.752,39.67,51.242,116.092
23/06/2023 10:30,,,59.032,27.776,39.88,80.636
23/06/2023 11:00,,,74.138,30.11,60.942,137.412
23/06/2023 11:30,,,96.392,58.956,92.5,189.416
23/06/2023 12:00,,,51.546,36.036,57.958,119.806
23/06/2023 12:30,,,56.032,35.802,56.47,110.674
23/06/2023 13:00,,,38.622,26.9,39.628,100.016
23/06/2023 13:30,,,52.502,28.756,51.622,131.088
23/06/2023 14:00,,,47.484,24.814,50.404,150.7
23/06/2023 14:30,,,50.802,26.62,46.64,141.58
23/06/2023 15:00,,,65.706,37.594,63.386,180.244
23/06/2023 15:30,,,79.79,44.766,78.432,207.948
23/06/2023 16:00,,,87.51,49.81,83.078,207.328
23/06/2023 16:30,,,115.934,66.088,97.142,242.71
23/06/2023 17:00,,,114.796,75.784,121.736,271.964
23/06/2023 17:30,,,119.632,86.528,130.694,286.238
23/06/2023 18:00,,,130.056,99.714,120.446,270.826
23/06/2023 18:30,,,131.218,91.64,116.204,262.716
23/06/2023 19:00,,,105.08,71.27,104.03,260.734
23/06/2023 19:30,,,84.402,62.39,104.94,268.42
23/06/2023 20:00,,,85.74,81.48,105.736,259.854
23/06/2023 20:30,,,86.356,72.898,87.866,231.904
23/06/2023 21:00,,,75.332,53.216,64.5,201.724
23/06/2023 21:30,,,110.074,30.524,81.684,184.45
23/06/2023 22:00,,,124.054,51.554,103.626,205.478
23/06/2023 22:30,,,135.818,66.804,128.514,229.738
23/06/2023 23:00,,,136.208,77.062,127.084,265.432
23/06/2023 23:30,,,132.052,74.76,126.414,258.846
24/06/2023 00:00,,,134.616,75.658,120.72,260.972
24/06/2023 00:30,,,136,81.644,125.302,289.178
24/06/2023 01:00,,,135.908,84.04,128.676,295.46
24/06/2023 01:30,,,131.774,71.914,122.484,265.24
24/06/2023 02:00,,,113.454,68.398,113.062,265.672
24/06/2023 02:30,,,104.378,58.744,98.258,204.286
24/06/2023 03:00,,,104.54,42.816,100.424,200.326
24/06/2023 03:30,,,109.492,57.594,98.378,183.058
24/06/2023 04:00,,,91.292,56.032,80.86,153.008
24/06/2023 04:30,,,84.19,58.324,75.896,152.8
24/06/2023 05:00,,,74.266,52.216,65.616,120.92
24/06/2023 05:30,,,90.286,43.344,75.712,134.544
24/06/2023 06:00,,,96.162,43.984,78.324,147.174
24/06/2023 06:30,,,73.248,41.454,78.68,139.29
24/06/2023 07:00,,,56.988,36.626,51.658,106.766
24/06/2023 07:30,,,57.296,39.736,61.03,113.844
24/06/2023 08:00,,,56.166,41.512,58.268,129.812
24/06/2023 08:30,,,81.95,56.454,78.426,150.496
24/06/2023 09:00,,,79.646,55.908,76.386,136.644
24/06/2023 09:30,,,61.002,48.032,66.768,125.204
24/06/2023 10:00,,,77.048,56.648,85.482,157.984
24/06/2023 10:30,,,68.118,54.316,70.238,116.378
24/06/2023 11:00,,,42.526,39.464,48.382,99.454
24/06/2023 11:30,,,38.596,31.486,46.22,102.34
24/06/2023 12:00,,,40.108,25.982,42.79,101.98
24/06/2023 12:30,,,41.526,30.974,49.096,106.206
24/06/2023 13:00,,,29.884,30.038,35.388,92.954
24/06/2023 13:30,,,28.238,27.966,32.244,91.094
24/06/2023 14:00,,,32.556,27.274,31.294,92.89
24/06/2023 14:30,,,44.308,40.666,46.752,115.62
24/06/2023 15:00,,,46.72,34.82,54.69,87.972
24/06/2023 15:30,,,38.894,29.654,25.036,40.114
24/06/2023 16:00,,,14.414,9.836,11.544,31.438
24/06/2023 16:30,,,15.286,10.928,15.422,41.31
24/06/2023 17:00,,,18.51,18.986,21.312,63.168
24/06/2023 17:30,,,23.858,22.016,25.446,73.216
24/06/2023 18:00,,,27.368,23.4,33.702,85.146
24/06/2023 18:30,,,27.86,23.402,31.114,87.444
24/06/2023 19:00,,,20.306,18.066,24.254,66.746
24/06/2023 19:30,,,20.278,16.61,18.712,52.328
24/06/2023 20:00,,,16.39,14.976,17.106,40.962
24/06/2023 20:30,,,22.24,12.948,19.6,47.76
24/06/2023 21:00,,,65.642,27.136,56.732,103.692
24/06/2023 21:30,,,100.828,63.936,115.972,211.052
24/06/2023 22:00,,,92.062,80.12,100.034,219.604
24/06/2023 22:30,,,84.962,64.328,85.566,207.446
24/06/2023 23:00,,,107.538,60.472,101.004,269.916
24/06/2023 23:30,,,126.54,90.498,125.49,301.892
25/06/2023 00:00,,,127.954,107.148,115.7,314.394
25/06/2023 00:30,,,126.634,106.406,117.696,302.748
25/06/2023 01:00,,,120.112,87.112,114.63,221.666
25/06/2023 01:30,,,86.678,48.996,85.356,173.918
25/06/2023 02:00,,,59.564,44.658,66.44,146.706
25/06/2023 02:30,,,34.004,27.98,29.22,92.67
25/06/2023 03:00,,,32.148,16.848,24.868,51.184
25/06/2023 03:30,,,65.566,16.602,46.782,86.336
25/06/2023 04:00,,,82.846,38.03,77.702,166.526
25/06/2023 04:30,,,86.952,57.36,84.722,191.488
25/06/2023 05:00,,,96.658,57.844,95.914,238.526
25/06/2023 05:30,,,102.96,58.706,105.604,267.928
25/06/2023 06:00,,,102.596,57.828,105.624,258.326
25/06/2023 06:30,,,127.016,81.948,65.916,265.584
25/06/2023 07:00,,,141.016,103.914,78.022,286.978
25/06/2023 07:30,,,114.612,84.908,100.282,270.382
25/06/2023 08:00,,,87.65,68.37,87.382,203.354
25/06/2023 08:30,,,84.552,66.614,85.924,196.994
25/06/2023 09:00,,,83.002,65.326,83.56,189.24
25/06/2023 09:30,,,104.084,82.332,103.932,256.936
25/06/2023 10:00,,,125.298,103.182,121.17,286.486
25/06/2023 10:30,,,131.432,101.94,119.128,296.526
25/06/2023 11:00,,,120.3,98.532,110.212,276.91
25/06/2023 11:30,,,110.294,88.032,106.056,267.466
25/06/2023 12:00,,,108.09,88.198,57.472,272.98
25/06/2023 12:30,,,108.032,88.152,48.532,274.176
25/06/2023 13:00,,,108.118,87.446,53.86,282.618
25/06/2023 13:30,,,108.136,88.19,98.03,281.758
25/06/2023 14:00,,,116.858,83.864,98.018,279.884
25/06/2023 14:30,,,123.554,82.16,102.82,275.072
25/06/2023 15:00,,,141.596,83.072,98.774,244.484
25/06/2023 15:30,,,80.842,78.63,96.998,196.082
25/06/2023 16:00,,,54.57,51.274,48.084,112.158
25/06/2023 16:30,,,33.572,21.226,23.17,60.748
25/06/2023 17:00,,,24.822,23.936,29.414,74.544
25/06/2023 17:30,,,12.974,20.024,14.618,56.316
25/06/2023 18:00,,,7.43,9.808,9.088,26.976
25/06/2023 18:30,,,9.848,7.934,10.256,16.376
25/06/2023 19:00,,,5.738,12.492,9.024,19.748
25/06/2023 19:30,,,15.242,16.4,8.748,13.232
25/06/2023 20:00,,,6.676,3.678,0.96,6.098
25/06/2023 20:30,,,0.432,2.322,0.982,2.07
25/06/2023 21:00,,,2.15,0.024,0.246,
25/06/2023 21:30,,,1.498,,,
25/06/2023 22:00,,,1.772,0.072,,
25/06/2023 22:30,,,4.792,4.506,3.936,7.91
25/06/2023 23:00,,,6.478,5.612,5.604,16.56
25/06/2023 23:30,,,8.814,7.638,9.448,26.268
26/06/2023 00:00,,,14.084,8.94,11.836,31.504
26/06/2023 00:30,,,16.248,5.13,12.832,17.804
26/06/2023 01:00,,,7.066,4.372,8.024,20.104
26/06/2023 01:30,,,17.33,9.61,16.526,40.876
26/06/2023 02:00,,,25.434,16.184,18.874,42.862
26/06/2023 02:30,,,24.296,17.192,17.914,42.65
26/06/2023 03:00,,,27.016,22.82,20.92,63.43
26/06/2023 03:30,,,32.112,18.998,24.736,47.812
26/06/2023 04:00,,,31.058,15.314,23.036,60.932
26/06/2023 04:30,,,36.24,20.538,32.07,98.066
26/06/2023 05:00,,,38.354,21.402,35.982,88.78
26/06/2023 05:30,,,36.006,17.746,32.15,89.184
26/06/2023 06:00,,,38.97,26.186,36.232,100.738
26/06/2023 06:30,,,43.744,29.156,47.618,122.796
26/06/2023 07:00,,,57.784,34.036,56.914,159.736
26/06/2023 07:30,,,57.518,39.056,64.508,165.42
26/06/2023 08:00,,,54.666,29.998,46.416,133.8
26/06/2023 08:30,,,49.586,31.136,45.326,114.434
26/06/2023 09:00,,,56.86,29.742,51.106,127.79
26/06/2023 09:30,,,56.998,28.818,59.278,174.602
26/06/2023 10:00,,,89.948,40.84,91.858,209.826
26/06/2023 10:30,,,117.542,54.808,95.738,204.098
26/06/2023 11:00,,,93.844,47.59,81.806,198.858
26/06/2023 11:30,,,93.536,45.716,87.048,214.214
26/06/2023 12:00,,,78.156,39.266,71.132,168.322
26/06/2023 12:30,,,66.194,31.918,58.004,153.034
26/06/2023 13:00,,,71.218,35.308,64.77,180.174
26/06/2023 13:30,,,104.224,39.648,93.224,221.766
26/06/2023 14:00,,,114.598,49.738,102.162,202.826
26/06/2023 14:30,,,107.566,49.344,103.622,227.074
26/06/2023 15:00,,,134.04,67.55,132.406,280.416
26/06/2023 15:30,,,142.656,78.804,128.744,267.966
26/06/2023 16:00,,,130.802,44.098,120.434,232.944
26/06/2023 16:30,,,108.642,17.466,81.868,118.434
26/06/2023 17:00,,,25.036,14.702,15.346,50.454
26/06/2023 17:30,,,18.438,5.628,17.766,52.572
26/06/2023 18:00,,,27.142,16.678,28.668,101.982
26/06/2023 18:30,,,60.19,21.986,60.582,175.934
26/06/2023 19:00,,,62.304,6.748,67.984,194.442
26/06/2023 19:30,,,70.432,12.388,71.612,163.122
26/06/2023 20:00,,,64.61,5.43,49.112,60.79
26/06/2023 20:30,,,32.516,3.094,16.208,21.48
26/06/2023 21:00,,,6.436,,0.852,0.798
26/06/2023 21:30,,,,,,
26/06/2023 22:00,,,,,,1.142
26/06/2023 22:30,,,,,,17.94
26/06/2023 23:00,,,5.914,1.168,9.122,60.734
26/06/2023 23:30,,,25.426,17.338,29.882,131.256
27/06/2023 00:00,,,33.064,24.27,38.768,157.264
27/06/2023 00:30,,,42.584,32.91,53.826,143.504
27/06/2023 01:00,,,48.682,33.98,50.654,122.44
27/06/2023 01:30,,,50.084,37.566,48.636,118.84
27/06/2023 02:00,,,45.346,27.012,41.38,96.668
27/06/2023 02:30,,,35.45,25.524,35.806,90.936
27/06/2023 03:00,,,30.482,19.418,29.274,90.028
27/06/2023 03:30,,,23.052,11.904,23.696,78.146
27/06/2023 04:00,,,25.92,13.38,28.618,78.122
27/06/2023 04:30,,,24.336,14.07,27.734,70.198
27/06/2023 05:00,,,23.288,14.336,26.056,67.896
27/06/2023 05:30,,,20.596,14.384,22.128,59.624
27/06/2023 06:00,,,19.668,10.772,17.92,53.958
27/06/2023 06:30,,,13.274,6.874,14.16,42.4
27/06/2023 07:00,,,7.958,5.312,8.422,31.33
27/06/2023 07:30,,,3.554,3.162,4.66,17.156
27/06/2023 08:00,,,1.648,1.386,2.722,13.828
27/06/2023 08:30,,,6.426,3.228,7.486,20.164
27/06/2023 09:00,,,14.47,10.242,13.73,38.852
27/06/2023 09:30,,,14.322,9.37,15.534,47.068
27/06/2023 10:00,,,16.33,13.832,17.67,54.102
27/06/2023 10:30,,,23.582,10.598,22.576,60.114
27/06/2023 11:00,,,42.19,17.768,35.564,69.746
27/06/2023 11:30,,,45.424,22.336,34.044,66.334
27/06/2023 12:00,,,52.082,20.728,49.808,88.294
27/06/2023 12:30,,,68.244,26.546,69.194,123.06
27/06/2023 13:00,,,81.316,37.924,77.606,176.936
27/06/2023 13:30,,,69.682,49.748,71.588,192.68
27/06/2023 14:00,,,80.702,57.696,104.066,218.436
27/06/2023 14:30,,,86.706,75.912,112.598,240.242
27/06/2023 15:00,,,93.042,63.656,99.566,205.514
27/06/2023 15:30,,,83.86,55.158,105.784,217.386
27/06/2023 16:00,,,82.474,53.232,101.972,216.086
27/06/2023 16:30,,,80.812,52.536,100.576,209.788
27/06/2023 17:00,,,90.312,52.074,103.848,211.458
27/06/2023 17:30,,,90.674,58.65,128.302,227.248
27/06/2023 18:00,,,96.664,58.254,136.666,233.498
27/06/2023 18:30,,,95.692,52.616,133.932,222.814
27/06/2023 19:00,,,92.882,51.134,127.882,218.642
27/06/2023 19:30,,,97.17,49.838,120.374,199.668
27/06/2023 20:00,,,83.398,41.016,100.416,176.848
27/06/2023 20:30,,,79.442,47.608,114.206,197.586
27/06/2023 21:00,,,108.162,62.842,141.038,245.234
27/06/2023 21:30,,,126.782,63.858,141.162,223.888
27/06/2023 22:00,,,115.174,69.646,137.322,229.372
27/06/2023 22:30,,,101.126,71.202,130.042,212.004
27/06/2023 23:00,,,89.858,66.402,114.672,169.262
27/06/2023 23:30,,,84.894,55.678,110.686,165.598
28/06/2023 00:00,,,81.752,58.792,115.812,171.938
28/06/2023 00:30,,,84.724,45.828,122.548,205.58
28/06/2023 01:00,,,102.476,46.762,113.548,159.416
28/06/2023 01:30,,,78.262,33.338,85.728,135.472
28/06/2023 02:00,,,49.968,21.616,82.418,131.364
28/06/2023 02:30,,,51.064,20.072,79.084,133.14
28/06/2023 03:00,,,47.726,24.518,68.938,107.232
28/06/2023 03:30,,,52.388,26.734,84.166,127.3
28/06/2023 04:00,,,84.184,32.438,120.592,183.142
28/06/2023 04:30,,,78.288,41.82,112.234,162.72
28/06/2023 05:00,,,54.958,26.06,77.534,118.986
28/06/2023 05:30,,,66.888,27.996,83.878,124.268
28/06/2023 06:00,,,52.372,18.056,72.734,95.872
28/06/2023 06:30,,,47.456,19.426,71.732,110.436
28/06/2023 07:00,,,44.096,19.72,66.762,102.898
28/06/2023 07:30,,,35.232,20.142,59.944,88.224
28/06/2023 08:00,,,39.174,17.994,60.536,83.44
28/06/2023 08:30,,,28.416,12.038,46.8,71.48
28/06/2023 09:00,,,19.172,8.87,35.492,61.222
28/06/2023 09:30,,,40.08,18.956,60.23,107.43
28/06/2023 10:00,,,34.954,16.11,39.998,68.166
28/06/2023 10:30,,,29.136,10.356,35.54,44.742
28/06/2023 11:00,,,32.064,17.1,55.236,80.868
28/06/2023 11:30,,,41.018,20.18,74.516,96.832
28/06/2023 12:00,,,34.84,18.916,84.878,122.292
28/06/2023 12:30,,,61.074,30.948,105.602,168.514
28/06/2023 13:00,,,76.394,44.974,125.584,209.592
28/06/2023 13:30,,,97.268,48.982,143.43,217.122
28/06/2023 14:00,,,119.118,55.106,153.118,228.2
28/06/2023 14:30,,,120.46,61.27,146.028,211.574
28/06/2023 15:00,,,78.594,40.69,90.172,140.852
28/06/2023 15:30,,,45.94,24.1,59.788,98.872
28/06/2023 16:00,,,35.834,21.322,56.076,85.94
28/06/2023 16:30,,,40.886,22.056,54.532,87.944
28/06/2023 17:00,,,36.056,18.58,55.32,79.95
28/06/2023 17:30,,,32.692,16.572,48.45,72.546
28/06/2023 18:00,,,23.082,10.118,32.986,46.144
28/06/2023 18:30,,,13.824,4.142,28.914,41.382
28/06/2023 19:00,,,9.73,1.314,16.518,18.606
28/06/2023 19:30,,,,,0.658,
28/06/2023 20:00,,,,,,
28/06/2023 20:30,,,,,,
28/06/2023 21:00,,,,,,
28/06/2023 21:30,,,,,,
28/06/2023 22:00,,,,,,
28/06/2023 22:30,,,,,,
28/06/2023 23:00,,,,,,
28/06/2023 23:30,,,,,,
29/06/2023 00:00,,,,,,
29/06/2023 00:30,,,,,,
29/06/2023 01:00,,,,,,
29/06/2023 01:30,,,,,,
29/06/2023 02:00,,,,,,
29/06/2023 02:30,,,,,,
29/06/2023 03:00,,,,,,
29/06/2023 03:30,,,,,,
29/06/2023 04:00,,,,,,
29/06/2023 04:30,,,,,,
29/06/2023 05:00,,,,,,
29/06/2023 05:30,,,,,,
29/06/2023 06:00,,,,,,
29/06/2023 06:30,,,,,,
29/06/2023 07:00,,,,,,
29/06/2023 07:30,,,,,,
29/06/2023 08:00,,,,,,
29/06/2023 08:30,,,,,,
29/06/2023 09:00,,,,,,
29/06/2023 09:30,,,,,,
29/06/2023 10:00,,,,,,
29/06/2023 10:30,,,,,,
29/06/2023 11:00,,,,,,
29/06/2023 11:30,,,,,,
29/06/2023 12:00,,,,,,
29/06/2023 12:30,,,,,,
29/06/2023 13:00,,,,,,
29/06/2023 13:30,,,,,,
29/06/2023 14:00,,,,,,
29/06/2023 14:30,,,,,,
29/06/2023 15:00,,,,,,
29/06/2023 15:30,,,,,,
29/06/2023 16:00,,,,,,
29/06/2023 16:30,,,,,,
29/06/2023 17:00,,,,,,
29/06/2023 17:30,,,,,,
29/06/2023 18:00,,,,,,
29/06/2023 18:30,,,,,,
29/06/2023 19:00,,,,,,
29/06/2023 19:30,,,,,,
29/06/2023 20:00,,,,,,
29/06/2023 20:30,,,,,,
29/06/2023 21:00,,,,,,
29/06/2023 21:30,,,,,,
29/06/2023 22:00,,,,,,
29/06/2023 22:30,,,31.296,1.368,6.476,57.67
29/06/2023 23:00,,,103.332,60.366,101.194,212.286
29/06/2023 23:30,,,125.134,78.922,146.522,283.35
30/06/2023 00:00,,,121.362,94.944,135.298,289.478
30/06/2023 00:30,,,124.404,94.102,132.914,280.964
30/06/2023 01:00,,,125.65,92.13,133.606,250.108
30/06/2023 01:30,,,113.566,70.14,148.574,237.944
30/06/2023 02:00,,,108.2,82.512,148.76,237.12
30/06/2023 02:30,,,70.988,74.296,117.08,211.928
30/06/2023 03:00,,,79.882,55.592,118.974,209.552
30/06/2023 03:30,,,92.974,63.04,126.71,200.61
30/06/2023 04:00,,,103.8,66.156,127.102,195.922
30/06/2023 04:30,,,107.346,52.926,139.096,201.024
30/06/2023 05:00,,,101.092,45.082,126.73,189.272
30/06/2023 05:30,,,88.674,41.42,114.504,163.248
30/06/2023 06:00,,,77.558,34.758,115.974,154.672
30/06/2023 06:30,,,90.066,38.898,117.642,146.7
30/06/2023 07:00,,,88.81,50.642,108.704,139.526
30/06/2023 07:30,,,62.962,44.018,89.416,120.322
30/06/2023 08:00,,,56.482,41.318,78.672,109.69
30/06/2023 08:30,,,56.3,38.236,72.912,92.918
30/06/2023 09:00,,,60.298,28.016,71.006,97.822
30/06/2023 09:30,,,63.918,30.996,73.336,89.078
30/06/2023 10:00,,,69.366,37.68,89.348,112.338
30/06/2023 10:30,,,75.698,39.812,100.712,137.796
30/06/2023 11:00,,,78.454,37.53,101.832,139.596
30/06/2023 11:30,,,71.11,35.556,115.05,150.346
30/06/2023 12:00,,,84.586,43.752,123.302,163.084
30/06/2023 12:30,,,82.016,57.914,129.486,184.936
30/06/2023 13:00,,,90.35,54.516,134.324,196.692
30/06/2023 13:30,,,97.492,53.11,145.056,197.488
30/06/2023 14:00,,,90.194,76.59,139.106,217.856
30/06/2023 14:30,,,70.32,60.212,122.166,176.364
30/06/2023 15:00,,,44.144,49.238,67.674,151.302
30/06/2023 15:30,,,52.87,30.98,60.404,114.076
30/06/2023 16:00,,,61.72,27.97,67.318,110.294
30/06/2023 16:30,,,72.726,34.036,84.514,134.462
30/06/2023 17:00,,,70.226,55.454,103.738,176.866
30/06/2023 17:30,,,72.708,51.368,105.594,167.918
30/06/2023 18:00,,,80.686,45.43,100.478,155.418
30/06/2023 18:30,,,59.12,39.75,76.598,129.146
30/06/2023 19:00,,,64.64,45.588,77.354,123.738
30/06/2023 19:30,,,56.8,32.06,70.158,99.794
30/06/2023 20:00,,,54.972,31.868,58.082,78.274
30/06/2023 20:30,,,45.864,26.96,43.986,54.494
30/06/2023 21:00,,,28.25,20.538,35.068,49.862
30/06/2023 21:30,,,23.5,17.42,34.77,54.43
30/06/2023 22:00,,,29.284,20.422,36.58,53.924
30/06/2023 22:30,,,22.312,17.824,27.796,44.24
30/06/2023 23:00,,,18.558,11.014,29.968,39.578
30/06/2023 23:30,,,26.206,13.798,42.898,67.338
01/07/2023 00:00,,,38.712,19.534,45.946,61.662
01/07/2023 00:30,,,28.834,15.842,44.13,54.208
01/07/2023 01:00,,,42.258,19.118,63.412,91.186
01/07/2023 01:30,,,43.706,17.052,60.044,86.442
01/07/2023 02:00,,,40.25,16.474,65.94,102.122
01/07/2023 02:30,,,60.34,28.042,79.934,103.102
01/07/2023 03:00,,,55.796,30.554,74.704,101.454
01/07/2023 03:30,,,43.924,28.262,84.582,121.996
01/07/2023 04:00,,,64.798,38.34,107.446,151.382
01/07/2023 04:30,,,79.762,38.656,118.508,169.604
01/07/2023 05:00,,,79.924,37.004,119.782,189.51
01/07/2023 05:30,,,98.42,52.542,147.832,234.888
01/07/2023 06:00,,,117.236,59.44,169.004,241.584
01/07/2023 06:30,,,101.426,63.488,177.054,250.022
01/07/2023 07:00,,,90.378,66.708,166.254,220.242
01/07/2023 07:30,,,77.344,54.586,149.726,191.584
01/07/2023 08:00,,,80.392,53.058,149.194,178.39
01/07/2023 08:30,,,77.55,43.68,140.81,175.068
01/07/2023 09:00,,,83.214,44.666,134.636,188.428
01/07/2023 09:30,,,90.876,55.436,154.996,226.088
01/07/2023 10:00,,,116.49,71.738,163.362,237.978
01/07/2023 10:30,,,113.472,70.358,166.054,217.674
01/07/2023 11:00,,,118.608,63.05,165.788,229.736
01/07/2023 11:30,,,114.222,75.494,161.964,278.4
01/07/2023 12:00,,,116.174,90.544,144.784,300.368
01/07/2023 12:30,,,113.726,88.702,149.034,287.45
01/07/2023 13:00,,,107.55,86.898,157.006,296.39
01/07/2023 13:30,,,107.436,83.268,160.542,302.468
01/07/2023 14:00,,,106.614,77.666,167.25,304.024
01/07/2023 14:30,,,104.444,82.656,164.14,301.718
01/07/2023 15:00,,,102.042,85.878,163.368,304.632
01/07/2023 15:30,,,101.84,85.044,164.3,311.388
01/07/2023 16:00,,,105.874,86.71,158.498,306.61
01/07/2023 16:30,,,104.676,86.57,159.982,311.972
01/07/2023 17:00,,,103.212,85.42,162.6,312.16
01/07/2023 17:30,,,101.954,79.786,169.454,312.21
01/07/2023 18:00,,,105.868,81.574,164.684,312.03
01/07/2023 18:30,,,102.16,80.546,168.462,312.148
01/07/2023 19:00,,,100.426,78.288,172.406,311.968
01/07/2023 19:30,,,99.802,81.656,169.67,312.212
01/07/2023 20:00,,,102.496,85.124,163.552,312.256
01/07/2023 20:30,,,102.244,85.074,163.902,310.748
01/07/2023 21:00,,,102.258,85.186,163.646,306.884
01/07/2023 21:30,,,112.688,81.686,157.228,302.522
01/07/2023 22:00,,,116.396,80.458,154.848,302.564
01/07/2023 22:30,,,116.372,80.472,154.96,277.112
01/07/2023 23:00,,,115.9,80.122,157.07,
01/07/2023 23:30,,,116.41,80.466,154.87,
02/07/2023 00:00,,,114.442,79.144,158.114,
02/07/2023 00:30,,,113.382,78.38,160.06,
02/07/2023 01:00,,,113.334,78.354,160.022,
02/07/2023 01:30,,,113.198,78.252,160.268,
02/07/2023 02:00,,,113.13,78.208,160.412,
02/07/2023 02:30,,,113.058,78.21,160.46,
02/07/2023 03:00,,,113.166,78.262,160.328,
02/07/2023 03:30,,,115.142,77.794,158.794,
02/07/2023 04:00,,,115.234,78.33,158.154,
02/07/2023 04:30,,,113.632,77.03,161.09,
02/07/2023 05:00,,,111.582,75.266,164.812,
02/07/2023 05:30,,,112.264,75.348,164.014,
02/07/2023 06:00,,,113.788,78.312,159.562,
02/07/2023 06:30,,,112.246,77.824,161.606,
02/07/2023 07:00,,,112.594,78.348,160.784,
02/07/2023 07:30,,,117.514,78.876,155.222,
02/07/2023 08:00,,,116.706,80.76,154.182,
02/07/2023 08:30,,,111.76,78.76,161.192,
02/07/2023 09:00,,,107.854,77.312,166.568,
02/07/2023 09:30,,,110.91,76.632,164.112,
02/07/2023 10:00,,,110.05,75.912,165.74,
02/07/2023 10:30,,,111.14,74.014,166.454,
02/07/2023 11:00,,,110.808,72.388,168.366,
02/07/2023 11:30,,,111.01,77.686,163.108,
02/07/2023 12:00,,,107.772,82.786,161.15,
02/07/2023 12:30,,,107.41,87.682,156.634,
02/07/2023 13:00,,,112.94,83.162,145.918,
02/07/2023 13:30,,,119.282,79.382,152.424,
02/07/2023 14:00,,,111.062,72.75,167.864,
02/07/2023 14:30,,,123.15,63.938,164.046,
02/07/2023 15:00,,,125.156,61.17,164.77,
02/07/2023 15:30,,,131.128,51.378,168.174,
02/07/2023 16:00,,,131.226,50.898,168.658,
02/07/2023 16:30,,,131.2,50.848,168.538,
02/07/2023 17:00,,,134.296,38.168,171.522,
02/07/2023 17:30,,,88.598,13.65,154.224,
02/07/2023 18:00,,,87.07,82.96,172.38,
02/07/2023 18:30,,,136.534,67.718,146.82,
02/07/2023 19:00,,,143.288,64.012,143.534,
02/07/2023 19:30,,,117.246,70.982,163.384,
02/07/2023 20:00,,,114.284,71.976,165.566,
02/07/2023 20:30,,,114.804,71.548,165.546,
02/07/2023 21:00,,,111.466,79.236,161.268,
02/07/2023 21:30,,,111.194,79.772,160.924,
02/07/2023 22:00,,,109.144,78.144,164.572,
02/07/2023 22:30,,,108.402,77.63,165.782,
02/07/2023 23:00,,,108.004,75.946,167.892,
02/07/2023 23:30,,,107.448,75.914,168.426,
03/07/2023 00:00,,,108.8,75.27,167.788,
03/07/2023 00:30,,,106.444,74.682,170.802,
03/07/2023 01:00,,,104.666,74.54,172.698,
03/07/2023 01:30,,,107.014,75.342,169.54,
03/07/2023 02:00,,,107.872,74.698,169.368,
03/07/2023 02:30,,,112.898,74.608,164.242,
03/07/2023 03:00,,,108.698,74.326,168.692,
03/07/2023 03:30,,,103.932,67.49,180.344,
03/07/2023 04:00,,,107.494,65.082,179.09,
03/07/2023 04:30,,,106.062,63.778,181.79,
03/07/2023 05:00,,,104.626,62.728,184.282,
03/07/2023 05:30,,,105.614,62.372,183.656,
03/07/2023 06:00,,,105.856,63.368,182.418,
03/07/2023 06:30,,,105.852,64.932,180.902,
03/07/2023 07:00,,,106.108,63.998,181.49,
03/07/2023 07:30,,,105.194,64.896,181.568,
03/07/2023 08:00,,,106.502,64.586,180.414,
03/07/2023 08:30,,,106.136,61.728,183.638,
03/07/2023 09:00,,,105.168,58.454,187.822,
03/07/2023 09:30,,,104.186,60.276,186.992,
03/07/2023 10:00,,,106.668,64.014,181.034,
03/07/2023 10:30,,,107.334,69.266,175.018,
03/07/2023 11:00,,,104.256,75.952,171.526,
03/07/2023 11:30,,,102.442,73.5,175.72,
03/07/2023 12:00,,,108.088,67.368,176.254,
03/07/2023 12:30,,,108.068,69.608,173.982,
03/07/2023 13:00,,,104.274,74.352,173.252,
03/07/2023 13:30,,,111.158,75.346,165.302,
03/07/2023 14:00,,,110.082,68.044,173.63,
03/07/2023 14:30,,,119.372,51.878,180.188,
03/07/2023 15:00,,,131.512,42.548,176.884,
03/07/2023 15:30,,,125.658,51.274,174.27,
03/07/2023 16:00,,,113.752,74.118,164.04,
03/07/2023 16:30,,,116.152,71.45,164.188,
03/07/2023 17:00,,,111.768,74.042,166.032,
03/07/2023 17:30,,,115.322,65.424,171.076,
03/07/2023 18:00,,,116.544,64.864,170.342,
03/07/2023 18:30,,,115.528,65.646,170.432,
03/07/2023 19:00,,,116.878,62.774,171.976,
03/07/2023 19:30,,,117.288,61.742,172.578,
03/07/2023 20:00,,,108.804,68.772,174.314,
03/07/2023 20:30,,,109.726,81.886,160.226,
03/07/2023 21:00,,,119.948,87.89,143.374,
03/07/2023 21:30,,,126.864,84.418,139.664,
03/07/2023 22:00,,,131.708,83.318,135.648,
03/07/2023 22:30,,,130.654,83.426,136.712,
03/07/2023 23:00,,,129.334,83.632,137.898,
03/07/2023 23:30,,,124.01,89.72,137.604,
04/07/2023 00:00,,,122.778,90.892,137.708,
04/07/2023 00:30,,,122.222,90.41,138.796,
04/07/2023 01:00,,,122.188,90.944,138.28,
04/07/2023 01:30,,,122.24,90.372,138.842,
04/07/2023 02:00,,,119.774,84.452,147.336,
04/07/2023 02:30,,,122.708,78.528,150.334,
04/07/2023 03:00,,,123.296,52.388,171.122,
04/07/2023 03:30,,,100.708,18.734,136.872,
04/07/2023 04:00,,,47.152,8.146,51.288,
04/07/2023 04:30,,,9.008,5.784,10.612,
04/07/2023 05:00,,,5.254,6.05,6.304,
04/07/2023 05:30,,,4.944,6.956,5.38,
04/07/2023 06:00,,,4.87,8.602,7.308,
04/07/2023 06:30,,,5.32,7.782,7.27,
04/07/2023 07:00,,,5.78,10.288,8.24,
04/07/2023 07:30,,,5.642,9.582,9.956,7.004
04/07/2023 08:00,,,6.076,4.798,5.228,4.004
04/07/2023 08:30,,,3.082,1.818,1.926,
04/07/2023 09:00,,,0.136,0.058,,
04/07/2023 09:30,,,0.08,,,
04/07/2023 10:00,,,,,,
04/07/2023 10:30,,,,,,
04/07/2023 11:00,,,,,,
04/07/2023 11:30,,,,,,
04/07/2023 12:00,,,,,,
04/07/2023 12:30,,,,,,
04/07/2023 13:00,,,,,,
04/07/2023 13:30,,,,,,
04/07/2023 14:00,,,,,1.09,
04/07/2023 14:30,,,,,2.426,
04/07/2023 15:00,,,,,0.06,
04/07/2023 15:30,,,,,2.38,
04/07/2023 16:00,,,6.53,,5.872,3.518
04/07/2023 16:30,,,9.948,,8.096,3.736
04/07/2023 17:00,,,4.598,1.66,7.926,5.682
04/07/2023 17:30,,,3.436,3.494,7.78,8.698
04/07/2023 18:00,,,4.906,2.054,5.542,7.992
04/07/2023 18:30,,,3.22,4.154,3.944,6.41
04/07/2023 19:00,,,4.856,2.246,6.252,3.566
04/07/2023 19:30,,,4.244,2.972,5.514,3.142
04/07/2023 20:00,,,4.97,1.798,3.716,2.788
04/07/2023 20:30,,,7.372,0.3,5.5,2.276
04/07/2023 21:00,,,10.484,1.422,9.62,4.324
04/07/2023 21:30,,,16.136,4.274,13.632,9.398
04/07/2023 22:00,,,20.168,7.568,17.468,14.582
04/07/2023 22:30,,,23.74,7.982,20.084,17.55
04/07/2023 23:00,,,23.812,9.064,20.786,19.096
04/07/2023 23:30,,,27.514,12.404,26.128,25.362
05/07/2023 00:00,,,27.318,14.072,25.236,24.938
05/07/2023 00:30,,,20.38,10.98,19.404,18.818
05/07/2023 01:00,,,15.658,9.472,16.126,14.524
05/07/2023 01:30,,,16.372,11.564,19.176,15.494
05/07/2023 02:00,,,25.016,13.09,23.708,24.008
05/07/2023 02:30,,,26.738,13.032,28.65,27.438
05/07/2023 03:00,,,27.066,12.29,27.06,28.202
05/07/2023 03:30,,,27.86,10.446,24.4,22.668
05/07/2023 04:00,,,24.82,8.854,21.546,22.822
05/07/2023 04:30,,,24.046,9.228,18.618,22.072
05/07/2023 05:00,,,19.984,8.136,17.266,22.94
05/07/2023 05:30,,,19.666,7.668,19.538,25.268
05/07/2023 06:00,,,18.444,9.204,16.312,24.294
05/07/2023 06:30,,,15.328,5.574,14.342,19.426
05/07/2023 07:00,,,18.378,3.812,11.884,12.364
05/07/2023 07:30,,,13.486,2.208,8.156,6.726
05/07/2023 08:00,,,15.228,2.584,5.626,2.674
05/07/2023 08:30,,,11.436,3.99,4.17,1.622
05/07/2023 09:00,,,7.35,4.378,3.516,2.172
05/07/2023 09:30,,,5.55,2.27,1.814,0.334
05/07/2023 10:00,,,6.886,2.408,3.118,2.536
05/07/2023 10:30,,,8.498,2.992,4.582,3.772
05/07/2023 11:00,,,10.17,5.19,9.978,9.132
05/07/2023 11:30,,,9.302,6.798,10.1,11.378
05/07/2023 12:00,,,7.788,7.358,8.278,7.656
05/07/2023 12:30,,,6.598,4.662,6.452,4.91
05/07/2023 13:00,,,7.062,3.436,3.184,1.55
05/07/2023 13:30,,,4.986,2.424,2.528,1.888
05/07/2023 14:00,,,6.32,1.674,3.4,2.984
05/07/2023 14:30,,,5.52,0.958,2.746,1.822
05/07/2023 15:00,,,3.292,,0.422,
05/07/2023 15:30,,,,,,
05/07/2023 16:00,,,,,,
05/07/2023 16:30,,,,,,
05/07/2023 17:00,,,,,,
05/07/2023 17:30,,,,,,
05/07/2023 18:00,,,,,,
05/07/2023 18:30,,,,,,
05/07/2023 19:00,,,,,1.368,
05/07/2023 19:30,,,1.608,,6.85,6.928
05/07/2023 20:00,,,7.454,0.034,11.2,15.2
05/07/2023 20:30,,,18.138,1.488,20.8,19.496
05/07/2023 21:00,,,24.75,1.854,21.628,15.204
05/07/2023 21:30,,,19.028,1.232,22.138,16.296
05/07/2023 22:00,,,16.956,5.104,24.04,18.352
05/07/2023 22:30,,,20.344,6.046,32.774,31.604
05/07/2023 23:00,,,35.064,12.356,52.164,51.578
05/07/2023 23:30,,,41.69,13.092,46.474,41.902
06/07/2023 00:00,,,27.778,8.064,35.408,32.68
06/07/2023 00:30,,,20.284,7.098,40.236,38.52
06/07/2023 01:00,,,25.07,15.118,38.648,49.432
06/07/2023 01:30,,,27.968,16.984,41.512,55.764
06/07/2023 02:00,,,39.462,18.914,56.548,76.086
06/07/2023 02:30,,,40.788,23.048,57.932,83.104
06/07/2023 03:00,,,36.044,28.682,61.658,89.962
06/07/2023 03:30,,,34.824,27.492,52.66,74.934
06/07/2023 04:00,,,23.7,22.57,43.008,67.786
06/07/2023 04:30,,,24.606,24.142,39.372,55.564
06/07/2023 05:00,,,16.594,19.806,22.276,39.752
06/07/2023 05:30,,,12.352,9.398,19.378,27.818
06/07/2023 06:00,,,15.152,9.448,23.562,33.842
06/07/2023 06:30,,,11.566,10.93,15.854,28.99
06/07/2023 07:00,,,7.886,7.318,9.49,20.804
06/07/2023 07:30,,,4.598,4.768,5.914,12.872
06/07/2023 08:00,,,5.006,4.492,10.046,15.36
06/07/2023 08:30,,,10.176,5.988,20.41,27.962
06/07/2023 09:00,,,13.824,7.746,22.944,26.204
06/07/2023 09:30,,,8.386,5.214,19.5,24.918
06/07/2023 10:00,,,7.76,4.344,21.708,29.272
06/07/2023 10:30,,,19.94,8.76,31.602,40.764
06/07/2023 11:00,,,13.63,9.604,22.33,27.896
06/07/2023 11:30,,,12.074,8.11,15.088,23.248
06/07/2023 12:00,,,11.286,6.372,17.258,21.192
06/07/2023 12:30,,,14.53,11.658,22.42,32.214
06/07/2023 13:00,,,11.306,13.368,23.72,35.568
06/07/2023 13:30,,,10.794,13.38,29.944,44.742
06/07/2023 14:00,,,31.64,18.292,59.392,80.83
06/07/2023 14:30,,,45.906,28.954,71.318,114.77
06/07/2023 15:00,,,66.428,35.822,70.096,114.97
06/07/2023 15:30,,,46.608,30.096,71.43,84.66
06/07/2023 16:00,,,55.73,29.152,107.468,138.888
06/07/2023 16:30,,,81.286,44.556,132.67,185.806
06/07/2023 17:00,,,101.004,58.054,124.882,195.758
06/07/2023 17:30,,,66.38,50.814,95.552,142.68
06/07/2023 18:00,,,70.434,44.756,91.594,121.472
06/07/2023 18:30,,,40.982,23.448,43.504,60.904
06/07/2023 19:00,,,39.246,14.182,33.686,42.164
06/07/2023 19:30,,,50.624,12.274,60.618,65.626
06/07/2023 20:00,,,69.908,26.834,113.338,132.466
06/07/2023 20:30,,,70.514,32.212,113.754,152.126
06/07/2023 21:00,,,85.078,54.48,143.24,171.284
06/07/2023 21:30,,,0.396,5.352,149.054,7.16
06/07/2023 22:00,,,,,158.122,6.078
06/07/2023 22:30,,,,,203.908,6.074
06/07/2023 23:00,,,,,218.14,6.066
06/07/2023 23:30,,,,,215.076,62.47
07/07/2023 00:00,,,,,219.35,170.812
07/07/2023 00:30,,,,,223.174,270.74
07/07/2023 01:00,,,,,222.146,312.232
07/07/2023 01:30,,,140.014,,208.492,316.17
07/07/2023 02:00,,,71.68,,162.604,181.074
07/07/2023 02:30,,,,,,
07/07/2023 03:00,,,,,,
07/07/2023 03:30,,,,,,
07/07/2023 04:00,,,,,,
07/07/2023 04:30,,,,,,
07/07/2023 05:00,,,,,,
07/07/2023 05:30,,,,,,
07/07/2023 06:00,,,,,,
07/07/2023 06:30,,,,,,
07/07/2023 07:00,,,,,,
07/07/2023 07:30,,,,,,
07/07/2023 08:00,,,,,,
07/07/2023 08:30,,,,,,
07/07/2023 09:00,,,,,,
07/07/2023 09:30,,,,,,
07/07/2023 10:00,,,,,,
07/07/2023 10:30,,,,,,
07/07/2023 11:00,,,,,,
07/07/2023 11:30,,,,,,
07/07/2023 12:00,,,,,,
07/07/2023 12:30,,,,,,
07/07/2023 13:00,,,,,,
07/07/2023 13:30,,,,,,
07/07/2023 14:00,,,,,,
07/07/2023 14:30,,,,,,
07/07/2023 15:00,,,,,,
07/07/2023 15:30,,,,,,
07/07/2023 16:00,,,,,,
07/07/2023 16:30,,,,,,
07/07/2023 17:00,,,,,,
07/07/2023 17:30,,,,,,
07/07/2023 18:00,,,,,,
07/07/2023 18:30,,,,,,
07/07/2023 19:00,,,,,,
07/07/2023 19:30,,,,,,
07/07/2023 20:00,,,,,,
07/07/2023 20:30,,,,,,
07/07/2023 21:00,,,,,,
07/07/2023 21:30,,,,,,
07/07/2023 22:00,,,,,,
07/07/2023 22:30,,,,,,
07/07/2023 23:00,,,,,,
07/07/2023 23:30,,,,,,
08/07/2023 00:00,,,,,,
08/07/2023 00:30,,,,,,
08/07/2023 01:00,,,,,,
08/07/2023 01:30,,,,,,
08/07/2023 02:00,,,,,,
08/07/2023 02:30,,,,,,
08/07/2023 03:00,,,,,,
08/07/2023 03:30,,,,,,
08/07/2023 04:00,,,,,,
08/07/2023 04:30,,,,,,
08/07/2023 05:00,,,,,,
08/07/2023 05:30,,,,,,
08/07/2023 06:00,,,,,,
08/07/2023 06:30,,,,,,
08/07/2023 07:00,,,,,,
08/07/2023 07:30,,,,,,
08/07/2023 08:00,,,,,,
08/07/2023 08:30,,,,,,
08/07/2023 09:00,,,,,,
08/07/2023 09:30,,,,,,
08/07/2023 10:00,,,,,,
08/07/2023 10:30,,,,,,
08/07/2023 11:00,,,,,,
08/07/2023 11:30,,,,,,
08/07/2023 12:00,,,,,,
08/07/2023 12:30,,,,,,
08/07/2023 13:00,,,,,,
08/07/2023 13:30,,,,,,
08/07/2023 14:00,,,,,,
08/07/2023 14:30,,,,,,
08/07/2023 15:00,,,,,,
08/07/2023 15:30,,,,,,
08/07/2023 16:00,,,,,,
08/07/2023 16:30,,,,,,
08/07/2023 17:00,,,,,,
08/07/2023 17:30,,,,,,
08/07/2023 18:00,,,,,,
08/07/2023 18:30,,,,,,
08/07/2023 19:00,,,,,,
08/07/2023 19:30,,,,,,
08/07/2023 20:00,,,,,,
08/07/2023 20:30,,,,,,
08/07/2023 21:00,,,,,,
08/07/2023 21:30,,,,,,
08/07/2023 22:00,,,,,,
08/07/2023 22:30,,,,,,
08/07/2023 23:00,,,,,,
08/07/2023 23:30,,,,,,
09/07/2023 00:00,,,,,,
09/07/2023 00:30,,,,,,
09/07/2023 01:00,,,,,,
09/07/2023 01:30,,,,,,
09/07/2023 02:00,,,,,,
09/07/2023 02:30,,,,,,
09/07/2023 03:00,,,,,,
09/07/2023 03:30,,,,,,
09/07/2023 04:00,,,,,,
09/07/2023 04:30,,,,,,
09/07/2023 05:00,,,,,,
09/07/2023 05:30,,,,,,
09/07/2023 06:00,,,,,,
09/07/2023 06:30,,,,,,
09/07/2023 07:00,,,,,,
09/07/2023 07:30,,,,,,
09/07/2023 08:00,,,,,,
09/07/2023 08:30,,,,,,
09/07/2023 09:00,,,,,,
09/07/2023 09:30,,,,,,
09/07/2023 10:00,,,,,,
09/07/2023 10:30,,,,,,
09/07/2023 11:00,,,,,,
09/07/2023 11:30,,,,,,
09/07/2023 12:00,,,,,,
09/07/2023 12:30,,,,,,
09/07/2023 13:00,,,,,,
09/07/2023 13:30,,,,,,
09/07/2023 14:00,,,,,,
09/07/2023 14:30,,,,,,
09/07/2023 15:00,,,,,,
09/07/2023 15:30,,,,,,
09/07/2023 16:00,,,,,,
09/07/2023 16:30,,,,,,
09/07/2023 17:00,,,,,,
09/07/2023 17:30,,,,,,
09/07/2023 18:00,,,,,,
09/07/2023 18:30,,,,,,
09/07/2023 19:00,,,,,,
09/07/2023 19:30,,,,,,
09/07/2023 20:00,,,,,,
09/07/2023 20:30,,,,,,
09/07/2023 21:00,,,,,,
09/07/2023 21:30,,,,,,
09/07/2023 22:00,,,,,,
09/07/2023 22:30,,,,,,
09/07/2023 23:00,,,,,,
09/07/2023 23:30,,,,,,
10/07/2023 00:00,,,,,,
10/07/2023 00:30,,,,,,
10/07/2023 01:00,,,,,,
10/07/2023 01:30,,,,,,
10/07/2023 02:00,,,,,,
10/07/2023 02:30,,,,,,
10/07/2023 03:00,,,,,,
10/07/2023 03:30,,,,,,
10/07/2023 04:00,,,,,,
10/07/2023 04:30,,,,,,
10/07/2023 05:00,,,,,,
10/07/2023 05:30,,,,,,
10/07/2023 06:00,,,,,,
10/07/2023 06:30,,,,,,
10/07/2023 07:00,,,,,,
10/07/2023 07:30,,,,,,
10/07/2023 08:00,,,,,,
10/07/2023 08:30,,,,,,
10/07/2023 09:00,,,,,,
10/07/2023 09:30,,,,,,
10/07/2023 10:00,,,,,,
10/07/2023 10:30,,,,,,
10/07/2023 11:00,,,,,,
10/07/2023 11:30,,,,,,
10/07/2023 12:00,,,,,,
10/07/2023 12:30,,,,,,
10/07/2023 13:00,,,,,,
10/07/2023 13:30,,,,,,
10/07/2023 14:00,,,,,,
10/07/2023 14:30,,,,,,
10/07/2023 15:00,,,,,,
10/07/2023 15:30,,,,,,
10/07/2023 16:00,,,,,,
10/07/2023 16:30,,,,,,
10/07/2023 17:00,,,,,,
10/07/2023 17:30,,,,,,
10/07/2023 18:00,,,,,,
10/07/2023 18:30,,,,,,
10/07/2023 19:00,,,,,,
10/07/2023 19:30,,,,,,
10/07/2023 20:00,,,,,,
10/07/2023 20:30,,,,,,
10/07/2023 21:00,,,,,,
10/07/2023 21:30,,,,,,
10/07/2023 22:00,,,,,,
10/07/2023 22:30,,,,,,
10/07/2023 23:00,,,,,,
10/07/2023 23:30,,,,,,
11/07/2023 00:00,,,,,,
11/07/2023 00:30,,,,,,
11/07/2023 01:00,,,,,,
11/07/2023 01:30,,,,,,
11/07/2023 02:00,,,,,,
11/07/2023 02:30,,,,,,
11/07/2023 03:00,,,,,,
11/07/2023 03:30,,,,,,
11/07/2023 04:00,,,,,,
11/07/2023 04:30,,,,,,
11/07/2023 05:00,,,,,,
11/07/2023 05:30,,,,,,
11/07/2023 06:00,,,,,,
11/07/2023 06:30,,,,,,
11/07/2023 07:00,,,,,,
11/07/2023 07:30,,,,,,
11/07/2023 08:00,,,,,,
11/07/2023 08:30,,,,,,
11/07/2023 09:00,,,,,,
11/07/2023 09:30,,,,,,
11/07/2023 10:00,,,,,,
11/07/2023 10:30,,,,,,
11/07/2023 11:00,,,,,,
11/07/2023 11:30,,,,,,
11/07/2023 12:00,,,,,,
11/07/2023 12:30,,,,,,
11/07/2023 13:00,,,,,,
11/07/2023 13:30,,,,,,
11/07/2023 14:00,,,,,,
11/07/2023 14:30,,,,,,
11/07/2023 15:00,,,,,,
11/07/2023 15:30,,,,,,
11/07/2023 16:00,,,,,,
11/07/2023 16:30,,,,,,
11/07/2023 17:00,,,,,,
11/07/2023 17:30,,,,,,
11/07/2023 18:00,,,,,,
11/07/2023 18:30,,,,,,
11/07/2023 19:00,,,,,,
11/07/2023 19:30,,,,,,
11/07/2023 20:00,,,,,,
11/07/2023 20:30,,,,,,
11/07/2023 21:00,,,,,,
11/07/2023 21:30,,,,,,
11/07/2023 22:00,,,,,,
11/07/2023 22:30,,,,,,
11/07/2023 23:00,,,,,,
11/07/2023 23:30,,,,,,
12/07/2023 00:00,,,,,,
12/07/2023 00:30,,,,,,
12/07/2023 01:00,,,,,,
12/07/2023 01:30,,,,,,
12/07/2023 02:00,,,,,,
12/07/2023 02:30,,,,,,
12/07/2023 03:00,,,,,,
12/07/2023 03:30,,,,,,
12/07/2023 04:00,,,,,,
12/07/2023 04:30,,,,,,
12/07/2023 05:00,,,,,,
12/07/2023 05:30,,,,,,
12/07/2023 06:00,,,,,,
12/07/2023 06:30,,,,,,
12/07/2023 07:00,,,,,,
12/07/2023 07:30,,,,,,
12/07/2023 08:00,,,,,,
12/07/2023 08:30,,,,,,
12/07/2023 09:00,,,,,,
12/07/2023 09:30,,,,,,
12/07/2023 10:00,,,,,,
12/07/2023 10:30,,,,,,
12/07/2023 11:00,,,,,,
12/07/2023 11:30,,,,,,
12/07/2023 12:00,,,,,,
12/07/2023 12:30,,,,,,
12/07/2023 13:00,,,,,,
12/07/2023 13:30,,,,,,
12/07/2023 14:00,,,,,,
12/07/2023 14:30,,,,,,
12/07/2023 15:00,,,,,,
12/07/2023 15:30,,,,,,
12/07/2023 16:00,,,,,,
12/07/2023 16:30,,,,,,
12/07/2023 17:00,,,,,,
12/07/2023 17:30,,,,,,
12/07/2023 18:00,,,,,,
12/07/2023 18:30,,,,,,
12/07/2023 19:00,,,,,,
12/07/2023 19:30,,,,,,
12/07/2023 20:00,,,,,,
12/07/2023 20:30,,,,,,
12/07/2023 21:00,,,,,,
12/07/2023 21:30,,,,,,
12/07/2023 22:00,,,,,,
12/07/2023 22:30,,,,,,
12/07/2023 23:00,,,,,,
12/07/2023 23:30,,,,,,
13/07/2023 00:00,,,,,,
13/07/2023 00:30,,,,,,
13/07/2023 01:00,,,,,,
13/07/2023 01:30,,,,,,
13/07/2023 02:00,,,,,,
13/07/2023 02:30,,,,,,
13/07/2023 03:00,,,,,,
13/07/2023 03:30,,,,,,
13/07/2023 04:00,,,,,,
13/07/2023 04:30,,,,,,
13/07/2023 05:00,,,,,,
13/07/2023 05:30,,,,,,
13/07/2023 06:00,,,,,,
13/07/2023 06:30,,,,,,
13/07/2023 07:00,,,,,,
13/07/2023 07:30,,,,,,
13/07/2023 08:00,,,,,,
13/07/2023 08:30,,,,,,
13/07/2023 09:00,,,,,,
13/07/2023 09:30,,,,,,
13/07/2023 10:00,,,,,,
13/07/2023 10:30,,,,,,
13/07/2023 11:00,,,,,,
13/07/2023 11:30,,,,,,
13/07/2023 12:00,,,,,,
13/07/2023 12:30,,,,,,
13/07/2023 13:00,,,,,,
13/07/2023 13:30,,,,,,
13/07/2023 14:00,,,,,,
13/07/2023 14:30,,,,,,
13/07/2023 15:00,,,,,,
13/07/2023 15:30,,,,,,
13/07/2023 16:00,,,,,,
13/07/2023 16:30,,,,,,
13/07/2023 17:00,,,,,,
13/07/2023 17:30,,,,,,
13/07/2023 18:00,,,,,,
13/07/2023 18:30,,,,,,
13/07/2023 19:00,,,,,,
13/07/2023 19:30,,,,,,
13/07/2023 20:00,,,,,,
13/07/2023 20:30,,,,,,
13/07/2023 21:00,,,,,,
13/07/2023 21:30,,,,,,
13/07/2023 22:00,,,,,,
13/07/2023 22:30,,,,,,
13/07/2023 23:00,,,,,,
13/07/2023 23:30,,,,,,
14/07/2023 00:00,,,,,,
14/07/2023 00:30,,,,,,
14/07/2023 01:00,,,,,,
14/07/2023 01:30,,,,,,
14/07/2023 02:00,,,,,,
14/07/2023 02:30,,,,,,
14/07/2023 03:00,,,,,,
14/07/2023 03:30,,,,,,
14/07/2023 04:00,,,,,,
14/07/2023 04:30,,,,,,
14/07/2023 05:00,,,,,,
14/07/2023 05:30,,,,,,
14/07/2023 06:00,,,,,,
14/07/2023 06:30,,,,,,
14/07/2023 07:00,,,,,,
14/07/2023 07:30,,,,,,
14/07/2023 08:00,,,,,,
14/07/2023 08:30,,,,,,
14/07/2023 09:00,,,,,,
14/07/2023 09:30,,,,,,
14/07/2023 10:00,,,,,,
14/07/2023 10:30,,,,,,
14/07/2023 11:00,,,,,,
14/07/2023 11:30,,,,,,
14/07/2023 12:00,,,,,,
14/07/2023 12:30,,,,,,
14/07/2023 13:00,,,,,,
14/07/2023 13:30,,,,,,
14/07/2023 14:00,,,,,,
14/07/2023 14:30,,,,,,
14/07/2023 15:00,,,,,,
14/07/2023 15:30,,,,,,
14/07/2023 16:00,,,,,,
14/07/2023 16:30,,,,,,
14/07/2023 17:00,,,,,,
14/07/2023 17:30,,,,,,
14/07/2023 18:00,,,,,,
14/07/2023 18:30,,,,,,
14/07/2023 19:00,,,,,,
14/07/2023 19:30,,,,,,
14/07/2023 20:00,,,,,,
14/07/2023 20:30,,,,,,
14/07/2023 21:00,,,,,,
14/07/2023 21:30,,,,,,
14/07/2023 22:00,,,,,,
14/07/2023 22:30,,,,,,
14/07/2023 23:00,,,,,,
14/07/2023 23:30,,,,,,
15/07/2023 00:00,,,,,,
15/07/2023 00:30,,,,,,
15/07/2023 01:00,,,,,,
15/07/2023 01:30,,,,,,
15/07/2023 02:00,,,,,,
15/07/2023 02:30,,,,,,
15/07/2023 03:00,,,,,,
15/07/2023 03:30,,,,,,
15/07/2023 04:00,,,,,,
15/07/2023 04:30,,,,,,
15/07/2023 05:00,,,,,,
15/07/2023 05:30,,,,,,
15/07/2023 06:00,,,,,,
15/07/2023 06:30,,,,,,
15/07/2023 07:00,,,,,,
15/07/2023 07:30,,,,,,
15/07/2023 08:00,,,,,,
15/07/2023 08:30,,,,,,
15/07/2023 09:00,,,,,,
15/07/2023 09:30,,,,,,
15/07/2023 10:00,,,,,,
15/07/2023 10:30,,,,,,
15/07/2023 11:00,,,,,,
15/07/2023 11:30,,,,,,
15/07/2023 12:00,,,,,,
15/07/2023 12:30,,,,,,
15/07/2023 13:00,,,,,,
15/07/2023 13:30,,,,,,
15/07/2023 14:00,,,,,,
15/07/2023 14:30,,,,,,
15/07/2023 15:00,,,,,,
15/07/2023 15:30,,,,,,
15/07/2023 16:00,,,,,,
15/07/2023 16:30,,,,,,
15/07/2023 17:00,,,,,,
15/07/2023 17:30,,,,,,
15/07/2023 18:00,,,,,,
15/07/2023 18:30,,,,,,
15/07/2023 19:00,,,,,,
15/07/2023 19:30,,,,,,
15/07/2023 20:00,,,,,,
15/07/2023 20:30,,,,,,
15/07/2023 21:00,,,,,,
15/07/2023 21:30,,,,,,
15/07/2023 22:00,,,,,,
15/07/2023 22:30,,,,,,
15/07/2023 23:00,,,,,,
15/07/2023 23:30,,,,,,
16/07/2023 00:00,,,,,,
16/07/2023 00:30,,,,,,
16/07/2023 01:00,,,,,,
16/07/2023 01:30,,,,,,
16/07/2023 02:00,,,,,,
16/07/2023 02:30,,,,,,
16/07/2023 03:00,,,,,,
16/07/2023 03:30,,,,,,
16/07/2023 04:00,,,,,,
16/07/2023 04:30,,,,,,
16/07/2023 05:00,,,,,,
16/07/2023 05:30,,,,,,
16/07/2023 06:00,,,,,,
16/07/2023 06:30,,,,,,
16/07/2023 07:00,,,,,,
16/07/2023 07:30,,,,,,
16/07/2023 08:00,,,,,,
16/07/2023 08:30,,,,,,
16/07/2023 09:00,,,,,,
16/07/2023 09:30,,,,,,
16/07/2023 10:00,,,,,,
16/07/2023 10:30,,,,,,
16/07/2023 11:00,,,,,,
16/07/2023 11:30,,,,,,
16/07/2023 12:00,,,,,,
16/07/2023 12:30,,,,,,
16/07/2023 13:00,,,,,,
16/07/2023 13:30,,,,,,
16/07/2023 14:00,,,,,,
16/07/2023 14:30,,,,,,
16/07/2023 15:00,,,,,,
16/07/2023 15:30,,,,,,
16/07/2023 16:00,,,,,,
16/07/2023 16:30,,,,,,
16/07/2023 17:00,,,,,,
16/07/2023 17:30,,,,,,
16/07/2023 18:00,,,,,,
16/07/2023 18:30,,,,,,
16/07/2023 19:00,,,,,,
16/07/2023 19:30,,,,,,
16/07/2023 20:00,,,,,,
16/07/2023 20:30,,,,,,
16/07/2023 21:00,,,,,,
16/07/2023 21:30,,,,,,
16/07/2023 22:00,,,,,,
16/07/2023 22:30,,,,,,
16/07/2023 23:00,,,,,,
16/07/2023 23:30,,,,,,
17/07/2023 00:00,,,,,,
17/07/2023 00:30,,,,,,
17/07/2023 01:00,,,,,,
17/07/2023 01:30,,,,,,
17/07/2023 02:00,,,,,,
17/07/2023 02:30,,,,,,
17/07/2023 03:00,,,,,,
17/07/2023 03:30,,,,,,
17/07/2023 04:00,,,,,,
17/07/2023 04:30,,,,,,
17/07/2023 05:00,,,,,,
17/07/2023 05:30,,,,,,
17/07/2023 06:00,,,,,,
17/07/2023 06:30,,,,,,
17/07/2023 07:00,,,,,,
17/07/2023 07:30,,,,,,
17/07/2023 08:00,,,,,,
17/07/2023 08:30,,,,,,
17/07/2023 09:00,,,,,,
17/07/2023 09:30,,,,,,
17/07/2023 10:00,,,,,,
17/07/2023 10:30,,,,,,
17/07/2023 11:00,,,,,,
17/07/2023 11:30,,,,,,
17/07/2023 12:00,,,,,,
17/07/2023 12:30,,,,,,
17/07/2023 13:00,,,,,,
17/07/2023 13:30,,,,,,
17/07/2023 14:00,,,,,,
17/07/2023 14:30,,,,,,
17/07/2023 15:00,,,,,,
17/07/2023 15:30,,,,,,
17/07/2023 16:00,,,,,,
17/07/2023 16:30,,,,,,
17/07/2023 17:00,,,,,,
17/07/2023 17:30,,,,,,
17/07/2023 18:00,,,,,,
17/07/2023 18:30,,,,,,
17/07/2023 19:00,,,,,,
17/07/2023 19:30,,,,,,
17/07/2023 20:00,,,,,,
17/07/2023 20:30,,,,,,
17/07/2023 21:00,,,,,,
17/07/2023 21:30,,,,,,
17/07/2023 22:00,,,,,,
17/07/2023 22:30,,,,,,
17/07/2023 23:00,,,,,,
17/07/2023 23:30,,,,,,
18/07/2023 00:00,,,,,,
18/07/2023 00:30,,,,,,
18/07/2023 01:00,,,,,,
18/07/2023 01:30,,,,,,
18/07/2023 02:00,,,,,,
18/07/2023 02:30,,,,,,
18/07/2023 03:00,,,,,,
18/07/2023 03:30,,,,,,
18/07/2023 04:00,,,,,,
18/07/2023 04:30,,,,,,
18/07/2023 05:00,,,,,,
18/07/2023 05:30,,,,,,
18/07/2023 06:00,,,,,,
18/07/2023 06:30,,,,,,
18/07/2023 07:00,,,,,,
18/07/2023 07:30,,,,,,
18/07/2023 08:00,,,,,,
18/07/2023 08:30,,,,,,
18/07/2023 09:00,,,,,,
18/07/2023 09:30,,,,,,
18/07/2023 10:00,,,,,,
18/07/2023 10:30,,,,,,
18/07/2023 11:00,,,,,,
18/07/2023 11:30,,,,,,
18/07/2023 12:00,,,,,,
18/07/2023 12:30,,,,,,
18/07/2023 13:00,,,,,,
18/07/2023 13:30,,,,,,
18/07/2023 14:00,,,,,,
18/07/2023 14:30,,,,,,
18/07/2023 15:00,,,,,,
18/07/2023 15:30,,,,,,
18/07/2023 16:00,,,,,,
18/07/2023 16:30,,,,,,
18/07/2023 17:00,,,,,,
18/07/2023 17:30,,,,,,
18/07/2023 18:00,,,,,,
18/07/2023 18:30,,,,,,
18/07/2023 19:00,,,,,,
18/07/2023 19:30,,,,,,
18/07/2023 20:00,,,,,,
18/07/2023 20:30,,,,,,
18/07/2023 21:00,,,,,,
18/07/2023 21:30,,,,,,
18/07/2023 22:00,,,,,,
18/07/2023 22:30,,,,,,
18/07/2023 23:00,,,,,,
18/07/2023 23:30,,,,,,
19/07/2023 00:00,,,,,,
19/07/2023 00:30,,,,,,
19/07/2023 01:00,,,,,,
19/07/2023 01:30,,,,,,
19/07/2023 02:00,,,,,,
19/07/2023 02:30,,,,,,
19/07/2023 03:00,,,,,,
19/07/2023 03:30,,,,,,
19/07/2023 04:00,,,,,,
19/07/2023 04:30,,,,,,
19/07/2023 05:00,,,,,,
19/07/2023 05:30,,,,,,
19/07/2023 06:00,,,,,,
19/07/2023 06:30,,,,,,
19/07/2023 07:00,,,,,,
19/07/2023 07:30,,,,,,
19/07/2023 08:00,,,,,,
19/07/2023 08:30,,,,,,
19/07/2023 09:00,,,,,,
19/07/2023 09:30,,,,,,
19/07/2023 10:00,,,,,,
19/07/2023 10:30,,,,,,
19/07/2023 11:00,,,,,,
19/07/2023 11:30,,,,,,
19/07/2023 12:00,,,,,,
19/07/2023 12:30,,,,,,
19/07/2023 13:00,,,,,,
19/07/2023 13:30,,,,,,
19/07/2023 14:00,,,,,,
19/07/2023 14:30,,,,,,
19/07/2023 15:00,,,,,,
19/07/2023 15:30,,,,,,
19/07/2023 16:00,,,,,,
19/07/2023 16:30,,,,,,
19/07/2023 17:00,,,,,,
19/07/2023 17:30,,,,,,
19/07/2023 18:00,,,,,,
19/07/2023 18:30,,,,,,
19/07/2023 19:00,,,,,,
19/07/2023 19:30,,,,,,
19/07/2023 20:00,,,,,,
19/07/2023 20:30,,,,,,
19/07/2023 21:00,,,,,,
19/07/2023 21:30,,,,,,
19/07/2023 22:00,,,,,,
19/07/2023 22:30,,,,,,
19/07/2023 23:00,,,,,,
19/07/2023 23:30,,,,,,
20/07/2023 00:00,,,,,,
20/07/2023 00:30,,,,,,
20/07/2023 01:00,,,,,,
20/07/2023 01:30,,,,,,
20/07/2023 02:00,,,,,,
20/07/2023 02:30,,,,,,
20/07/2023 03:00,,,,,,
20/07/2023 03:30,,,,,,
20/07/2023 04:00,,,,,,
20/07/2023 04:30,,,,,,
20/07/2023 05:00,,,,,,
20/07/2023 05:30,,,,,,
20/07/2023 06:00,,,,,,
20/07/2023 06:30,,,,,,
20/07/2023 07:00,,,,,,
20/07/2023 07:30,,,,,,
20/07/2023 08:00,,,,,,
20/07/2023 08:30,,,,,,
20/07/2023 09:00,,,,,,
20/07/2023 09:30,,,,,,
20/07/2023 10:00,,,,,,
20/07/2023 10:30,,,,,,
20/07/2023 11:00,,,,,,
20/07/2023 11:30,,,,,,
20/07/2023 12:00,,,,,,
20/07/2023 12:30,,,,,,
20/07/2023 13:00,,,,,,
20/07/2023 13:30,,,,,,
20/07/2023 14:00,,,,,,
20/07/2023 14:30,,,,,,
20/07/2023 15:00,,,,,,
20/07/2023 15:30,,,,,,
20/07/2023 16:00,,,,,,
20/07/2023 16:30,,,,,,
20/07/2023 17:00,,,,,,
20/07/2023 17:30,,,,,,
20/07/2023 18:00,,,,,,
20/07/2023 18:30,,,,,,
20/07/2023 19:00,,,,,,
20/07/2023 19:30,,,,,,
20/07/2023 20:00,,,,,,
20/07/2023 20:30,,,,,,
20/07/2023 21:00,,,,,,
20/07/2023 21:30,,,,,,
20/07/2023 22:00,,,,,,
20/07/2023 22:30,,,,,,
20/07/2023 23:00,,,,,,
20/07/2023 23:30,,,,,,
21/07/2023 00:00,,,,,,
21/07/2023 00:30,,,,,,
21/07/2023 01:00,,,,,,
21/07/2023 01:30,,,,,,
21/07/2023 02:00,,,,,,
21/07/2023 02:30,,,,,,
21/07/2023 03:00,,,,,,
21/07/2023 03:30,,,,,,
21/07/2023 04:00,,,,,,
21/07/2023 04:30,,,,,,
21/07/2023 05:00,,,,,,
21/07/2023 05:30,,,,,,
21/07/2023 06:00,,,,,,
21/07/2023 06:30,,,,,,
21/07/2023 07:00,,,,,,
21/07/2023 07:30,,,,,,
21/07/2023 08:00,,,,,,
21/07/2023 08:30,,,,,,
21/07/2023 09:00,,,,,,
21/07/2023 09:30,,,,,,
21/07/2023 10:00,,,,,,
21/07/2023 10:30,,,,,,
21/07/2023 11:00,,,,,,
21/07/2023 11:30,,,,,,
21/07/2023 12:00,,,,,,
21/07/2023 12:30,,,,,,
21/07/2023 13:00,,,,,,
21/07/2023 13:30,,,,,,
21/07/2023 14:00,,,,,,
21/07/2023 14:30,,,,,,
21/07/2023 15:00,,,,,,
21/07/2023 15:30,,,,,,
21/07/2023 16:00,,,,,,
21/07/2023 16:30,,,,,,
21/07/2023 17:00,,,,,,
21/07/2023 17:30,,,,,,
21/07/2023 18:00,,,,,,
21/07/2023 18:30,,,,,,
21/07/2023 19:00,,,,,,
21/07/2023 19:30,,,,,,
21/07/2023 20:00,,,,,,
21/07/2023 20:30,,,,,,
21/07/2023 21:00,,,,,,
21/07/2023 21:30,,,,,,
21/07/2023 22:00,,,,,,
21/07/2023 22:30,,,,,,
21/07/2023 23:00,,,,,,
21/07/2023 23:30,,,,,,
22/07/2023 00:00,,,,,,
22/07/2023 00:30,,,,,,
22/07/2023 01:00,,,,,,
22/07/2023 01:30,,,,,,
22/07/2023 02:00,,,,,,
22/07/2023 02:30,,,,,,
22/07/2023 03:00,,,,,,
22/07/2023 03:30,,,,,,
22/07/2023 04:00,,,,,,
22/07/2023 04:30,,,,,,
22/07/2023 05:00,,,,,,
22/07/2023 05:30,,,,,,
22/07/2023 06:00,,,,,,
22/07/2023 06:30,,,,,,
22/07/2023 07:00,,,,,,
22/07/2023 07:30,,,,,,
22/07/2023 08:00,,,,,,
22/07/2023 08:30,,,,,,
22/07/2023 09:00,,,,,,
22/07/2023 09:30,,,,,,
22/07/2023 10:00,,,,,,
22/07/2023 10:30,,,,,,
22/07/2023 11:00,,,,,,
22/07/2023 11:30,,,,,,
22/07/2023 12:00,,,,,,
22/07/2023 12:30,,,,,,
22/07/2023 13:00,,,,,,
22/07/2023 13:30,,,,,,
22/07/2023 14:00,,,,,,
22/07/2023 14:30,,,,,,
22/07/2023 15:00,,,,,,
22/07/2023 15:30,,,,,,
22/07/2023 16:00,,,,,,
22/07/2023 16:30,,,,,,
22/07/2023 17:00,,,,,,
22/07/2023 17:30,,,,,,
22/07/2023 18:00,,,,,,
22/07/2023 18:30,,,,,,
22/07/2023 19:00,,,,,,
22/07/2023 19:30,,,,,,
22/07/2023 20:00,,,,,,
22/07/2023 20:30,,,,,,
22/07/2023 21:00,,,,,,
22/07/2023 21:30,,,,,,
22/07/2023 22:00,,,,,,
22/07/2023 22:30,,,,,,
22/07/2023 23:00,,,,,,
22/07/2023 23:30,,,,,,
23/07/2023 00:00,,,,,,
23/07/2023 00:30,,,,,,
23/07/2023 01:00,,,,,,
23/07/2023 01:30,,,,,,
23/07/2023 02:00,,,,,,
23/07/2023 02:30,,,,,,
23/07/2023 03:00,,,,,,
23/07/2023 03:30,,,,,,
23/07/2023 04:00,,,,,,
23/07/2023 04:30,,,,,,
23/07/2023 05:00,,,,,,
23/07/2023 05:30,,,,,,
23/07/2023 06:00,,,,,,
23/07/2023 06:30,,,,,,
23/07/2023 07:00,,,,,,
23/07/2023 07:30,,,,,,
23/07/2023 08:00,,,,,,
23/07/2023 08:30,,,,,,
23/07/2023 09:00,,,,,,
23/07/2023 09:30,,,,,,
23/07/2023 10:00,,,,,,
23/07/2023 10:30,,,,,,
23/07/2023 11:00,,,,,,
23/07/2023 11:30,,,,,,
23/07/2023 12:00,,,,,,
23/07/2023 12:30,,,,,,
23/07/2023 13:00,,,,,,
23/07/2023 13:30,,,,,,
23/07/2023 14:00,,,,,,
23/07/2023 14:30,,,,,,
23/07/2023 15:00,,,,,,
23/07/2023 15:30,,,,,,
23/07/2023 16:00,,,,,,
23/07/2023 16:30,,,,,,
23/07/2023 17:00,,,,,,
23/07/2023 17:30,,,,,,
23/07/2023 18:00,,,,,,
23/07/2023 18:30,,,,,,
23/07/2023 19:00,,,,,,
23/07/2023 19:30,,,,,,
23/07/2023 20:00,,,,,,
23/07/2023 20:30,,,,,,
23/07/2023 21:00,,,,,,
23/07/2023 21:30,,,,,,
23/07/2023 22:00,,,,,,
23/07/2023 22:30,,,,,,
23/07/2023 23:00,,,,,,
23/07/2023 23:30,,,,,,
24/07/2023 00:00,,,,,,
24/07/2023 00:30,,,,,,
24/07/2023 01:00,,,,,,
24/07/2023 01:30,,,,,,
24/07/2023 02:00,,,,,,
24/07/2023 02:30,,,,,,
24/07/2023 03:00,,,,,,
24/07/2023 03:30,,,,,,
24/07/2023 04:00,,,,,,
24/07/2023 04:30,,,,,,
24/07/2023 05:00,,,,,,
24/07/2023 05:30,,,,,,
24/07/2023 06:00,,,,,,
24/07/2023 06:30,,,,,,
24/07/2023 07:00,,,,,,
24/07/2023 07:30,,,,,,
24/07/2023 08:00,,,,,,
24/07/2023 08:30,,,,,,
24/07/2023 09:00,,,,,,
24/07/2023 09:30,,,,,,
24/07/2023 10:00,,,,,,
24/07/2023 10:30,,,,,,
24/07/2023 11:00,,,,,,
24/07/2023 11:30,,,,,,
24/07/2023 12:00,,,,,,
24/07/2023 12:30,,,,,,
24/07/2023 13:00,,,,,,
24/07/2023 13:30,,,,,,
24/07/2023 14:00,,,,,,
24/07/2023 14:30,,,,,,
24/07/2023 15:00,,,,,,
24/07/2023 15:30,,,,,,
24/07/2023 16:00,,,,,,
24/07/2023 16:30,,,,,,
24/07/2023 17:00,,,,,,
24/07/2023 17:30,,,,,,
24/07/2023 18:00,,,,,,
24/07/2023 18:30,,,,,,
24/07/2023 19:00,,,,,,
24/07/2023 19:30,,,,,,
24/07/2023 20:00,,,,,,
24/07/2023 20:30,,,,,,
24/07/2023 21:00,,,,,,
24/07/2023 21:30,,,,,,
24/07/2023 22:00,,,,,,
24/07/2023 22:30,,,,,,
24/07/2023 23:00,,,,,,
24/07/2023 23:30,,,,,,
25/07/2023 00:00,,,,,,
25/07/2023 00:30,,,,,,
25/07/2023 01:00,,,,,,
25/07/2023 01:30,,,,,,
25/07/2023 02:00,,,,,,
25/07/2023 02:30,,,,,,
25/07/2023 03:00,,,,,,
25/07/2023 03:30,,,,,,
25/07/2023 04:00,,,,,,
25/07/2023 04:30,,,,,,
25/07/2023 05:00,,,,,,
25/07/2023 05:30,,,,,,
25/07/2023 06:00,,,,,,
25/07/2023 06:30,,,,,,
25/07/2023 07:00,,,,,,
25/07/2023 07:30,,,,,,
25/07/2023 08:00,,,,,,
25/07/2023 08:30,,,,,,
25/07/2023 09:00,,,,,,
25/07/2023 09:30,,,,,,
25/07/2023 10:00,,,,,,
25/07/2023 10:30,,,,,,
25/07/2023 11:00,,,,,,
25/07/2023 11:30,,,,,,
25/07/2023 12:00,,,,,,
25/07/2023 12:30,,,,,,
25/07/2023 13:00,,,,,,
25/07/2023 13:30,,,,,,
25/07/2023 14:00,,,,,,
25/07/2023 14:30,,,,,,
25/07/2023 15:00,,,,,,
25/07/2023 15:30,,,,,,
25/07/2023 16:00,,,,,,
25/07/2023 16:30,,,,,,
25/07/2023 17:00,,,,,,
25/07/2023 17:30,,,,,,
25/07/2023 18:00,,,,,,
25/07/2023 18:30,,,,,,
25/07/2023 19:00,,,,,,
25/07/2023 19:30,,,,,,
25/07/2023 20:00,,,,,,
25/07/2023 20:30,,,,,,
25/07/2023 21:00,,,,,,
25/07/2023 21:30,,,,,,
25/07/2023 22:00,,,,,,
25/07/2023 22:30,,,,,,
25/07/2023 23:00,,,,,,
25/07/2023 23:30,,,,,,
26/07/2023 00:00,,,,,,
26/07/2023 00:30,,,,,,
26/07/2023 01:00,,,,,,
26/07/2023 01:30,,,,,,
26/07/2023 02:00,,,,,,
26/07/2023 02:30,,,,,,
26/07/2023 03:00,,,,,,
26/07/2023 03:30,,,,,,
26/07/2023 04:00,,,,,,
26/07/2023 04:30,,,,,,
26/07/2023 05:00,,,,,,
26/07/2023 05:30,,,,,,
26/07/2023 06:00,,,,,,
26/07/2023 06:30,,,,,,
26/07/2023 07:00,,,,,,
26/07/2023 07:30,,,,,,
26/07/2023 08:00,,,,,,
26/07/2023 08:30,,,,,,
26/07/2023 09:00,,,,,,
26/07/2023 09:30,,,,,,
26/07/2023 10:00,,,,,,
26/07/2023 10:30,,,,,,
26/07/2023 11:00,,,,,,
26/07/2023 11:30,,,,,,
26/07/2023 12:00,,,,,,
26/07/2023 12:30,,,,,,
26/07/2023 13:00,,,,,,
26/07/2023 13:30,,,,,,
26/07/2023 14:00,,,,,,
26/07/2023 14:30,,,,,,
26/07/2023 15:00,,,,,,
26/07/2023 15:30,,,,,,
26/07/2023 16:00,,,,,,
26/07/2023 16:30,,,,,,
26/07/2023 17:00,,,,,,
26/07/2023 17:30,,,,,,
26/07/2023 18:00,,,,,,
26/07/2023 18:30,,,,,,
26/07/2023 19:00,,,,,,
26/07/2023 19:30,,,,,,
26/07/2023 20:00,,,,,,
26/07/2023 20:30,,,,,,
26/07/2023 21:00,,,,,,
26/07/2023 21:30,,,,,,
26/07/2023 22:00,,,,,,
26/07/2023 22:30,,,,,,
26/07/2023 23:00,,,,,,
26/07/2023 23:30,,,,,,
27/07/2023 00:00,,,,,,
27/07/2023 00:30,,,,,,
27/07/2023 01:00,,,,,,
27/07/2023 01:30,,,,,,
27/07/2023 02:00,,,,,,
27/07/2023 02:30,,,,,,
27/07/2023 03:00,,,,,,
27/07/2023 03:30,,,,,,
27/07/2023 04:00,,,,,,
27/07/2023 04:30,,,,,,
27/07/2023 05:00,,,,,,
27/07/2023 05:30,,,,,,
27/07/2023 06:00,,,,,,
27/07/2023 06:30,,,,,,
27/07/2023 07:00,,,,,,
27/07/2023 07:30,,,,,,
27/07/2023 08:00,,,,,,
27/07/2023 08:30,,,,,,
27/07/2023 09:00,,,,,,
27/07/2023 09:30,,,,,,
27/07/2023 10:00,,,,,,
27/07/2023 10:30,,,,,,
27/07/2023 11:00,,,,,,
27/07/2023 11:30,,,,,,
27/07/2023 12:00,,,,,,
27/07/2023 12:30,,,,,,
27/07/2023 13:00,,,,,,
27/07/2023 13:30,,,,,,
27/07/2023 14:00,,,,,,
27/07/2023 14:30,,,,,,
27/07/2023 15:00,,,,,,
27/07/2023 15:30,,,,,,
27/07/2023 16:00,,,,,,
27/07/2023 16:30,,,,,,
27/07/2023 17:00,,,,,,
27/07/2023 17:30,,,,,,
27/07/2023 18:00,,,,,,
27/07/2023 18:30,,,,,,
27/07/2023 19:00,,,,,,
27/07/2023 19:30,,,,,,
27/07/2023 20:00,,,,,,
27/07/2023 20:30,,,,,,
27/07/2023 21:00,,,,,,
27/07/2023 21:30,,,,,,
27/07/2023 22:00,,,,,,
27/07/2023 22:30,,,,,,
27/07/2023 23:00,,,,,,
27/07/2023 23:30,,,,,,
28/07/2023 00:00,,,,,,
28/07/2023 00:30,,,,,,
28/07/2023 01:00,,,,,,
28/07/2023 01:30,,,,,,
28/07/2023 02:00,,,,,,
28/07/2023 02:30,,,,,,
28/07/2023 03:00,,,,,,
28/07/2023 03:30,,,,,,
28/07/2023 04:00,,,,,,
28/07/2023 04:30,,,,,,
28/07/2023 05:00,,,,,,
28/07/2023 05:30,,,,,,
28/07/2023 06:00,,,,,,
28/07/2023 06:30,,,,,,
28/07/2023 07:00,,,,,,
28/07/2023 07:30,,,,,,
28/07/2023 08:00,,,,,,
28/07/2023 08:30,,,,,,
28/07/2023 09:00,,,,,,
28/07/2023 09:30,,,,,,
28/07/2023 10:00,,,,,,
28/07/2023 10:30,,,,,,
28/07/2023 11:00,,,,,,
28/07/2023 11:30,,,,,,
28/07/2023 12:00,,,,,,
28/07/2023 12:30,,,,,,
28/07/2023 13:00,,,,,,
28/07/2023 13:30,,,,,,
28/07/2023 14:00,,,,,,
28/07/2023 14:30,,,,,,
28/07/2023 15:00,,,,,,
28/07/2023 15:30,,,,,,
28/07/2023 16:00,,,,,,
28/07/2023 16:30,,,,,,
28/07/2023 17:00,,,,,,
28/07/2023 17:30,,,,,,
28/07/2023 18:00,,,,,,
28/07/2023 18:30,,,,,,
28/07/2023 19:00,,,,,,
28/07/2023 19:30,,,,,,
28/07/2023 20:00,,,,,,
28/07/2023 20:30,,,,,,
28/07/2023 21:00,,,,,,
28/07/2023 21:30,,,,,,
28/07/2023 22:00,,,,,,
28/07/2023 22:30,,,,,,
28/07/2023 23:00,,,,,,
28/07/2023 23:30,,,,,,
29/07/2023 00:00,,,,,,
29/07/2023 00:30,,,,,,
29/07/2023 01:00,,,,,,
29/07/2023 01:30,,,,,,
29/07/2023 02:00,,,,,,
29/07/2023 02:30,,,,,,
29/07/2023 03:00,,,,,,
29/07/2023 03:30,,,,,,
29/07/2023 04:00,,,,,,
29/07/2023 04:30,,,,,,
29/07/2023 05:00,,,,,,
29/07/2023 05:30,,,,,,
29/07/2023 06:00,,,,,,
29/07/2023 06:30,,,,,,
29/07/2023 07:00,,,,,,
29/07/2023 07:30,,,,,,
29/07/2023 08:00,,,,,,
29/07/2023 08:30,,,,,,
29/07/2023 09:00,,,,,,
29/07/2023 09:30,,,,,,
29/07/2023 10:00,,,,,,
29/07/2023 10:30,,,,,,
29/07/2023 11:00,,,,,,
29/07/2023 11:30,,,,,,
29/07/2023 12:00,,,,,,
29/07/2023 12:30,,,,,,
29/07/2023 13:00,,,,,,
29/07/2023 13:30,,,,,,
29/07/2023 14:00,,,,,,
29/07/2023 14:30,,,,,,
29/07/2023 15:00,,,,,,
29/07/2023 15:30,,,,,,
29/07/2023 16:00,,,,,,
29/07/2023 16:30,,,,,,
29/07/2023 17:00,,,,,,
29/07/2023 17:30,,,,,,
29/07/2023 18:00,,,,,,
29/07/2023 18:30,,,,,,
29/07/2023 19:00,,,,,,
29/07/2023 19:30,,,,,,
29/07/2023 20:00,,,,,,
29/07/2023 20:30,,,,,,
29/07/2023 21:00,,,,,,
29/07/2023 21:30,,,,,,
29/07/2023 22:00,,,,,,
29/07/2023 22:30,,,,,,
29/07/2023 23:00,,,,,,
29/07/2023 23:30,,,,,,
30/07/2023 00:00,,,,,,
30/07/2023 00:30,,,,,,
30/07/2023 01:00,,,,,,
30/07/2023 01:30,,,,,,
30/07/2023 02:00,,,,,,
30/07/2023 02:30,,,,,,
30/07/2023 03:00,,,,,,
30/07/2023 03:30,,,,,,
30/07/2023 04:00,,,,,,
30/07/2023 04:30,,,,,,
30/07/2023 05:00,,,,,,
30/07/2023 05:30,,,,,,
30/07/2023 06:00,,,,,,
30/07/2023 06:30,,,,,,
30/07/2023 07:00,,,,,,
30/07/2023 07:30,,,,,,
30/07/2023 08:00,,,,,,
30/07/2023 08:30,,,,,,
30/07/2023 09:00,,,,,,
30/07/2023 09:30,,,,,,
30/07/2023 10:00,,,,,,
30/07/2023 10:30,,,,,,
30/07/2023 11:00,,,,,,
30/07/2023 11:30,,,,,,
30/07/2023 12:00,,,,,,
30/07/2023 12:30,,,,,,
30/07/2023 13:00,,,,,,
30/07/2023 13:30,,,,,,
30/07/2023 14:00,,,,,,
30/07/2023 14:30,,,,,,
30/07/2023 15:00,,,,,,
30/07/2023 15:30,,,,,,
30/07/2023 16:00,,,,,,
30/07/2023 16:30,,,,,,
30/07/2023 17:00,,,,,,
30/07/2023 17:30,,,,,,
30/07/2023 18:00,,,,,,
30/07/2023 18:30,,,,,,
30/07/2023 19:00,,,,,,
30/07/2023 19:30,,,,,,
30/07/2023 20:00,,,,,,
30/07/2023 20:30,,,,,,
30/07/2023 21:00,,,,,,
30/07/2023 21:30,,,,,,
30/07/2023 22:00,,,,,,
30/07/2023 22:30,,,,,,
30/07/2023 23:00,,,,,,
30/07/2023 23:30,,,,,,
31/07/2023 00:00,,,,,,
31/07/2023 00:30,,,,,,
31/07/2023 01:00,,,,,,
31/07/2023 01:30,,,,,,
31/07/2023 02:00,,,,,,
31/07/2023 02:30,,,,,,
31/07/2023 03:00,,,,,,
31/07/2023 03:30,,,,,,
31/07/2023 04:00,,,,,,
31/07/2023 04:30,,,,,,
31/07/2023 05:00,,,,,,
31/07/2023 05:30,,,,,,
31/07/2023 06:00,,,,,,
31/07/2023 06:30,,,,,,
31/07/2023 07:00,,,,,,
31/07/2023 07:30,,,,,,
31/07/2023 08:00,,,,,,
31/07/2023 08:30,,,,,,
31/07/2023 09:00,,,,,,
31/07/2023 09:30,,,,,,
31/07/2023 10:00,,,,,,
31/07/2023 10:30,,,,,,
31/07/2023 11:00,,,,,,
31/07/2023 11:30,,,,,,
31/07/2023 12:00,,,,,,
31/07/2023 12:30,,,,,,
31/07/2023 13:00,,,,,,
31/07/2023 13:30,,,,,,
31/07/2023 14:00,,,,,,
31/07/2023 14:30,,,,,,
31/07/2023 15:00,,,,,,
31/07/2023 15:30,,,,,,
31/07/2023 16:00,,,,,,
31/07/2023 16:30,,,,,,
31/07/2023 17:00,,,,,,
31/07/2023 17:30,,,,,,
31/07/2023 18:00,,,,,,
31/07/2023 18:30,,,,,,
31/07/2023 19:00,,,,,,
31/07/2023 19:30,,,,,,
31/07/2023 20:00,,,,,,
31/07/2023 20:30,,,,,,
31/07/2023 21:00,,,,,,
31/07/2023 21:30,,,,,,
31/07/2023 22:00,,,,,,
31/07/2023 22:30,,,,,,
31/07/2023 23:00,,,,,,
31/07/2023 23:30,,,,,,
01/08/2023 00:00,,,,,,
01/08/2023 00:30,,,,,,
01/08/2023 01:00,,,,,,
01/08/2023 01:30,,,,,,
01/08/2023 02:00,,,,,,
01/08/2023 02:30,,,,,,
01/08/2023 03:00,,,,,,
01/08/2023 03:30,,,,,,
01/08/2023 04:00,,,,,,
01/08/2023 04:30,,,,,,
01/08/2023 05:00,,,,,,
01/08/2023 05:30,,,,,,
01/08/2023 06:00,,,,,,
01/08/2023 06:30,,,,,,
01/08/2023 07:00,,,,,,
01/08/2023 07:30,,,,,,
01/08/2023 08:00,,,,,,
01/08/2023 08:30,,,,,,
01/08/2023 09:00,,,,,,
01/08/2023 09:30,,,,,,
01/08/2023 10:00,,,,,,
01/08/2023 10:30,,,,,,
01/08/2023 11:00,,,,,,
01/08/2023 11:30,,,,,,
01/08/2023 12:00,,,,,,
01/08/2023 12:30,,,,,,
01/08/2023 13:00,,,,,,
01/08/2023 13:30,,,,,,
01/08/2023 14:00,,,,,,
01/08/2023 14:30,,,,,,
01/08/2023 15:00,,,,,,
01/08/2023 15:30,,,,,,
01/08/2023 16:00,,,,,,
01/08/2023 16:30,,,,,,
01/08/2023 17:00,,,,,,
01/08/2023 17:30,,,,,,
01/08/2023 18:00,,,,,,
01/08/2023 18:30,,,,,,
01/08/2023 19:00,,,,,,
01/08/2023 19:30,,,,,,
01/08/2023 20:00,,,,,,
01/08/2023 20:30,,,,,,
01/08/2023 21:00,,,,,,
01/08/2023 21:30,,,,,,
01/08/2023 22:00,,,,,,
01/08/2023 22:30,,,,,,
01/08/2023 23:00,,,,,,
01/08/2023 23:30,,,,,,
02/08/2023 00:00,,,,,,
02/08/2023 00:30,,,,,,
02/08/2023 01:00,,,,,,
02/08/2023 01:30,,,,,,
02/08/2023 02:00,,,,,,
02/08/2023 02:30,,,,,,
02/08/2023 03:00,,,,,,
02/08/2023 03:30,,,,,,
02/08/2023 04:00,,,,,,
02/08/2023 04:30,,,,,,
02/08/2023 05:00,,,,,,
02/08/2023 05:30,,,,,,
02/08/2023 06:00,,,,,,
02/08/2023 06:30,,,,,,
02/08/2023 07:00,,,,,,
02/08/2023 07:30,,,,,,
02/08/2023 08:00,,,,,,
02/08/2023 08:30,,,,,,
02/08/2023 09:00,,,,,,
02/08/2023 09:30,,,,,,
02/08/2023 10:00,,,,,,
02/08/2023 10:30,,,,,,
02/08/2023 11:00,,,,,,
02/08/2023 11:30,,,,,,
02/08/2023 12:00,,,,,,
02/08/2023 12:30,,,,,,
02/08/2023 13:00,,,,,,
02/08/2023 13:30,,,,,,
02/08/2023 14:00,,,,,,
02/08/2023 14:30,,,,,,
02/08/2023 15:00,,,,,,
02/08/2023 15:30,,,,,,
02/08/2023 16:00,,,,,,
02/08/2023 16:30,,,,,,
02/08/2023 17:00,,,,,,
02/08/2023 17:30,,,,,,
02/08/2023 18:00,,,,,,
02/08/2023 18:30,,,,,,
02/08/2023 19:00,,,,,,
02/08/2023 19:30,,,,,,
02/08/2023 20:00,,,,,,
02/08/2023 20:30,,,,,,
02/08/2023 21:00,,,,,,
02/08/2023 21:30,,,,,,
02/08/2023 22:00,,,,,,
02/08/2023 22:30,,,,,,
02/08/2023 23:00,,,,,,
02/08/2023 23:30,,,,,,
03/08/2023 00:00,,,,,,
03/08/2023 00:30,,,,,,
03/08/2023 01:00,,,,,,
03/08/2023 01:30,,,,,,
03/08/2023 02:00,,,,,,
03/08/2023 02:30,,,,,,
03/08/2023 03:00,,,,,,
03/08/2023 03:30,,,,,,
03/08/2023 04:00,,,,,,
03/08/2023 04:30,,,,,,
03/08/2023 05:00,,,,,,
03/08/2023 05:30,,,,,,
03/08/2023 06:00,,,,,,
03/08/2023 06:30,,,,,,
03/08/2023 07:00,,,,,,
03/08/2023 07:30,,,,,,
03/08/2023 08:00,,,,,,
03/08/2023 08:30,,,,,,
03/08/2023 09:00,,,,,,
03/08/2023 09:30,,,,,,
03/08/2023 10:00,,,,,,
03/08/2023 10:30,,,,,,
03/08/2023 11:00,,,,,,
03/08/2023 11:30,,,,,,
03/08/2023 12:00,,,,,,
03/08/2023 12:30,,,,,,
03/08/2023 13:00,,,,,,
03/08/2023 13:30,,,,,,
03/08/2023 14:00,,,,,,
03/08/2023 14:30,,,,,,
03/08/2023 15:00,,,,,,
03/08/2023 15:30,,,,,,
03/08/2023 16:00,,,,,,
03/08/2023 16:30,,,,,,
03/08/2023 17:00,,,,,,
03/08/2023 17:30,,,,,,
03/08/2023 18:00,,,,,,
03/08/2023 18:30,,,,,,
03/08/2023 19:00,,,,,,
03/08/2023 19:30,,,,,,
03/08/2023 20:00,,,,,,
03/08/2023 20:30,,,,,,
03/08/2023 21:00,,,,,,
03/08/2023 21:30,,,,,,
03/08/2023 22:00,,,,,,
03/08/2023 22:30,,,,,,
03/08/2023 23:00,,,,,,
03/08/2023 23:30,,,,,,
04/08/2023 00:00,,,,,,
04/08/2023 00:30,,,,,,
04/08/2023 01:00,,,,,,
04/08/2023 01:30,,,,,,
04/08/2023 02:00,,,,,,
04/08/2023 02:30,,,,,,
04/08/2023 03:00,,,,,,
04/08/2023 03:30,,,,,,
04/08/2023 04:00,,,,,,
04/08/2023 04:30,,,,,,
04/08/2023 05:00,,,,,,
04/08/2023 05:30,,,,,,
04/08/2023 06:00,,,,,,
04/08/2023 06:30,,,,,,
04/08/2023 07:00,,,,,,
04/08/2023 07:30,,,,,,
04/08/2023 08:00,,,,,,
04/08/2023 08:30,,,,,,
04/08/2023 09:00,,,,,,
04/08/2023 09:30,,,,,,
04/08/2023 10:00,,,,,,
04/08/2023 10:30,,,,,,
04/08/2023 11:00,,,,,,
04/08/2023 11:30,,,,,,
04/08/2023 12:00,,,,,,
04/08/2023 12:30,,,,,,
04/08/2023 13:00,,,,,,
04/08/2023 13:30,,,,,,
04/08/2023 14:00,,,,,,
04/08/2023 14:30,,,,,,
04/08/2023 15:00,,,,,,
04/08/2023 15:30,,,,,,
04/08/2023 16:00,,,,,,
04/08/2023 16:30,,,,,,
04/08/2023 17:00,,,,,,
04/08/2023 17:30,,,,,,
04/08/2023 18:00,,,,,,
04/08/2023 18:30,,,,,,
04/08/2023 19:00,,,,,,
04/08/2023 19:30,,,,,,
04/08/2023 20:00,,,,,,
04/08/2023 20:30,,,,,,
04/08/2023 21:00,,,,,,
04/08/2023 21:30,,,,,,
04/08/2023 22:00,,,,,,
04/08/2023 22:30,,,,,,
04/08/2023 23:00,,,,,,
04/08/2023 23:30,,,,,,
05/08/2023 00:00,,,,,,
05/08/2023 00:30,,,,,,
05/08/2023 01:00,,,,,,
05/08/2023 01:30,,,,,,
05/08/2023 02:00,,,,,,
05/08/2023 02:30,,,,,,
05/08/2023 03:00,,,,,,
05/08/2023 03:30,,,,,,
05/08/2023 04:00,,,,,,
05/08/2023 04:30,,,,,,
05/08/2023 05:00,,,,,,
05/08/2023 05:30,,,,,,
05/08/2023 06:00,,,,,,
05/08/2023 06:30,,,,,,
05/08/2023 07:00,,,,,,
05/08/2023 07:30,,,,,,
05/08/2023 08:00,,,,,,
05/08/2023 08:30,,,,,,
05/08/2023 09:00,,,,,,
05/08/2023 09:30,,,,,,
05/08/2023 10:00,,,,,,
05/08/2023 10:30,,,,,,
05/08/2023 11:00,,,,,,
05/08/2023 11:30,,,,,,
05/08/2023 12:00,,,,,,
05/08/2023 12:30,,,,,,
05/08/2023 13:00,,,,,,
05/08/2023 13:30,,,,,,
05/08/2023 14:00,,,,,,
05/08/2023 14:30,,,,,,
05/08/2023 15:00,,,,,,
05/08/2023 15:30,,,,,,
05/08/2023 16:00,,,,,,
05/08/2023 16:30,,,,,,
05/08/2023 17:00,,,,,,
05/08/2023 17:30,,,,,,
05/08/2023 18:00,,,,,,
05/08/2023 18:30,,,,,,
05/08/2023 19:00,,,,,,
05/08/2023 19:30,,,,,,
05/08/2023 20:00,,,,,,
05/08/2023 20:30,,,,,,
05/08/2023 21:00,,,,,,
05/08/2023 21:30,,,,,,
05/08/2023 22:00,,,,,,
05/08/2023 22:30,,,,,,
05/08/2023 23:00,,,,,,
05/08/2023 23:30,,,,,,
06/08/2023 00:00,,,,,,
06/08/2023 00:30,,,,,,
06/08/2023 01:00,,,,,,
06/08/2023 01:30,,,,,,
06/08/2023 02:00,,,,,,
06/08/2023 02:30,,,,,,
06/08/2023 03:00,,,,,,
06/08/2023 03:30,,,,,,
06/08/2023 04:00,,,,,,
06/08/2023 04:30,,,,,,
06/08/2023 05:00,,,,,,
06/08/2023 05:30,,,,,,
06/08/2023 06:00,,,,,,
06/08/2023 06:30,,,,,,
06/08/2023 07:00,,,,,,
06/08/2023 07:30,,,,,,
06/08/2023 08:00,,,,,,
06/08/2023 08:30,,,,,,
06/08/2023 09:00,,,,,,
06/08/2023 09:30,,,,,,
06/08/2023 10:00,,,,,,
06/08/2023 10:30,,,,,,
06/08/2023 11:00,,,,,,
06/08/2023 11:30,,,,,,
06/08/2023 12:00,,,,,,
06/08/2023 12:30,,,,,,
06/08/2023 13:00,,,,,,
06/08/2023 13:30,,,,,,
06/08/2023 14:00,,,,,,
06/08/2023 14:30,,,,,,
06/08/2023 15:00,,,,,,
06/08/2023 15:30,,,,,,
06/08/2023 16:00,,,,,,
06/08/2023 16:30,,,,,,
06/08/2023 17:00,,,,,,
06/08/2023 17:30,,,,,,
06/08/2023 18:00,,,,,,
06/08/2023 18:30,,,,,,
06/08/2023 19:00,,,,,,
06/08/2023 19:30,,,,,,
06/08/2023 20:00,,,,,,
06/08/2023 20:30,,,,,,
06/08/2023 21:00,,,,,,
06/08/2023 21:30,,,,,,
06/08/2023 22:00,,,,,,
06/08/2023 22:30,,,,,,
06/08/2023 23:00,,,,,,
06/08/2023 23:30,,,,,,
07/08/2023 00:00,,,,,,
07/08/2023 00:30,,,,,,
07/08/2023 01:00,,,,,,
07/08/2023 01:30,,,,,,
07/08/2023 02:00,,,,,,
07/08/2023 02:30,,,,,,
07/08/2023 03:00,,,,,,
07/08/2023 03:30,,,,,,
07/08/2023 04:00,,,,,,
07/08/2023 04:30,,,,,,
07/08/2023 05:00,,,,,,
07/08/2023 05:30,,,,,,
07/08/2023 06:00,,,,,,
07/08/2023 06:30,,,,,,
07/08/2023 07:00,,,,,,
07/08/2023 07:30,,,,,,
07/08/2023 08:00,,,,,,
07/08/2023 08:30,,,,,,
07/08/2023 09:00,,,,,,
07/08/2023 09:30,,,,,,
07/08/2023 10:00,,,,,,
07/08/2023 10:30,,,,,,
07/08/2023 11:00,,,,,,
07/08/2023 11:30,,,,,,
07/08/2023 12:00,,,,,,
07/08/2023 12:30,,,,,,
07/08/2023 13:00,,,,,,
07/08/2023 13:30,,,,,,
07/08/2023 14:00,,,,,,
07/08/2023 14:30,,,,,,
07/08/2023 15:00,,,,,,
07/08/2023 15:30,,,,,,
07/08/2023 16:00,,,,,,
07/08/2023 16:30,,,,,,
07/08/2023 17:00,,,,,,
07/08/2023 17:30,,,,,,
07/08/2023 18:00,,,,,,
07/08/2023 18:30,,,,,,
07/08/2023 19:00,,,,,,
07/08/2023 19:30,,,,,,
07/08/2023 20:00,,,,,,
07/08/2023 20:30,,,,,,
07/08/2023 21:00,,,,,,
07/08/2023 21:30,,,,,,
07/08/2023 22:00,,,,,,
07/08/2023 22:30,,,,,,
07/08/2023 23:00,,,,,,
07/08/2023 23:30,,,,,,
08/08/2023 00:00,,,,,,
08/08/2023 00:30,,,,,,
08/08/2023 01:00,,,,,,
08/08/2023 01:30,,,,,,
08/08/2023 02:00,,,,,,
08/08/2023 02:30,,,,,,
08/08/2023 03:00,,,,,,
08/08/2023 03:30,,,,,,
08/08/2023 04:00,,,,,,
08/08/2023 04:30,,,,,,
08/08/2023 05:00,,,,,,
08/08/2023 05:30,,,,,,
08/08/2023 06:00,,,,,,
08/08/2023 06:30,,,,,,
08/08/2023 07:00,,,,,,
08/08/2023 07:30,,,,,,
08/08/2023 08:00,,,,,,
08/08/2023 08:30,,,,,,
08/08/2023 09:00,,,,,,
08/08/2023 09:30,,,,,,
08/08/2023 10:00,,,,,,
08/08/2023 10:30,,,,,,
08/08/2023 11:00,,,,,,
08/08/2023 11:30,,,,,,
08/08/2023 12:00,,,,,,
08/08/2023 12:30,,,,,,
08/08/2023 13:00,,,,,,
08/08/2023 13:30,,,,,,
08/08/2023 14:00,,,,,,
08/08/2023 14:30,,,,,,
08/08/2023 15:00,,,,,,
08/08/2023 15:30,,,,,,
08/08/2023 16:00,,,,,,
08/08/2023 16:30,,,,,,
08/08/2023 17:00,,,,,,
08/08/2023 17:30,,,,,,
08/08/2023 18:00,,,,,,
08/08/2023 18:30,,,,,,
08/08/2023 19:00,,,,,,
08/08/2023 19:30,,,,,,
08/08/2023 20:00,,,,,,
08/08/2023 20:30,,,,,,
08/08/2023 21:00,,,,,,
08/08/2023 21:30,,,,,,
08/08/2023 22:00,,,,,,
08/08/2023 22:30,,,,,,
08/08/2023 23:00,,,,,,
08/08/2023 23:30,,,,,,
09/08/2023 00:00,,,,,,
09/08/2023 00:30,,,,,,
09/08/2023 01:00,,,,,,
09/08/2023 01:30,,,,,,
09/08/2023 02:00,,,,,,
09/08/2023 02:30,,,,,,
09/08/2023 03:00,,,,,,
09/08/2023 03:30,,,,,,
09/08/2023 04:00,,,,,,
09/08/2023 04:30,,,,,,
09/08/2023 05:00,,,,,,
09/08/2023 05:30,,,,,,
09/08/2023 06:00,,,,,,
09/08/2023 06:30,,,,,,
09/08/2023 07:00,,,,,,
09/08/2023 07:30,,,,,,
09/08/2023 08:00,,,,,,
09/08/2023 08:30,,,,,,
09/08/2023 09:00,,,,,,
09/08/2023 09:30,,,,,,
09/08/2023 10:00,,,,,,
09/08/2023 10:30,,,,,,
09/08/2023 11:00,,,,,,
09/08/2023 11:30,,,,,,
09/08/2023 12:00,,,,,,
09/08/2023 12:30,,,,,,
09/08/2023 13:00,,,,,,
09/08/2023 13:30,,,,,,
09/08/2023 14:00,,,,,,
09/08/2023 14:30,,,,,,
09/08/2023 15:00,,,,,,
09/08/2023 15:30,,,,,,
09/08/2023 16:00,,,,,,
09/08/2023 16:30,,,,,,
09/08/2023 17:00,,,,,,
09/08/2023 17:30,,,,,,
09/08/2023 18:00,,,,,,
09/08/2023 18:30,,,,,,
09/08/2023 19:00,,,,,,
09/08/2023 19:30,,,,,,
09/08/2023 20:00,,,,,,
09/08/2023 20:30,,,,,,
09/08/2023 21:00,,,,,,
09/08/2023 21:30,,,,,,
09/08/2023 22:00,,,,,,
09/08/2023 22:30,,,,,,
09/08/2023 23:00,,,,,,
09/08/2023 23:30,,,,,,
10/08/2023 00:00,,,,,,
10/08/2023 00:30,,,,,,
10/08/2023 01:00,,,,,,
10/08/2023 01:30,,,,,,
10/08/2023 02:00,,,,,,
10/08/2023 02:30,,,,,,
10/08/2023 03:00,,,,,,
10/08/2023 03:30,,,,,,
10/08/2023 04:00,,,,,,
10/08/2023 04:30,,,,,,
10/08/2023 05:00,,,,,,
10/08/2023 05:30,,,,,,
10/08/2023 06:00,,,,,,
10/08/2023 06:30,,,,,,
10/08/2023 07:00,,,,,,
10/08/2023 07:30,,,,,,
10/08/2023 08:00,,,,,,
10/08/2023 08:30,,,,,,
10/08/2023 09:00,,,,,,
10/08/2023 09:30,,,,,,
10/08/2023 10:00,,,,,,
10/08/2023 10:30,,,,,,
10/08/2023 11:00,,,,,,
10/08/2023 11:30,,,,,,
10/08/2023 12:00,,,,,,
10/08/2023 12:30,,,,,,
10/08/2023 13:00,,,,,,
10/08/2023 13:30,,,,,,
10/08/2023 14:00,,,,,,
10/08/2023 14:30,,,,,,
10/08/2023 15:00,,,,,,
10/08/2023 15:30,,,,,,
10/08/2023 16:00,,,,,,
10/08/2023 16:30,,,,,,
10/08/2023 17:00,,,,,,
10/08/2023 17:30,,,,,,
10/08/2023 18:00,,,,,,
10/08/2023 18:30,,,,,,
10/08/2023 19:00,,,,,,
10/08/2023 19:30,,,,,,
10/08/2023 20:00,,,,,,
10/08/2023 20:30,,,,,,
10/08/2023 21:00,,,,,,
10/08/2023 21:30,,,,,,
10/08/2023 22:00,,,,,,
10/08/2023 22:30,,,,,,
10/08/2023 23:00,,,,,,
10/08/2023 23:30,,,,,,
11/08/2023 00:00,,,,,,
11/08/2023 00:30,,,,,,
11/08/2023 01:00,,,,,,
11/08/2023 01:30,,,,,,
11/08/2023 02:00,,,,,,
11/08/2023 02:30,,,,,,
11/08/2023 03:00,,,,,,
11/08/2023 03:30,,,,,,
11/08/2023 04:00,,,,,,
11/08/2023 04:30,,,,,,
11/08/2023 05:00,,,,,,
11/08/2023 05:30,,,,,,
11/08/2023 06:00,,,,,,
11/08/2023 06:30,,,,,,
11/08/2023 07:00,,,,,,
11/08/2023 07:30,,,,,,
11/08/2023 08:00,,,,,,
11/08/2023 08:30,,,,,,
11/08/2023 09:00,,,,,,
11/08/2023 09:30,,,,,,
11/08/2023 10:00,,,,,,
11/08/2023 10:30,,,,,,
11/08/2023 11:00,,,,,,
11/08/2023 11:30,,,,,,
11/08/2023 12:00,,,,,,
11/08/2023 12:30,,,,,,
11/08/2023 13:00,,,,,,
11/08/2023 13:30,,,,,,
11/08/2023 14:00,,,,,,
11/08/2023 14:30,,,,,,
11/08/2023 15:00,,,,,,
11/08/2023 15:30,,,,,,
11/08/2023 16:00,,,,,,
11/08/2023 16:30,,,,,,
11/08/2023 17:00,,,,,,
11/08/2023 17:30,,,,,,
11/08/2023 18:00,,,,,,
11/08/2023 18:30,,,,,,
11/08/2023 19:00,,,,,,
11/08/2023 19:30,,,,,,
11/08/2023 20:00,,,,,,
11/08/2023 20:30,,,,,,
11/08/2023 21:00,,,,,,
11/08/2023 21:30,,,,,,
11/08/2023 22:00,,,,,,
11/08/2023 22:30,,,,,,
11/08/2023 23:00,,,,,,
11/08/2023 23:30,,,,,,
12/08/2023 00:00,,,,,,
12/08/2023 00:30,,,,,,
12/08/2023 01:00,,,,,,
12/08/2023 01:30,,,,,,
12/08/2023 02:00,,,,,,
12/08/2023 02:30,,,,,,
12/08/2023 03:00,,,,,,
12/08/2023 03:30,,,,,,
12/08/2023 04:00,,,,,,
12/08/2023 04:30,,,,,,
12/08/2023 05:00,,,,,,
12/08/2023 05:30,,,,,,
12/08/2023 06:00,,,,,,
12/08/2023 06:30,,,,,,
12/08/2023 07:00,,,,,,
12/08/2023 07:30,,,,,,
12/08/2023 08:00,,,,,,
12/08/2023 08:30,,,,,,
12/08/2023 09:00,,,,,,
12/08/2023 09:30,,,,,,
12/08/2023 10:00,,,,,,
12/08/2023 10:30,,,,,,
12/08/2023 11:00,,,,,,
12/08/2023 11:30,,,,,,
12/08/2023 12:00,,,,,,
12/08/2023 12:30,,,,,,
12/08/2023 13:00,,,,,,
12/08/2023 13:30,,,,,,
12/08/2023 14:00,,,,,,
12/08/2023 14:30,,,,,,
12/08/2023 15:00,,,,,,
12/08/2023 15:30,,,,,,
12/08/2023 16:00,,,,,,
12/08/2023 16:30,,,,,,
12/08/2023 17:00,,,,,,
12/08/2023 17:30,,,,,,
12/08/2023 18:00,,,,,,
12/08/2023 18:30,,,,,,
12/08/2023 19:00,,,,,,
12/08/2023 19:30,,,,,,
12/08/2023 20:00,,,,,,
12/08/2023 20:30,,,,,,
12/08/2023 21:00,,,,,,
12/08/2023 21:30,,,,,,
12/08/2023 22:00,,,,,,
12/08/2023 22:30,,,,,,
12/08/2023 23:00,,,,,,
12/08/2023 23:30,,,,,,
13/08/2023 00:00,,,,,,
13/08/2023 00:30,,,,,,
13/08/2023 01:00,,,,,,
13/08/2023 01:30,,,,,,
13/08/2023 02:00,,,,,,
13/08/2023 02:30,,,,,,
13/08/2023 03:00,,,,,,
13/08/2023 03:30,,,,,,
13/08/2023 04:00,,,,,,
13/08/2023 04:30,,,,,,
13/08/2023 05:00,,,,,,
13/08/2023 05:30,,,,,,
13/08/2023 06:00,,,,,,
13/08/2023 06:30,,,,,,
13/08/2023 07:00,,,,,,
13/08/2023 07:30,,,,,,
13/08/2023 08:00,,,,,,
13/08/2023 08:30,,,,,,
13/08/2023 09:00,,,,,,
13/08/2023 09:30,,,,,,
13/08/2023 10:00,,,,,,
13/08/2023 10:30,,,,,,
13/08/2023 11:00,,,,,,
13/08/2023 11:30,,,,,,
13/08/2023 12:00,,,,,,
13/08/2023 12:30,,,,,,
13/08/2023 13:00,,,,,,
13/08/2023 13:30,,,,,,
13/08/2023 14:00,,,,,,
13/08/2023 14:30,,,,,,
13/08/2023 15:00,,,,,,
13/08/2023 15:30,,,,,,
13/08/2023 16:00,,,,,,
13/08/2023 16:30,,,,,,
13/08/2023 17:00,,,,,,
13/08/2023 17:30,,,,,,
13/08/2023 18:00,,,,,,
13/08/2023 18:30,,,,,,
13/08/2023 19:00,,,,,,
13/08/2023 19:30,,,,,,
13/08/2023 20:00,,,,,,
13/08/2023 20:30,,,,,,
13/08/2023 21:00,,,,,,
13/08/2023 21:30,,,,,,
13/08/2023 22:00,,,,,,
13/08/2023 22:30,,,,,,
13/08/2023 23:00,,,,,,
13/08/2023 23:30,,,,,,
14/08/2023 00:00,,,,,,
14/08/2023 00:30,,,,,,
14/08/2023 01:00,,,,,,
14/08/2023 01:30,,,,,,
14/08/2023 02:00,,,,,,
14/08/2023 02:30,,,,,,
14/08/2023 03:00,,,,,,
14/08/2023 03:30,,,,,,
14/08/2023 04:00,,,,,,
14/08/2023 04:30,,,,,,
14/08/2023 05:00,,,,,,
14/08/2023 05:30,,,,,,
14/08/2023 06:00,,,,,,
14/08/2023 06:30,,,,,,
14/08/2023 07:00,,,,,,
14/08/2023 07:30,,,,,,
14/08/2023 08:00,,,,,,
14/08/2023 08:30,,,,,,
14/08/2023 09:00,,,,,,
14/08/2023 09:30,,,,,,
14/08/2023 10:00,,,,,,
14/08/2023 10:30,,,,,,
14/08/2023 11:00,,,,,,
14/08/2023 11:30,,,,,,
14/08/2023 12:00,,,,,,
14/08/2023 12:30,,,,,,
14/08/2023 13:00,,,,,,
14/08/2023 13:30,,,,,,
14/08/2023 14:00,,,,,,
14/08/2023 14:30,,,,,,
14/08/2023 15:00,,,,,,
14/08/2023 15:30,,,,,,
14/08/2023 16:00,,,,,,
14/08/2023 16:30,,,,,,
14/08/2023 17:00,,,,,,
14/08/2023 17:30,,,,,,
14/08/2023 18:00,,,,,,
14/08/2023 18:30,,,,,,
14/08/2023 19:00,,,,,,
14/08/2023 19:30,,,,,,
14/08/2023 20:00,,,,,,
14/08/2023 20:30,,,,,,
14/08/2023 21:00,,,,,,
14/08/2023 21:30,,,,,,
14/08/2023 22:00,,,,,,
14/08/2023 22:30,,,,,,
14/08/2023 23:00,,,,,,
14/08/2023 23:30,,,,,,
15/08/2023 00:00,,,,,,
15/08/2023 00:30,,,,,,
15/08/2023 01:00,,,,,,
15/08/2023 01:30,,,,,,
15/08/2023 02:00,,,,,,
15/08/2023 02:30,,,,,,
15/08/2023 03:00,,,,,,
15/08/2023 03:30,,,,,,
15/08/2023 04:00,,,,,,
15/08/2023 04:30,,,,,,
15/08/2023 05:00,,,,,,
15/08/2023 05:30,,,,,,
15/08/2023 06:00,,,,,,
15/08/2023 06:30,,,,,,
15/08/2023 07:00,,,,,,
15/08/2023 07:30,,,,,,
15/08/2023 08:00,,,,,,
15/08/2023 08:30,,,,,,
15/08/2023 09:00,,,,,,
15/08/2023 09:30,,,,,,
15/08/2023 10:00,,,,,,
15/08/2023 10:30,,,,,,
15/08/2023 11:00,,,,,,
15/08/2023 11:30,,,,,,
15/08/2023 12:00,,,,,,
15/08/2023 12:30,,,,,,
15/08/2023 13:00,,,,,,
15/08/2023 13:30,,,,,,
15/08/2023 14:00,,,,,,
15/08/2023 14:30,,,,,,
15/08/2023 15:00,,,,,,
15/08/2023 15:30,,,,,,
15/08/2023 16:00,,,,,,
15/08/2023 16:30,,,,,,
15/08/2023 17:00,,,,,,
15/08/2023 17:30,,,,,,
15/08/2023 18:00,,,,,,
15/08/2023 18:30,,,,,,
15/08/2023 19:00,,,,,,
15/08/2023 19:30,,,,,,
15/08/2023 20:00,,,,,,
15/08/2023 20:30,,,,,,
15/08/2023 21:00,,,,,,
15/08/2023 21:30,,,,,,
15/08/2023 22:00,,,,,,
15/08/2023 22:30,,,,,,
15/08/2023 23:00,,,,,,
15/08/2023 23:30,,,,,,
16/08/2023 00:00,,,,,,
16/08/2023 00:30,,,,,,
16/08/2023 01:00,,,,,,
16/08/2023 01:30,,,,,,
16/08/2023 02:00,,,,,,
16/08/2023 02:30,,,,,,
16/08/2023 03:00,,,,,,
16/08/2023 03:30,,,,,,
16/08/2023 04:00,,,,,,
16/08/2023 04:30,,,,,,
16/08/2023 05:00,,,,,,
16/08/2023 05:30,,,,,,
16/08/2023 06:00,,,,,,
16/08/2023 06:30,,,,,,
16/08/2023 07:00,,,,,,
16/08/2023 07:30,,,,,,
16/08/2023 08:00,,,,,,
16/08/2023 08:30,,,,,,
16/08/2023 09:00,,,,,,
16/08/2023 09:30,,,,,,
16/08/2023 10:00,,,,,,
16/08/2023 10:30,,,,,,
16/08/2023 11:00,,,,,,
16/08/2023 11:30,,,,,,
16/08/2023 12:00,,,,,,
16/08/2023 12:30,,,,,,
16/08/2023 13:00,,,,,,
16/08/2023 13:30,,,,,,
16/08/2023 14:00,,,,,,
16/08/2023 14:30,,,,,,
16/08/2023 15:00,,,,,,
16/08/2023 15:30,,,,,,
16/08/2023 16:00,,,,,,
16/08/2023 16:30,,,,,,
16/08/2023 17:00,,,,,,
16/08/2023 17:30,,,,,,
16/08/2023 18:00,,,,,1.156,
16/08/2023 18:30,,,,,7.476,
16/08/2023 19:00,,,,,7.346,
16/08/2023 19:30,,,,,5.228,
16/08/2023 20:00,,,,,3.306,
16/08/2023 20:30,,,,,1.962,
16/08/2023 21:00,,,,,2.276,
16/08/2023 21:30,,,,,4.092,
16/08/2023 22:00,,,,0.754,5.234,
16/08/2023 22:30,,,0.3,2.454,5.14,
16/08/2023 23:00,,,0.09,1.956,4.174,
16/08/2023 23:30,,,0.146,1.212,4.304,
17/08/2023 00:00,,,0.732,1.282,6.29,
17/08/2023 00:30,,,0.852,1.922,7.704,
17/08/2023 01:00,,,1.086,1.92,7.916,
17/08/2023 01:30,,,0.696,2.18,6.358,
17/08/2023 02:00,,,0.726,1.612,7.796,
17/08/2023 02:30,,,1.482,2.306,9.494,
17/08/2023 03:00,,,4.12,5.732,13.112,
17/08/2023 03:30,,,5.202,5.522,12.61,
17/08/2023 04:00,,,6.544,6.1,14.08,
17/08/2023 04:30,,,6.348,4.43,12.24,
17/08/2023 05:00,,,5.194,4.382,13.136,
17/08/2023 05:30,,,6.438,5.1,17.488,
17/08/2023 06:00,,,7.508,6.106,17.536,
17/08/2023 06:30,,,7.558,6.768,19.72,
17/08/2023 07:00,,,10.198,8.672,24.802,
17/08/2023 07:30,,,14.454,12.2,28.544,
17/08/2023 08:00,,,14.864,12.352,28.732,
17/08/2023 08:30,,,11.698,10.946,28.132,
17/08/2023 09:00,,,10.788,10.112,28.078,
17/08/2023 09:30,,,11.54,9.386,27.224,
17/08/2023 10:00,,,13.38,10.402,28.636,
17/08/2023 10:30,,,13.81,11.432,27.076,
17/08/2023 11:00,,,13.14,11.504,27.468,
17/08/2023 11:30,,,15.31,14.786,28.914,
17/08/2023 12:00,,,16.35,16.938,30.864,
17/08/2023 12:30,,,12.392,12.758,29.282,
17/08/2023 13:00,,,11.304,12.204,30.53,
17/08/2023 13:30,,,10.416,11.278,28.686,
17/08/2023 14:00,,,9.112,10.06,24.208,
17/08/2023 14:30,,,7.94,7.77,23.608,
17/08/2023 15:00,,,8.164,7.656,23.318,
17/08/2023 15:30,,,6.652,7.008,17.94,
17/08/2023 16:00,,,4.256,4.932,18.242,
17/08/2023 16:30,,,4.148,5.146,21.488,
17/08/2023 17:00,,,3.35,4.838,21.706,
17/08/2023 17:30,,,6.446,4.434,21.788,
17/08/2023 18:00,,,10.852,8.526,23.966,
17/08/2023 18:30,,,15.014,13.122,31.95,
17/08/2023 19:00,,,12.678,11.534,30.432,
17/08/2023 19:30,,,12.586,10.476,24.99,
17/08/2023 20:00,,,15.622,9.646,29.474,
17/08/2023 20:30,,,16.97,16.876,27.436,
17/08/2023 21:00,,,15.924,13.716,29.284,
17/08/2023 21:30,,,15.03,15.138,37.234,
17/08/2023 22:00,,,16.748,14.58,36.224,
17/08/2023 22:30,,,21.438,16.728,32.12,
17/08/2023 23:00,,,17.032,16.956,48.69,
17/08/2023 23:30,,,17.698,15.164,30.572,
18/08/2023 00:00,,,16.106,14.102,34.884,
18/08/2023 00:30,,,30.718,28.256,40.716,
18/08/2023 01:00,,,26.144,22.756,56.556,
18/08/2023 01:30,,,16.27,19.508,53.022,
18/08/2023 02:00,,,10.568,10.178,35.41,
18/08/2023 02:30,,,8.808,8.564,37.924,
18/08/2023 03:00,,,13.38,10.232,32.848,
18/08/2023 03:30,,,19.54,12.81,39.26,
18/08/2023 04:00,,,18.178,17.226,58.458,
18/08/2023 04:30,,,23.438,21.394,51.09,
18/08/2023 05:00,,,29.296,27.036,33.188,
18/08/2023 05:30,,,31.268,28.876,32.574,
18/08/2023 06:00,,,31.866,25.598,53.396,
18/08/2023 06:30,,,45.168,37.366,45.778,
18/08/2023 07:00,,,43.348,39.352,40.39,
18/08/2023 07:30,,,29.35,34.024,59.196,
18/08/2023 08:00,,,32.812,31.396,75.664,
18/08/2023 08:30,,,17.706,18.994,89.416,
18/08/2023 09:00,,,18.782,15.624,61.026,
18/08/2023 09:30,,,24.002,15.728,49.68,
18/08/2023 10:00,,,28.89,19.872,49.518,
18/08/2023 10:30,,,23.056,23.69,58.69,
18/08/2023 11:00,,,25.374,18.81,46.248,
18/08/2023 11:30,,,32.45,26.414,40.978,
18/08/2023 12:00,,,24.198,21.644,30.98,
18/08/2023 12:30,,,25.15,19.582,39.778,
18/08/2023 13:00,,,32.692,28.618,53.286,
18/08/2023 13:30,,,31.042,26.09,52.386,
18/08/2023 14:00,,,30.234,25.822,58.714,
18/08/2023 14:30,,,23.738,20.462,49.304,
18/08/2023 15:00,,,55.498,41.672,59.894,
18/08/2023 15:30,,,58.96,52.018,71.774,
18/08/2023 16:00,,,63.528,55.744,74.336,
18/08/2023 16:30,,,69.272,53.076,82.154,
18/08/2023 17:00,,,77.414,67.132,95.772,
18/08/2023 17:30,,,78.132,68.822,99.956,
18/08/2023 18:00,,,78.246,68.844,105.172,
18/08/2023 18:30,,,78.272,68.888,117.256,
18/08/2023 19:00,,,78.304,68.896,127.96,
18/08/2023 19:30,,,78.31,68.892,132.026,
18/08/2023 20:00,,,78.34,68.89,137.268,
18/08/2023 20:30,,,78.284,68.9,137.442,
18/08/2023 21:00,,,78.322,68.89,137.36,
18/08/2023 21:30,,,78.344,68.898,136.516,
18/08/2023 22:00,,,78.278,68.88,132.982,
18/08/2023 22:30,,,78.308,68.896,137.172,
18/08/2023 23:00,,,78.288,68.9,137.19,
18/08/2023 23:30,,,78.316,68.878,137.228,
19/08/2023 00:00,,,78.282,68.906,137.232,
19/08/2023 00:30,,,78.308,68.87,137.236,
19/08/2023 01:00,,,78.298,68.91,137.234,
19/08/2023 01:30,,,78.272,68.864,137.226,
19/08/2023 02:00,,,78.312,68.894,136.706,
19/08/2023 02:30,,,78.286,68.89,137.206,
19/08/2023 03:00,,,78.28,68.896,137.192,
19/08/2023 03:30,,,78.29,68.874,137.246,
19/08/2023 04:00,,,78.292,68.888,137.234,
19/08/2023 04:30,,,78.304,68.898,137.246,
19/08/2023 05:00,,,78.294,68.886,136.918,
19/08/2023 05:30,,,78.286,68.888,136.966,
19/08/2023 06:00,,,78.298,68.89,137.248,
19/08/2023 06:30,,,78.292,68.892,136.128,
19/08/2023 07:00,,,78.306,68.908,136.308,
19/08/2023 07:30,,,78.336,68.882,137.194,
19/08/2023 08:00,,,78.324,68.908,136.804,
19/08/2023 08:30,,,78.298,68.914,136.844,
19/08/2023 09:00,,,78.306,68.866,137.536,
19/08/2023 09:30,,,78.322,68.886,137.236,
19/08/2023 10:00,,,78.32,68.894,137.558,
19/08/2023 10:30,,,78.286,68.892,137.464,
19/08/2023 11:00,,,78.322,68.886,137.554,
19/08/2023 11:30,,,78.294,68.894,137.552,
19/08/2023 12:00,,,78.332,68.908,137.516,
19/08/2023 12:30,,,78.282,68.852,137.184,
19/08/2023 13:00,,,78.326,68.89,137.154,
19/08/2023 13:30,,,78.316,68.882,137.19,
19/08/2023 14:00,,,78.308,68.908,136.808,
19/08/2023 14:30,,,78.294,68.874,137.08,
19/08/2023 15:00,,,78.33,68.904,137.512,
19/08/2023 15:30,,,78.29,68.886,137.556,
19/08/2023 16:00,,,78.34,68.89,137.516,
19/08/2023 16:30,,,78.308,68.878,137.518,
19/08/2023 17:00,,,78.306,68.9,137.11,
19/08/2023 17:30,,,78.322,68.896,137.574,
19/08/2023 18:00,,,78.312,68.88,137.496,
19/08/2023 18:30,,,78.294,68.884,137.08,
19/08/2023 19:00,,,78.318,68.89,137.496,
19/08/2023 19:30,,,78.284,68.87,137.484,
19/08/2023 20:00,,,78.332,68.912,137.548,
19/08/2023 20:30,,,78.294,68.884,137.348,
19/08/2023 21:00,,,78.282,68.842,137.018,
19/08/2023 21:30,,,78.318,68.896,137.43,
19/08/2023 22:00,,,78.28,68.89,137.45,
19/08/2023 22:30,,,78.34,68.89,137.486,
19/08/2023 23:00,,,78.284,68.894,137.448,
19/08/2023 23:30,,,78.31,68.864,137.392,
20/08/2023 00:00,,,78.306,68.892,137.474,
20/08/2023 00:30,,,78.318,68.882,137.44,
20/08/2023 01:00,,,78.298,68.884,136.656,
20/08/2023 01:30,,,78.322,68.882,133.892,
20/08/2023 02:00,,,78.296,68.878,129.132,
20/08/2023 02:30,,,78.254,68.86,116.644,
20/08/2023 03:00,,,78.272,68.88,104.088,
20/08/2023 03:30,,,78.264,68.596,121.404,
20/08/2023 04:00,,,78.256,63.182,115.624,
20/08/2023 04:30,,,77.292,50.668,83.902,
20/08/2023 05:00,,,57.628,35.918,65.238,
20/08/2023 05:30,,,51.502,33.842,56.126,
20/08/2023 06:00,,,53.694,35.672,65.03,
20/08/2023 06:30,,,64.798,38.654,94.244,
20/08/2023 07:00,,,47.768,48.944,111.14,
20/08/2023 07:30,,,29.344,64.848,63.452,
20/08/2023 08:00,,,25.662,54.998,33.316,
20/08/2023 08:30,,,27.808,22.366,30.644,
20/08/2023 09:00,,,41.446,33.926,39.152,
20/08/2023 09:30,,,37.518,38.632,34.552,
20/08/2023 10:00,,,26.786,32.21,30.968,
20/08/2023 10:30,,,20.43,23.34,26.966,
20/08/2023 11:00,,,21.27,24.618,28.804,
20/08/2023 11:30,,,13.448,17.512,13.208,
20/08/2023 12:00,,,16.122,7.868,15.214,
20/08/2023 12:30,,,14.132,6.912,19.194,
20/08/2023 13:00,,,17.218,11.44,16.306,
20/08/2023 13:30,,,18.56,12.136,13.278,
20/08/2023 14:00,,,28.544,12.616,13.564,
20/08/2023 14:30,,,15.258,10.236,8.736,
20/08/2023 15:00,,,16.908,8.392,14.544,
20/08/2023 15:30,,,22.484,13.142,19.252,
20/08/2023 16:00,,,18.582,17.624,22.588,
20/08/2023 16:30,,,21.068,22.432,23.966,
20/08/2023 17:00,,,27.47,23.952,25.26,
20/08/2023 17:30,,,56.712,24.762,49.804,
20/08/2023 18:00,,,75.742,46.426,88.41,
20/08/2023 18:30,,,78.298,68.83,110.178,
20/08/2023 19:00,,,78.146,68.86,124.914,
20/08/2023 19:30,,,78.27,68.856,116.954,
20/08/2023 20:00,,,78.26,68.846,108.658,
20/08/2023 20:30,,,78.252,68.148,111.246,
20/08/2023 21:00,,,78.26,65.664,112.114,
20/08/2023 21:30,,,78.248,65.672,118.678,
20/08/2023 22:00,,,78.276,68.84,109.382,
20/08/2023 22:30,,,76.972,64.772,74.816,
20/08/2023 23:00,,,58.12,43.944,48.312,
20/08/2023 23:30,,,39.102,23.826,33.468,
21/08/2023 00:00,,,21.798,20.322,22.218,
21/08/2023 00:30,,,21.946,11.022,27.438,
21/08/2023 01:00,,,22.128,13.308,20.654,
21/08/2023 01:30,,,28.106,18.806,32.388,
21/08/2023 02:00,,,29.626,13.988,23.916,
21/08/2023 02:30,,,23.314,8.14,22.06,
21/08/2023 03:00,,,28.628,9.962,39.476,
21/08/2023 03:30,,,25.268,12.838,42.116,
21/08/2023 04:00,,,29.038,12.748,64.388,
21/08/2023 04:30,,,29.266,12.484,84.394,
21/08/2023 05:00,,,25.268,15.53,60.416,
21/08/2023 05:30,,,37.208,21.7,75.696,
21/08/2023 06:00,,,41.964,24.014,87.588,
21/08/2023 06:30,,,42.672,29.498,81.108,
21/08/2023 07:00,,,47.29,32.536,89.324,
21/08/2023 07:30,,,53.558,33.55,92.314,
21/08/2023 08:00,,,55.82,43.372,107.928,
21/08/2023 08:30,,,52.356,41.984,109.956,
21/08/2023 09:00,,,49.414,35.614,128.592,
21/08/2023 09:30,,,76.924,62.492,137.164,
21/08/2023 10:00,,,78.126,68.88,134.556,
21/08/2023 10:30,,,78.29,68.884,136.09,
21/08/2023 11:00,,,78.406,68.868,136.574,
21/08/2023 11:30,,,78.406,68.852,136.906,
21/08/2023 12:00,,,78.392,68.858,137.006,
21/08/2023 12:30,,,78.402,68.888,130.934,
21/08/2023 13:00,,,78.382,68.864,131.11,
21/08/2023 13:30,,,78.412,68.856,129.126,
21/08/2023 14:00,,,78.278,68.288,129.212,
21/08/2023 14:30,,,80.68,67.924,78.922,
21/08/2023 15:00,,,126.654,67.94,78.708,
21/08/2023 15:30,,,126.688,67.864,86.65,
21/08/2023 16:00,,,126.646,68,81.952,
21/08/2023 16:30,,,126.618,68.128,81.93,
21/08/2023 17:00,,,126.584,68.018,81.04,
21/08/2023 17:30,,,126.558,68.01,86.41,
21/08/2023 18:00,,,126.548,68.006,80.102,
21/08/2023 18:30,,,126.596,68.05,87.28,
21/08/2023 19:00,,,126.572,65.17,85.952,
21/08/2023 19:30,,,126.56,58.15,77.656,
21/08/2023 20:00,,,126.408,58.19,77.618,
21/08/2023 20:30,,,126.56,58.324,77.558,
21/08/2023 21:00,,,126.564,58.32,77.608,
21/08/2023 21:30,,,126.592,67.196,77.626,
21/08/2023 22:00,,,126.568,68.264,77.656,
21/08/2023 22:30,,,126.558,68.22,77.642,
21/08/2023 23:00,,,126.598,68.268,77.672,
21/08/2023 23:30,,,126.566,68.22,77.648,
22/08/2023 00:00,,,126.586,68.25,77.654,
22/08/2023 00:30,,,126.576,68.238,77.624,
22/08/2023 01:00,,,126.61,68.256,80.154,
22/08/2023 01:30,,,126.67,68.292,87.574,
22/08/2023 02:00,,,126.622,68.242,87.458,
22/08/2023 02:30,,,126.604,68.29,87.446,
22/08/2023 03:00,,,126.688,68.252,82.396,
22/08/2023 03:30,,,126.58,68.24,77.63,
22/08/2023 04:00,,,126.666,68.252,77.608,
22/08/2023 04:30,,,126.622,68.274,82.85,
22/08/2023 05:00,,,126.658,68.252,84.196,
22/08/2023 05:30,,,126.602,68.282,76.834,
22/08/2023 06:00,,,126.624,68.288,71.31,
22/08/2023 06:30,,,126.576,62.026,60.012,
22/08/2023 07:00,,,123.364,45.23,56.944,
22/08/2023 07:30,,,103.944,52.056,65.014,
22/08/2023 08:00,,,84.848,52.932,75.868,
22/08/2023 08:30,,,82.81,52.996,75.028,
22/08/2023 09:00,,,60.246,43.328,72.698,
22/08/2023 09:30,,,95.734,52.46,64.534,
22/08/2023 10:00,,,97.248,32.126,76.758,
22/08/2023 10:30,,,92.314,54.14,81.81,
22/08/2023 11:00,,,74.008,44.792,73.232,
22/08/2023 11:30,,,73.192,37.712,67.164,
22/08/2023 12:00,,,120.426,49.858,79.806,
22/08/2023 12:30,,,49.336,61.57,88.156,
22/08/2023 13:00,,,49.262,62.776,78.02,
22/08/2023 13:30,,,49.274,66.13,76.112,77.844
22/08/2023 14:00,,,49.244,59.734,69.088,81.232
22/08/2023 14:30,,,49.222,49.808,71.292,80.06
22/08/2023 15:00,,,49.268,66.412,77.808,80.956
22/08/2023 15:30,,,49.292,68.366,77.902,80.886
22/08/2023 16:00,,,49.062,68.752,86.702,80.626
22/08/2023 16:30,,,85.464,68.822,124.714,263.172
22/08/2023 17:00,,,88.324,68.818,128.246,291.01
22/08/2023 17:30,,,88.32,68.836,128.232,290.71
22/08/2023 18:00,,,88.306,68.83,128.27,291.008
22/08/2023 18:30,,,88.36,68.834,128.142,289.954
22/08/2023 19:00,,,88.318,68.838,128.188,291.056
22/08/2023 19:30,,,88.308,68.824,128.16,291.128
22/08/2023 20:00,,,88.344,68.842,128.164,290.994
22/08/2023 20:30,,,88.298,68.838,128.182,290.714
22/08/2023 21:00,,,88.342,68.838,128.244,289.066
22/08/2023 21:30,,,88.028,68.22,122.404,234.822
22/08/2023 22:00,,,70.604,43.724,115.226,176.424
22/08/2023 22:30,,,71.712,29.924,103.676,163.938
22/08/2023 23:00,,,76.954,41.864,109.072,209.544
22/08/2023 23:30,,,86.948,45.168,114.808,168.266
23/08/2023 00:00,,,55.592,36.844,119.958,213.646
23/08/2023 00:30,,,67.188,49.18,128.174,233.9
23/08/2023 01:00,,,85.242,49.378,128.16,210.166
23/08/2023 01:30,,,72.096,46.216,115.742,182.24
23/08/2023 02:00,,,52.746,35.422,87.968,119.546
23/08/2023 02:30,,,32.142,19.298,63.682,84.922
23/08/2023 03:00,,,20.354,8.874,44.118,61.288
23/08/2023 03:30,,,9.878,2.102,26.756,29.694
23/08/2023 04:00,,,3.168,1.534,7.092,6.622
23/08/2023 04:30,,,1.618,1.886,0.12,
23/08/2023 05:00,,,0.12,2.496,,
23/08/2023 05:30,,,2.35,2.936,0.564,
23/08/2023 06:00,,,2.234,2.274,0.784,0.66
23/08/2023 06:30,,,,0.276,,
23/08/2023 07:00,,,,,,
23/08/2023 07:30,,,,,,
23/08/2023 08:00,,,,,,
23/08/2023 08:30,,,,,,
23/08/2023 09:00,,,,,,
23/08/2023 09:30,,,,,,
23/08/2023 10:00,,,,,,
23/08/2023 10:30,,,,,,
23/08/2023 11:00,,,,,,
23/08/2023 11:30,,,,,,
23/08/2023 12:00,,,,,,
23/08/2023 12:30,,,,,,
23/08/2023 13:00,,,,,,
23/08/2023 13:30,,,,,,
23/08/2023 14:00,,,,,,
23/08/2023 14:30,,,,,,
23/08/2023 15:00,,,,,,
23/08/2023 15:30,,,,,,
23/08/2023 16:00,,,,,,
23/08/2023 16:30,,,,,,
23/08/2023 17:00,,,,,,
23/08/2023 17:30,,,,,,
23/08/2023 18:00,,,,,,
23/08/2023 18:30,,,,,,15.292
23/08/2023 19:00,,,,,,37.39
23/08/2023 19:30,,,13.02,1.268,,60.178
23/08/2023 20:00,,,27.796,12.748,,74.636
23/08/2023 20:30,,,27.194,22.106,21.476,66.052
23/08/2023 21:00,,,32.242,19.618,40.138,65.124
23/08/2023 21:30,,,28.294,15.346,32.592,57.116
23/08/2023 22:00,,,27.386,14.742,41.956,63.148
23/08/2023 22:30,,,25.264,12.142,35.984,43.448
23/08/2023 23:00,,,12.32,7.282,23.484,33.046
23/08/2023 23:30,,,6.204,6.266,13.492,20.486
24/08/2023 00:00,,,4.284,4.312,9.382,15.572
24/08/2023 00:30,,,4.992,3.726,11.582,19.128
24/08/2023 01:00,,,10.142,5.536,19.378,30.414
24/08/2023 01:30,,,17.89,6.562,39.894,41.8
24/08/2023 02:00,,,22.73,13.732,49.098,78.746
24/08/2023 02:30,,,24.092,16.946,45.46,60.902
24/08/2023 03:00,,,19.53,18.076,45.448,71.482
24/08/2023 03:30,,,14.62,15.036,37.938,73.668
24/08/2023 04:00,,,11.498,10.902,22.936,62.93
24/08/2023 04:30,,,21.918,8.28,25.386,42.288
24/08/2023 05:00,,,23.87,6.94,33.4,48.784
24/08/2023 05:30,,,19.98,14.842,37.108,45.714
24/08/2023 06:00,,,12.622,14.808,29.872,35.332
24/08/2023 06:30,,,8.504,7.048,18.092,19.622
24/08/2023 07:00,,,4.982,4.432,13.998,18.258
24/08/2023 07:30,,,11.202,4.7,21.722,28.084
24/08/2023 08:00,,,10.72,4.956,21.474,38.516
24/08/2023 08:30,,,12.864,8.446,32.436,55.952
24/08/2023 09:00,,,22.738,17.102,58.166,86.592
24/08/2023 09:30,,,45.866,26.194,71.068,95.83
24/08/2023 10:00,,,42.152,18.392,52.394,70.654
24/08/2023 10:30,,,24.794,14.786,46.986,62.612
24/08/2023 11:00,,,18.452,13.65,42.714,66.202
24/08/2023 11:30,,,24.738,13.604,47.734,72.806
24/08/2023 12:00,,,29.356,17.406,49.144,66.634
24/08/2023 12:30,,,22.852,15.036,39.94,57.214
24/08/2023 13:00,,,20.23,19.612,43.34,60.88
24/08/2023 13:30,,,19.404,19.446,42.05,70.75
24/08/2023 14:00,,,19.746,21.282,38.612,82.278
24/08/2023 14:30,,,23.356,19.592,46.224,69.566
24/08/2023 15:00,,,30.172,16.67,54.46,74.62
24/08/2023 15:30,,,33.332,20.436,55.514,86.804
24/08/2023 16:00,,,25.87,22.792,70.216,97.27
24/08/2023 16:30,,,31.766,22.21,79.218,101.922
24/08/2023 17:00,,,41.51,23.35,72.842,110.51
24/08/2023 17:30,,,41.944,22.404,63.322,103.262
24/08/2023 18:00,,,33.75,18.164,59.174,105.914
24/08/2023 18:30,,,37.348,19.428,53.734,96.36
24/08/2023 19:00,,,23.116,19.912,37.534,85.912
24/08/2023 19:30,,,15.166,15.898,28.474,83.196
24/08/2023 20:00,,,10.072,18.338,27.88,87.176
24/08/2023 20:30,,,10.526,16.87,32.492,93.882
24/08/2023 21:00,,,13.794,17.484,33.074,79.88
24/08/2023 21:30,,,15.736,18.202,30.536,68.824
24/08/2023 22:00,,,26.998,19.904,25.858,65.5
24/08/2023 22:30,,,33.344,10.74,20.572,42.912
24/08/2023 23:00,,,26.626,3.788,11.088,22.074
24/08/2023 23:30,,,15.146,2.55,7.334,10.616
25/08/2023 00:00,,,9.496,1.352,11.758,6.92
25/08/2023 00:30,,,8.262,2.898,14.954,7.368
25/08/2023 01:00,,,10.26,4.846,22.688,50.578
25/08/2023 01:30,,,18.34,13.962,29.242,46.008
25/08/2023 02:00,,,11.058,6.278,11.14,14.882
25/08/2023 02:30,,,3.978,1.466,9.428,8.598
25/08/2023 03:00,,,2.788,0.544,14.554,9.924
25/08/2023 03:30,,,3.122,,17.074,17.766
25/08/2023 04:00,,,8.13,,17.338,18.826
25/08/2023 04:30,,,7.19,0.214,13.198,10.596
25/08/2023 05:00,,,6.162,0.06,11.226,6.364
25/08/2023 05:30,,,2.974,,7.716,5.022
25/08/2023 06:00,,,2.036,,5.804,7.744
25/08/2023 06:30,,,4.778,,7.566,8.204
25/08/2023 07:00,,,4.76,0.546,7.226,9.616
25/08/2023 07:30,,,6.13,0.502,6.048,3.908
25/08/2023 08:00,,,4.244,1.244,5.43,2.922
25/08/2023 08:30,,,5.772,2.06,5.162,3.864
25/08/2023 09:00,,,4.544,1.218,3.966,4.386
25/08/2023 09:30,,,2.078,2.21,3.348,3.568
25/08/2023 10:00,,,1.022,1.592,1.568,1.096
25/08/2023 10:30,,,2.264,,0.954,
25/08/2023 11:00,,,1.64,,,
25/08/2023 11:30,,,,,,
25/08/2023 12:00,,,,,,
25/08/2023 12:30,,,,,,
25/08/2023 13:00,,,,,,
25/08/2023 13:30,,,,,,
25/08/2023 14:00,,,,,,
25/08/2023 14:30,,,,,,
25/08/2023 15:00,,,,,,
25/08/2023 15:30,,,,,0.08,0.044
25/08/2023 16:00,,,0.634,0.026,1.574,2.804
25/08/2023 16:30,,,1.57,3.338,5.574,13.078
25/08/2023 17:00,,,3.838,3.484,4.808,11.874
25/08/2023 17:30,,,2.766,,3.734,1.65
25/08/2023 18:00,,,0.882,,1.57,
25/08/2023 18:30,,,,,,
25/08/2023 19:00,,,,,,
25/08/2023 19:30,,,,,,
25/08/2023 20:00,,,,,,
25/08/2023 20:30,,,,,,
25/08/2023 21:00,,,,,,
25/08/2023 21:30,,,,,,
25/08/2023 22:00,,,0.782,0.618,4.474,4.722
25/08/2023 22:30,,,2.464,0.98,7.874,8.082
25/08/2023 23:00,,,3.814,2.242,9.414,7.144
25/08/2023 23:30,,,5.828,2.776,10.6,8.938
26/08/2023 00:00,,,10.322,3.438,16.768,15.738
26/08/2023 00:30,,,11.57,5.78,21.77,21.814
26/08/2023 01:00,,,13.946,8.618,25,27.994
26/08/2023 01:30,,,16.628,9.666,28.126,27.686
26/08/2023 02:00,,,16.942,6.978,29.48,28.508
26/08/2023 02:30,,,17.724,7.866,31.176,32.524
26/08/2023 03:00,,,17.946,7.874,32.914,35.204
26/08/2023 03:30,,,16.34,8.008,35.408,36.392
26/08/2023 04:00,,,18.774,8.314,41.326,42.96
26/08/2023 04:30,,,23.094,8.458,46.988,50.166
26/08/2023 05:00,,,21.678,11.412,48.704,60.928
26/08/2023 05:30,,,17.694,11.298,45.694,56.73
26/08/2023 06:00,,,18.254,7.938,34.73,48.814
26/08/2023 06:30,,,16.13,10.136,39.458,53.288
26/08/2023 07:00,,,14.556,11.064,41.988,61.006
26/08/2023 07:30,,,15.49,9.388,41.966,61.186
26/08/2023 08:00,,,17.49,8.452,34.222,54.424
26/08/2023 08:30,,,16.73,9.716,28.666,44.792
26/08/2023 09:00,,,13.138,7.768,28.166,41.768
26/08/2023 09:30,,,12.766,6.798,26.392,44.256
26/08/2023 10:00,,,9.816,5.796,25.644,49.668
26/08/2023 10:30,,,8.61,7.1,28.864,56.454
26/08/2023 11:00,,,8.536,13.224,33.094,57.402
26/08/2023 11:30,,,12.196,12.184,34.618,51.246
26/08/2023 12:00,,,15.056,13.17,34.49,49.422
26/08/2023 12:30,,,13.47,9.574,31.004,37.69
26/08/2023 13:00,,,13.798,6.692,23.37,23.798
26/08/2023 13:30,,,11.936,4.118,17.164,16.244
26/08/2023 14:00,,,9.128,1.698,10.526,9.086
26/08/2023 14:30,,,4.876,0.936,5.432,5.492
26/08/2023 15:00,,,3.694,1.068,4.222,2.688
26/08/2023 15:30,,,2.21,0.396,1.232,
26/08/2023 16:00,,,0.932,,,
26/08/2023 16:30,,,,,,
26/08/2023 17:00,,,,,,
26/08/2023 17:30,,,,,,
26/08/2023 18:00,,,,,,
26/08/2023 18:30,,,,,,
26/08/2023 19:00,,,,,,
26/08/2023 19:30,,,,,,
26/08/2023 20:00,,,,,,
26/08/2023 20:30,,,,,,
26/08/2023 21:00,,,,,,
26/08/2023 21:30,,,,,,
26/08/2023 22:00,,,,,,
26/08/2023 22:30,,,,,,
26/08/2023 23:00,,,,,,
26/08/2023 23:30,,,,,,
27/08/2023 00:00,,,,,,
27/08/2023 00:30,,,,,,
27/08/2023 01:00,,,,,,
27/08/2023 01:30,,,,,,
27/08/2023 02:00,,,,0.56,,1.846
27/08/2023 02:30,,,,,,0.116
27/08/2023 03:00,,,,,,
27/08/2023 03:30,,,,,,
27/08/2023 04:00,,,,,,
27/08/2023 04:30,,,,,,
27/08/2023 05:00,,,,,,
27/08/2023 05:30,,,,,,
27/08/2023 06:00,,,0.068,,,
27/08/2023 06:30,,,0.14,1.952,,0.994
27/08/2023 07:00,,,1.244,5.792,2.55,6.15
27/08/2023 07:30,,,4.558,8.21,6.678,4.122
27/08/2023 08:00,,,7.432,4.132,3.7,2.25
27/08/2023 08:30,,,3.692,1.562,2.686,3.212
27/08/2023 09:00,,,2.612,2.818,4.874,6.058
27/08/2023 09:30,,,5.112,8.358,10.978,14.976
27/08/2023 10:00,,,8.546,16.904,20.496,31.854
27/08/2023 10:30,,,13.408,14.154,24.72,34.908
27/08/2023 11:00,,,12.484,34.426,29.692,56.756
27/08/2023 11:30,,,30.926,25.196,41.588,42.508
27/08/2023 12:00,,,17.07,9.182,16.942,18.692
27/08/2023 12:30,,,5.32,7.774,7.682,16.4
27/08/2023 13:00,,,3.676,6.992,6.898,13.734
27/08/2023 13:30,,,3.63,5.072,6.37,11.58
27/08/2023 14:00,,,1.346,3.358,2.934,5.27
27/08/2023 14:30,,,2.686,3.072,1.886,4.73
27/08/2023 15:00,,,1.98,0.776,,
27/08/2023 15:30,,,2.132,0.876,,
27/08/2023 16:00,,,1.69,,0.284,
27/08/2023 16:30,,,1.27,,,
27/08/2023 17:00,,,0.294,,,
27/08/2023 17:30,,,1.628,,,
27/08/2023 18:00,,,2.524,0.15,,
27/08/2023 18:30,,,0.828,,,
27/08/2023 19:00,,,,,,
27/08/2023 19:30,,,,,,
27/08/2023 20:00,,,,,,
27/08/2023 20:30,,,,,,
27/08/2023 21:00,,,,,,
27/08/2023 21:30,,,,,,
27/08/2023 22:00,,,,,,
27/08/2023 22:30,,,,,,
27/08/2023 23:00,,,,,,
27/08/2023 23:30,,,,,,
28/08/2023 00:00,,,,,,
28/08/2023 00:30,,,,,,
28/08/2023 01:00,,,,,,
28/08/2023 01:30,,,0.748,5.542,0.852,1.026
28/08/2023 02:00,,,1.882,5.25,0.278,2.906
28/08/2023 02:30,,,8.074,22.644,19.11,63.076
28/08/2023 03:00,,,26.294,26.39,88.584,115.94
28/08/2023 03:30,,,35.178,29.002,101.042,111.902
28/08/2023 04:00,,,24.068,22.678,53.282,77.108
28/08/2023 04:30,,,16.824,33.604,50.9,73.168
28/08/2023 05:00,,,26.46,36.32,55.874,64.324
28/08/2023 05:30,,,21.252,23.584,34.798,32.766
28/08/2023 06:00,,,14.198,11.16,14.706,18.376
28/08/2023 06:30,,,11.456,8.624,13.326,15.944
28/08/2023 07:00,,,9.338,12.388,13.734,18.566
28/08/2023 07:30,,,13.936,17.308,16.37,21.238
28/08/2023 08:00,,,12.29,13.042,17.428,23.368
28/08/2023 08:30,,,10.87,10.482,16.542,15.858
28/08/2023 09:00,,,5.022,4.254,8.114,9.646
28/08/2023 09:30,,,3.454,3.836,7.624,7.972
28/08/2023 10:00,,,4.53,3.364,8.39,12.99
28/08/2023 10:30,,,3.31,0.664,4.83,14.198
28/08/2023 11:00,,,0.268,0.946,6.274,16.246
28/08/2023 11:30,,,1.982,3.38,9.366,15.208
28/08/2023 12:00,,,2.582,3.114,5.852,8.772
28/08/2023 12:30,,,2.92,1.952,5.506,5.424
28/08/2023 13:00,,,2.814,0.41,6.352,7.284
28/08/2023 13:30,,,1.864,1.064,11.374,14.24
28/08/2023 14:00,,,4.69,2.928,23.658,36.906
28/08/2023 14:30,,,8.798,5.262,27.162,45.92
28/08/2023 15:00,,,5.968,5.124,24.508,41.716
28/08/2023 15:30,,,9.836,9.618,31.354,51.862
28/08/2023 16:00,,,19.866,17.362,45.76,72.258
28/08/2023 16:30,,,25.386,15.944,71.012,93.22
28/08/2023 17:00,,,29.47,20.264,87.394,117.08
28/08/2023 17:30,,,26.502,19.842,82.332,105.958
28/08/2023 18:00,,,22.734,19.216,80.308,105.284
28/08/2023 18:30,,,30.664,20.89,72.03,97.652
28/08/2023 19:00,,,38.73,21.636,74.074,97.59
28/08/2023 19:30,,,39.452,31.146,88.136,89.422
28/08/2023 20:00,,,39.462,37.638,99.202,85.568
28/08/2023 20:30,,,39.444,42.448,95.754,82.94
28/08/2023 21:00,,,39.428,26.13,73.892,79.002
28/08/2023 21:30,,,39.296,22.398,75.126,91.318
28/08/2023 22:00,,,36.34,23.29,74.816,105.592
28/08/2023 22:30,,,38.824,33.27,83.636,126.13
28/08/2023 23:00,,,35.93,32.71,88.152,128.488
28/08/2023 23:30,,,37.892,26.096,106.432,127.098
29/08/2023 00:00,,,39.486,33.15,140.588,172.736
29/08/2023 00:30,,,39.48,42.854,131.65,183.464
29/08/2023 01:00,,,39.456,41.68,120.02,179.052
29/08/2023 01:30,,,39.416,37.632,111.852,191.414
29/08/2023 02:00,,,39.47,53.896,140.836,234.116
29/08/2023 02:30,,,39.5,56.652,157.558,240.434
29/08/2023 03:00,,,39.506,58.266,156.056,231.676
29/08/2023 03:30,,,39.514,56.31,157.806,257.548
29/08/2023 04:00,,,39.518,70.224,157.902,245.942
29/08/2023 04:30,,,39.502,59.646,157.792,235.302
29/08/2023 05:00,,,39.514,57.412,156.832,210.416
29/08/2023 05:30,,,39.486,49.492,121.318,149.81
29/08/2023 06:00,,,39.46,41.668,114.962,172.536
29/08/2023 06:30,,,39.512,63.128,126.332,182.688
29/08/2023 07:00,,,52.562,56.096,88.102,131.818
29/08/2023 07:30,,,44.782,41.404,83.582,154.452
29/08/2023 08:00,,,49.526,37.602,91.042,177.016
29/08/2023 08:30,,,41.624,29.116,106.974,187.588
29/08/2023 09:00,,,45.532,31.658,105.61,163.86
29/08/2023 09:30,,,27.964,18.428,68.702,120.23
29/08/2023 10:00,,,25.42,18.054,73.136,123.708
29/08/2023 10:30,,,25.774,15.748,65.216,99.6
29/08/2023 11:00,,,23.928,18.66,70.556,109.542
29/08/2023 11:30,,,31.44,28.004,68.186,103.164
29/08/2023 12:00,,,30.756,21.612,65.814,124.326
29/08/2023 12:30,,,39.446,25.682,86.828,135.39
29/08/2023 13:00,,,47.308,28.672,113.378,164.292
29/08/2023 13:30,,,57.098,36.668,126.034,170.65
29/08/2023 14:00,,,63.224,44.146,126.678,216.184
29/08/2023 14:30,,,60.214,54.492,111.524,224.35
29/08/2023 15:00,,,60.714,38.012,113.534,211.514
29/08/2023 15:30,,,68.686,41.526,154.878,284.258
29/08/2023 16:00,,,68.836,67.52,194.738,356.944
29/08/2023 16:30,,,68.874,88.422,194.93,357.03
29/08/2023 17:00,,,68.838,88.148,191.906,356.654
29/08/2023 17:30,,,68.786,69.378,145.138,356.436
29/08/2023 18:00,,,68.772,78.488,170.314,356.6
29/08/2023 18:30,,,68.852,87.996,194.776,339.19
29/08/2023 19:00,,,67.316,70.578,142.84,221.76
29/08/2023 19:30,,,50.042,37.554,99.234,106.148
29/08/2023 20:00,,,19.512,13.406,37.478,44.488
29/08/2023 20:30,,,15.084,21.274,42.956,67.848
29/08/2023 21:00,,,23.456,35.204,58.708,123.17
29/08/2023 21:30,,,27.15,26.798,83.99,144.432
29/08/2023 22:00,,,25.998,17.238,81.89,124.358
29/08/2023 22:30,,,25.392,33.178,92.424,161.342
29/08/2023 23:00,,,38.302,48.128,144.066,226.71
29/08/2023 23:30,,,39.322,51.162,137.114,198.084
30/08/2023 00:00,,,39.344,49.214,144.588,219.674
30/08/2023 00:30,,,39.372,59.146,149.458,241.6
30/08/2023 01:00,,,39.336,53.678,139.548,215.298
30/08/2023 01:30,,,39.128,54.342,116.902,213.886
30/08/2023 02:00,,,39.39,83.482,143.372,264.602
30/08/2023 02:30,,,39.416,88.402,157.86,291.42
30/08/2023 03:00,,,39.42,88.358,157.73,291.484
30/08/2023 03:30,,,39.406,88.356,157.8,291.648
30/08/2023 04:00,,,39.43,88.372,157.798,290.128
30/08/2023 04:30,,,39.414,88.378,157.832,291.692
30/08/2023 05:00,,,39.422,88.352,157.828,291.73
30/08/2023 05:30,,,39.408,88.364,157.84,291.714
30/08/2023 06:00,,,39.43,88.368,157.814,291.656
30/08/2023 06:30,,,39.416,88.382,157.84,291.694
30/08/2023 07:00,,,68.706,88.436,194.28,350.374
30/08/2023 07:30,,,68.864,88.43,194.956,352.616
30/08/2023 08:00,,,68.79,88.442,194.932,352.54
30/08/2023 08:30,,,68.844,88.46,194.908,352.57
30/08/2023 09:00,,,68.83,88.426,194.93,352.768
30/08/2023 09:30,,,68.876,88.444,194.706,352.592
30/08/2023 10:00,,,68.856,88.444,194.972,352.63
30/08/2023 10:30,,,68.878,88.44,194.97,352.58
30/08/2023 11:00,,,68.854,88.436,194.934,352.486
30/08/2023 11:30,,,68.874,88.45,194.886,352.562
30/08/2023 12:00,,,68.834,88.274,191.084,317.568
30/08/2023 12:30,,,68.796,81.214,144.432,228.598
30/08/2023 13:00,,,66.774,66.802,118.26,164.776
30/08/2023 13:30,,,47.144,35.578,71.662,99.836
30/08/2023 14:00,,,34.922,25.22,47.24,64.514
30/08/2023 14:30,,,29.938,18.942,31.108,51.32
30/08/2023 15:00,,,18.346,13.446,20.888,34.738
30/08/2023 15:30,,,14.078,11.05,17.34,29.354
30/08/2023 16:00,,,17.676,10.312,12.21,21.998
30/08/2023 16:30,,,10.914,5.648,7.314,9.952
30/08/2023 17:00,,,7.016,4.604,4.026,4.772
30/08/2023 17:30,,,5.482,3.554,0.512,
30/08/2023 18:00,,,1.852,0.312,,
30/08/2023 18:30,,,,,,
30/08/2023 19:00,,,,,,
30/08/2023 19:30,,,,,,
30/08/2023 20:00,,,,,,
30/08/2023 20:30,,,,,,
30/08/2023 21:00,,,,,,
30/08/2023 21:30,,,,,,
30/08/2023 22:00,,,,,,
30/08/2023 22:30,,,,2.67,1.224,0.94
30/08/2023 23:00,,,0.042,5.148,3.978,9.042
30/08/2023 23:30,,,1.044,3.744,6.308,15.492
31/08/2023 00:00,,,5.54,4.822,14.864,25.758
31/08/2023 00:30,,,6.328,3.398,14.446,19.048
31/08/2023 01:00,,,1.786,4.2,8.642,16.062
31/08/2023 01:30,,,2.652,5.502,8.552,13.404
31/08/2023 02:00,,,5.806,5.906,7.38,15.268
31/08/2023 02:30,,,5.432,3.874,7.434,12.526
31/08/2023 03:00,,,3.086,3.232,4.138,6.768
31/08/2023 03:30,,,4.974,5.194,5.202,14.052
31/08/2023 04:00,,,5.972,4.294,6.368,12.874
31/08/2023 04:30,,,3.57,2.954,3.182,5.666
31/08/2023 05:00,,,1.812,1.006,2.02,1.608
31/08/2023 05:30,,,1.766,1.272,1.106,6.284
31/08/2023 06:00,,,2.092,3.036,2.896,5.92
31/08/2023 06:30,,,1.286,1.266,2.894,2.896
31/08/2023 07:00,,,,0.486,1.254,1.922
31/08/2023 07:30,,,1.486,2.078,2.066,6.79
31/08/2023 08:00,,,3.51,2.566,,
31/08/2023 08:30,,,0.272,,,
31/08/2023 09:00,,,,,,
31/08/2023 09:30,,,,,,
31/08/2023 10:00,,,,,,
31/08/2023 10:30,,,,,,
31/08/2023 11:00,,,,,,
31/08/2023 11:30,,,,,,
31/08/2023 12:00,,,,,,
31/08/2023 12:30,,,,,,
31/08/2023 13:00,,,,,,
31/08/2023 13:30,,,,,,
31/08/2023 14:00,,,,,,
31/08/2023 14:30,,,,,,
31/08/2023 15:00,,,,,,
31/08/2023 15:30,,,,,,
31/08/2023 16:00,,,,,,
31/08/2023 16:30,,,,,,
31/08/2023 17:00,,,,,,
31/08/2023 17:30,,,,,,
31/08/2023 18:00,,,,,,
31/08/2023 18:30,,,,,0.838,
31/08/2023 19:00,,,,,3.076,4.27
31/08/2023 19:30,,,0.628,,4.476,8.452
31/08/2023 20:00,,,,0.258,3.16,3.252
31/08/2023 20:30,,,,,1.152,
31/08/2023 21:00,,,,,,
31/08/2023 21:30,,,,,,
31/08/2023 22:00,,,,,,
31/08/2023 22:30,,,,,,
31/08/2023 23:00,,,,,,
31/08/2023 23:30,,,,,,
01/09/2023 00:00,,,,,,
01/09/2023 00:30,,,,,,
01/09/2023 01:00,,,,,,
01/09/2023 01:30,,,,,,
01/09/2023 02:00,,,,,,
01/09/2023 02:30,,,,,,
01/09/2023 03:00,,,,,,
01/09/2023 03:30,,,,,,
01/09/2023 04:00,,,,,,
01/09/2023 04:30,,,,,,
01/09/2023 05:00,,,,,,
01/09/2023 05:30,,,,,,
01/09/2023 06:00,,,,,0.318,
01/09/2023 06:30,,,,0.108,0.422,
01/09/2023 07:00,,,2.12,0.998,2.388,1.674
01/09/2023 07:30,,,2.064,1.236,2.988,4.762
01/09/2023 08:00,,,1.576,0.642,3.05,4.802
01/09/2023 08:30,,,0.364,,2.252,2.516
01/09/2023 09:00,,,0.226,,2.886,3.41
01/09/2023 09:30,,,,,3.774,4.718
01/09/2023 10:00,,,,,1.282,1.956
01/09/2023 10:30,,,0.28,0.416,,0.694
01/09/2023 11:00,,,1.508,1.752,0.794,4.53
01/09/2023 11:30,,,1.562,2.052,2.742,5.444
01/09/2023 12:00,,,2.416,1.224,3.286,5.99
01/09/2023 12:30,,,1.254,0.352,1.25,0.454
01/09/2023 13:00,,,,,,
01/09/2023 13:30,,,,,,
01/09/2023 14:00,,,,,,
01/09/2023 14:30,,,0.712,0.442,,
01/09/2023 15:00,,,1.134,,,
01/09/2023 15:30,,,0.824,,,
01/09/2023 16:00,,,0.326,,,
01/09/2023 16:30,,,1.07,,0.472,
01/09/2023 17:00,,,0.172,,,
01/09/2023 17:30,,,,,,
01/09/2023 18:00,,,,,,
01/09/2023 18:30,,,,,,
01/09/2023 19:00,,,,,,
01/09/2023 19:30,,,0.35,,,
01/09/2023 20:00,,,,,,
01/09/2023 20:30,,,,,,
01/09/2023 21:00,,,,,,
01/09/2023 21:30,,,,,,
01/09/2023 22:00,,,,,,
01/09/2023 22:30,,,,,,
01/09/2023 23:00,,,,,,
01/09/2023 23:30,,,,,,
02/09/2023 00:00,,,,,,
02/09/2023 00:30,,,,,,
02/09/2023 01:00,,,,,,
02/09/2023 01:30,,,,,,
02/09/2023 02:00,,,,,,
02/09/2023 02:30,,,,,,
02/09/2023 03:00,,,,,,
02/09/2023 03:30,,,,,,
02/09/2023 04:00,,,,,,
02/09/2023 04:30,,,,,,
02/09/2023 05:00,,,,,,
02/09/2023 05:30,,,,,,
02/09/2023 06:00,,,,,,
02/09/2023 06:30,,,,,,
02/09/2023 07:00,,,,,,
02/09/2023 07:30,,,,,,
02/09/2023 08:00,,,,,,
02/09/2023 08:30,,,,,,
02/09/2023 09:00,,,,,,
02/09/2023 09:30,,,,,,
02/09/2023 10:00,,,,,,
02/09/2023 10:30,,,,0.958,2.366,8.592
02/09/2023 11:00,,,0.814,3.022,8.612,21.854
02/09/2023 11:30,,,4.884,8.654,19.232,37.704
02/09/2023 12:00,,,8.52,13.476,22.866,43.254
02/09/2023 12:30,,,13.092,13.228,24.486,50.234
02/09/2023 13:00,,,11.078,12.206,20.546,50.128
02/09/2023 13:30,,,13.674,13.464,23.824,60.672
02/09/2023 14:00,,,14.01,13.646,24.048,55.266
02/09/2023 14:30,,,15.328,13.204,27.792,65.712
02/09/2023 15:00,,,21.15,16.284,35.526,81.23
02/09/2023 15:30,,,25.976,15.846,55.738,90.284
02/09/2023 16:00,,,24.712,17.16,62.862,99.066
02/09/2023 16:30,,,32.454,26.814,72.28,140.978
02/09/2023 17:00,,,39.234,33.298,86.854,175.104
02/09/2023 17:30,,,39.344,27.602,80.77,143.334
02/09/2023 18:00,,,39.372,33.58,97.336,181.598
02/09/2023 18:30,,,39.406,38.082,123.254,226.62
02/09/2023 19:00,,,39.414,39.446,138.038,250.016
02/09/2023 19:30,,,39.426,39.488,144.148,262.678
02/09/2023 20:00,,,39.42,39.456,137.434,276.48
02/09/2023 20:30,,,39.424,39.47,157.012,322.644
02/09/2023 21:00,,,39.472,39.516,179.654,351.614
02/09/2023 21:30,,,39.462,39.528,186.358,352.166
02/09/2023 22:00,,,39.476,39.526,208.706,352.286
02/09/2023 22:30,,,39.49,39.548,229.746,344.964
02/09/2023 23:00,,,39.476,39.526,206.572,291.442
02/09/2023 23:30,,,39.478,39.538,206.634,291.46
03/09/2023 00:00,,,39.47,39.516,206.606,292.188
03/09/2023 00:30,,,39.476,39.532,206.474,292.194
03/09/2023 01:00,,,39.478,39.544,206.454,292.098
03/09/2023 01:30,,,39.48,39.526,206.61,292.188
03/09/2023 02:00,,,39.472,39.524,207.072,292.176
03/09/2023 02:30,,,39.484,39.538,208.11,292.122
03/09/2023 03:00,,,39.458,39.53,206.594,292.184
03/09/2023 03:30,,,39.474,39.526,206.526,292.214
03/09/2023 04:00,,,39.522,39.562,258.404,345.034
03/09/2023 04:30,,,39.504,39.56,262.002,341.152
03/09/2023 05:00,,,39.522,39.55,267.574,350.008
03/09/2023 05:30,,,39.514,39.562,271.462,350.18
03/09/2023 06:00,,,39.53,39.564,272.224,350.132
03/09/2023 06:30,,,39.502,39.568,272.322,350.02
03/09/2023 07:00,,,39.516,39.56,271.86,349.348
03/09/2023 07:30,,,39.518,39.562,266.288,342.392
03/09/2023 08:00,,,39.514,39.554,262.046,334.738
03/09/2023 08:30,,,39.512,39.556,252.838,325.148
03/09/2023 09:00,,,39.516,39.564,266.97,349.212
03/09/2023 09:30,,,39.524,39.562,271.416,350.074
03/09/2023 10:00,,,39.512,39.556,270.894,349.594
03/09/2023 10:30,,,39.516,39.572,270.778,349.388
03/09/2023 11:00,,,39.51,39.546,254.92,349.85
03/09/2023 11:30,,,39.5,39.552,246.056,329.794
03/09/2023 12:00,,,39.502,39.552,234.684,329.898
03/09/2023 12:30,,,39.496,39.548,232.39,350.822
03/09/2023 13:00,,,39.46,39.54,215.748,326.61
03/09/2023 13:30,,,39.5,39.548,242.114,341.438
03/09/2023 14:00,,,39.498,39.552,238.024,351.142
03/09/2023 14:30,,,39.492,39.53,234.908,351.136
03/09/2023 15:00,,,39.504,39.552,240.722,351.014
03/09/2023 15:30,,,39.498,39.55,230.766,351.176
03/09/2023 16:00,,,39.488,39.538,234.47,351.046
03/09/2023 16:30,,,39.504,39.55,258.296,350.952
03/09/2023 17:00,,,39.508,39.55,253.736,350.998
03/09/2023 17:30,,,39.504,39.552,245.76,350.978
03/09/2023 18:00,,,39.496,39.56,245.434,350.978
03/09/2023 18:30,,,39.508,39.546,248.752,351.482
03/09/2023 19:00,,,39.496,39.546,235.732,351.164
03/09/2023 19:30,,,39.488,39.538,235.55,351.502
03/09/2023 20:00,,,39.5,39.544,234.868,351.962
03/09/2023 20:30,,,39.496,39.544,241.652,351.534
03/09/2023 21:00,,,39.488,39.554,240.194,351.564
03/09/2023 21:30,,,39.486,39.544,221.36,351.9
03/09/2023 22:00,,,39.474,39.538,215.666,350.712
03/09/2023 22:30,,,39.474,39.51,203.896,335.378
03/09/2023 23:00,,,39.438,39.496,171.102,287.508
03/09/2023 23:30,,,39.408,39.194,158.668,289.212
04/09/2023 00:00,,,39.378,33.846,131.916,274.036
04/09/2023 00:30,,,38.062,27.434,126.672,219.774
04/09/2023 01:00,,,39.398,34.17,134.392,249.646
04/09/2023 01:30,,,39.434,38.778,159.51,292.046
04/09/2023 02:00,,,39.424,39.49,154.914,282.8
04/09/2023 02:30,,,39.426,39.494,149.548,253.344
04/09/2023 03:00,,,39.46,39.5,170.974,286.908
04/09/2023 03:30,,,39.46,39.528,186.988,331.372
04/09/2023 04:00,,,39.456,39.52,182.318,348.114
04/09/2023 04:30,,,39.472,39.528,203.79,331.936
04/09/2023 05:00,,,39.492,39.53,212.14,352.378
04/09/2023 05:30,,,39.458,39.516,186.464,334.844
04/09/2023 06:00,,,39.452,39.51,167.02,314.29
04/09/2023 06:30,,,39.444,39.508,169.588,351.074
04/09/2023 07:00,,,39.454,39.52,175.452,338.576
04/09/2023 07:30,,,39.466,39.52,177.75,334.52
04/09/2023 08:00,,,39.452,39.512,184.308,328.298
04/09/2023 08:30,,,39.502,39.542,225.74,352.1
04/09/2023 09:00,,,39.5,39.528,234.384,351.874
04/09/2023 09:30,,,39.478,39.544,207.492,352.018
04/09/2023 10:00,,,39.472,39.528,225.258,352.068
04/09/2023 10:30,,,39.494,39.536,251.376,351.814
04/09/2023 11:00,,,27.3,24.436,256.396,351.692
04/09/2023 11:30,,,15.758,10.826,236.568,352.14
04/09/2023 12:00,,,15.778,10.828,250.312,352.06
04/09/2023 12:30,,,15.78,10.832,257.042,352.128
04/09/2023 13:00,,,15.78,10.812,248.778,352.126
04/09/2023 13:30,,,15.744,10.798,215.292,345.192
04/09/2023 14:00,,,15.748,10.804,211.312,338.708
04/09/2023 14:30,,,15.764,10.842,223.452,349.886
04/09/2023 15:00,,,15.772,10.816,235.7,352.242
04/09/2023 15:30,,,15.762,10.81,229.314,352.162
04/09/2023 16:00,,,15.748,10.876,212.374,351.972
04/09/2023 16:30,,,28.336,25.304,182.056,352.174
04/09/2023 17:00,,,39.448,39.522,175.548,352.15
04/09/2023 17:30,,,39.454,39.51,170.256,345.14
04/09/2023 18:00,,,39.456,39.526,178.634,333.3
04/09/2023 18:30,,,39.452,39.512,173.638,317.168
04/09/2023 19:00,,,39.422,39.506,137.468,292.974
04/09/2023 19:30,,,39.388,39.474,108.648,248.528
04/09/2023 20:00,,,39.36,39.492,99.97,246.614
04/09/2023 20:30,,,39.006,39.472,97.246,263.53
04/09/2023 21:00,,,38.392,39.468,102.216,245.776
04/09/2023 21:30,,,36.722,39.456,86.754,230.244
04/09/2023 22:00,,,33.056,31.094,78.47,182.16
04/09/2023 22:30,,,33.064,24.444,71.044,138.896
04/09/2023 23:00,,,27.554,20.616,62.924,114.66
04/09/2023 23:30,,,30.614,24.012,60.712,106.854
05/09/2023 00:00,,,30.112,20.556,53.46,91.136
05/09/2023 00:30,,,26.262,15.704,44.092,66.74
05/09/2023 01:00,,,18.614,12.82,33.456,40.826
05/09/2023 01:30,,,15.192,9.792,27.664,30.798
05/09/2023 02:00,,,13.372,4.836,18.72,21.69
05/09/2023 02:30,,,11.268,3.56,11.158,13.226
05/09/2023 03:00,,,7.722,6.858,9.104,14.718
05/09/2023 03:30,,,6.878,10.452,9.302,16.868
05/09/2023 04:00,,,8.328,13.708,14.6,18.698
05/09/2023 04:30,,,14.35,21.574,24.836,28.964
05/09/2023 05:00,,,23.626,29.552,41.928,59.558
05/09/2023 05:30,,,35.24,39.278,66.158,106.814
05/09/2023 06:00,,,39.396,39.472,96.31,146.05
05/09/2023 06:30,,,39.418,39.488,115.024,178.386
05/09/2023 07:00,,,39.418,39.486,109.286,179.168
05/09/2023 07:30,,,39.404,39.474,99.678,154.35
05/09/2023 08:00,,,39.376,37.21,85.372,145.954
05/09/2023 08:30,,,39.372,38.874,61.206,101.072
05/09/2023 09:00,,,39.344,35.45,46.714,79.458
05/09/2023 09:30,,,39.378,39.466,61.55,103.788
05/09/2023 10:00,,,39.388,39.46,68.91,120.222
05/09/2023 10:30,,,39.386,39.468,68.15,127.194
05/09/2023 11:00,,,37.44,38.698,62.88,125.472
05/09/2023 11:30,,,28.654,30.626,49.022,116.584
05/09/2023 12:00,,,24.558,26.828,44.796,119.812
05/09/2023 12:30,,,24.234,15.97,38.99,70.3
05/09/2023 13:00,,,12.812,12.12,17.67,36.522
05/09/2023 13:30,,,12.224,9.422,13.012,25.584
05/09/2023 14:00,,,8.814,6.752,14.314,21.594
05/09/2023 14:30,,,6.84,7.548,13.574,25.132
05/09/2023 15:00,,,8.69,10.602,17.114,34.908
05/09/2023 15:30,,,9.402,14.19,17.036,44.998
05/09/2023 16:00,,,12.936,20.836,20.142,56.492
05/09/2023 16:30,,,22.024,26,24.906,59.322
05/09/2023 17:00,,,22.872,21.786,26.922,50.444
05/09/2023 17:30,,,25.254,25.296,33.436,63.102
05/09/2023 18:00,,,30.142,27.054,36.962,68.318
05/09/2023 18:30,,,31.976,30.666,34.95,70.686
05/09/2023 19:00,,,37.932,36.378,48.204,86.904
05/09/2023 19:30,,,39.376,39.456,57.498,105.188
05/09/2023 20:00,,,39.36,38.838,58.032,102.794
05/09/2023 20:30,,,39.342,39.438,73.686,128.872
05/09/2023 21:00,,,38.786,39.154,66.632,122.562
05/09/2023 21:30,,,37.702,36.338,61.298,113.536
05/09/2023 22:00,,,29.194,23.78,41.988,77.196
05/09/2023 22:30,,,24.474,23.14,40.83,66.868
05/09/2023 23:00,,,19.204,18.636,35.974,58.738
05/09/2023 23:30,,,21.266,18.464,32.608,53.306
06/09/2023 00:00,,,20.35,16.088,27.504,40.054
06/09/2023 00:30,,,15.94,10.822,21.206,31.078
06/09/2023 01:00,,,11.094,5.496,15.864,18.21
06/09/2023 01:30,,,10.306,5.984,15.93,20.888
06/09/2023 02:00,,,8.39,5.478,10.746,13.06
06/09/2023 02:30,,,6.154,3.33,3.558,2.394
06/09/2023 03:00,,,4.554,4.468,1.996,3.022
06/09/2023 03:30,,,1.918,2.238,,
06/09/2023 04:00,,,1.634,,,
06/09/2023 04:30,,,6.716,2.648,4.208,9.728
06/09/2023 05:00,,,8.89,7.836,11.17,19.13
06/09/2023 05:30,,,17.786,10.068,14.7,19.12
06/09/2023 06:00,,,23.656,19.694,24.204,36.238
06/09/2023 06:30,,,28.762,27.898,35.11,51.598
06/09/2023 07:00,,,34.934,26.21,44.952,56.782
06/09/2023 07:30,,,39.34,27.396,59.944,73.41
06/09/2023 08:00,,,39.362,39.466,77.036,111.854
06/09/2023 08:30,,,39.368,39.444,78.962,116.46
06/09/2023 09:00,,,39.376,34.346,73.042,109.992
06/09/2023 09:30,,,39.362,27.272,74.862,113.204
06/09/2023 10:00,,,39.392,29.654,79.594,115.654
06/09/2023 10:30,,,39.38,36.004,86.36,133.218
06/09/2023 11:00,,,39.344,31.34,79.876,130.33
06/09/2023 11:30,,,39.372,30.578,76.2,138.55
06/09/2023 12:00,,,39.346,25.824,71.85,120.898
06/09/2023 12:30,,,39.354,25.728,70.03,111.908
06/09/2023 13:00,,,38.906,24.056,61.076,92.436
06/09/2023 13:30,,,34.382,17.75,56.408,81.638
06/09/2023 14:00,,,28.112,14.096,50.936,78.91
06/09/2023 14:30,,,26.084,15.432,51.162,78.04
06/09/2023 15:00,,,24.284,10.962,45.93,66.698
06/09/2023 15:30,,,24.96,12.278,43.102,64.814
06/09/2023 16:00,,,21.718,12.558,37.318,59.238
06/09/2023 16:30,,,14.722,7.596,31.238,47.304
06/09/2023 17:00,,,13.996,6.63,27.954,44.672
06/09/2023 17:30,,,15.83,9.762,31.128,48.788
06/09/2023 18:00,,,15.288,8.588,29.012,41.194
06/09/2023 18:30,,,12.932,5.78,23.15,34.272
06/09/2023 19:00,,,9.92,5.818,19.478,32.056
06/09/2023 19:30,,,10.712,7.916,23.214,38.448
06/09/2023 20:00,,,9.748,6.816,25.966,34.384
06/09/2023 20:30,,,8.968,5.27,24.878,29.176
06/09/2023 21:00,,,4.996,3.062,15.16,20.614
06/09/2023 21:30,,,1.84,0.534,2.398,7.682
06/09/2023 22:00,,,4.126,4.822,8.888,20.812
06/09/2023 22:30,,,4.966,7.764,6.716,19.982
06/09/2023 23:00,,,3.116,4.82,5.286,16.462
06/09/2023 23:30,,,3.666,3.834,4.88,14.01
07/09/2023 00:00,,,3.638,,6.858,17.95
07/09/2023 00:30,,,1.826,,5.996,14.246
07/09/2023 01:00,,,1.38,,5.872,7.156
07/09/2023 01:30,,,1.726,,2.624,2.05
07/09/2023 02:00,,,2.22,,1.404,0.646
07/09/2023 02:30,,,1.99,,,
07/09/2023 03:00,,,0.132,,,
07/09/2023 03:30,,,1.532,,1.504,
07/09/2023 04:00,,,2.3,,1.324,0.46
07/09/2023 04:30,,,6.158,,2.172,2.354
07/09/2023 05:00,,,6.08,,1.756,1.742
07/09/2023 05:30,,,5.658,,2.466,7.844
07/09/2023 06:00,,,4.866,,2.266,4.356
07/09/2023 06:30,,,2.132,,1.434,1.788
07/09/2023 07:00,,,1.754,,3.056,5.644
07/09/2023 07:30,,,0.294,,0.056,
07/09/2023 08:00,,,,,,
07/09/2023 08:30,,,,,,
07/09/2023 09:00,,,,,,
07/09/2023 09:30,,,,,,
07/09/2023 10:00,,,,,,
07/09/2023 10:30,,,,,,
07/09/2023 11:00,,,,,,
07/09/2023 11:30,,,,,,
07/09/2023 12:00,,,,,0.544,
07/09/2023 12:30,,,1.546,,0.47,
07/09/2023 13:00,,,11.968,,25.388,35.926
07/09/2023 13:30,,,,,2.854,35.086
07/09/2023 14:00,,,,,0.508,1.114
07/09/2023 14:30,,,6.31,,12.712,25.75
07/09/2023 15:00,,,14.334,,16.226,22.658
07/09/2023 15:30,,,6.282,,5.518,8.77
07/09/2023 16:00,,,12.348,,11.13,18.366
07/09/2023 16:30,,,14.792,,13.782,15.632
07/09/2023 17:00,,,9.852,,15.632,27.328
07/09/2023 17:30,,,5.992,,13.534,16.72
07/09/2023 18:00,,,2.396,,6.326,6.008
07/09/2023 18:30,,,0.192,,2.168,3.34
07/09/2023 19:00,,,,,1.57,2.402
07/09/2023 19:30,,,,,,
07/09/2023 20:00,,,1.348,,,
07/09/2023 20:30,,,1.906,,0.632,
07/09/2023 21:00,,,,,,
07/09/2023 21:30,,,,,,
07/09/2023 22:00,,,,,,
07/09/2023 22:30,,,,,,
07/09/2023 23:00,,,,,,
07/09/2023 23:30,,,,,,
08/09/2023 00:00,,,,,,
08/09/2023 00:30,,,,0.42,0.888,
08/09/2023 01:00,,,,,,
08/09/2023 01:30,,,,,,
08/09/2023 02:00,,,,,,
08/09/2023 02:30,,,,,,
08/09/2023 03:00,,,,,,
08/09/2023 03:30,,,,,,
08/09/2023 04:00,,,,,,
08/09/2023 04:30,,,,,,
08/09/2023 05:00,,,,,,
08/09/2023 05:30,,,,,,
08/09/2023 06:00,,,,,,
08/09/2023 06:30,,,,,,
08/09/2023 07:00,,,,,,
08/09/2023 07:30,,,,,,
08/09/2023 08:00,,,,,,
08/09/2023 08:30,,,,,,
08/09/2023 09:00,,,,,,
08/09/2023 09:30,,,,,,
08/09/2023 10:00,,,,,,
08/09/2023 10:30,,,,,,
08/09/2023 11:00,,,,,,
08/09/2023 11:30,,,,,,
08/09/2023 12:00,,,,,,
08/09/2023 12:30,,,,,,
08/09/2023 13:00,,,,,,
08/09/2023 13:30,,,,,,
08/09/2023 14:00,,,,,,
08/09/2023 14:30,,,,,,
08/09/2023 15:00,,,,,,
08/09/2023 15:30,,,,,,
08/09/2023 16:00,,,,,,
08/09/2023 16:30,,,,,,
08/09/2023 17:00,,,,,,
08/09/2023 17:30,,,,,,
08/09/2023 18:00,,,,,,
08/09/2023 18:30,,,,,,
08/09/2023 19:00,,,,,,
08/09/2023 19:30,,,,,,
08/09/2023 20:00,,,,,,
08/09/2023 20:30,,,,,2.114,1.934
08/09/2023 21:00,,,3.78,2.146,10.946,13.916
08/09/2023 21:30,,,4.55,4.058,11.292,17.558
08/09/2023 22:00,,,3.596,2.382,7.72,11.988
08/09/2023 22:30,,,0.696,0.418,2.344,3.89
08/09/2023 23:00,,,1.194,0.242,2.542,3.372
08/09/2023 23:30,,,0.126,,1.412,2.666
09/09/2023 00:00,,,2.734,2.348,5.166,10.04
09/09/2023 00:30,,,3.854,3.206,5.366,10.128
09/09/2023 01:00,,,4.952,1.73,5.108,7.294
09/09/2023 01:30,,,3.918,4.798,5.546,16.92
09/09/2023 02:00,,,2.15,3.058,2.482,7.714
09/09/2023 02:30,,,3.4,5.294,4.498,11.2
09/09/2023 03:00,,,4.34,4.492,6.708,15.418
09/09/2023 03:30,,,5.072,7.092,12.004,22.762
09/09/2023 04:00,,,8.894,9.84,26.008,44.252
09/09/2023 04:30,,,21.8,13.858,40.102,62.804
09/09/2023 05:00,,,21.49,15.624,46.998,74.422
09/09/2023 05:30,,,22.626,18.544,46.804,87.476
09/09/2023 06:00,,,22.956,19.832,57.924,113.358
09/09/2023 06:30,,,32.264,20.556,69.052,108.6
09/09/2023 07:00,,,33.698,18.456,71.36,100.754
09/09/2023 07:30,,,36.652,20.672,74.37,111.426
09/09/2023 08:00,,,39.008,30.058,83.068,137.076
09/09/2023 08:30,,,39.28,29.028,68.694,150.19
09/09/2023 09:00,,,28.484,31.74,48.21,128.802
09/09/2023 09:30,,,19.556,21.156,39.896,99.848
09/09/2023 10:00,,,12.794,14.316,42.452,101.01
09/09/2023 10:30,,,23.128,18.646,72.28,139.27
09/09/2023 11:00,,,28.208,17.574,79.806,157.978
09/09/2023 11:30,,,34.344,22.834,80.244,159.624
09/09/2023 12:00,,,39.39,30.746,102.582,204.428
09/09/2023 12:30,,,39.352,32.948,113.024,220.672
09/09/2023 13:00,,,39.446,39.214,161.326,284.064
09/09/2023 13:30,,,39.436,39.482,158.306,305.044
09/09/2023 14:00,,,39.428,39.494,133.808,300.33
09/09/2023 14:30,,,39.378,38.028,107.552,231.112
09/09/2023 15:00,,,39.38,39.37,92.776,201.742
09/09/2023 15:30,,,39.378,39.342,90.618,176.704
09/09/2023 16:00,,,39.376,39.458,92.084,194.806
09/09/2023 16:30,,,37.794,35.752,77.628,163.534
09/09/2023 17:00,,,32.194,29.812,72.41,169.968
09/09/2023 17:30,,,31.062,24.724,66.838,182.872
09/09/2023 18:00,,,27.874,19.27,67.066,184.428
09/09/2023 18:30,,,27.872,30.128,78.816,171.222
09/09/2023 19:00,,,31.13,31.696,80.48,186.476
09/09/2023 19:30,,,29.096,30.708,95.568,267.596
09/09/2023 20:00,,,34.046,38.724,127.59,279.546
09/09/2023 20:30,,,33.216,33.318,99.646,196.74
09/09/2023 21:00,,,36.176,34.192,104.366,242.052
09/09/2023 21:30,,,38.438,32.16,110.582,206.27
09/09/2023 22:00,,,37.336,27.268,88.316,161
09/09/2023 22:30,,,22.252,18.454,63.548,117.37
09/09/2023 23:00,,,21.838,14.704,69.644,118.24
09/09/2023 23:30,,,32.26,20.748,77.67,150.758
10/09/2023 00:00,,,30.848,19.21,81.882,145.984
10/09/2023 00:30,,,28.34,22.722,81.584,145.902
10/09/2023 01:00,,,31.326,31.746,97.532,179.338
10/09/2023 01:30,,,37.526,39.46,101.832,201.818
10/09/2023 02:00,,,39.414,39.1,117.852,225.696
10/09/2023 02:30,,,39.456,39.522,164.488,297.866
10/09/2023 03:00,,,39.45,39.51,178.538,301.548
10/09/2023 03:30,,,39.43,39.5,150.474,306.79
10/09/2023 04:00,,,39.386,39.496,112.832,251.794
10/09/2023 04:30,,,38.982,36.002,92.82,202.036
10/09/2023 05:00,,,38.986,23.128,85.604,163.8
10/09/2023 05:30,,,38.28,22.884,79.252,147.686
10/09/2023 06:00,,,28.086,17.266,53.282,108.666
10/09/2023 06:30,,,23.128,11.562,51.834,73.89
10/09/2023 07:00,,,24.222,10.56,45.88,72.818
10/09/2023 07:30,,,17.362,6.708,30.982,53.224
10/09/2023 08:00,,,30.238,12.442,59.252,81.502
10/09/2023 08:30,,,33.554,19.106,48.952,106.3
10/09/2023 09:00,,,19.132,15.464,35.106,73.3
10/09/2023 09:30,,,22.624,15.336,34.986,66.606
10/09/2023 10:00,,,17.436,11.824,34.164,64.848
10/09/2023 10:30,,,20.184,12.626,41.186,90.094
10/09/2023 11:00,,,16.258,14.976,28.866,75.872
10/09/2023 11:30,,,8.496,10.738,14.278,41.832
10/09/2023 12:00,,,7.466,8.968,17.136,40.734
10/09/2023 12:30,,,6.446,10.264,16.76,50.35
10/09/2023 13:00,,,6.722,12.526,18.318,54.594
10/09/2023 13:30,,,8.934,15.91,19.982,52.412
10/09/2023 14:00,,,6.74,10.634,15.432,43.562
10/09/2023 14:30,,,7.288,6.776,10.934,32.594
10/09/2023 15:00,,,8.768,6.634,15.62,37.012
10/09/2023 15:30,,,11.864,5.334,30.142,42.094
10/09/2023 16:00,,,21.15,7.762,42.192,65.932
10/09/2023 16:30,,,34.634,19.684,98.05,151.142
10/09/2023 17:00,,,39.45,38.178,162.57,271.438
10/09/2023 17:30,,,39.464,39.518,204.962,345.012
10/09/2023 18:00,,,39.496,39.548,243.544,352.278
10/09/2023 18:30,,,39.49,39.534,224.48,352.41
10/09/2023 19:00,,,39.474,39.5,198.186,309.498
10/09/2023 19:30,,,39.414,39.476,148.568,238.284
10/09/2023 20:00,,,39.432,39.5,136.41,242.992
10/09/2023 20:30,,,39.43,39.492,172.968,330.312
10/09/2023 21:00,,,39.462,39.494,197.178,350.066
10/09/2023 21:30,,,39.482,39.508,210.272,349.188
10/09/2023 22:00,,,39.494,39.534,237.236,352.218
10/09/2023 22:30,,,39.488,39.51,235.906,352.312
10/09/2023 23:00,,,39.508,39.54,265.362,352.352
10/09/2023 23:30,,,39.524,39.544,269.994,352.542
11/09/2023 00:00,,,39.51,39.548,267.892,352.388
11/09/2023 00:30,,,39.52,39.552,266.486,352.45
11/09/2023 01:00,,,39.512,39.54,265.112,352.752
11/09/2023 01:30,,,39.502,39.53,255.33,352.356
11/09/2023 02:00,,,39.51,39.52,239.682,352.324
11/09/2023 02:30,,,39.458,39.512,195.318,323.578
11/09/2023 03:00,,,39.484,39.498,207.25,317.106
11/09/2023 03:30,,,37.674,38.55,182.93,306.18
11/09/2023 04:00,,,15.752,13.812,196.94,349.154
11/09/2023 04:30,,,15.724,13.804,167.344,351.91
11/09/2023 05:00,,,15.71,13.794,155.674,329.01
11/09/2023 05:30,,,15.738,13.816,193.596,319.97
11/09/2023 06:00,,,15.794,13.844,254.18,351.842
11/09/2023 06:30,,,15.808,13.85,272.218,351.338
11/09/2023 07:00,,,29.638,35.192,272.138,352.35
11/09/2023 07:30,,,39.52,39.542,267.554,352.326
11/09/2023 08:00,,,39.51,39.548,263.28,352.412
11/09/2023 08:30,,,39.502,39.552,252.262,352.366
11/09/2023 09:00,,,39.514,39.532,239.434,352.384
11/09/2023 09:30,,,39.486,39.508,240.012,328.442
11/09/2023 10:00,,,39.51,39.508,245.924,341.06
11/09/2023 10:30,,,39.484,39.518,233.208,328.51
11/09/2023 11:00,,,39.488,39.506,221.86,297.924
11/09/2023 11:30,,,39.464,36.75,195.798,231.916
11/09/2023 12:00,,,38.83,25.634,128.928,123.684
11/09/2023 12:30,,,37.64,23.858,57.642,63.728
11/09/2023 13:00,,,21.196,5.536,15.036,11.734
11/09/2023 13:30,,,1.144,0.118,,
11/09/2023 14:00,,,,,0.568,0.9
11/09/2023 14:30,,,,,,
11/09/2023 15:00,,,,,0.268,
11/09/2023 15:30,,,,,5.052,5.5
11/09/2023 16:00,,,0.71,,7.488,7.486
11/09/2023 16:30,,,0.272,0.764,10.352,15.698
11/09/2023 17:00,,,3.666,4.208,19.52,32.338
11/09/2023 17:30,,,9.726,7.066,23.156,48.13
11/09/2023 18:00,,,11.762,10.978,25.442,51.826
11/09/2023 18:30,,,12.944,11.892,35.458,47.14
11/09/2023 19:00,,,14.798,15.952,57.946,43.176
11/09/2023 19:30,,,8.494,6.566,51.84,42.216
11/09/2023 20:00,,,10.926,7.478,71.444,88.9
11/09/2023 20:30,,,37.814,39.478,158.2,184.156
11/09/2023 21:00,,,39.43,38.874,133.174,146.582
11/09/2023 21:30,,,39.402,34.018,84.2,106.722
11/09/2023 22:00,,,39.372,30.038,67.584,90.812
11/09/2023 22:30,,,33.068,22.666,53.6,73.022
11/09/2023 23:00,,,24.624,18.984,53.002,74.412
11/09/2023 23:30,,,21.078,20.006,45.56,62.84
12/09/2023 00:00,,,26.724,24.752,47.708,74.638
12/09/2023 00:30,,,38.972,29.196,59.848,96.254
12/09/2023 01:00,,,39.324,32.264,73.968,107.89
12/09/2023 01:30,,,36.368,35.34,73.006,110.316
12/09/2023 02:00,,,39.386,39.288,88.518,119.388
12/09/2023 02:30,,,39.422,39.456,90.324,119.21
12/09/2023 03:00,,,39.414,36.398,79.546,97.274
12/09/2023 03:30,,,39.39,24.924,62.64,88.52
12/09/2023 04:00,,,33.026,22.542,48.308,67.914
12/09/2023 04:30,,,21.986,23.77,43.8,66.944
12/09/2023 05:00,,,23.692,24.334,40.614,62.638
12/09/2023 05:30,,,28.624,22.756,43.412,57.164
12/09/2023 06:00,,,30.89,21.846,41.06,49.158
12/09/2023 06:30,,,34.376,25.89,43.24,61.562
12/09/2023 07:00,,,33.294,26.538,44.63,64.418
12/09/2023 07:30,,,30.832,23.126,41.538,58.132
12/09/2023 08:00,,,29.02,25.31,45.476,60.902
12/09/2023 08:30,,,37.226,27.954,52.012,72.848
12/09/2023 09:00,,,37.062,34.222,55.032,81.718
12/09/2023 09:30,,,37.828,39.458,63.59,95.824
12/09/2023 10:00,,,37.508,39.32,68.564,101.644
12/09/2023 10:30,,,36.306,39.412,71.756,117.492
12/09/2023 11:00,,,39.412,39.426,86.58,124.79
12/09/2023 11:30,,,39.416,39.496,108.114,122.19
12/09/2023 12:00,,,39.416,39.5,93.828,121.72
12/09/2023 12:30,,,39.406,39.51,89.606,118.426
12/09/2023 13:00,,,39.378,39.504,90.224,122.322
12/09/2023 13:30,,,39.228,39.48,83.378,110.562
12/09/2023 14:00,,,38.654,34.88,63.606,95.208
12/09/2023 14:30,,,37.624,38.756,57.28,88.392
12/09/2023 15:00,,,38.1,37.452,58.574,92.532
12/09/2023 15:30,,,39.366,38.356,66.716,99.656
12/09/2023 16:00,,,39.404,38.912,70.342,101.936
12/09/2023 16:30,,,39.414,39.502,79.102,125.254
12/09/2023 17:00,,,39.414,39.496,87.478,141.156
12/09/2023 17:30,,,39.416,39.514,106.152,167.34
12/09/2023 18:00,,,39.444,39.498,113.368,185.408
12/09/2023 18:30,,,39.426,39.524,119.61,186.202
12/09/2023 19:00,,,39.432,39.494,115.618,183.334
12/09/2023 19:30,,,39.42,39.502,116.1,181.532
12/09/2023 20:00,,,39.44,39.518,129.852,197.384
12/09/2023 20:30,,,39.438,39.52,142.48,199.566
12/09/2023 21:00,,,39.458,39.512,135.476,187.712
12/09/2023 21:30,,,39.402,39.504,99.082,140.094
12/09/2023 22:00,,,39.41,38.834,76.42,107.294
12/09/2023 22:30,,,39.372,38.246,67.834,104.918
12/09/2023 23:00,,,39.388,36.782,74.562,106.902
12/09/2023 23:30,,,39.396,38.126,66.68,98.028
13/09/2023 00:00,,,39.376,35.178,63.226,91.902
13/09/2023 00:30,,,39.352,30.49,56.842,84.158
13/09/2023 01:00,,,32.708,24.048,43.054,61.78
13/09/2023 01:30,,,27.186,19.358,36.372,50.976
13/09/2023 02:00,,,23.812,14.962,32.23,40.28
13/09/2023 02:30,,,22.196,14.626,31.522,38.114
13/09/2023 03:00,,,18.162,11.386,25.802,31.824
13/09/2023 03:30,,,17.18,10.07,23.162,28.122
13/09/2023 04:00,,,14.96,6.858,18.232,25.324
13/09/2023 04:30,,,13.098,5.802,16.17,21.624
13/09/2023 05:00,,,11.106,5.822,12.236,17.712
13/09/2023 05:30,,,7.49,4.142,10.53,12.45
13/09/2023 06:00,,,7.708,3.75,10.934,12.872
13/09/2023 06:30,,,3.868,2.294,3.728,3.28
13/09/2023 07:00,,,1.612,0.966,0.36,
13/09/2023 07:30,,,0.17,,,
13/09/2023 08:00,,,,,,
13/09/2023 08:30,,,,0.614,,
13/09/2023 09:00,,,,0.064,,
13/09/2023 09:30,,,,,,
13/09/2023 10:00,,,,,,
13/09/2023 10:30,,,,,,
13/09/2023 11:00,,,,,,
13/09/2023 11:30,,,,,,
13/09/2023 12:00,,,,,,
13/09/2023 12:30,,,,,,
13/09/2023 13:00,,,,,,
13/09/2023 13:30,,,,,,
13/09/2023 14:00,,,,,,
13/09/2023 14:30,,,,,2.53,2.39
13/09/2023 15:00,,,0.866,1.802,5.502,7.724
13/09/2023 15:30,,,3.794,3.886,13.416,18.124
13/09/2023 16:00,,,12.278,10.724,34.036,43.474
13/09/2023 16:30,,,24.21,19.768,57.396,69.534
13/09/2023 17:00,,,33.092,26.078,73.296,88.4
13/09/2023 17:30,,,39.39,38.228,107.53,135.41
13/09/2023 18:00,,,39.428,39.504,130.82,174.358
13/09/2023 18:30,,,39.45,39.528,157.622,213.372
13/09/2023 19:00,,,39.462,39.53,186.362,247.692
13/09/2023 19:30,,,39.456,39.55,218.968,299.35
13/09/2023 20:00,,,30.338,30.504,251.168,313.868
13/09/2023 20:30,,,29.656,29.678,269.14,338.304
13/09/2023 21:00,,,28.386,29.004,272.532,347.556
13/09/2023 21:30,,,15.808,15.848,278.36,350.26
13/09/2023 22:00,,,15.816,13.856,277.818,350.472
13/09/2023 22:30,,,15.812,13.854,283.194,350.472
13/09/2023 23:00,,,15.814,13.856,286.93,350.366
13/09/2023 23:30,,,15.824,13.858,291.692,350.414
14/09/2023 00:00,,,15.818,13.858,291.588,350.424
14/09/2023 00:30,,,15.816,13.862,291.594,350.402
14/09/2023 01:00,,,15.82,13.856,291.54,350.35
14/09/2023 01:30,,,15.822,13.856,291.586,350.408
14/09/2023 02:00,,,15.822,13.864,291.568,350.448
14/09/2023 02:30,,,15.818,13.86,291.516,350.37
14/09/2023 03:00,,,15.828,13.862,291.55,350.358
14/09/2023 03:30,,,15.822,13.858,291.506,350.408
14/09/2023 04:00,,,15.82,13.86,291.072,350.388
14/09/2023 04:30,,,15.822,13.862,291.504,350.432
14/09/2023 05:00,,,15.822,13.854,291.448,350.488
14/09/2023 05:30,,,15.824,13.86,288.996,350.46
14/09/2023 06:00,,,15.816,13.858,287.522,350.364
14/09/2023 06:30,,,15.826,13.858,290.7,346.854
14/09/2023 07:00,,,15.816,13.854,281.674,349.45
14/09/2023 07:30,,,15.816,13.856,276.938,341.272
14/09/2023 08:00,,,15.816,13.85,279.732,346.096
14/09/2023 08:30,,,15.82,13.858,278.23,345.432
14/09/2023 09:00,,,15.814,13.85,279.632,329.162
14/09/2023 09:30,,,15.818,13.86,280.922,335.288
14/09/2023 10:00,,,15.82,13.858,273.286,330.648
14/09/2023 10:30,,,15.82,13.858,282.144,318.414
14/09/2023 11:00,,,15.816,13.86,285.04,321.546
14/09/2023 11:30,,,15.82,13.86,275.744,350.09
14/09/2023 12:00,,,15.816,13.848,268.818,350.902
14/09/2023 12:30,,,15.81,13.86,274.386,350.834
14/09/2023 13:00,,,15.812,13.852,263.888,350.738
14/09/2023 13:30,,,15.804,13.842,242.744,339.492
14/09/2023 14:00,,,15.786,13.842,228.858,345.584
14/09/2023 14:30,,,15.782,13.828,211.298,314.876
14/09/2023 15:00,,,15.802,13.844,247.034,336.592
14/09/2023 15:30,,,15.812,13.85,273.11,348.818
14/09/2023 16:00,,,15.824,13.862,291.062,350.658
14/09/2023 16:30,,,15.82,13.86,288.352,350.762
14/09/2023 17:00,,,15.812,13.86,284.848,350.762
14/09/2023 17:30,,,15.822,13.86,288.734,350.684
14/09/2023 18:00,,,15.806,13.852,263.712,349.778
14/09/2023 18:30,,,15.756,13.814,177.492,300.868
14/09/2023 19:00,,,15.726,13.788,118.494,295.476
14/09/2023 19:30,,,15.716,13.786,118.496,300.29
14/09/2023 20:00,,,46.252,29.786,118.486,272.182
14/09/2023 20:30,,,79.74,72.688,118.596,265.202
14/09/2023 21:00,,,87.542,76.296,118.584,260.722
14/09/2023 21:30,,,61.132,61.956,118.552,217.75
14/09/2023 22:00,,,55.202,59.81,118.526,168.032
14/09/2023 22:30,,,47.514,45.276,105.31,129.2
14/09/2023 23:00,,,28.75,34.42,83.424,105.998
14/09/2023 23:30,,,13.476,20.1,44.696,70.26
15/09/2023 00:00,,,8.75,18.12,34.852,59.314
15/09/2023 00:30,,,8.768,10.786,32.502,43.632
15/09/2023 01:00,,,8.976,5.864,24.028,32.772
15/09/2023 01:30,,,6.348,6.56,17.206,24.786
15/09/2023 02:00,,,6.422,4.964,15.802,18.166
15/09/2023 02:30,,,5.186,3.086,13.376,18.314
15/09/2023 03:00,,,7.014,4.556,13.554,25.244
15/09/2023 03:30,,,7.988,4.948,8.35,15.574
15/09/2023 04:00,,,6.27,3.164,7.02,7.104
15/09/2023 04:30,,,4.072,3.538,5.76,3.19
15/09/2023 05:00,,,,1.35,1.93,2.048
15/09/2023 05:30,,,,,,
15/09/2023 06:00,,,,,,
15/09/2023 06:30,,,,,,
15/09/2023 07:00,,,,,,
15/09/2023 07:30,,,,,,
15/09/2023 08:00,,,,,,
15/09/2023 08:30,,,,,,
15/09/2023 09:00,,,,,,
15/09/2023 09:30,,,,,,
15/09/2023 10:00,,,,,,
15/09/2023 10:30,,,,,,
15/09/2023 11:00,,,,,,
15/09/2023 11:30,,,,,,
15/09/2023 12:00,,,,,,
15/09/2023 12:30,,,,,,
15/09/2023 13:00,,,,,,
15/09/2023 13:30,,,,,,
15/09/2023 14:00,,,,,,
15/09/2023 14:30,,,0.348,0.924,0.384,
15/09/2023 15:00,,,1.518,0.74,0.222,
15/09/2023 15:30,,,,,,
15/09/2023 16:00,,,0.104,,,
15/09/2023 16:30,,,1.586,0.64,2.638,0.888
15/09/2023 17:00,,,0.912,0.302,2.254,
15/09/2023 17:30,,,2.9,0.686,3.208,1.144
15/09/2023 18:00,,,3.352,1.576,2.73,1.298
15/09/2023 18:30,,,2.3,,2.628,
15/09/2023 19:00,,,1.686,0.05,3.846,1.674
15/09/2023 19:30,,,7.252,3.284,11.394,9.99
15/09/2023 20:00,,,15.41,6.81,16.93,14.774
15/09/2023 20:30,,,14.698,7.54,11.186,13.164
15/09/2023 21:00,,,12.384,3.762,8.084,13.06
15/09/2023 21:30,,,14.45,5.986,16.942,21.036
15/09/2023 22:00,,,30.33,12.182,35.286,41.922
15/09/2023 22:30,,,39.078,20.624,49.66,56.756
15/09/2023 23:00,,,41.852,19.604,52.944,50.276
15/09/2023 23:30,,,36.878,19.83,47.69,51.574
16/09/2023 00:00,,,32.396,20.61,46.864,55.074
16/09/2023 00:30,,,36.666,18.134,56.326,59.888
16/09/2023 01:00,,,34.292,17.322,47.306,50.042
16/09/2023 01:30,,,38.728,20.506,50.036,65.948
16/09/2023 02:00,,,55.766,23.51,54.716,74.746
16/09/2023 02:30,,,58.168,34.148,74.088,119.838
16/09/2023 03:00,,,75.762,65.402,110.746,211.996
16/09/2023 03:30,,,22.794,58.986,118.58,262.914
16/09/2023 04:00,,,15.714,15.762,118.536,266.352
16/09/2023 04:30,,,15.714,15.77,118.536,246.256
16/09/2023 05:00,,,44.04,27.788,118.54,206.168
16/09/2023 05:30,,,83.948,65.238,118.58,178.3
16/09/2023 06:00,,,79.906,67.766,118.604,185.992
16/09/2023 06:30,,,88.142,79.8,118.612,225.474
16/09/2023 07:00,,,96.314,59.27,118.622,197.212
16/09/2023 07:30,,,86.502,54.796,115.542,164.948
16/09/2023 08:00,,,75.504,45.594,109.124,146.4
16/09/2023 08:30,,,67.47,48.896,103.728,160.084
16/09/2023 09:00,,,70.692,58.99,118.276,180.054
16/09/2023 09:30,,,61.342,51.008,103.726,150.438
16/09/2023 10:00,,,55.92,49.742,96.29,151.568
16/09/2023 10:30,,,66.212,54.636,110.652,176.726
16/09/2023 11:00,,,78.836,57.922,118.5,191.112
16/09/2023 11:30,,,88.49,65.93,118.498,215.176
16/09/2023 12:00,,,76.304,63.444,114.356,189.948
16/09/2023 12:30,,,69.122,68.612,114.866,197.606
16/09/2023 13:00,,,79.316,66.872,118.502,204.532
16/09/2023 13:30,,,89.314,64.822,118.508,205.734
16/09/2023 14:00,,,80.574,69.368,118.52,218.516
16/09/2023 14:30,,,87.58,70.798,118.584,222.01
16/09/2023 15:00,,,91.606,70.41,118.536,219.272
16/09/2023 15:30,,,85.876,65.978,118.55,213.984
16/09/2023 16:00,,,82.468,62.376,118.526,194.9
16/09/2023 16:30,,,77.396,57.58,117.122,187.436
16/09/2023 17:00,,,71.388,56.434,104.948,166.238
16/09/2023 17:30,,,60.558,47.778,87.942,145.338
16/09/2023 18:00,,,50.726,41.4,81.58,126.586
16/09/2023 18:30,,,51.496,44.43,85.368,134.664
16/09/2023 19:00,,,52.378,40.222,88.802,126.46
16/09/2023 19:30,,,55.366,43.408,86.928,136.114
16/09/2023 20:00,,,47.142,38.342,77.62,117.718
16/09/2023 20:30,,,40.858,31.63,65.556,98.994
16/09/2023 21:00,,,36.044,26.252,57.626,86.722
16/09/2023 21:30,,,36.672,27.838,61.268,96.72
16/09/2023 22:00,,,31.344,19.996,49.164,71.644
16/09/2023 22:30,,,22.208,11.982,34.444,42.674
16/09/2023 23:00,,,18.834,11.734,27.774,35.618
16/09/2023 23:30,,,16.068,10.628,25.602,31.822
17/09/2023 00:00,,,,,,
17/09/2023 00:30,,,,,,
17/09/2023 01:00,,,,,,
17/09/2023 01:30,,,,,,
17/09/2023 02:00,,,,,,
17/09/2023 02:30,,,,,,
17/09/2023 03:00,,,,,,
17/09/2023 03:30,,,,,,
17/09/2023 04:00,,,,,,
17/09/2023 04:30,,,,,,
17/09/2023 05:00,,,,,,
17/09/2023 05:30,,,,,,
17/09/2023 06:00,,,,,,
17/09/2023 06:30,,,,,,
17/09/2023 07:00,,,,,,
17/09/2023 07:30,,,,,,
17/09/2023 08:00,,,,,,
17/09/2023 08:30,,,,,,
17/09/2023 09:00,,,,,,
17/09/2023 09:30,,,,,,
17/09/2023 10:00,,,,,,
17/09/2023 10:30,,,,,,
17/09/2023 11:00,,,,,,
17/09/2023 11:30,,,,,,
17/09/2023 12:00,,,,,,
17/09/2023 12:30,,,,,,
17/09/2023 13:00,,,,,,
17/09/2023 13:30,,,,,,
17/09/2023 14:00,,,,,,
17/09/2023 14:30,,,,,,
17/09/2023 15:00,,,,,,
17/09/2023 15:30,,,,,,
17/09/2023 16:00,,,,,,
17/09/2023 16:30,,,,,,
17/09/2023 17:00,,,,,,
17/09/2023 17:30,,,,,,
17/09/2023 18:00,,,,,,
17/09/2023 18:30,,,,,,
17/09/2023 19:00,,,,,,
17/09/2023 19:30,,,,,,
17/09/2023 20:00,,,,,,
17/09/2023 20:30,,,,,,
17/09/2023 21:00,,,,,,
17/09/2023 21:30,,,,,,
17/09/2023 22:00,,,,,,
17/09/2023 22:30,,,,,,
17/09/2023 23:00,,,,,,
17/09/2023 23:30,,,,,,
18/09/2023 00:00,,,64.324,41.666,118.536,184.904
18/09/2023 00:30,,,68.704,43.49,118.546,199.832
18/09/2023 01:00,,,68.936,39.456,117.564,181.488
18/09/2023 01:30,,,56.67,37.718,96.47,147.498
18/09/2023 02:00,,,76.5,46.218,109.576,173.002
18/09/2023 02:30,,,77.348,57.198,118.59,208.744
18/09/2023 03:00,,,65.874,48.698,118.552,184.108
18/09/2023 03:30,,,66.552,41.912,118.536,172.076
18/09/2023 04:00,,,75.688,53.042,118.596,191.152
18/09/2023 04:30,,,63.466,49.088,118.53,173.77
18/09/2023 05:00,,,70.394,58.344,118.568,199.752
18/09/2023 05:30,,,81.764,62.506,118.586,222.434
18/09/2023 06:00,,,67.058,58.13,118.552,202.198
18/09/2023 06:30,,,71.308,57.124,118.57,167.038
18/09/2023 07:00,,,77.082,71.138,118.546,188.922
18/09/2023 07:30,,,97.952,83.154,118.634,251.11
18/09/2023 08:00,,,97.924,80.93,118.598,310.784
18/09/2023 08:30,,,97.988,110.194,118.656,350.378
18/09/2023 09:00,,,97.966,122.032,118.608,350.644
18/09/2023 09:30,,,97.994,123.834,118.632,350.546
18/09/2023 10:00,,,97.968,125.154,118.654,350.57
18/09/2023 10:30,,,97.964,125.526,118.65,350.628
18/09/2023 11:00,,,98.002,126.942,118.654,350.526
18/09/2023 11:30,,,97.976,125.902,118.638,349.768
18/09/2023 12:00,,,97.956,101.64,118.62,349.582
18/09/2023 12:30,,,97.918,87.956,118.622,342.706
18/09/2023 13:00,,,97.976,122.402,118.616,350.38
18/09/2023 13:30,,,97.972,121.02,118.556,350.55
18/09/2023 14:00,,,18.216,22.678,117.97,350.512
18/09/2023 14:30,,,15.728,13.792,117.95,350.92
18/09/2023 15:00,,,15.722,13.794,117.942,350.572
18/09/2023 15:30,,,15.73,13.786,117.918,350.604
18/09/2023 16:00,,,22.114,13.79,117.942,350.462
18/09/2023 16:30,,,62.834,13.81,117.98,347.554
18/09/2023 17:00,,,15.73,13.798,117.914,342.992
18/09/2023 17:30,,,15.728,13.79,117.944,350.43
18/09/2023 18:00,,,15.728,13.794,117.94,350.396
18/09/2023 18:30,,,15.728,13.796,117.958,350.492
18/09/2023 19:00,,,16.406,57.97,117.988,350.448
18/09/2023 19:30,,,74.382,130.866,118.108,350.574
18/09/2023 20:00,,,98.012,133.4,118.086,350.564
18/09/2023 20:30,,,98.03,133.052,118.104,350.668
18/09/2023 21:00,,,97.996,131.212,118.128,350.872
18/09/2023 21:30,,,98,132.274,118.082,350.614
18/09/2023 22:00,,,97.978,133.132,118.144,350.784
18/09/2023 22:30,,,53.53,104.276,118.034,350.644
18/09/2023 23:00,,,15.728,13.784,117.906,350.684
18/09/2023 23:30,,,15.72,13.794,117.934,350.662
19/09/2023 00:00,,,15.734,13.79,117.95,350.682
19/09/2023 00:30,,,15.724,13.794,117.96,350.562
19/09/2023 01:00,,,15.734,13.788,117.922,350.526
19/09/2023 01:30,,,15.732,13.8,117.92,350.58
19/09/2023 02:00,,,15.74,13.798,117.9,350.58
19/09/2023 02:30,,,15.734,13.796,117.936,350.688
19/09/2023 03:00,,,15.742,13.798,117.932,350.528
19/09/2023 03:30,,,15.732,13.798,117.938,350.58
19/09/2023 04:00,,,15.738,13.954,117.942,350.804
19/09/2023 04:30,,,15.734,14.22,117.926,350.762
19/09/2023 05:00,,,15.736,13.798,117.928,350.616
19/09/2023 05:30,,,15.736,13.802,117.912,350.77
19/09/2023 06:00,,,15.74,13.802,117.928,350.656
19/09/2023 06:30,,,15.742,13.802,117.942,350.514
19/09/2023 07:00,,,15.74,13.8,117.926,349.28
19/09/2023 07:30,,,15.772,72.952,117.99,350.53
19/09/2023 08:00,,,53.218,132.878,118.066,350.41
19/09/2023 08:30,,,98.004,132.252,118.06,350.5
19/09/2023 09:00,,,98.004,128.576,117.818,350.36
19/09/2023 09:30,,,97.978,124.878,118.64,349.104
19/09/2023 10:00,,,97.194,109.632,118.618,326.168
19/09/2023 10:30,,,64.362,71.928,118.574,249.654
19/09/2023 11:00,,,58.098,56.768,118.066,230.34
19/09/2023 11:30,,,48.67,37.756,110.056,176.474
19/09/2023 12:00,,,53.27,43.284,117.836,201.952
19/09/2023 12:30,,,87.032,70.05,118.558,285.094
19/09/2023 13:00,,,97.718,76.112,118.628,277.696
19/09/2023 13:30,,,97.966,84.166,118.612,313.39
19/09/2023 14:00,,,97.968,104.376,118.616,350.576
19/09/2023 14:30,,,97.966,115.558,118.642,350.428
19/09/2023 15:00,,,98.008,115.15,118.648,350.77
19/09/2023 15:30,,,97.944,109.172,118.618,350.724
19/09/2023 16:00,,,97.964,109.17,118.65,349.016
19/09/2023 16:30,,,97.882,69.126,118.616,285.248
19/09/2023 17:00,,,78.972,55.638,118.568,210.772
19/09/2023 17:30,,,51.192,44.924,118.576,202.01
19/09/2023 18:00,,,53.612,34.272,106.94,169.994
19/09/2023 18:30,,,28.686,23.854,52.912,83.908
19/09/2023 19:00,,,12.73,17.646,20.68,34.546
19/09/2023 19:30,,,7.87,3.71,10.636,10.664
19/09/2023 20:00,,,0.856,0.518,2.102,4.618
19/09/2023 20:30,,,6.152,11.92,18.96,35.412
19/09/2023 21:00,,,32.974,14.124,52.424,65.258
19/09/2023 21:30,,,81.81,37.804,110.194,136.958
19/09/2023 22:00,,,97.83,61.728,118.592,249.238
19/09/2023 22:30,,,78.66,83.854,118.568,267.964
19/09/2023 23:00,,,31.546,27.666,118.552,
19/09/2023 23:30,,,31.544,27.656,118.524,
20/09/2023 00:00,,,31.546,27.656,118.5,
20/09/2023 00:30,,,31.542,27.664,118.532,
20/09/2023 01:00,,,31.51,27.65,118.506,
20/09/2023 01:30,,,31.52,27.642,118.524,
20/09/2023 02:00,,,31.538,27.65,118.528,
20/09/2023 02:30,,,31.55,27.656,118.5,
20/09/2023 03:00,,,31.55,27.646,118.532,
20/09/2023 03:30,,,31.53,27.658,118.508,
20/09/2023 04:00,,,31.55,27.662,118.528,
20/09/2023 04:30,,,31.554,27.668,118.53,
20/09/2023 05:00,,,31.554,27.654,118.506,
20/09/2023 05:30,,,31.538,27.668,118.546,
20/09/2023 06:00,,,31.534,27.652,118.524,
20/09/2023 06:30,,,31.558,27.662,118.54,
20/09/2023 07:00,,,31.546,27.656,118.518,
20/09/2023 07:30,,,31.558,27.658,118.5,
20/09/2023 08:00,,,46.332,44.4,118.538,
20/09/2023 08:30,,,97.978,124.02,118.656,84.23
20/09/2023 09:00,,,97.998,123.994,118.646,84.94
20/09/2023 09:30,,,44.87,46.72,118.55,84.958
20/09/2023 10:00,,,31.542,27.662,118.534,84.926
20/09/2023 10:30,,,31.556,27.646,118.546,84.972
20/09/2023 11:00,,,31.546,27.648,118.516,84.97
20/09/2023 11:30,,,31.55,27.666,118.538,85.04
20/09/2023 12:00,,,31.558,27.656,118.516,85.018
20/09/2023 12:30,,,31.542,27.656,118.512,85.002
20/09/2023 13:00,,,31.55,27.658,118.528,85.02
20/09/2023 13:30,,,31.55,27.658,118.504,85.038
20/09/2023 14:00,,,31.558,27.652,118.51,85.016
20/09/2023 14:30,,,31.546,27.662,118.52,85.056
20/09/2023 15:00,,,31.538,27.658,118.498,85.016
20/09/2023 15:30,,,31.558,27.664,118.536,85.03
20/09/2023 16:00,,,31.55,27.658,118.514,85.028
20/09/2023 16:30,,,31.548,27.66,118.48,85.018
20/09/2023 17:00,,,31.546,27.642,118.516,85.032
20/09/2023 17:30,,,31.546,27.66,118.512,85.036
20/09/2023 18:00,,,31.554,27.646,118.474,85.02
20/09/2023 18:30,,,31.55,27.664,118.518,85.034
20/09/2023 19:00,,,31.546,27.658,118.5,85.036
20/09/2023 19:30,,,31.546,27.66,118.536,85.052
20/09/2023 20:00,,,31.57,27.662,118.504,85.014
20/09/2023 20:30,,,31.54,27.656,118.528,85.018
20/09/2023 21:00,,,31.554,27.668,118.52,85.028
20/09/2023 21:30,,,31.55,27.65,118.528,85.038
20/09/2023 22:00,,,31.548,27.672,118.526,85.004
20/09/2023 22:30,,,31.55,27.66,118.506,85.008
20/09/2023 23:00,,,31.56,27.652,118.53,85.018
20/09/2023 23:30,,,31.54,27.674,118.518,84.992
21/09/2023 00:00,,,31.562,27.664,118.522,85.01
21/09/2023 00:30,,,31.544,27.66,118.52,84.992
21/09/2023 01:00,,,31.556,27.656,118.522,84.99
21/09/2023 01:30,,,31.556,27.662,118.512,85.004
21/09/2023 02:00,,,31.546,27.672,118.526,84.992
21/09/2023 02:30,,,31.556,27.66,118.502,85.012
21/09/2023 03:00,,,31.56,27.662,118.532,85.006
21/09/2023 03:30,,,31.548,27.67,118.514,85.024
21/09/2023 04:00,,,31.548,27.658,118.526,84.998
21/09/2023 04:30,,,31.56,27.664,118.496,85.01
21/09/2023 05:00,,,31.56,27.668,118.516,85.006
21/09/2023 05:30,,,31.556,27.662,118.518,85.01
21/09/2023 06:00,,,31.552,27.662,118.548,85.008
21/09/2023 06:30,,,31.56,27.67,118.484,85.018
21/09/2023 07:00,,,31.55,27.668,118.54,85.024
21/09/2023 07:30,,,31.554,27.656,118.502,85.01
21/09/2023 08:00,,,31.56,27.658,118.52,84.996
21/09/2023 08:30,,,31.572,62.286,118.538,85.032
21/09/2023 09:00,,,31.558,27.658,118.506,85.028
21/09/2023 09:30,,,31.53,27.646,78.044,85.036
21/09/2023 10:00,,,31.53,27.636,59.308,85.032
21/09/2023 10:30,,,31.524,27.64,59.346,85.022
21/09/2023 11:00,,,31.54,27.646,59.316,85.062
21/09/2023 11:30,,,31.524,27.644,59.334,85.03
21/09/2023 12:00,,,31.526,27.646,59.334,85
21/09/2023 12:30,,,31.526,27.648,59.33,85.038
21/09/2023 13:00,,,31.528,27.638,59.348,85.01
21/09/2023 13:30,,,31.522,27.646,59.314,84.996
21/09/2023 14:00,,,31.534,27.644,59.342,84.982
21/09/2023 14:30,,,31.518,27.64,59.324,84.988
21/09/2023 15:00,,,31.528,27.652,59.33,84.984
21/09/2023 15:30,,,31.53,27.632,59.324,84.976
21/09/2023 16:00,,,31.512,27.638,59.324,85.004
21/09/2023 16:30,,,31.522,27.648,59.332,84.974
21/09/2023 17:00,,,31.52,27.64,59.324,84.948
21/09/2023 17:30,,,31.526,27.636,59.33,84.984
21/09/2023 18:00,,,90.638,27.662,59.37,84.996
21/09/2023 18:30,,,97.892,27.678,59.362,84.97
21/09/2023 19:00,,,97.882,27.67,94.162,84.992
21/09/2023 19:30,,,97.942,67.864,118.612,84.972
21/09/2023 20:00,,,97.96,132.85,118.614,84.96
21/09/2023 20:30,,,98.006,130.304,118.612,84.99
21/09/2023 21:00,,,97.982,115.89,118.626,98.876
21/09/2023 21:30,,,97.916,104.078,118.602,246.476
21/09/2023 22:00,,,97.926,94.522,118.59,306.138
21/09/2023 22:30,,,83.034,81.542,118.572,279.476
21/09/2023 23:00,,,64.774,70.104,118.502,233.458
21/09/2023 23:30,,,71.698,69.136,118.57,237.588
22/09/2023 00:00,,,83.026,74.686,118.568,233.476
22/09/2023 00:30,,,87.176,73.764,118.592,234.56
22/09/2023 01:00,,,91.648,77.61,118.606,231.098
22/09/2023 01:30,,,90.81,68.142,118.588,215.52
22/09/2023 02:00,,,84.666,66.822,118.566,205.598
22/09/2023 02:30,,,76.78,63.8,118.584,192.156
22/09/2023 03:00,,,66.622,52.094,118.574,183.602
22/09/2023 03:30,,,64.204,46.75,118.554,156.69
22/09/2023 04:00,,,56.144,39.492,109.402,132.744
22/09/2023 04:30,,,47.192,27.478,80.714,102.828
22/09/2023 05:00,,,35.68,21.268,62.874,77.042
22/09/2023 05:30,,,25.036,17.468,46.508,62.498
22/09/2023 06:00,,,17.056,11.974,32.758,40.968
22/09/2023 06:30,,,11.414,8.716,27.748,33.818
22/09/2023 07:00,,,9.282,6.914,21.798,28.066
22/09/2023 07:30,,,8.532,6.622,19.948,25.336
22/09/2023 08:00,,,8.092,4.824,15.052,17.916
22/09/2023 08:30,,,4.894,1.536,6.794,4.208
22/09/2023 09:00,,,2.738,0.506,2.232,
22/09/2023 09:30,,,2.05,,,
22/09/2023 10:00,,,1.308,0.462,,0.162
22/09/2023 10:30,,,0.078,3.412,1.156,3.114
22/09/2023 11:00,,,1.342,3.988,4.278,5.25
22/09/2023 11:30,,,3.518,3.528,6.254,7.248
22/09/2023 12:00,,,3.784,6.542,8.056,6.244
22/09/2023 12:30,,,4.958,3.744,4.146,0.402
22/09/2023 13:00,,,3.816,0.51,0.804,
22/09/2023 13:30,,,,,,
22/09/2023 14:00,,,,0.602,1.224,4.57
22/09/2023 14:30,,,1.868,3.004,4.926,6.574
22/09/2023 15:00,,,3.238,5.67,9.538,11.686
22/09/2023 15:30,,,8.7,4.65,9.198,8.304
22/09/2023 16:00,,,4.088,2.888,15.57,6.6
22/09/2023 16:30,,,4.692,1.846,7.114,1.56
22/09/2023 17:00,,,2.32,,2.79,0.614
22/09/2023 17:30,,,0.51,0.738,7.072,10.602
22/09/2023 18:00,,,3.122,30.292,46.028,105.5
22/09/2023 18:30,,,40.726,84.59,106.726,238.374
22/09/2023 19:00,,,95.37,125.318,118.618,330.366
22/09/2023 19:30,,,98.002,112.994,118.642,300.404
22/09/2023 20:00,,,98.008,122.158,118.626,327.242
22/09/2023 20:30,,,97.948,112.526,118.652,322.816
22/09/2023 21:00,,,85.226,94.432,118.636,242.252
22/09/2023 21:30,,,94.528,99.952,118.612,252.676
22/09/2023 22:00,,,87.964,84.824,118.632,225.952
22/09/2023 22:30,,,95.108,85.63,118.634,228.772
22/09/2023 23:00,,,93.638,94.866,118.636,256.25
22/09/2023 23:30,,,97.832,89.418,118.616,261.446
23/09/2023 00:00,,,85.984,84.934,118.612,214.748
23/09/2023 00:30,,,90.742,88.732,118.624,236.304
23/09/2023 01:00,,,91.64,98.614,118.628,248.484
23/09/2023 01:30,,,97.638,106.022,118.64,226.718
23/09/2023 02:00,,,97.988,105.484,118.638,251.836
23/09/2023 02:30,,,97.966,111.294,118.63,266.21
23/09/2023 03:00,,,97.804,113.58,118.67,297.648
23/09/2023 03:30,,,97.15,118.158,118.654,323.372
23/09/2023 04:00,,,97.634,123.846,118.658,333.534
23/09/2023 04:30,,,97.978,108.202,118.62,290.876
23/09/2023 05:00,,,97.968,113.46,118.65,319.32
23/09/2023 05:30,,,94.61,109.158,118.64,281.97
23/09/2023 06:00,,,72.678,92.652,118.624,217.402
23/09/2023 06:30,,,56.242,66.288,108.476,151.03
23/09/2023 07:00,,,47.7,61.326,97.774,150.84
23/09/2023 07:30,,,42.548,51.056,87.646,129.918
23/09/2023 08:00,,,32.368,48.474,69.548,97.958
23/09/2023 08:30,,,27.014,41.362,52.83,79.294
23/09/2023 09:00,,,24.064,43.098,52.388,76.966
23/09/2023 09:30,,,20.982,33.878,42.35,60.078
23/09/2023 10:00,,,14.456,20.054,28.778,36.164
23/09/2023 10:30,,,9.322,12.74,17.042,23.284
23/09/2023 11:00,,,5.448,7.42,9.51,12.294
23/09/2023 11:30,,,3.186,3.236,3.518,5.238
23/09/2023 12:00,,,,0.876,,
23/09/2023 12:30,,,,,,
23/09/2023 13:00,,,,,,
23/09/2023 13:30,,,,,,
23/09/2023 14:00,,,,,,
23/09/2023 14:30,,,,,0.562,0.942
23/09/2023 15:00,,,1.152,0.862,1.466,3.29
23/09/2023 15:30,,,0.57,2.06,2.072,3.094
23/09/2023 16:00,,,2.518,2.042,6.884,8.49
23/09/2023 16:30,,,5.744,3.68,13.964,12.492
23/09/2023 17:00,,,14.816,9.182,28.7,36.66
23/09/2023 17:30,,,19.482,14.718,41.164,55.542
23/09/2023 18:00,,,32.352,24.588,71.096,99.742
23/09/2023 18:30,,,37.814,28.514,84.778,107.3
23/09/2023 19:00,,,50.072,32.002,92.32,127.46
23/09/2023 19:30,,,57.002,34.964,116.686,153.468
23/09/2023 20:00,,,43.994,46.866,96.176,152.426
23/09/2023 20:30,,,49.564,33.082,68.29,102.066
23/09/2023 21:00,,,37.376,28.076,66.598,87.82
23/09/2023 21:30,,,31.52,27.648,59.324,84.97
23/09/2023 22:00,,,31.528,27.642,59.336,84.972
23/09/2023 22:30,,,31.518,27.654,59.326,84.992
23/09/2023 23:00,,,31.522,27.636,59.342,84.988
23/09/2023 23:30,,,31.522,27.646,59.322,84.996
24/09/2023 00:00,,,31.53,27.644,59.332,84.994
24/09/2023 00:30,,,31.522,27.646,59.338,84.984
24/09/2023 01:00,,,31.526,27.648,59.332,85.056
24/09/2023 01:30,,,31.53,27.644,59.334,85.036
24/09/2023 02:00,,,31.522,27.64,59.34,85.068
24/09/2023 02:30,,,31.53,27.644,59.322,85.112
24/09/2023 03:00,,,31.52,27.658,59.336,85.1
24/09/2023 03:30,,,31.522,27.63,59.326,85.088
24/09/2023 04:00,,,31.532,27.638,59.348,85.096
24/09/2023 04:30,,,31.526,27.648,59.336,85.07
24/09/2023 05:00,,,31.522,27.642,59.332,85.05
24/09/2023 05:30,,,31.54,27.648,59.336,85.06
24/09/2023 06:00,,,31.52,27.646,59.334,85.064
24/09/2023 06:30,,,31.536,27.654,59.34,85.022
24/09/2023 07:00,,,31.522,27.642,59.326,85.004
24/09/2023 07:30,,,31.53,27.64,59.332,85.02
24/09/2023 08:00,,,43.11,40.378,59.358,85.004
24/09/2023 08:30,,,98.012,117.456,101.536,307.414
24/09/2023 09:00,,,97.998,119.53,118.656,343.71
24/09/2023 09:30,,,97.992,131.354,118.638,350.438
24/09/2023 10:00,,,98.008,129.346,118.674,350.378
24/09/2023 10:30,,,85.3,129.12,118.624,350.482
24/09/2023 11:00,,,31.618,133.432,118.624,350.39
24/09/2023 11:30,,,31.536,57.654,80.438,350.33
24/09/2023 12:00,,,38.082,27.632,59.328,350.4
24/09/2023 12:30,,,97.848,29,59.34,350.424
24/09/2023 13:00,,,85.214,42.738,59.364,350.49
24/09/2023 13:30,,,31.51,27.634,59.322,350.614
24/09/2023 14:00,,,31.5,27.642,59.31,350.498
24/09/2023 14:30,,,31.514,27.63,59.326,350.52
24/09/2023 15:00,,,31.52,27.638,59.306,271.154
24/09/2023 15:30,,,31.52,27.644,59.34,85.634
24/09/2023 16:00,,,31.524,27.64,59.326,84.918
24/09/2023 16:30,,,31.528,27.648,59.336,84.918
24/09/2023 17:00,,,31.504,27.642,59.326,84.92
24/09/2023 17:30,,,31.524,27.644,59.344,84.898
24/09/2023 18:00,,,31.52,27.636,59.332,84.918
24/09/2023 18:30,,,31.514,27.644,59.318,84.88
24/09/2023 19:00,,,31.518,27.634,59.318,84.908
24/09/2023 19:30,,,31.488,27.63,59.336,84.906
24/09/2023 20:00,,,31.508,27.646,59.324,84.898
24/09/2023 20:30,,,31.498,27.64,59.304,84.884
24/09/2023 21:00,,,31.514,27.642,59.344,84.908
24/09/2023 21:30,,,31.512,27.626,59.322,84.906
24/09/2023 22:00,,,31.502,27.634,59.328,84.932
24/09/2023 22:30,,,31.48,27.634,59.314,84.918
24/09/2023 23:00,,,31.508,27.626,59.332,84.918
24/09/2023 23:30,,,31.484,27.62,59.33,84.902
25/09/2023 00:00,,,31.52,27.63,59.282,84.918
25/09/2023 00:30,,,31.51,27.63,59.314,84.91
25/09/2023 01:00,,,31.526,27.634,59.318,84.928
25/09/2023 01:30,,,31.508,27.638,59.322,84.9
25/09/2023 02:00,,,31.528,27.64,59.324,84.918
25/09/2023 02:30,,,31.51,27.632,59.316,84.91
25/09/2023 03:00,,,31.52,27.636,59.326,84.914
25/09/2023 03:30,,,31.514,27.646,59.318,84.91
25/09/2023 04:00,,,31.526,27.642,59.316,84.916
25/09/2023 04:30,,,31.516,27.636,59.336,84.94
25/09/2023 05:00,,,31.514,27.642,59.308,84.908
25/09/2023 05:30,,,31.526,27.642,59.322,84.936
25/09/2023 06:00,,,31.508,27.634,59.32,84.902
25/09/2023 06:30,,,31.508,27.638,59.336,84.936
25/09/2023 07:00,,,31.544,27.642,59.332,84.932
25/09/2023 07:30,,,31.518,27.642,59.322,84.918
25/09/2023 08:00,,,31.524,27.65,59.33,84.93
25/09/2023 08:30,,,31.516,27.648,59.336,84.924
25/09/2023 09:00,,,31.524,27.64,59.322,84.908
25/09/2023 09:30,,,31.53,27.642,59.334,84.922
25/09/2023 10:00,,,31.518,27.636,59.316,84.928
25/09/2023 10:30,,,31.516,27.642,59.314,84.924
25/09/2023 11:00,,,31.52,27.64,59.336,84.92
25/09/2023 11:30,,,31.526,27.65,59.326,84.912
25/09/2023 12:00,,,31.522,27.646,59.326,84.91
25/09/2023 12:30,,,31.514,27.636,59.33,84.916
25/09/2023 13:00,,,31.526,27.644,59.336,84.92
25/09/2023 13:30,,,31.522,27.652,59.328,84.96
25/09/2023 14:00,,,31.526,27.638,59.324,84.916
25/09/2023 14:30,,,31.526,27.642,59.32,84.904
25/09/2023 15:00,,,31.518,27.634,59.326,84.93
25/09/2023 15:30,,,31.516,27.644,59.336,84.93
25/09/2023 16:00,,,31.53,27.642,59.318,84.914
25/09/2023 16:30,,,31.514,27.648,59.324,84.924
25/09/2023 17:00,,,31.526,27.638,59.334,84.932
25/09/2023 17:30,,,31.52,27.65,59.326,84.918
25/09/2023 18:00,,,31.518,27.626,59.322,84.91
25/09/2023 18:30,,,31.522,27.638,59.32,84.964
25/09/2023 19:00,,,31.518,27.636,59.312,84.966
25/09/2023 19:30,,,31.514,27.616,59.338,85.034
25/09/2023 20:00,,,31.522,27.642,59.318,84.978
25/09/2023 20:30,,,31.518,27.636,59.332,85.01
25/09/2023 21:00,,,31.518,27.644,59.314,84.978
25/09/2023 21:30,,,31.522,27.632,59.316,84.98
25/09/2023 22:00,,,31.506,27.64,59.306,84.976
25/09/2023 22:30,,,31.506,27.618,59.314,84.992
25/09/2023 23:00,,,31.514,27.634,59.306,84.992
25/09/2023 23:30,,,31.506,27.632,59.312,85.006
26/09/2023 00:00,,,31.516,27.634,59.316,85.002
26/09/2023 00:30,,,31.504,27.632,59.316,85.002
26/09/2023 01:00,,,31.522,27.646,59.324,84.99
26/09/2023 01:30,,,31.522,27.638,59.33,85.002
26/09/2023 02:00,,,31.534,27.644,59.328,84.982
26/09/2023 02:30,,,31.516,27.642,59.324,84.998
26/09/2023 03:00,,,31.526,27.64,59.336,85.002
26/09/2023 03:30,,,31.524,27.644,59.332,85.002
26/09/2023 04:00,,,31.52,27.646,59.318,84.982
26/09/2023 04:30,,,31.534,27.642,59.324,84.972
26/09/2023 05:00,,,31.518,27.642,59.336,84.954
26/09/2023 05:30,,,31.524,27.642,59.33,84.936
26/09/2023 06:00,,,31.524,27.648,59.324,84.948
26/09/2023 06:30,,,31.52,27.644,59.346,85.01
26/09/2023 07:00,,,31.526,27.642,59.328,84.95
26/09/2023 07:30,,,31.524,27.646,59.33,84.994
26/09/2023 08:00,,,31.526,27.642,59.334,84.978
26/09/2023 08:30,,,31.518,27.636,59.322,85.014
26/09/2023 09:00,,,31.518,27.654,59.342,85.01
26/09/2023 09:30,,,31.518,27.626,59.318,85.01
26/09/2023 10:00,,,31.52,27.634,59.314,84.994
26/09/2023 10:30,,,31.522,27.63,59.322,84.998
26/09/2023 11:00,,,31.522,27.65,59.32,85.004
26/09/2023 11:30,,,31.494,27.644,59.324,85.02
26/09/2023 12:00,,,31.522,27.64,59.324,85.006
26/09/2023 12:30,,,31.514,27.646,59.318,85.022
26/09/2023 13:00,,,31.51,27.646,59.326,85.038
26/09/2023 13:30,,,31.528,27.648,59.322,85.048
26/09/2023 14:00,,,31.514,27.638,59.322,85.04
26/09/2023 14:30,,,31.516,27.636,59.32,85.04
26/09/2023 15:00,,,31.516,27.634,59.324,84.708
26/09/2023 15:30,,,35.898,47.624,59.342,84.944
26/09/2023 16:00,,,97.904,125.742,59.43,84.92
26/09/2023 16:30,,,97.856,133.646,59.444,84.948
26/09/2023 17:00,,,32.148,33.412,59.334,84.92
26/09/2023 17:30,,,31.508,27.632,59.33,84.924
26/09/2023 18:00,,,31.514,27.638,59.336,84.906
26/09/2023 18:30,,,93.7,27.676,94.908,115.562
26/09/2023 19:00,,,95.794,65.302,118.592,282.128
26/09/2023 19:30,,,66.66,90.51,118.592,254.05
26/09/2023 20:00,,,80.512,59.7,118.562,226.98
26/09/2023 20:30,,,97.774,59.098,118.594,327.962
26/09/2023 21:00,,,97.682,115.132,118.62,329.438
26/09/2023 21:30,,,70.308,79.236,108.79,233.884
26/09/2023 22:00,,,95.128,102.808,59.406,208.058
26/09/2023 22:30,,,97.964,121.726,59.422,201.148
26/09/2023 23:00,,,97.916,118.83,59.41,126.056
26/09/2023 23:30,,,97.934,114.302,59.432,173.87
27/09/2023 00:00,,,92.014,89.498,59.394,176.252
27/09/2023 00:30,,,81.44,71.46,59.39,209.022
27/09/2023 01:00,,,84.618,79.566,64.81,237.738
27/09/2023 01:30,,,72.29,63.904,118.594,200.038
27/09/2023 02:00,,,80.69,57.886,118.598,213.206
27/09/2023 02:30,,,72.29,71.096,118.602,229.958
27/09/2023 03:00,,,82.43,66.728,118.61,228.698
27/09/2023 03:30,,,68.494,54.696,115.218,205.932
27/09/2023 04:00,,,53.488,52.864,95.176,176.054
27/09/2023 04:30,,,40.572,45.088,102.778,145.878
27/09/2023 05:00,,,49.78,28.048,106.28,149.378
27/09/2023 05:30,,,45.37,33.598,95.172,145.49
27/09/2023 06:00,,,46.998,35.304,98.086,153.018
27/09/2023 06:30,,,43.018,29.824,71.814,119.956
27/09/2023 07:00,,,28.938,24.644,48.164,76.462
27/09/2023 07:30,,,12.054,14.96,19.24,35.862
27/09/2023 08:00,,,3.352,3.762,3.76,6.152
27/09/2023 08:30,,,0.22,1.134,3.538,2.566
27/09/2023 09:00,,,1.102,1.35,9.3,2.986
27/09/2023 09:30,,,0.934,,8.376,6.114
27/09/2023 10:00,,,3.494,2.256,8.466,11.416
27/09/2023 10:30,,,6.748,6.314,1.684,17.918
27/09/2023 11:00,,,11.522,8.228,4.212,34.392
27/09/2023 11:30,,,15.472,13.624,6.1,74.862
27/09/2023 12:00,,,19.254,17.492,17.636,66.468
27/09/2023 12:30,,,28.824,18.714,43.464,60.944
27/09/2023 13:00,,,46.486,28.072,74.108,90.16
27/09/2023 13:30,,,85.404,47.92,110.232,161.108
27/09/2023 14:00,,,84.43,86.7,108.632,236.568
27/09/2023 14:30,,,31.578,116.012,59.372,151.142
27/09/2023 15:00,,,31.526,60.894,59.332,107.618
27/09/2023 15:30,,,31.524,27.634,59.326,84.946
27/09/2023 16:00,,,31.52,27.63,59.328,84.976
27/09/2023 16:30,,,31.518,27.644,59.328,84.95
27/09/2023 17:00,,,31.534,27.638,59.33,84.974
27/09/2023 17:30,,,31.516,27.644,59.33,84.948
27/09/2023 18:00,,,31.524,27.642,59.33,84.946
27/09/2023 18:30,,,31.522,27.644,59.326,84.94
27/09/2023 19:00,,,31.53,27.638,59.34,84.96
27/09/2023 19:30,,,31.526,27.648,59.328,84.95
27/09/2023 20:00,,,31.53,27.636,62.574,84.936
27/09/2023 20:30,,,31.514,27.656,75.656,84.95
27/09/2023 21:00,,,31.532,27.636,59.324,84.944
27/09/2023 21:30,,,31.506,27.632,59.328,84.94
27/09/2023 22:00,,,31.514,27.636,59.326,84.948
27/09/2023 22:30,,,31.51,27.642,59.334,84.938
27/09/2023 23:00,,,31.532,27.636,59.33,84.944
27/09/2023 23:30,,,31.5,27.638,59.316,84.944
28/09/2023 00:00,,,31.534,27.638,59.324,84.932
28/09/2023 00:30,,,31.512,27.636,59.318,84.948
28/09/2023 01:00,,,31.522,27.632,59.346,84.936
28/09/2023 01:30,,,31.502,27.628,59.306,84.948
28/09/2023 02:00,,,31.522,27.63,59.326,84.934
28/09/2023 02:30,,,31.522,27.622,59.306,84.968
28/09/2023 03:00,,,31.446,27.616,59.32,85.554
28/09/2023 03:30,,,31.522,27.634,59.314,85.618
28/09/2023 04:00,,,31.49,27.714,59.326,85.45
28/09/2023 04:30,,,31.514,27.644,59.328,85.02
28/09/2023 05:00,,,31.494,27.64,59.32,85.008
28/09/2023 05:30,,,31.516,27.636,59.324,85.012
28/09/2023 06:00,,,31.492,27.62,59.326,85.03
28/09/2023 06:30,,,31.514,27.654,59.334,85
28/09/2023 07:00,,,31.494,27.642,59.33,85.028
28/09/2023 07:30,,,31.528,27.634,59.318,85.01
28/09/2023 08:00,,,31.522,27.636,59.338,85.01
28/09/2023 08:30,,,31.522,27.654,59.31,85.024
28/09/2023 09:00,,,31.51,27.64,59.35,85
28/09/2023 09:30,,,31.522,27.65,59.322,85.016
28/09/2023 10:00,,,31.53,27.638,59.324,85.018
28/09/2023 10:30,,,31.526,27.646,59.324,85.02
28/09/2023 11:00,,,31.522,27.638,59.348,85.012
28/09/2023 11:30,,,31.524,27.65,59.322,85.032
28/09/2023 12:00,,,31.522,27.642,59.322,84.998
28/09/2023 12:30,,,31.524,27.644,59.342,85.022
28/09/2023 13:00,,,31.526,27.634,59.33,84.968
28/09/2023 13:30,,,31.518,27.648,59.318,84.936
28/09/2023 14:00,,,31.526,27.646,59.33,84.988
28/09/2023 14:30,,,31.516,27.64,59.326,84.984
28/09/2023 15:00,,,31.536,27.644,59.324,85.004
28/09/2023 15:30,,,31.514,27.644,59.334,84.972
28/09/2023 16:00,,,31.522,27.644,59.332,84.962
28/09/2023 16:30,,,31.528,27.638,59.312,84.988
28/09/2023 17:00,,,31.52,27.638,59.318,84.944
28/09/2023 17:30,,,31.522,27.646,59.322,84.996
28/09/2023 18:00,,,31.522,27.642,59.336,84.978
28/09/2023 18:30,,,31.534,27.644,59.332,85.01
28/09/2023 19:00,,,31.51,27.638,59.332,84.964
28/09/2023 19:30,,,31.526,27.638,59.324,84.966
28/09/2023 20:00,,,31.53,27.634,59.336,85.01
28/09/2023 20:30,,,31.518,27.644,59.32,85.006
28/09/2023 21:00,,,31.53,27.636,59.328,84.994
28/09/2023 21:30,,,31.512,27.644,59.33,84.998
28/09/2023 22:00,,,31.534,27.65,59.338,85.004
28/09/2023 22:30,,,31.532,27.642,59.32,85.008
28/09/2023 23:00,,,31.52,27.636,59.326,84.998
28/09/2023 23:30,,,31.524,27.65,59.336,85.02
29/09/2023 00:00,,,31.516,27.64,59.33,85.022
29/09/2023 00:30,,,31.534,27.65,59.334,85.036
29/09/2023 01:00,,,31.526,27.64,59.32,85.022
29/09/2023 01:30,,,31.522,27.648,59.34,85.034
29/09/2023 02:00,,,31.526,27.644,59.326,85.004
29/09/2023 02:30,,,31.528,27.646,59.338,85.022
29/09/2023 03:00,,,31.522,27.64,59.322,84.992
29/09/2023 03:30,,,31.53,27.644,59.336,85.024
29/09/2023 04:00,,,31.524,27.648,59.328,85.004
29/09/2023 04:30,,,31.524,27.646,59.338,85.006
29/09/2023 05:00,,,31.522,27.64,59.302,85.024
29/09/2023 05:30,,,31.524,27.636,59.352,85.012
29/09/2023 06:00,,,31.526,27.65,59.33,85.032
29/09/2023 06:30,,,31.526,27.638,59.32,85.006
29/09/2023 07:00,,,31.528,27.64,59.342,85.026
29/09/2023 07:30,,,31.526,27.634,59.32,85.036
29/09/2023 08:00,,,31.526,27.642,59.338,85.02
29/09/2023 08:30,,,31.528,27.65,59.332,85.02
29/09/2023 09:00,,,31.528,27.638,59.328,84.972
29/09/2023 09:30,,,2.934,0.53,7.918,9.71
29/09/2023 10:00,,,,,,
29/09/2023 10:30,,,,,,
29/09/2023 11:00,,,,,2.124,29.978
29/09/2023 11:30,,,26.746,26.928,59.03,84.038
29/09/2023 12:00,,,31.404,27.574,59.026,84.022
29/09/2023 12:30,,,31.412,27.558,58.996,84.05
29/09/2023 13:00,,,72.516,67.622,60.934,218.162
29/09/2023 13:30,,,103.382,102.92,60.712,351.204
29/09/2023 14:00,,,103.426,102.86,60.708,351.18
29/09/2023 14:30,,,103.354,102.894,60.744,351.188
29/09/2023 15:00,,,103.376,102.884,60.706,351.136
29/09/2023 15:30,,,103.482,102.74,60.788,351.25
29/09/2023 16:00,,,106.956,106.138,62.578,351.148
29/09/2023 16:30,,,136.346,133.79,78.532,351.096
29/09/2023 17:00,,,136.32,133.728,78.476,351.124
29/09/2023 17:30,,,136.348,133.772,78.482,351.148
29/09/2023 18:00,,,136.304,133.782,78.468,351.1
29/09/2023 18:30,,,136.342,133.712,78.482,351.006
29/09/2023 19:00,,,136.312,133.772,78.484,351.17
29/09/2023 19:30,,,136.312,133.702,78.454,351.142
29/09/2023 20:00,,,92.308,113.558,78.458,351.032
29/09/2023 20:30,,,39.368,78.542,78.386,142.394
29/09/2023 21:00,,,39.372,78.54,78.43,84.046
29/09/2023 21:30,,,38.36,74.058,78.432,84.018
29/09/2023 22:00,,,31.374,27.514,25.058,84.03
29/09/2023 22:30,,,31.364,27.53,15.77,84.024
29/09/2023 23:00,,,31.354,27.524,15.772,84.024
29/09/2023 23:30,,,31.362,27.528,15.782,84.026
30/09/2023 00:00,,,31.358,27.526,15.774,84.06
30/09/2023 00:30,,,41.53,27.54,15.786,84.016
30/09/2023 01:00,,,73.368,27.568,33.846,84.036
30/09/2023 01:30,,,136.114,27.648,59.098,110.054
30/09/2023 02:00,,,136.16,27.65,59.07,129.908
30/09/2023 02:30,,,134.744,36.79,66.52,137.386
30/09/2023 03:00,,,123.542,75.518,60.418,259.204
30/09/2023 03:30,,,116.028,77.67,70.574,268.994
30/09/2023 04:00,,,134.724,76.352,64.176,204.562
30/09/2023 04:30,,,106.93,59.818,48.606,143.576
30/09/2023 05:00,,,64.138,38.102,49.752,120.918
30/09/2023 05:30,,,68.76,40.28,42.126,127.926
30/09/2023 06:00,,,63.494,38.912,44.16,139.184
30/09/2023 06:30,,,54.608,35.444,36.992,141.36
30/09/2023 07:00,,,39.212,26.934,25.49,94.328
30/09/2023 07:30,,,24.498,12.89,17.69,45.902
30/09/2023 08:00,,,20.116,9.214,12.952,33.51
30/09/2023 08:30,,,9.054,3.376,7.466,21.58
30/09/2023 09:00,,,0.36,0.568,2.582,7.42
30/09/2023 09:30,,,,,,
30/09/2023 10:00,,,,,,
30/09/2023 10:30,,,,,,
30/09/2023 11:00,,,,,,
30/09/2023 11:30,,,,,,
30/09/2023 12:00,,,,,,
30/09/2023 12:30,,,,,,
30/09/2023 13:00,,,,0.408,,
30/09/2023 13:30,,,6.028,3.754,3.08,10.226
30/09/2023 14:00,,,5.27,5.396,1.848,10.092
30/09/2023 14:30,,,4.152,5.002,2.264,13.16
30/09/2023 15:00,,,4.814,4.852,2.774,16.512
30/09/2023 15:30,,,6.77,7.988,4.212,24.476
30/09/2023 16:00,,,10.734,7.898,7.502,30.762
30/09/2023 16:30,,,14.056,9.782,8.762,36.322
30/09/2023 17:00,,,23.838,14.084,14.764,54.532
30/09/2023 17:30,,,25.284,21.256,14.668,65.606
30/09/2023 18:00,,,28.026,23.28,19.318,71.966
30/09/2023 18:30,,,46.142,28.82,32.362,94.268
30/09/2023 19:00,,,67.99,46.632,37.708,158.758
30/09/2023 19:30,,,78.826,53.284,43.516,136.094
30/09/2023 20:00,,,73.816,53.136,38.068,153.014
30/09/2023 20:30,,,91.956,67.816,53.102,193.194
30/09/2023 21:00,,,96.568,66.232,56.458,201.55
30/09/2023 21:30,,,75.074,61.388,44.278,179.344
30/09/2023 22:00,,,64.226,48.398,40.848,145.998
30/09/2023 22:30,,,73.524,55.288,45.074,175.816
30/09/2023 23:00,,,40.294,36.476,22.876,97.168
30/09/2023 23:30,,,31.36,27.518,15.772,84.082
01/10/2023 00:00,,,31.358,27.514,15.778,84.064
01/10/2023 00:30,,,31.36,27.536,15.782,84.022
01/10/2023 01:00,,,31.362,27.516,15.786,84.044
01/10/2023 01:30,,,31.362,27.532,15.778,84.006
01/10/2023 02:00,,,31.362,27.516,15.774,84.04
01/10/2023 02:30,,,31.354,27.528,15.788,84.014
01/10/2023 03:00,,,31.364,27.522,15.776,84.012
01/10/2023 03:30,,,31.354,27.516,15.78,84.02
01/10/2023 04:00,,,31.364,27.53,15.78,84.046
01/10/2023 04:30,,,31.362,27.53,15.776,84.034
01/10/2023 05:00,,,31.368,27.522,15.784,84.032
01/10/2023 05:30,,,31.352,27.526,15.782,84.026
01/10/2023 06:00,,,31.342,27.532,15.774,84.042
01/10/2023 06:30,,,31.344,27.522,15.762,71.55
01/10/2023 07:00,,,26.326,20.574,11.99,45.432
01/10/2023 07:30,,,31.336,27.298,15.712,58.464
01/10/2023 08:00,,,31.34,27.482,15.758,80.544
01/10/2023 08:30,,,31.336,27.522,15.772,84.02
01/10/2023 09:00,,,31.334,27.534,15.778,84.072
01/10/2023 09:30,,,111.864,90.324,45.692,150.86
01/10/2023 10:00,,,111.59,85.078,63.998,271.928
01/10/2023 10:30,,,114.402,38.284,25.982,262.556
01/10/2023 11:00,,,38.136,27.532,15.766,307.188
01/10/2023 11:30,,,34.294,27.532,15.778,320.088
01/10/2023 12:00,,,34.3,27.524,15.766,150.872
01/10/2023 12:30,,,34.298,27.534,15.774,84.052
01/10/2023 13:00,,,34.298,27.536,15.776,84.022
01/10/2023 13:30,,,34.276,27.526,15.768,84.04
01/10/2023 14:00,,,34.274,27.514,15.76,133.108
01/10/2023 14:30,,,34.244,27.53,15.764,326.734
01/10/2023 15:00,,,34.258,27.514,15.758,275.554
01/10/2023 15:30,,,34.326,71,33.762,292.426
01/10/2023 16:00,,,34.402,84.824,62.87,214.192
01/10/2023 16:30,,,34.422,96.916,65.086,201.178
01/10/2023 17:00,,,83.776,76.36,65.734,166.524
01/10/2023 17:30,,,118.206,90.292,63.274,164.922
01/10/2023 18:00,,,114.016,80.544,69.084,164.848
01/10/2023 18:30,,,82.714,96.242,71.536,179.244
01/10/2023 19:00,,,68.256,68.68,62.798,279.23
01/10/2023 19:30,,,65.28,27.57,44.682,308.288
01/10/2023 20:00,,,119.41,93.212,73.148,307.746
01/10/2023 20:30,,,136.178,90.32,78.264,276.434
01/10/2023 21:00,,,93.81,67.768,54.576,235.286
01/10/2023 21:30,,,54.016,63.398,29.73,164.932
01/10/2023 22:00,,,53.954,52.538,29.614,151.882
01/10/2023 22:30,,,53.944,27.546,29.578,136.49
01/10/2023 23:00,,,53.924,27.55,29.566,111.624
01/10/2023 23:30,,,40.89,31.766,21.864,98.754
02/10/2023 00:00,,,31.338,37.302,15.774,84.076
02/10/2023 00:30,,,31.354,39.972,15.768,84.08
02/10/2023 01:00,,,31.316,23.486,15.766,83.746
02/10/2023 01:30,,,26.314,17.574,14.148,83.352
02/10/2023 02:00,,,26.786,15.118,14.256,83.204
02/10/2023 02:30,,,31.286,23.232,15.454,84.146
02/10/2023 03:00,,,31.344,61.576,15.786,84.024
02/10/2023 03:30,,,31.396,73.87,15.788,84.014
02/10/2023 04:00,,,31.362,55.008,15.782,84.024
02/10/2023 04:30,,,31.356,48.666,15.782,84.038
02/10/2023 05:00,,,31.346,48.934,15.782,84.046
02/10/2023 05:30,,,31.372,56.876,15.778,84.02
02/10/2023 06:00,,,31.358,47.624,15.78,84.038
02/10/2023 06:30,,,31.378,64.86,15.778,84.03
02/10/2023 07:00,,,31.384,77.018,15.802,84.016
02/10/2023 07:30,,,31.408,84.452,15.79,84.026
02/10/2023 08:00,,,31.442,89.308,36.354,84.04
02/10/2023 08:30,,,31.434,80.192,43.604,84.024
02/10/2023 09:00,,,31.448,81.716,45.25,26.198
02/10/2023 09:30,,,31.44,79.622,56.926,
02/10/2023 10:00,,,31.468,89.29,58.768,
02/10/2023 10:30,,,31.36,28.614,22.956,
02/10/2023 11:00,,,31.334,27.524,15.766,
02/10/2023 11:30,,,31.346,27.522,15.77,
02/10/2023 12:00,,,31.34,27.536,15.774,
02/10/2023 12:30,,,31.338,27.526,15.774,
02/10/2023 13:00,,,31.342,27.536,15.768,
02/10/2023 13:30,,,31.334,27.526,15.77,
02/10/2023 14:00,,,31.332,27.538,15.774,
02/10/2023 14:30,,,31.348,27.524,15.774,
02/10/2023 15:00,,,31.352,27.522,15.772,
02/10/2023 15:30,,,31.316,27.52,15.77,
02/10/2023 16:00,,,31.32,27.538,24.268,
02/10/2023 16:30,,,31.344,63.86,41.126,
02/10/2023 17:00,,,31.398,83.806,24.976,
02/10/2023 17:30,,,33.314,94.212,29.104,
02/10/2023 18:00,,,46.608,79.454,19.386,
02/10/2023 18:30,,,31.756,29.322,18.876,30.402
02/10/2023 19:00,,,31.294,27.528,24.292,84.058
02/10/2023 19:30,,,31.66,27.532,29.676,84.148
02/10/2023 20:00,,,71.762,98.42,41.87,112.596
02/10/2023 20:30,,,88.682,100.808,44.1,259.86
02/10/2023 21:00,,,60.77,41.892,15.786,183.624
02/10/2023 21:30,,,60.818,28.54,15.776,194.554
02/10/2023 22:00,,,66.672,51.24,17.096,170.558
02/10/2023 22:30,,,90.852,54.026,41.784,147.688
02/10/2023 23:00,,,34.79,53.404,40.164,88.198
02/10/2023 23:30,,,31.354,27.546,25.78,84.07
03/10/2023 00:00,,,31.338,27.518,15.778,84.112
03/10/2023 00:30,,,31.354,27.526,15.776,84.094
03/10/2023 01:00,,,31.358,27.532,15.772,84.064
03/10/2023 01:30,,,31.366,27.522,15.778,84.086
03/10/2023 02:00,,,31.362,27.532,15.78,84.074
03/10/2023 02:30,,,31.36,27.532,15.778,84.092
03/10/2023 03:00,,,31.35,27.536,15.786,84.086
03/10/2023 03:30,,,31.38,27.532,15.784,84.088
03/10/2023 04:00,,,31.35,27.53,15.782,84.104
03/10/2023 04:30,,,31.364,27.532,15.78,84.094
03/10/2023 05:00,,,31.368,27.53,15.778,84.092
03/10/2023 05:30,,,31.362,27.536,15.784,84.08
03/10/2023 06:00,,,31.364,27.528,15.772,84.108
03/10/2023 06:30,,,31.362,27.532,15.788,84.072
03/10/2023 07:00,,,31.366,27.534,15.786,88.356
03/10/2023 07:30,,,31.358,27.53,15.778,203.256
03/10/2023 08:00,,,31.34,27.532,15.778,239.34
03/10/2023 08:30,,,31.276,26.9,15.114,319.412
03/10/2023 09:00,,,,,,351.126
03/10/2023 09:30,,,,,,348.372
03/10/2023 10:00,,,,,,348.538
03/10/2023 10:30,,,,,,282.818
03/10/2023 11:00,,,,,,124.258
03/10/2023 11:30,,,,,,84.06
03/10/2023 12:00,,,,,,84.054
03/10/2023 12:30,,,,,,84.014
03/10/2023 13:00,,,,,,84.03
03/10/2023 13:30,,,,,,84.008
03/10/2023 14:00,,,,,,84.05
03/10/2023 14:30,,,,,,84.03
03/10/2023 15:00,,,,,,84.04
03/10/2023 15:30,,,11.366,8.652,1.692,84.038
03/10/2023 16:00,,,31.36,27.538,15.79,84.03
03/10/2023 16:30,,,31.364,27.524,15.778,84.046
03/10/2023 17:00,,,31.354,27.538,15.79,84.026
03/10/2023 17:30,,,31.364,27.534,15.776,84.012
03/10/2023 18:00,,,31.362,27.53,15.786,84.068
03/10/2023 18:30,,,31.364,27.528,15.78,84.006
03/10/2023 19:00,,,31.398,63.11,15.79,178.078
03/10/2023 19:30,,,31.378,27.526,15.78,193.3
03/10/2023 20:00,,,31.382,47.304,15.784,149.88
03/10/2023 20:30,,,31.478,124.712,15.772,255.892
03/10/2023 21:00,,,31.41,69.128,15.786,229.006
03/10/2023 21:30,,,31.38,27.518,15.784,199.834
03/10/2023 22:00,,,31.464,114.81,15.788,199.788
03/10/2023 22:30,,,31.408,59.532,15.78,123.744
03/10/2023 23:00,,,31.38,33.24,15.788,84.052
03/10/2023 23:30,,,31.352,27.526,15.782,84.014
04/10/2023 00:00,,,31.37,27.528,15.778,84.042
04/10/2023 00:30,,,31.358,27.536,15.778,84.03
04/10/2023 01:00,,,31.376,27.528,15.786,84.026
04/10/2023 01:30,,,31.354,27.526,15.782,84.052
04/10/2023 02:00,,,31.378,27.538,15.784,84.032
04/10/2023 02:30,,,31.356,27.538,15.778,84.024
04/10/2023 03:00,,,31.36,27.522,15.782,84.03
04/10/2023 03:30,,,31.366,27.52,15.778,84.038
04/10/2023 04:00,,,31.344,27.52,15.772,84.046
04/10/2023 04:30,,,31.362,27.518,15.784,84.028
04/10/2023 05:00,,,31.354,27.522,15.784,84.042
04/10/2023 05:30,,,31.37,27.526,15.776,84.028
04/10/2023 06:00,,,31.37,27.532,15.786,84.032
04/10/2023 06:30,,,31.362,27.53,15.784,84.04
04/10/2023 07:00,,,31.376,27.528,15.776,84.022
04/10/2023 07:30,,,31.37,27.536,15.786,84.048
04/10/2023 08:00,,,31.352,27.522,15.782,28.35
04/10/2023 08:30,,,98.186,71.83,33.492,
04/10/2023 09:00,,,136.4,133.822,78.532,
04/10/2023 09:30,,,136.344,133.81,78.506,
04/10/2023 10:00,,,136.392,133.776,78.53,
04/10/2023 10:30,,,136.172,56.788,78.444,
04/10/2023 11:00,,,136.1,27.658,78.416,
04/10/2023 11:30,,,136.098,27.654,78.422,
04/10/2023 12:00,,,42.072,27.536,24.462,
04/10/2023 12:30,,,31.348,27.534,15.774,
04/10/2023 13:00,,,31.36,27.516,15.772,
04/10/2023 13:30,,,31.346,27.532,15.776,
04/10/2023 14:00,,,107.52,99.116,60.606,
04/10/2023 14:30,,,130.788,110.304,72.698,
04/10/2023 15:00,,,134.966,109.174,73.972,
04/10/2023 15:30,,,136.164,109.774,75.692,
04/10/2023 16:00,,,136.154,113.808,75.532,
04/10/2023 16:30,,,129.974,118.086,72.114,
04/10/2023 17:00,,,133.53,124.826,73.132,
04/10/2023 17:30,,,134.674,128.128,64.338,
04/10/2023 18:00,,,130.888,119.43,59.21,
04/10/2023 18:30,,,136.056,131.568,72.764,
04/10/2023 19:00,,,128.174,125.688,61.488,
04/10/2023 19:30,,,111.732,111.124,67.918,
04/10/2023 20:00,,,135.414,122.656,76.408,
04/10/2023 20:30,,,136.23,124.076,76.354,
04/10/2023 21:00,,,135.156,115.752,72.04,
04/10/2023 21:30,,,123.78,101.904,61.944,
04/10/2023 22:00,,,102.048,86.764,50.56,
04/10/2023 22:30,,,88.714,82.126,45.764,
04/10/2023 23:00,,,89.914,84.19,36.862,
04/10/2023 23:30,,,73.206,64,37.862,
05/10/2023 00:00,,,73.662,73.958,46.592,
05/10/2023 00:30,,,88.578,68.224,46.118,
05/10/2023 01:00,,,70.956,61.502,37.014,
05/10/2023 01:30,,,50.704,47.432,28.556,
05/10/2023 02:00,,,31.334,27.514,15.758,
05/10/2023 02:30,,,28.204,27.464,15.702,
05/10/2023 03:00,,,29.94,21.518,15.792,
05/10/2023 03:30,,,27.91,23.356,15.53,
05/10/2023 04:00,,,29.686,23.782,14.626,
05/10/2023 04:30,,,28.122,17.646,10.794,
05/10/2023 05:00,,,20.268,13.194,10.302,
05/10/2023 05:30,,,13.988,9.482,8.836,
05/10/2023 06:00,,,10.588,9.276,6.288,
05/10/2023 06:30,,,10.808,8.69,6.986,
05/10/2023 07:00,,,8.408,11.064,3.948,
05/10/2023 07:30,,,7.98,9.282,2.748,
05/10/2023 08:00,,,5.688,7.512,1.152,
05/10/2023 08:30,,,1.352,0.746,0.442,
05/10/2023 09:00,,,2.878,1.286,1.776,
05/10/2023 09:30,,,7.452,5.3,4.35,
05/10/2023 10:00,,,14.72,13.168,8.364,
05/10/2023 10:30,,,16.03,19.69,8.676,
05/10/2023 11:00,,,23.93,21.79,14.69,
05/10/2023 11:30,,,41.152,36.674,26.184,
05/10/2023 12:00,,,68.17,65.164,44.712,
05/10/2023 12:30,,,97.15,92.56,60.328,
05/10/2023 13:00,,,106.122,105.54,64.738,
05/10/2023 13:30,,,92.732,97.55,55.684,
05/10/2023 14:00,,,119.23,95.872,66.368,
05/10/2023 14:30,,,136.252,120.292,77.468,
05/10/2023 15:00,,,65.758,61.714,37.96,
05/10/2023 15:30,,,31.348,27.522,15.772,
05/10/2023 16:00,,,31.36,27.526,15.782,
05/10/2023 16:30,,,31.352,27.52,15.774,
05/10/2023 17:00,,,31.356,27.528,15.782,
05/10/2023 17:30,,,31.362,27.518,15.78,
05/10/2023 18:00,,,31.346,27.536,15.774,
05/10/2023 18:30,,,31.36,27.53,15.776,
05/10/2023 19:00,,,31.354,27.528,15.782,
05/10/2023 19:30,,,31.362,27.53,15.778,
05/10/2023 20:00,,,31.37,27.534,15.782,
05/10/2023 20:30,,,31.35,27.528,15.784,
05/10/2023 21:00,,,31.37,27.536,15.782,
05/10/2023 21:30,,,31.366,27.524,15.776,
05/10/2023 22:00,,,31.356,27.53,15.772,
05/10/2023 22:30,,,31.356,27.534,15.792,
05/10/2023 23:00,,,31.368,27.526,15.778,
05/10/2023 23:30,,,31.354,27.536,15.782,
06/10/2023 00:00,,,31.366,27.532,15.776,
06/10/2023 00:30,,,31.352,27.532,15.776,
06/10/2023 01:00,,,31.358,27.526,15.79,
06/10/2023 01:30,,,31.366,27.536,15.774,
06/10/2023 02:00,,,31.356,27.528,15.782,
06/10/2023 02:30,,,31.366,27.528,15.776,
06/10/2023 03:00,,,31.35,27.53,15.782,
06/10/2023 03:30,,,31.362,27.534,15.784,
06/10/2023 04:00,,,31.364,27.53,15.778,
06/10/2023 04:30,,,31.356,27.534,15.778,
06/10/2023 05:00,,,31.354,27.522,15.786,
06/10/2023 05:30,,,31.362,27.53,15.778,
06/10/2023 06:00,,,31.364,27.534,15.78,
06/10/2023 06:30,,,31.362,27.532,15.78,
06/10/2023 07:00,,,31.366,27.53,15.778,
06/10/2023 07:30,,,31.354,27.538,15.786,
06/10/2023 08:00,,,31.37,27.522,15.776,
06/10/2023 08:30,,,31.368,27.54,15.778,
06/10/2023 09:00,,,31.354,27.526,15.78,
06/10/2023 09:30,,,31.362,27.52,15.78,
06/10/2023 10:00,,,31.37,27.538,15.784,
06/10/2023 10:30,,,31.35,27.536,15.78,
06/10/2023 11:00,,,31.376,27.526,15.784,
06/10/2023 11:30,,,31.358,27.536,15.782,
06/10/2023 12:00,,,31.364,27.526,15.778,
06/10/2023 12:30,,,31.362,27.542,15.78,
06/10/2023 13:00,,,31.37,27.53,15.782,
06/10/2023 13:30,,,31.354,27.526,15.784,
06/10/2023 14:00,,,31.374,27.52,15.776,
06/10/2023 14:30,,,31.358,27.536,15.778,
06/10/2023 15:00,,,89.356,81.828,15.818,
06/10/2023 15:30,,,136.358,134.76,51.448,
06/10/2023 16:00,,,136.368,132.708,78.518,
06/10/2023 16:30,,,136.266,109.622,75.848,
06/10/2023 17:00,,,110.246,53.456,64.082,
06/10/2023 17:30,,,72.03,76.234,29.464,
06/10/2023 18:00,,,106.46,116,47.56,
06/10/2023 18:30,,,127.332,111.882,70.364,
06/10/2023 19:00,,,112.526,102.176,59.782,
06/10/2023 19:30,,,116.64,98.74,54.882,
06/10/2023 20:00,,,79.936,74.576,47.578,
06/10/2023 20:30,,,76.964,65.124,39.472,
06/10/2023 21:00,,,63,47.592,32.634,9.018
06/10/2023 21:30,,,52.52,41.35,30.336,
06/10/2023 22:00,,,39.424,27.05,22.956,36.416
06/10/2023 22:30,,,28.764,17.81,21.738,86.412
06/10/2023 23:00,,,27.898,18.874,16.788,52.636
06/10/2023 23:30,,,33.804,27.592,15.272,61.076
07/10/2023 00:00,,,34.83,20.088,16.368,58.44
07/10/2023 00:30,,,30.356,24.844,15.336,47.26
07/10/2023 01:00,,,39.772,30.544,18.626,73.912
07/10/2023 01:30,,,39.462,34.032,19.116,70.21
07/10/2023 02:00,,,42.036,39.788,17.854,76.078
07/10/2023 02:30,,,41.292,34.146,18.126,80.324
07/10/2023 03:00,,,32.148,26.804,18.162,72.74
07/10/2023 03:30,,,27.684,18.49,11.978,45.278
07/10/2023 04:00,,,24.188,17.192,9.286,37.41
07/10/2023 04:30,,,44.718,39.228,20.286,67.672
07/10/2023 05:00,,,54.972,44.14,25.056,92.376
07/10/2023 05:30,,,50.44,34.814,20.29,81.858
07/10/2023 06:00,,,64.012,27.554,15.792,76.104
07/10/2023 06:30,,,73.174,27.558,15.79,76.124
07/10/2023 07:00,,,106.484,27.596,15.812,76.09
07/10/2023 07:30,,,133.128,27.634,15.818,76.088
07/10/2023 08:00,,,135.512,27.622,15.83,76.084
07/10/2023 08:30,,,135.726,27.634,15.826,76.128
07/10/2023 09:00,,,31.354,27.536,15.778,76.104
07/10/2023 09:30,,,31.356,27.536,15.79,76.108
07/10/2023 10:00,,,31.346,27.536,15.786,76.108
07/10/2023 10:30,,,31.366,27.54,15.782,76.106
07/10/2023 11:00,,,31.35,27.536,15.79,76.086
07/10/2023 11:30,,,31.368,27.53,15.784,76.126
07/10/2023 12:00,,,31.366,27.544,15.782,76.098
07/10/2023 12:30,,,31.364,27.534,15.792,76.112
07/10/2023 13:00,,,31.366,27.534,15.78,76.076
07/10/2023 13:30,,,31.37,27.546,15.786,76.112
07/10/2023 14:00,,,31.376,27.542,15.786,76.082
07/10/2023 14:30,,,31.37,27.53,15.782,76.106
07/10/2023 15:00,,,31.356,27.546,15.786,76.098
07/10/2023 15:30,,,31.376,27.53,15.792,76.084
07/10/2023 16:00,,,31.366,27.538,15.784,76.102
07/10/2023 16:30,,,31.366,27.536,15.782,76.12
07/10/2023 17:00,,,45.906,27.56,23.99,101.73
07/10/2023 17:30,,,57.546,39.31,24.528,91.968
07/10/2023 18:00,,,47.958,38.798,24.73,89.974
07/10/2023 18:30,,,50.226,39.902,23.964,94.074
07/10/2023 19:00,,,49.392,37.02,23.74,92.43
07/10/2023 19:30,,,61.174,47.426,29.52,110.368
07/10/2023 20:00,,,74.074,75.32,30.198,145.806
07/10/2023 20:30,,,101.328,69.426,49.238,173.684
07/10/2023 21:00,,,80.086,66.094,38.53,145.158
07/10/2023 21:30,,,71.772,49.152,40.518,135.666
07/10/2023 22:00,,,47.886,35.83,28.656,100.166
07/10/2023 22:30,,,55.744,43.568,22.306,83.52
07/10/2023 23:00,,,64.006,63.532,29.502,104.812
07/10/2023 23:30,,,63.206,51.238,29.04,109.356
08/10/2023 00:00,,,55,49.492,25.182,106.216
08/10/2023 00:30,,,48.456,43.782,22.666,97.446
08/10/2023 01:00,,,81.186,63.354,39.652,161.76
08/10/2023 01:30,22.6,6.264,39.254,41.23,28.966,109.27
08/10/2023 02:00,86.1,21.176,39.238,46.5,28.382,120.718
08/10/2023 02:30,74.646,18.108,38.59,27.91,21.716,100.916
08/10/2023 03:00,80.274,17.524,36.414,23.93,20.792,105.812
08/10/2023 03:30,89.074,17.324,37.982,33.124,17.046,105.406
08/10/2023 04:00,92.614,18.63,38.912,42.988,23.56,116.062
08/10/2023 04:30,102.154,24.888,39.23,44.662,25.126,129.386
08/10/2023 05:00,94.362,28.24,39.208,39.164,30.598,137.65
08/10/2023 05:30,94.528,23.51,39.212,39.738,24.728,145.212
08/10/2023 06:00,127.922,29.704,39.272,61.422,34.188,197.358
08/10/2023 06:30,157.234,38.442,39.356,103.362,50.028,207.76
08/10/2023 07:00,188.546,44.586,39.44,126.484,67.236,207.862
08/10/2023 07:30,184.59,44.654,39.402,97.064,72.004,200.03
08/10/2023 08:00,129.968,29.07,39.336,83.844,48.108,191.16
08/10/2023 08:30,191.506,45.554,39.438,115.026,72.5,207.814
08/10/2023 09:00,182.87,44.948,39.382,92.666,68.834,207.018
08/10/2023 09:30,152.722,38.538,39.358,87.758,52.764,206.642
08/10/2023 10:00,191.368,46.416,39.444,120.246,73.182,207.832
08/10/2023 10:30,200.562,49.002,39.454,132.436,78.332,207.79
08/10/2023 11:00,200.544,49.032,39.458,134.528,78.462,207.812
08/10/2023 11:30,200.548,49.006,39.466,134.518,78.378,207.824
08/10/2023 12:00,200.526,49.032,39.454,134.542,78.414,207.852
08/10/2023 12:30,200.086,49.014,39.468,134.434,78.402,207.836
08/10/2023 13:00,197.486,48.994,39.46,134.528,78.414,207.814
08/10/2023 13:30,191.252,48.966,39.458,134.542,72.728,207.842
08/10/2023 14:00,166.804,35.102,39.35,112.762,66.326,207.89
08/10/2023 14:30,193.026,41.972,39.044,103.674,66.226,207.826
08/10/2023 15:00,179.902,47.994,39.424,112.702,76.946,203.794
08/10/2023 15:30,111.38,31.264,39.322,62.182,50.112,114.406
08/10/2023 16:00,76.646,19.804,39.274,48.862,31.77,94.004
08/10/2023 16:30,67.708,18.33,39.256,41.636,29.82,83.196
08/10/2023 17:00,50.77,13.116,37.746,35.878,19.908,82.936
08/10/2023 17:30,55.11,16.398,39.218,33.966,25.876,77.406
08/10/2023 18:00,34.236,11.588,38.142,34.748,20.208,66.286
08/10/2023 18:30,14.348,5.458,22.822,16.334,8.354,40.68
08/10/2023 19:00,13.066,4.858,23.95,24.62,8.072,57.502
08/10/2023 19:30,13.638,6.648,19.798,28.972,8.78,52.268
08/10/2023 20:00,20.136,4.944,18.522,56.464,6.842,77.868
08/10/2023 20:30,39.474,9.212,35.102,69.13,10.222,95.748
08/10/2023 21:00,79.96,14.63,38.862,48.602,17.074,98.08
08/10/2023 21:30,93.146,27.432,38.646,27.736,28.67,86.434
08/10/2023 22:00,56.54,15.876,28.718,19.636,14.26,36.18
08/10/2023 22:30,41.618,7.718,19.102,9.142,5.294,20.898
08/10/2023 23:00,20.528,8.15,13.44,5.538,5.018,20.116
08/10/2023 23:30,14.49,8.08,13.042,3.648,7.62,18.438
09/10/2023 00:00,17.076,6.76,12.482,5.264,7.196,15.164
09/10/2023 00:30,28.102,9.782,19.12,6.97,12.388,22.404
09/10/2023 01:00,45.608,12.374,16.694,5.366,16.032,23.286
09/10/2023 01:30,63.454,9.756,23.596,10.834,11.12,41.126
09/10/2023 02:00,37.66,19.802,25.026,12.122,18.686,35.822
09/10/2023 02:30,16.02,6.652,7.502,1.666,3.488,7.912
09/10/2023 03:00,6.51,0.692,0.418,,0.988,
09/10/2023 03:30,4.996,0.526,,,0.038,0.258
09/10/2023 04:00,5.222,1.094,,,0.624,
09/10/2023 04:30,3.3,,,,,
09/10/2023 05:00,,,,,,
09/10/2023 05:30,,,,,,
09/10/2023 06:00,,,,,,
09/10/2023 06:30,,,1.478,2.062,0.356,0.37
09/10/2023 07:00,2.95,2.164,5.932,9.93,3.286,9.69
09/10/2023 07:30,6.288,3.604,15.094,16.736,5.562,19.45
09/10/2023 08:00,10.314,3.534,14.368,11.404,6.258,
09/10/2023 08:30,11.87,3.066,10.63,14.78,5.1,
09/10/2023 09:00,10.038,4.418,3.51,4.654,2.816,
09/10/2023 09:30,5.474,1.502,3.134,1.5,1.424,
09/10/2023 10:00,2.788,1.414,1.514,3.57,1.21,
09/10/2023 10:30,,,,,,
09/10/2023 11:00,,,,,,
09/10/2023 11:30,,,,,,
09/10/2023 12:00,,,,,,
09/10/2023 12:30,,,,,,
09/10/2023 13:00,,,,,,
09/10/2023 13:30,,,,,,
09/10/2023 14:00,,,,,,
09/10/2023 14:30,3.632,,,0.762,0.336,
09/10/2023 15:00,7.876,1.516,1.648,3.548,2.406,
09/10/2023 15:30,11.284,2.942,3.45,5.862,3.592,
09/10/2023 16:00,19.302,7.746,9.562,8.988,8.228,
09/10/2023 16:30,16.404,10.732,16.138,11.496,11.882,
09/10/2023 17:00,12.694,8.198,18.342,14.214,9.188,
09/10/2023 17:30,20.13,7.118,17.964,14.362,4.116,
09/10/2023 18:00,32.468,11.51,24.856,11.398,9.968,
09/10/2023 18:30,40.726,17.25,27.15,14.514,15.14,
09/10/2023 19:00,56.196,29.178,40.682,23.89,23.046,
09/10/2023 19:30,67.928,32.632,51.738,41.212,26.632,
09/10/2023 20:00,89.93,37.008,61.412,47.25,33.31,
09/10/2023 20:30,93.6,36.362,68.49,55.194,32.29,
09/10/2023 21:00,77.514,29.578,67.26,60.486,30.374,
09/10/2023 21:30,59.168,31.98,64.606,53.9,24.102,3.61
09/10/2023 22:00,49.722,24.208,54.202,47.82,20.084,29.11
09/10/2023 22:30,50.298,19.618,40.894,44.234,19.02,43.072
09/10/2023 23:00,55.55,26.886,39.152,33.94,25.926,47.77
09/10/2023 23:30,62.68,32.72,39.238,51.866,33.274,72.446
10/10/2023 00:00,67.838,27.17,36.868,43.464,26.662,84.45
10/10/2023 00:30,109.594,30.138,30.894,34.704,28.882,130.398
10/10/2023 01:00,130.058,37.156,39.238,46.87,42.658,196.272
10/10/2023 01:30,146.41,51.242,39.336,87.434,49.206,188.274
10/10/2023 02:00,168.97,34.372,39.332,85.214,41.242,204.794
10/10/2023 02:30,180.95,61.918,39.4,118.14,61.174,207.8
10/10/2023 03:00,184.226,65.436,39.436,126.016,78.226,207.878
10/10/2023 03:30,184.798,64.892,39.452,134.582,76.792,207.812
10/10/2023 04:00,184.454,65.18,39.452,134.552,78.444,207.858
10/10/2023 04:30,184.438,65.248,39.46,134.556,78.39,207.772
10/10/2023 05:00,183.95,65.688,39.438,134.56,78.37,207.798
10/10/2023 05:30,181.82,66.988,39.428,119.72,75.612,207.822
10/10/2023 06:00,178.28,62.7,39.42,109.986,66.138,205.68
10/10/2023 06:30,177.864,53.048,39.398,114.166,61.414,204.286
10/10/2023 07:00,173.57,54.336,39.368,93.01,60.164,207.792
10/10/2023 07:30,189.124,57.838,39.432,129.426,70.94,207.844
10/10/2023 08:00,182.868,66.822,39.464,133.302,78.348,207.798
10/10/2023 08:30,182.738,66.914,39.438,132.03,78.39,207.87
10/10/2023 09:00,182.986,66.7,39.466,133.692,77.632,207.776
10/10/2023 09:30,182.22,67.192,39.43,118.822,75.906,207.8
10/10/2023 10:00,183.626,66.014,39.448,131.102,78.388,207.77
10/10/2023 10:30,182.762,66.524,39.456,134.474,78.398,187.698
10/10/2023 11:00,181.652,67.722,114.506,134.658,78.448,
10/10/2023 11:30,178.686,68.41,136.296,134.582,78.41,
10/10/2023 12:00,172.248,68.39,136.268,134.594,78.452,
10/10/2023 12:30,173.902,68.406,136.264,134.6,78.404,
10/10/2023 13:00,175.292,68.442,136.19,134.536,78.424,
10/10/2023 13:30,175.974,68.402,136.29,131.044,78.444,
10/10/2023 14:00,181.294,50.22,67.246,114.352,66.474,
10/10/2023 14:30,177.932,49.064,31.314,27.518,15.762,
10/10/2023 15:00,174.38,49.104,31.336,27.522,15.762,
10/10/2023 15:30,177.634,49.082,31.336,27.528,15.764,
10/10/2023 16:00,194.756,49.078,31.358,27.516,15.774,
10/10/2023 16:30,192.048,49.102,31.362,27.53,15.774,
10/10/2023 17:00,194.274,49.136,31.354,27.522,15.766,
10/10/2023 17:30,195.172,49.096,31.36,27.518,15.776,
10/10/2023 18:00,195.168,49.1,31.342,27.53,15.78,
10/10/2023 18:30,195.172,49.124,31.338,27.534,15.758,
10/10/2023 19:00,193.81,49.104,31.342,27.514,15.784,
10/10/2023 19:30,195.174,49.116,31.36,27.522,15.766,
10/10/2023 20:00,186.192,48.962,31.354,27.518,15.784,
10/10/2023 20:30,195.148,49.096,31.354,27.518,15.766,16.836
10/10/2023 21:00,186.756,47.344,31.354,27.528,15.784,72.31
10/10/2023 21:30,194.838,48.644,31.364,27.524,15.772,75.892
10/10/2023 22:00,194.212,48.544,31.358,27.518,15.774,76.064
10/10/2023 22:30,141.782,46.9,31.366,27.522,15.776,76.044
10/10/2023 23:00,84.756,21.96,31.332,27.52,15.756,75.998
10/10/2023 23:30,106.26,24.262,31.154,27.528,15.758,76.056
11/10/2023 00:00,150.428,43.162,31.338,27.514,15.776,76.026
11/10/2023 00:30,85.936,44.83,31.354,27.522,15.78,76.042
11/10/2023 01:00,58.97,44.598,31.362,27.522,15.776,76.062
11/10/2023 01:30,58.99,42.374,31.352,27.516,15.774,76.06
11/10/2023 02:00,58.978,30.81,31.35,27.522,15.77,76.026
11/10/2023 02:30,58.962,,31.36,27.53,15.778,76.026
11/10/2023 03:00,58.93,,31.362,27.52,15.774,76.02
11/10/2023 03:30,58.944,,31.358,27.53,15.786,76.044
11/10/2023 04:00,58.966,,31.362,27.522,15.774,76.024
11/10/2023 04:30,58.938,,31.362,27.52,15.776,76.04
11/10/2023 05:00,58.964,,31.358,27.538,15.778,76.02
11/10/2023 05:30,58.95,,31.362,27.522,15.774,76.054
11/10/2023 06:00,58.952,,31.364,27.528,15.782,76.036
11/10/2023 06:30,58.968,,31.362,27.524,15.774,76.026
11/10/2023 07:00,58.948,,31.372,27.522,15.778,76.042
11/10/2023 07:30,58.952,,30.952,27.528,15.78,76.04
11/10/2023 08:00,58.954,,,,,76.032
11/10/2023 08:30,58.958,,,,,76.032
11/10/2023 09:00,58.996,,,,,76.026
11/10/2023 09:30,58.972,,,,,76.032
11/10/2023 10:00,58.966,,,,,76.014
11/10/2023 10:30,58.982,,,,,76.038
11/10/2023 11:00,58.958,,,,,76.016
11/10/2023 11:30,58.972,,,,,76.04
11/10/2023 12:00,58.97,,,,,76.024
11/10/2023 12:30,58.978,,,,,76.05
11/10/2023 13:00,58.976,,,,,76.034
11/10/2023 13:30,58.972,,,,,76.03
11/10/2023 14:00,58.984,,,,,76.046
11/10/2023 14:30,4.248,,,,,76.03
11/10/2023 15:00,,,,,,76.046
11/10/2023 15:30,,,,,,76.028
11/10/2023 16:00,,,,,,76.032
11/10/2023 16:30,,,,,,76.114
11/10/2023 17:00,,,,,,76.022
11/10/2023 17:30,,,41.02,,,22.338
11/10/2023 18:00,,13.796,41.08,,,30.15
11/10/2023 18:30,,48.996,25.406,,,50.71
11/10/2023 19:00,21.554,49.03,25.362,,,50.744
11/10/2023 19:30,192.726,49.1,23.71,2.228,,50.302
11/10/2023 20:00,177.33,49.118,17.038,9.244,,49.9
11/10/2023 20:30,156.958,49.054,52.318,4.584,19.742,138.244
11/10/2023 21:00,142.998,48.77,54.928,19.554,10.594,137.098
11/10/2023 21:30,141.254,48.942,55.092,48.24,,110.982
11/10/2023 22:00,116.734,46.602,58.44,27.226,,114.63
11/10/2023 22:30,82.54,38.006,55.814,21.48,,127.968
11/10/2023 23:00,66.424,26.902,49.082,23.912,,96.404
11/10/2023 23:30,59.476,22.14,45.418,20.594,,72.096
12/10/2023 00:00,53.826,16.992,36.586,15.534,,69.948
12/10/2023 00:30,36.314,13.032,31.75,12.904,,62.704
12/10/2023 01:00,44.03,13.986,32.56,15.956,,80.332
12/10/2023 01:30,48.386,22.722,44.648,20.6,,55.19
12/10/2023 02:00,25.33,10.35,30.996,12.104,,37.478
12/10/2023 02:30,21.016,5.018,20.982,11.148,,29.192
12/10/2023 03:00,15.398,4.248,11.798,4.82,,25.876
12/10/2023 03:30,15.89,3.77,9.992,4.244,,30.686
12/10/2023 04:00,17.206,4.02,10.978,4.742,,39.672
12/10/2023 04:30,16.31,4.798,10.576,4.73,,37.072
12/10/2023 05:00,19.964,5.136,13.07,6.98,,38.264
12/10/2023 05:30,19.28,4.92,11.648,5.646,,35.098
12/10/2023 06:00,10.702,3.064,5.062,2.36,,17.826
12/10/2023 06:30,5.662,1.758,1.268,0.26,,10.216
12/10/2023 07:00,4.704,0.644,,,,7.682
12/10/2023 07:30,9.392,1.946,1.99,,,21.508
12/10/2023 08:00,8.818,3.394,3.752,1.474,,17.91
12/10/2023 08:30,5.888,1.762,2.004,0.842,,5.436
12/10/2023 09:00,10.624,4.646,6.826,1.468,,15.034
12/10/2023 09:30,16.696,6.566,10.3,4.138,,26.552
12/10/2023 10:00,23.968,9.918,15.15,6.336,,28.136
12/10/2023 10:30,34.058,12.308,26.826,11.04,,36.496
12/10/2023 11:00,42.744,16.096,30.478,10.622,,46.712
12/10/2023 11:30,68.726,24.976,38.37,14.584,,90.262
12/10/2023 12:00,82.072,27.43,48.032,22.108,,107.02
12/10/2023 12:30,90.2,32.954,65.03,28.082,,132.624
12/10/2023 13:00,95.262,38.172,64.732,35.06,,139.464
12/10/2023 13:30,110.822,47.056,89.43,42.262,,160.832
12/10/2023 14:00,82.212,44.868,53.39,27.402,,116.572
12/10/2023 14:30,60.194,47.256,23.846,19.724,,76.232
12/10/2023 15:00,60.19,48.538,25.896,20,,73.886
12/10/2023 15:30,60.206,43.324,25.606,18.882,,75.288
12/10/2023 16:00,60.19,39.124,23.87,18.302,,77.588
12/10/2023 16:30,60.192,39.278,21.774,20.736,,77.302
12/10/2023 17:00,60.186,44.648,24.028,24.138,,71.698
12/10/2023 17:30,60.21,50.708,23.602,20.772,,75.502
12/10/2023 18:00,75.216,17.852,21.506,14.802,,83.53
12/10/2023 18:30,89.658,15.708,22.584,15.356,,81.936
12/10/2023 19:00,89.696,15.714,27.218,17.508,,75.19
12/10/2023 19:30,89.686,15.716,27.962,17.834,,74.102
12/10/2023 20:00,89.538,15.716,28.394,17.968,,73.56
12/10/2023 20:30,89.86,15.702,28.374,17.974,,73.556
12/10/2023 21:00,89.846,15.714,28.368,17.986,,73.564
12/10/2023 21:30,89.842,15.716,28.366,18.002,,73.54
12/10/2023 22:00,64.876,15.71,28.354,27.8,14.202,73.564
12/10/2023 22:30,19.278,4.468,27.91,22.442,6.516,74.018
12/10/2023 23:00,,,27.3,17.964,,74.532
12/10/2023 23:30,,,28.278,17.898,,73.632
13/10/2023 00:00,,,27.854,17.896,,74.044
13/10/2023 00:30,,,28.118,17.894,,73.754
13/10/2023 01:00,,,27.732,17.896,,74.132
13/10/2023 01:30,,,28.402,17.832,,73.556
13/10/2023 02:00,,,28.296,17.838,,73.656
13/10/2023 02:30,,,23.208,17.792,,78.772
13/10/2023 03:00,,,20.286,17.07,,82.386
13/10/2023 03:30,,,22.13,17.082,,80.49
13/10/2023 04:00,,,22.88,17.546,,79.354
13/10/2023 04:30,,27.876,20.946,15.714,,83.068
13/10/2023 05:00,,54.07,23.02,14.42,,82.296
13/10/2023 05:30,,55.436,25.61,15.198,,78.932
13/10/2023 06:00,,56.716,25.292,14.946,,79.522
13/10/2023 06:30,,56.708,26.914,24.61,,68.25
13/10/2023 07:00,,56.714,27.856,24.942,,67.024
13/10/2023 07:30,,56.74,27.312,25.044,,67.426
13/10/2023 08:00,,49.442,27.892,25.194,,66.744
13/10/2023 08:30,,15.732,28.292,25.224,,66.334
13/10/2023 09:00,,8.27,27.302,24.256,,68.194
13/10/2023 09:30,,,28.158,26.194,,65.536
13/10/2023 10:00,,,28.474,26.286,,65.112
13/10/2023 10:30,,,28.882,26.072,,64.834
13/10/2023 11:00,,,30.492,25.01,,64.152
13/10/2023 11:30,,,28.808,25.76,,65.106
13/10/2023 12:00,,,28.782,25.726,,65.126
13/10/2023 12:30,,,28.618,26.122,,64.892
13/10/2023 13:00,,,28.434,26.008,,65.162
13/10/2023 13:30,,,28.402,24.006,,67.252
13/10/2023 14:00,,,28.408,17.676,,73.508
13/10/2023 14:30,,,28.4,17.692,,73.508
13/10/2023 15:00,,,28.39,17.69,,73.514
13/10/2023 15:30,,,28.368,17.684,,73.542
13/10/2023 16:00,,,28.366,17.678,,73.524
13/10/2023 16:30,,,28.564,17.8,,73.234
13/10/2023 17:00,,,28.566,17.738,,73.286
13/10/2023 17:30,,,28.574,17.774,,73.248
13/10/2023 18:00,,,28.378,17.674,,73.552
13/10/2023 18:30,,,28.382,17.686,,73.532
13/10/2023 19:00,,,28.384,17.658,,73.576
13/10/2023 19:30,,,28.342,17.694,,73.566
13/10/2023 20:00,,,28.324,17.68,,73.592
13/10/2023 20:30,,,28.374,17.714,,73.502
13/10/2023 21:00,,,28.214,17.622,,73.78
13/10/2023 21:30,,,28.026,17.49,,74.046
13/10/2023 22:00,,,27.61,17.318,,74.614
13/10/2023 22:30,,,27.766,17.37,,74.4
13/10/2023 23:00,,,27.8,17.406,,74.364
13/10/2023 23:30,,,27.834,17.384,,74.328
14/10/2023 00:00,,,27.688,17.358,,74.536
14/10/2023 00:30,,,27.604,17.29,,74.656
14/10/2023 01:00,,,27.63,17.362,,74.592
14/10/2023 01:30,,,29.734,11.448,,78.522
14/10/2023 02:00,,,29.874,10.434,,79.49
14/10/2023 02:30,,,28.308,11.564,,79.97
14/10/2023 03:00,,,20.782,24.42,,74.702
14/10/2023 03:30,,,10.578,34.25,,75.076
14/10/2023 04:00,,,11.148,31.606,,77.168
14/10/2023 04:30,,,18.158,24.072,,77.714
14/10/2023 05:00,,,29.6,8.81,,81.44
14/10/2023 05:30,,,25.756,8.856,,85.3
14/10/2023 06:00,,,21.26,8.856,,89.758
14/10/2023 06:30,,,21.706,8.74,,89.328
14/10/2023 07:00,,,13.766,8.978,,97.026
14/10/2023 07:30,,,10.508,8.878,,100.414
14/10/2023 08:00,,,17.238,8.996,,93.602
14/10/2023 08:30,,,18.076,8.886,,92.88
14/10/2023 09:00,,,16.004,9.184,,94.954
14/10/2023 09:30,92.582,,15.108,31.47,33.382,95.602
14/10/2023 10:00,93.624,,11.15,32.4,32.04,99.246
14/10/2023 10:30,94.156,,10.836,32.344,31.294,99.798
14/10/2023 11:00,67.002,,10.818,26.27,23.168,99.818
14/10/2023 11:30,,,10.832,9.152,,99.804
14/10/2023 12:00,,,10.872,9.196,,99.72
14/10/2023 12:30,,,10.758,9.1,,99.962
14/10/2023 13:00,,,19.842,17.006,,117.836
14/10/2023 13:30,,,41.112,35.204,,164.166
14/10/2023 14:00,,,41.208,35.408,,163.822
14/10/2023 14:30,6.93,,40.836,36.968,1.94,164.48
14/10/2023 15:00,137.456,,41.454,63.072,48.712,163.724
14/10/2023 15:30,158.844,,41.09,67.632,55.226,164.018
14/10/2023 16:00,98.8,,23.786,40.896,34.692,100.524
14/10/2023 16:30,64.838,,23.262,33.318,22.774,96.688
14/10/2023 17:00,57.69,,37.88,47.142,19.916,158.08
14/10/2023 17:30,59.012,,45.648,58.06,19.078,208.76
14/10/2023 18:00,91.296,,42.004,65.208,29.034,211.136
14/10/2023 18:30,167.03,,38.144,76.38,48.866,216.552
14/10/2023 19:00,213.188,,,2.606,,270.092
14/10/2023 19:30,213.304,,4.112,,,220.716
14/10/2023 20:00,213.562,,31.092,25.974,11.326,220.796
14/10/2023 20:30,213.552,,31.288,27.356,17.73,220.884
14/10/2023 21:00,214.252,,31.296,27.364,17.742,220.888
14/10/2023 21:30,222.682,,31.28,27.362,17.724,220.858
14/10/2023 22:00,213.398,,31.294,27.358,17.746,150.542
14/10/2023 22:30,196.03,,31.274,27.364,17.726,76.052
14/10/2023 23:00,192.106,,31.294,27.368,17.734,76.034
14/10/2023 23:30,117.938,,31.286,27.354,17.742,76.024
15/10/2023 00:00,117.986,,31.284,27.374,17.73,76.036
15/10/2023 00:30,117.988,,31.292,27.354,17.746,76.034
15/10/2023 01:00,117.998,,31.28,27.372,17.73,76.022
15/10/2023 01:30,118.01,,31.286,27.354,17.732,76.044
15/10/2023 02:00,117.984,,31.286,27.368,17.73,76.006
15/10/2023 02:30,118.002,,31.294,27.362,17.746,76.052
15/10/2023 03:00,117.982,,31.28,27.364,17.726,76.024
15/10/2023 03:30,118.004,,31.278,27.358,17.74,76.032
15/10/2023 04:00,117.978,,31.29,27.362,17.74,76.026
15/10/2023 04:30,118.018,,31.298,27.37,17.738,76.004
15/10/2023 05:00,117.972,,31.284,27.37,17.734,76.07
15/10/2023 05:30,117.976,,31.28,27.36,17.732,76.002
15/10/2023 06:00,117.982,,31.288,27.358,17.74,76.036
15/10/2023 06:30,117.98,,31.296,27.37,17.736,76.036
15/10/2023 07:00,146.806,30.538,33.502,46.468,38.708,76.034
15/10/2023 07:30,137.232,47.818,47.898,74.53,43.628,146.932
15/10/2023 08:00,60.778,44.144,42.772,64.252,39.992,83.788
15/10/2023 08:30,58.996,48.716,36.792,61.318,45.328,76.036
15/10/2023 09:00,58.988,53.826,45.522,64.548,51.51,76.022
15/10/2023 09:30,58.992,49.496,47.712,73.6,45.832,76.038
15/10/2023 10:00,59.018,47.642,48.516,76.498,42.15,76.026
15/10/2023 10:30,59.03,48.734,49.202,78.888,42.97,76.03
15/10/2023 11:00,59.044,49.538,49.134,90,43.664,76.04
15/10/2023 11:30,59.016,48.98,55.098,43.48,47.304,76.026
15/10/2023 12:00,59.024,46.91,57.432,87.488,44.656,76.042
15/10/2023 12:30,59.534,45.734,55.812,99.588,40.324,151.454
15/10/2023 13:00,143.044,47.612,44.376,75.26,35.094,180.986
15/10/2023 13:30,131.116,42.458,37.468,65.274,41.38,193.046
15/10/2023 14:00,133.796,40.548,45.558,64.67,37.01,172.238
15/10/2023 14:30,143.372,41.708,38.8,73.666,31.998,205.054
15/10/2023 15:00,148.328,43.644,40,89.688,40.374,200.098
15/10/2023 15:30,142.962,39.368,45.824,103.714,32.796,188.68
15/10/2023 16:00,119.764,33.064,39.774,88.514,28.914,154.036
15/10/2023 16:30,108.316,30.806,37.956,52.276,30.174,131.302
15/10/2023 17:00,78.422,24.418,29.216,50.168,21.846,101.914
15/10/2023 17:30,79.744,27.136,22.968,32.684,22.976,106.268
15/10/2023 18:00,73.526,25.846,25.648,60.828,22.264,94.824
15/10/2023 18:30,63.674,23.284,23.842,41.704,19.55,89.864
15/10/2023 19:00,59.204,16.982,25.564,48.466,15.09,74.398
15/10/2023 19:30,51.086,13.446,18.53,30.598,10.002,55.128
15/10/2023 20:00,44.142,11.598,11.34,19.014,9.018,51.14
15/10/2023 20:30,49.918,10.328,14.84,26.064,5.966,47.374
15/10/2023 21:00,41.01,13.18,9.942,15.334,9.574,36.892
15/10/2023 21:30,43.756,14.426,11.788,14.914,9.926,42.712
15/10/2023 22:00,42.162,11.728,9.66,12.028,7.644,38.21
15/10/2023 22:30,32.098,10.934,7.812,10.132,7.178,33.65
15/10/2023 23:00,30.428,10.06,7.554,8.734,6.676,31.616
15/10/2023 23:30,28.51,10.212,6,11.504,5.322,34.99
16/10/2023 00:00,38.086,10.764,,,,39.466
16/10/2023 00:30,32.91,6.544,,,,34.772
16/10/2023 01:00,25.226,4.778,,,,31.996
16/10/2023 01:30,27.654,4.226,,,,36.274
16/10/2023 02:00,33.828,4.892,,,,38.042
16/10/2023 02:30,32.844,6,,,,37.172
16/10/2023 03:00,29.15,6.868,,,,36.624
16/10/2023 03:30,28.73,5.784,,,,34.64
16/10/2023 04:00,33.348,6.326,,,,38.314
16/10/2023 04:30,52.06,8.726,,,,73.1
16/10/2023 05:00,81.094,12.698,,,,123.908
16/10/2023 05:30,102.254,15.836,,,,160.038
16/10/2023 06:00,112.154,19.34,,,,176.606
16/10/2023 06:30,123.162,18.946,,,,173.62
16/10/2023 07:00,115.358,18.454,,,,165.69
16/10/2023 07:30,116.888,23.048,,,,175.602
16/10/2023 08:00,104.498,20.536,,,,157.06
16/10/2023 08:30,93.062,20.502,,,,135.226
16/10/2023 09:00,85.938,20.36,,,,127.724
16/10/2023 09:30,79.916,17.774,,,,114.43
16/10/2023 10:00,75.774,17.872,,,,98.464
16/10/2023 10:30,68.03,15.604,,,,88.346
16/10/2023 11:00,56.84,11.396,,,,81.076
16/10/2023 11:30,48.388,9.556,,,,77.396
16/10/2023 12:00,43.106,8.228,,,,75.086
16/10/2023 12:30,40.71,8.316,,,,74.938
16/10/2023 13:00,49.348,11.002,,,,80.52
16/10/2023 13:30,59.596,12.05,,,,100.292
16/10/2023 14:00,85.574,17.696,,,,144.592
16/10/2023 14:30,108.262,23.748,,,,168.692
16/10/2023 15:00,112.59,21.596,,,,170.134
16/10/2023 15:30,113.056,18.588,,,,168.12
16/10/2023 16:00,124.52,23.31,,,,171.796
16/10/2023 16:30,138.358,28.648,,,,192.144
16/10/2023 17:00,155.244,31.89,,,,218.756
16/10/2023 17:30,149.73,33.402,,,,218.432
16/10/2023 18:00,137.19,31.52,,,,197.7
16/10/2023 18:30,123.416,28.628,,,,186.992
16/10/2023 19:00,120.55,27.506,,,,167.394
16/10/2023 19:30,92.444,21.206,,,,137.242
16/10/2023 20:00,85.164,18.288,,,,124.542
16/10/2023 20:30,80.504,16.604,,,,118.536
16/10/2023 21:00,68.268,14.586,,,,102.36
16/10/2023 21:30,64.328,12.346,,,,100.956
16/10/2023 22:00,61.042,10.87,,,,92.532
16/10/2023 22:30,54.85,9.776,,,,80.994
16/10/2023 23:00,65.926,11.618,,,,83.316
16/10/2023 23:30,67.77,14.282,,,,92.396
17/10/2023 00:00,41.616,13.28,14.024,20.184,10.716,64.214
17/10/2023 00:30,41.792,12.644,14.642,20.892,12.48,62.806
17/10/2023 01:00,36.45,10.444,12.83,18.352,10.344,47.78
17/10/2023 01:30,30.47,7.874,11.796,15.326,7.77,42.442
17/10/2023 02:00,23.972,5.656,8.9,14.016,5.636,34.218
17/10/2023 02:30,17.234,3.566,6.014,10.372,4.308,21.06
17/10/2023 03:00,14.852,3.238,5.284,7.008,3.854,17.102
17/10/2023 03:30,16.468,3.128,4.35,6.28,4.244,17.384
17/10/2023 04:00,15.238,3.46,5.048,6.368,3.924,16.966
17/10/2023 04:30,13.426,3.088,4.794,7.15,3.34,17.874
17/10/2023 05:00,9.202,2.048,3.484,5.458,2.752,15.478
17/10/2023 05:30,6.07,1,1.672,3.848,1.636,8.108
17/10/2023 06:00,3.804,0.548,0.85,2.758,1.242,3.978
17/10/2023 06:30,3.896,0.692,0.764,2.124,1.212,5.156
17/10/2023 07:00,1.978,0.214,0.368,1.806,0.65,3.616
17/10/2023 07:30,0.304,,,1.096,0.116,1.452
17/10/2023 08:00,,,,,,
17/10/2023 08:30,,,,,,
17/10/2023 09:00,,,,,,
17/10/2023 09:30,,,,,,
17/10/2023 10:00,,,,,,
17/10/2023 10:30,,,,,,
17/10/2023 11:00,,,,,,
17/10/2023 11:30,,,,,,
17/10/2023 12:00,,,,,,
17/10/2023 12:30,,,,,,
17/10/2023 13:00,,,,,,
17/10/2023 13:30,,,,,,
17/10/2023 14:00,,,,,,
17/10/2023 14:30,,,0.44,,1.022,2.298
17/10/2023 15:00,,,1.582,2.206,1.632,7.516
17/10/2023 15:30,,,1.254,3.166,1.09,9.738
17/10/2023 16:00,,,1.658,3.026,1.73,10.328
17/10/2023 16:30,,,2.744,2.994,2.876,11.716
17/10/2023 17:00,,,4.03,4.61,3.784,16.774
17/10/2023 17:30,,,3.444,4.804,3.5,15.47
17/10/2023 18:00,,0.016,2.988,5.04,2.978,15.796
17/10/2023 18:30,12.99,3.248,3.652,4.64,2.584,15.248
17/10/2023 19:00,19.794,5.492,5.672,7.152,3.162,19.258
17/10/2023 19:30,27.962,7.57,8.542,10.472,4.442,27.28
17/10/2023 20:00,41.354,10.572,12.272,14.222,6.872,36.128
17/10/2023 20:30,46.728,13.03,14.924,17.708,8.258,50.158
17/10/2023 21:00,55.358,16.354,19.17,20.958,10.394,54.526
17/10/2023 21:30,71.084,19.294,24.638,25.828,13.12,67.22
17/10/2023 22:00,67.38,21.238,26.816,29.638,13.184,72.24
17/10/2023 22:30,59.058,18.616,27.222,36.194,13.062,78.332
17/10/2023 23:00,33.81,8.728,31.73,42.806,16.028,76.044
17/10/2023 23:30,,,34.442,46.772,21.658,76.02
18/10/2023 00:00,,,35.172,50.534,22.398,76.038
18/10/2023 00:30,,,35.672,53.944,18.272,76.06
18/10/2023 01:00,,,33.846,47.04,18.596,76.03
18/10/2023 01:30,,,35.78,47.436,17.152,76.032
18/10/2023 02:00,,,40.104,50.216,18.556,76.046
18/10/2023 02:30,,,43.476,51.688,18.156,76.04
18/10/2023 03:00,,,48.592,55.284,21.724,76.034
18/10/2023 03:30,,,53.984,80.288,27.33,76.052
18/10/2023 04:00,,,56.09,85.768,30.38,76.048
18/10/2023 04:30,,,53.45,89.282,27.99,76.032
18/10/2023 05:00,,,59.8,74.642,27.792,76.028
18/10/2023 05:30,,,62.928,76.934,30.032,76.058
18/10/2023 06:00,,,65.132,77.808,32.836,76.036
18/10/2023 06:30,,,69.386,80.618,40.152,76.042
18/10/2023 07:00,,,73.132,87.796,40.882,76.03
18/10/2023 07:30,,,74.892,87.598,41.708,76.062
18/10/2023 08:00,,,78.898,95.662,42.264,76.02
18/10/2023 08:30,,,31.324,27.422,15.932,76.044
18/10/2023 09:00,,16.364,54.25,27.458,15.69,76.04
18/10/2023 09:30,,36.556,55.058,27.466,15.696,76.036
18/10/2023 10:00,,15.69,31.314,27.426,15.742,75.998
18/10/2023 10:30,,15.704,31.362,27.428,15.77,76.042
18/10/2023 11:00,,15.692,31.352,27.424,15.77,76.03
18/10/2023 11:30,,15.694,31.346,27.43,15.768,76.02
18/10/2023 12:00,,15.7,31.344,27.414,15.756,76.042
18/10/2023 12:30,,15.698,31.358,27.43,15.77,76.02
18/10/2023 13:00,,15.698,31.348,27.434,15.768,76.036
18/10/2023 13:30,,15.696,31.354,27.418,15.764,76.02
18/10/2023 14:00,,15.696,31.344,27.426,15.776,76.042
18/10/2023 14:30,,15.7,31.338,27.424,15.766,76.026
18/10/2023 15:00,,15.688,31.346,27.426,15.762,76.04
18/10/2023 15:30,,15.706,31.354,27.422,15.764,76.02
18/10/2023 16:00,,15.696,31.346,27.426,15.774,76.046
18/10/2023 16:30,,15.692,31.328,27.418,15.758,76.018
18/10/2023 17:00,,15.694,31.342,27.49,15.766,76.03
18/10/2023 17:30,,15.702,31.348,27.424,15.768,76.016
18/10/2023 18:00,,15.694,31.352,27.424,15.76,76.052
18/10/2023 18:30,,15.698,31.348,27.42,15.772,76.026
18/10/2023 19:00,,15.7,31.342,27.418,15.77,76.032
18/10/2023 19:30,,15.694,31.34,27.428,15.764,76.002
18/10/2023 20:00,,15.7,31.352,27.418,15.76,76.044
18/10/2023 20:30,,15.694,31.35,27.422,15.768,76.034
18/10/2023 21:00,,15.694,31.354,27.434,15.766,76.014
18/10/2023 21:30,,15.7,31.338,27.426,15.77,76.04
18/10/2023 22:00,,15.698,31.352,27.416,15.768,76.016
18/10/2023 22:30,,15.69,31.356,27.422,15.768,76.038
18/10/2023 23:00,,15.7,31.35,27.424,15.772,76.028
18/10/2023 23:30,,15.692,31.358,27.426,15.762,76.074
19/10/2023 00:00,,15.69,31.342,27.432,15.766,76.032
19/10/2023 00:30,,15.704,31.358,27.416,15.768,76.014
19/10/2023 01:00,,15.69,31.348,27.418,15.774,76.036
19/10/2023 01:30,,15.7,31.352,27.426,15.766,76.062
19/10/2023 02:00,,15.692,31.362,27.436,15.762,76.03
19/10/2023 02:30,55.452,15.71,31.354,27.428,15.766,76.03
19/10/2023 03:00,59.1,15.708,31.324,27.426,15.766,76.014
19/10/2023 03:30,59.102,15.706,31.256,27.402,15.77,76.054
19/10/2023 04:00,59.042,15.692,31.294,27.412,15.764,76.028
19/10/2023 04:30,59.048,15.694,31.29,27.418,15.738,76.026
19/10/2023 05:00,15.688,15.67,31.224,27.416,15.774,76.294
19/10/2023 05:30,,15.676,31.316,27.412,15.764,76.074
19/10/2023 06:00,,15.686,31.222,27.42,15.764,76.562
19/10/2023 06:30,,15.662,31.24,27.388,15.74,76.636
19/10/2023 07:00,,15.692,31.216,27.41,15.764,76.564
19/10/2023 07:30,,15.666,31.222,27.416,15.742,76.762
19/10/2023 08:00,,15.69,31.128,27.406,15.75,76.81
19/10/2023 08:30,,15.682,31.136,27.394,15.726,76.888
19/10/2023 09:00,,15.674,31.246,27.376,15.72,76.866
19/10/2023 09:30,,15.692,31.27,27.366,15.742,76.8
19/10/2023 10:00,,15.7,31.28,27.346,15.722,76.746
19/10/2023 10:30,,15.7,31.254,27.336,15.742,76.866
19/10/2023 11:00,,15.796,31.276,27.356,15.738,76.844
19/10/2023 11:30,,15.814,31.276,27.422,21.928,116.07
19/10/2023 12:00,,15.66,31.286,27.444,33.594,179.916
19/10/2023 12:30,,15.65,31.282,27.408,35.978,179.872
19/10/2023 13:00,,15.656,31.168,27.348,44.226,179.87
19/10/2023 13:30,,15.696,31.274,27.342,34.662,179.796
19/10/2023 14:00,,15.714,31.242,27.398,34.17,179.846
19/10/2023 14:30,,19.15,39.166,27.368,37.314,179.85
19/10/2023 15:00,,49.934,62.224,27.398,41.54,109.164
19/10/2023 15:30,,51.584,48.158,27.446,31.378,76.93
19/10/2023 16:00,,48.482,31.276,27.354,15.752,77.058
19/10/2023 16:30,,64.886,31.282,27.356,15.74,76.932
19/10/2023 17:00,,54.322,31.278,27.36,15.742,76.87
19/10/2023 17:30,,59.046,31.282,27.356,15.742,76.72
19/10/2023 18:00,,66.812,31.252,27.37,15.734,76.746
19/10/2023 18:30,,58.176,31.256,27.304,15.75,76.868
19/10/2023 19:00,,58.366,31.288,27.328,15.724,76.736
19/10/2023 19:30,,47.258,31.27,27.344,15.74,76.79
19/10/2023 20:00,,15.706,31.292,27.366,15.746,76.752
19/10/2023 20:30,,15.698,31.23,27.362,15.724,76.63
19/10/2023 21:00,,15.686,31.28,27.36,15.724,76.404
19/10/2023 21:30,,15.708,31.274,27.336,15.734,76.508
19/10/2023 22:00,,15.698,31.274,27.364,15.704,76.034
19/10/2023 22:30,,15.704,31.284,27.356,15.704,76.032
19/10/2023 23:00,,15.7,31.29,27.346,15.7,76.218
19/10/2023 23:30,,15.678,31.236,27.344,15.698,76.138
20/10/2023 00:00,,15.71,31.236,27.364,15.702,76
20/10/2023 00:30,,15.694,31.286,27.338,15.704,76.094
20/10/2023 01:00,,15.72,31.272,27.36,15.698,76.018
20/10/2023 01:30,,15.74,31.292,27.364,15.706,76.026
20/10/2023 02:00,,15.73,31.276,27.34,15.704,76.082
20/10/2023 02:30,,15.74,31.272,27.36,15.7,76.02
20/10/2023 03:00,,15.734,31.28,27.344,15.704,76.006
20/10/2023 03:30,,15.736,31.286,27.366,15.63,76.022
20/10/2023 04:00,,15.742,31.278,27.344,15.7,76.032
20/10/2023 04:30,,15.726,31.206,27.366,15.7,76.242
20/10/2023 05:00,,15.722,31.28,27.356,15.704,76.012
20/10/2023 05:30,,15.698,31.236,27.346,15.706,76.198
20/10/2023 06:00,,15.702,31.212,27.356,15.698,76.006
20/10/2023 06:30,,15.66,31.272,27.368,15.702,76.096
20/10/2023 07:00,,15.724,31.286,27.332,15.698,76.054
20/10/2023 07:30,,15.706,31.25,27.326,15.704,76.148
20/10/2023 08:00,,15.68,31.26,27.418,15.694,76.086
20/10/2023 08:30,,15.726,31.208,27.294,15.688,76.048
20/10/2023 09:00,,15.706,31.292,27.358,15.626,76.082
20/10/2023 09:30,,15.72,31.298,27.332,15.714,76.01
20/10/2023 10:00,,15.726,31.296,27.38,15.73,76.078
20/10/2023 10:30,,15.714,31.276,27.372,15.71,76.156
20/10/2023 11:00,,15.72,31.304,27.406,15.714,76.054
20/10/2023 11:30,,15.744,31.312,27.394,15.718,75.988
20/10/2023 12:00,,2.1,3.914,2.604,1.586,13.808
20/10/2023 12:30,,14.88,23.536,24.484,13.202,75.338
20/10/2023 13:00,,15.74,31.224,27.392,15.7,76.016
20/10/2023 13:30,,15.696,31.218,27.366,15.694,76.076
20/10/2023 14:00,,15.716,31.21,27.356,15.692,76.002
20/10/2023 14:30,,15.742,31.106,27.404,15.688,76.044
20/10/2023 15:00,,15.734,31.188,27.378,15.676,76.072
20/10/2023 15:30,,15.742,31.238,27.362,15.614,76.02
20/10/2023 16:00,,15.736,31.306,27.36,15.734,75.998
20/10/2023 16:30,,15.712,31.284,27.334,15.73,76.016
20/10/2023 17:00,,15.746,31.286,27.382,15.752,76.05
20/10/2023 17:30,,15.728,31.32,27.382,15.736,76.032
20/10/2023 18:00,,15.73,31.218,27.39,15.738,76.022
20/10/2023 18:30,,15.748,31.294,27.388,15.742,76.052
20/10/2023 19:00,,15.746,31.31,27.356,15.752,76.018
20/10/2023 19:30,,15.694,31.252,27.376,15.726,76.012
20/10/2023 20:00,,15.722,31.264,27.396,15.71,76.044
20/10/2023 20:30,,15.704,31.306,27.404,15.724,76.002
20/10/2023 21:00,,2.088,31.298,27.386,15.74,76.026
20/10/2023 21:30,,,31.298,27.358,15.702,76.042
20/10/2023 22:00,,,31.296,27.406,15.716,75.99
20/10/2023 22:30,,,31.296,27.392,15.732,76.012
20/10/2023 23:00,,,31.308,27.372,15.732,76.076
20/10/2023 23:30,,,31.258,27.398,15.72,76.03
21/10/2023 00:00,,,31.258,27.386,15.718,76.008
21/10/2023 00:30,,,31.216,27.404,15.716,76.046
21/10/2023 01:00,,,31.234,27.4,15.694,76.038
21/10/2023 01:30,,,31.262,27.398,15.686,76.038
21/10/2023 02:00,,,31.256,27.388,15.716,76.002
21/10/2023 02:30,,,31.212,27.4,15.714,76.024
21/10/2023 03:00,,,31.274,27.398,15.696,76.02
21/10/2023 03:30,,,31.2,27.396,15.714,76.036
21/10/2023 04:00,,,31.272,27.378,15.718,76.038
21/10/2023 04:30,,,31.262,27.406,15.712,76.022
21/10/2023 05:00,,,31.256,27.382,15.718,76.03
21/10/2023 05:30,,,31.262,27.396,15.716,76.006
21/10/2023 06:00,,,31.264,27.408,15.716,76.014
21/10/2023 06:30,,,31.258,27.374,15.66,76.032
21/10/2023 07:00,,,31.262,27.412,15.718,76.024
21/10/2023 07:30,,,31.238,27.39,15.698,76.058
21/10/2023 08:00,,,31.22,27.406,15.716,76.012
21/10/2023 08:30,,,31.204,27.42,15.694,76.04
21/10/2023 09:00,,,31.116,27.388,15.698,76.02
21/10/2023 09:30,,,31.188,27.396,15.706,76.022
21/10/2023 10:00,,,31.264,27.418,15.742,76.052
21/10/2023 10:30,,,31.252,27.406,15.74,76.042
21/10/2023 11:00,,,31.248,27.41,15.74,76.018
21/10/2023 11:30,,,31.26,27.41,15.734,75.998
21/10/2023 12:00,,,31.244,27.408,15.748,76.03
21/10/2023 12:30,,,31.26,27.402,15.734,76.056
21/10/2023 13:00,,,31.25,27.42,15.736,76.026
21/10/2023 13:30,,,31.256,27.4,15.74,76.052
21/10/2023 14:00,,,31.288,27.404,15.754,76.02
21/10/2023 14:30,,,31.278,27.412,15.744,76.044
21/10/2023 15:00,,,31.274,27.414,15.754,76.056
21/10/2023 15:30,,,31.288,27.412,15.744,76.044
21/10/2023 16:00,,16.396,31.276,27.418,22.432,76.034
21/10/2023 16:30,14.202,17.632,31.264,27.422,19.642,76.042
21/10/2023 17:00,134.898,45.726,31.284,27.468,52.042,76.006
21/10/2023 17:30,154.094,41.266,31.304,27.466,46.954,76.04
21/10/2023 18:00,111.106,31.244,31.246,27.42,32.076,76.054
21/10/2023 18:30,105.644,26.908,31.97,27.42,25.62,108.186
21/10/2023 19:00,127.68,33.658,35.698,47.436,32.432,137.924
21/10/2023 19:30,128.936,36.642,40.49,49.538,28.444,158.832
21/10/2023 20:00,146.874,37.57,41.234,52.804,40.452,175.978
21/10/2023 20:30,135.436,37.51,43.3,55.654,39.31,179.196
21/10/2023 21:00,115.014,31.076,39.266,50.852,33.246,164.05
21/10/2023 21:30,97.86,29.874,40.128,49.536,31.166,136.086
21/10/2023 22:00,115.35,40.106,42.532,39.246,38.73,136.188
21/10/2023 22:30,123.158,43.084,47.062,42.776,43.1,133.412
21/10/2023 23:00,102.456,29.674,31.626,42.296,31.308,133.234
21/10/2023 23:30,69.202,19.708,20.41,34.082,21.938,87.26
22/10/2023 00:00,54.536,15.56,14.07,23.072,16.53,61.182
22/10/2023 00:30,49.17,15.95,17.782,18.014,15.35,52.726
22/10/2023 01:00,68.606,23.628,28.516,21.872,21.616,47.42
22/10/2023 01:30,79.53,29.112,36.168,28.684,29.462,54.666
22/10/2023 02:00,61.852,23.876,34.574,28.36,24.052,52.622
22/10/2023 02:30,51.254,15.118,22.17,19.396,14.992,64.1
22/10/2023 03:00,54.904,14.714,15.606,18.748,15.84,76.676
22/10/2023 03:30,58.428,14.874,16.272,19.008,17.81,94.768
22/10/2023 04:00,78.144,17.388,21.56,27.81,20.558,114.316
22/10/2023 04:30,82.98,23.464,24.886,26.354,22.272,104.112
22/10/2023 05:00,82.66,20.586,21.406,19.346,22.274,73.672
22/10/2023 05:30,76.806,22.308,20.854,14.276,24.57,51.54
22/10/2023 06:00,51.518,22.12,21.58,14.146,17.956,43.34
22/10/2023 06:30,54.302,16.274,23.002,23.352,15.602,42.366
22/10/2023 07:00,56.274,15.568,23.26,26.616,12.756,40.992
22/10/2023 07:30,43.822,14.506,15.876,16.172,11.05,32.564
22/10/2023 08:00,35.824,10.976,12.628,10.802,7.408,24.868
22/10/2023 08:30,32.4,10.226,8.976,7.71,7.78,21.972
22/10/2023 09:00,26.434,8.956,7.71,5.268,7.524,18.15
22/10/2023 09:30,23.458,7.374,7.578,4.96,7.146,12.534
22/10/2023 10:00,21.138,6.53,5.344,2.234,5.84,13.88
22/10/2023 10:30,23.92,8.996,7.314,3.24,7.3,17.626
22/10/2023 11:00,27.916,12.22,8.336,4.632,9.478,25.496
22/10/2023 11:30,33.536,9.226,8.592,6.056,10.476,33.598
22/10/2023 12:00,35.008,8.062,7.506,4.128,9.1,32.69
22/10/2023 12:30,38.03,8.418,8.67,7.856,8.608,32.934
22/10/2023 13:00,39.18,9.028,8.97,6.392,10.352,36.058
22/10/2023 13:30,44.87,10.686,10.512,6.826,13.146,49.59
22/10/2023 14:00,51.484,12.274,11.564,7.748,14.7,54.346
22/10/2023 14:30,54.774,14.5,13.588,10.39,18.108,47.178
22/10/2023 15:00,47.894,12.966,12.914,11.692,15.744,36.566
22/10/2023 15:30,44.858,13.086,13.02,9.61,14.92,34.84
22/10/2023 16:00,38.228,11.732,11.06,7.122,10.082,38.062
22/10/2023 16:30,34.812,9.932,8.308,4.582,9.616,54.142
22/10/2023 17:00,37.05,9.676,9.122,12.336,13.758,60.524
22/10/2023 17:30,35.364,9.774,8.95,17.64,13.058,55.71
22/10/2023 18:00,34.332,7.058,9.39,20.462,9.142,62.198
22/10/2023 18:30,37.954,7.622,9.154,23.266,9.012,75.788
22/10/2023 19:00,44.448,10.444,9.638,22.684,13.274,85.148
22/10/2023 19:30,48.646,13.306,13.262,24.576,19.116,71.998
22/10/2023 20:00,42.93,13.756,16.128,20.136,14.312,62.382
22/10/2023 20:30,34.308,12.938,12.328,14.24,11.786,33.582
22/10/2023 21:00,29.476,10.932,9.07,7.738,8.486,32.548
22/10/2023 21:30,29.254,9.444,7.302,9.684,8.432,30.244
22/10/2023 22:00,16.898,6.784,6.708,7.014,5.236,19.354
22/10/2023 22:30,9.72,4.184,4.43,4.882,3.304,20.422
22/10/2023 23:00,9.534,3.082,3.676,7.262,2.674,17.166
22/10/2023 23:30,7.432,2.546,2.422,5.648,2.164,10.328
23/10/2023 00:00,4.562,1.49,0.568,2.714,0.436,7.41
23/10/2023 00:30,3.944,1.366,,1.67,1.254,10.092
23/10/2023 01:00,3.276,1.1,,0.096,1.002,6.108
23/10/2023 01:30,,0.288,,,,1.274
23/10/2023 02:00,,0.094,,,,
23/10/2023 02:30,,,,,,
23/10/2023 03:00,,,,,,
23/10/2023 03:30,,,,,,
23/10/2023 04:00,,,,,,
23/10/2023 04:30,,,,,,
23/10/2023 05:00,,,,,,
23/10/2023 05:30,,,,,,
23/10/2023 06:00,,,,,,
23/10/2023 06:30,,,,,,
23/10/2023 07:00,,,,,,
23/10/2023 07:30,,,,,,
23/10/2023 08:00,,0.02,,,,
23/10/2023 08:30,1.344,0.686,0.572,,,
23/10/2023 09:00,5.716,2.154,2.35,1.998,1.444,2.996
23/10/2023 09:30,10.092,3.288,3.504,4.466,3.488,9.202
23/10/2023 10:00,14.424,4.31,5.67,6.39,4.48,15.16
23/10/2023 10:30,18.194,4.814,6.524,9.58,5.116,21.444
23/10/2023 11:00,17.282,5.044,5.6,8.236,4.828,21.048
23/10/2023 11:30,20.446,5.13,5.652,7.352,5.286,25.06
23/10/2023 12:00,26.172,6.952,7.618,9.186,7.014,32.14
23/10/2023 12:30,28.536,8.356,10.212,12.636,8.092,33.644
23/10/2023 13:00,25.726,7.204,9.64,13.708,7.756,32.874
23/10/2023 13:30,25.848,6.908,9.528,13.68,7.87,31.938
23/10/2023 14:00,23.618,5.92,7.776,13.384,6.558,30.942
23/10/2023 14:30,22.938,6.152,8.322,11.64,6.01,28.86
23/10/2023 15:00,22.632,6.194,8.666,11.306,5.384,27.202
23/10/2023 15:30,24.4,5.666,8.674,12.616,4.76,31.114
23/10/2023 16:00,28.018,7.822,11.096,15.906,6.184,33.642
23/10/2023 16:30,36.004,10.85,15.956,16.848,8.872,35.312
23/10/2023 17:00,45.254,13.708,18.446,19.41,11.958,41.324
23/10/2023 17:30,53.482,15.266,23.17,25.644,13.634,54.276
23/10/2023 18:00,52.712,14.172,22.302,25.35,11.116,60.332
23/10/2023 18:30,49.698,15.052,21.148,23.26,12.268,59.18
23/10/2023 19:00,55.704,16.654,26.434,26.906,12.954,58.608
23/10/2023 19:30,69.586,20.392,29.688,32.226,15.824,69.596
23/10/2023 20:00,75.402,21.378,32.172,37.302,17.432,83.918
23/10/2023 20:30,87.364,25.216,40.012,44.4,20.152,99.356
23/10/2023 21:00,100.19,28.25,44.138,47.746,23.336,114.842
23/10/2023 21:30,114.508,31.822,48.996,55.348,27.93,125.894
23/10/2023 22:00,124.596,33.226,50.802,61.228,31.444,145.258
23/10/2023 22:30,117.584,31.29,48.932,61.468,27.9,139.558
23/10/2023 23:00,123.45,32.038,50.88,58.824,28.256,139.3
23/10/2023 23:30,146.892,41.082,60.388,74.156,36.986,161.144
24/10/2023 00:00,164.51,46.242,68.364,86.008,44.336,182.186
24/10/2023 00:30,157.762,38.162,59.012,74.158,38.312,176.832
24/10/2023 01:00,141.962,34.714,58.298,66.862,32.618,173.886
24/10/2023 01:30,148.978,40.78,57.184,70.282,36.624,174.582
24/10/2023 02:00,86.438,38.946,53.428,68.706,37.142,181.544
24/10/2023 02:30,59.056,41.818,57.472,78.792,40.002,185.344
24/10/2023 03:00,59.076,43.914,59.864,76.27,40.326,194.676
24/10/2023 03:30,9.814,42.516,57.2,75.288,41.128,185.538
24/10/2023 04:00,,38.078,51.596,72.642,35.804,177.358
24/10/2023 04:30,,40.59,55.692,74.544,38.066,177.86
24/10/2023 05:00,,40.684,55.396,79.728,38.616,197.47
24/10/2023 05:30,10.122,40.728,53.632,77.356,40.488,191.586
24/10/2023 06:00,137.522,34.468,49.686,72.388,39.532,178.346
24/10/2023 06:30,126.28,30.926,46.584,66.048,31.84,158.99
24/10/2023 07:00,117.262,26.104,41.708,59.584,27.698,158.464
24/10/2023 07:30,110.144,27.84,42.868,57.744,26.8,144.344
24/10/2023 08:00,104.986,26.074,34.446,52.596,20.58,141.408
24/10/2023 08:30,86.146,21.318,29.128,41.468,16.836,112.79
24/10/2023 09:00,89.168,21.13,31.64,44.368,19.364,111.586
24/10/2023 09:30,96.48,22.864,32.096,46.842,21.292,119.718
24/10/2023 10:00,81.626,17.724,25.984,35.136,16.238,100.52
24/10/2023 10:30,78.614,18.1,29.786,36.358,18.17,97.642
24/10/2023 11:00,77.27,18.072,26.538,32.68,17.452,108.716
24/10/2023 11:30,63.83,14.664,18.72,26.972,13.852,86.78
24/10/2023 12:00,47.676,10.796,16.996,24.956,9.736,60.094
24/10/2023 12:30,39.376,9.342,13.63,20.542,8.53,57.032
24/10/2023 13:00,39.346,11.3,14.402,19.418,9.278,51.672
24/10/2023 13:30,37.88,10.59,14.188,17.124,8.132,47.478
24/10/2023 14:00,32.104,9.066,12.258,16.064,7.388,46.528
24/10/2023 14:30,29.21,8.182,10.606,14.772,6.172,43.076
24/10/2023 15:00,27.244,7.136,10.02,14.462,5.472,41.182
24/10/2023 15:30,27.304,7.036,10.098,12.362,5.646,41.056
24/10/2023 16:00,22.574,5.618,9.566,10.102,4.158,27.2
24/10/2023 16:30,21.908,6.906,9.884,10.8,5.102,22.894
24/10/2023 17:00,21.5,5.882,8.616,9.53,4.51,27.274
24/10/2023 17:30,30.404,8.09,14.082,15.926,6.452,32.302
24/10/2023 18:00,35.938,9.628,13.466,19.718,5.708,41.782
24/10/2023 18:30,35.332,8.96,14.438,18.89,6.994,49.456
24/10/2023 19:00,40.572,10.488,14.188,20.1,8.256,62.174
24/10/2023 19:30,38.676,8.238,12.59,17.32,6.472,60.554
24/10/2023 20:00,38.128,8.216,11.284,16.296,6.742,67.128
24/10/2023 20:30,42.032,7.72,11.158,19.934,5.978,81.656
24/10/2023 21:00,38.224,6.606,7.208,13.268,5.144,69.092
24/10/2023 21:30,26.212,4.146,7.864,5.094,3.31,51.314
24/10/2023 22:00,21.67,5.522,11.292,8.818,3.706,26.022
24/10/2023 22:30,34.086,8.682,16.532,24.648,6.586,27.846
24/10/2023 23:00,36.626,9.69,13.128,18.012,8.354,44.016
24/10/2023 23:30,46.074,11.098,20.4,28.778,12.702,51.224
25/10/2023 00:00,40.39,12.678,31.462,43.134,21.252,90.7
25/10/2023 00:30,,,49.1,27.442,30.508,76.036
25/10/2023 01:00,,,49.64,27.456,39.042,76.048
25/10/2023 01:30,,,52.56,27.49,41.258,76.012
25/10/2023 02:00,,,55.552,27.504,52.814,76.058
25/10/2023 02:30,,,61.704,27.516,53.076,76.05
25/10/2023 03:00,,,58.534,27.518,53.466,76.02
25/10/2023 03:30,,,48.254,27.488,41.628,76.052
25/10/2023 04:00,,,57.844,27.496,40.264,76.038
25/10/2023 04:30,,,41.708,27.49,52.59,76.044
25/10/2023 05:00,,,31.294,27.48,49.446,76.038
25/10/2023 05:30,,,31.326,34.69,59.666,76.054
25/10/2023 06:00,,,31.32,27.46,61.492,76.036
25/10/2023 06:30,,,31.306,27.482,58.868,76.032
25/10/2023 07:00,,,31.328,27.45,62.76,76.05
25/10/2023 07:30,,,31.312,27.38,66.788,76.03
25/10/2023 08:00,,,31.346,27.366,67.714,76.046
25/10/2023 08:30,,,31.326,27.328,68.618,76.026
25/10/2023 09:00,,,31.344,27.32,68.724,76.046
25/10/2023 09:30,,,31.328,27.318,68.7,76.828
25/10/2023 10:00,,,31.306,27.294,68.742,77.032
25/10/2023 10:30,,,31.338,27.344,68.76,77.022
25/10/2023 11:00,,,31.334,27.306,68.742,77.042
25/10/2023 11:30,,,31.322,27.442,55.728,77.028
25/10/2023 12:00,,,31.328,27.454,64.804,76.746
25/10/2023 12:30,,,31.324,27.45,64.802,76.052
25/10/2023 13:00,,,31.342,27.466,64.788,76.036
25/10/2023 13:30,,,31.324,27.468,64.774,76.016
25/10/2023 14:00,,,31.336,27.45,64.77,76.046
25/10/2023 14:30,,,31.326,27.442,65.5,76.036
25/10/2023 15:00,,,31.328,27.35,68.526,76.032
25/10/2023 15:30,,,31.35,27.354,68.65,76.056
25/10/2023 16:00,,,31.336,27.354,68.44,76.04
25/10/2023 16:30,,55.804,31.332,27.326,68.49,76.032
25/10/2023 17:00,,56.694,31.32,27.302,68.676,76.03
25/10/2023 17:30,,54.202,31.344,27.334,68.322,76.04
25/10/2023 18:00,,55.708,31.324,27.33,68.332,76.042
25/10/2023 18:30,,56.19,31.332,27.32,68.608,76.05
25/10/2023 19:00,,57.398,41.376,27.314,68.72,76.012
25/10/2023 19:30,,57.854,77.074,27.284,68.51,76.044
25/10/2023 20:00,,56.534,75.108,27.374,67.694,76.026
25/10/2023 20:30,,50.358,69.514,27.478,60.26,76.014
25/10/2023 21:00,,46.938,68.898,27.522,56.098,76.056
25/10/2023 21:30,,43.35,50.346,27.486,43.36,76.042
25/10/2023 22:00,,23.924,31.238,27.446,15.73,76.03
25/10/2023 22:30,,15.732,31.25,27.442,15.732,76.046
25/10/2023 23:00,,13.908,23.412,27.424,15.596,76.054
25/10/2023 23:30,,11.294,17.108,27.402,14.854,76.016
26/10/2023 00:00,,6.602,9.564,23.914,9.694,72.272
26/10/2023 00:30,,3.832,5.292,19.092,7.174,64.988
26/10/2023 01:00,,4.634,5.108,16.192,4.602,51.306
26/10/2023 01:30,23.846,4.794,5.804,11.384,6.212,41.648
26/10/2023 02:00,11.596,1.52,2.188,7.526,2.54,29.988
26/10/2023 02:30,1.836,,,3.46,,23.72
26/10/2023 03:00,,,,0.106,,37.95
26/10/2023 03:30,8.898,,,5.99,0.574,44.798
26/10/2023 04:00,8.61,0.192,,3.11,0.194,23.7
26/10/2023 04:30,2.608,,,2.274,0.182,9.696
26/10/2023 05:00,,,,,,
26/10/2023 05:30,,,0.016,,,
26/10/2023 06:00,,,1.154,,,
26/10/2023 06:30,,,0.414,,,
26/10/2023 07:00,,1.018,2.946,0.09,0.028,
26/10/2023 07:30,13.114,4.304,6.58,6.81,3.45,1.044
26/10/2023 08:00,22.996,5.738,7.744,12.824,5.156,23.176
26/10/2023 08:30,19.006,4.834,7.046,10.616,4.47,25.6
26/10/2023 09:00,26.308,5.654,6.268,11.588,5.346,33.554
26/10/2023 09:30,19.842,3.562,5.072,9.364,3.534,35.63
26/10/2023 10:00,25.218,4.83,6.138,9.34,3.79,26.808
26/10/2023 10:30,31.26,6.78,11.296,11.258,5.246,38.98
26/10/2023 11:00,40.746,10.05,15.598,17.014,8.494,47.776
26/10/2023 11:30,57.332,13.85,20.722,25.698,13.05,58.74
26/10/2023 12:00,69.276,18.75,25.704,21.712,4.254,68.7
26/10/2023 12:30,86.676,22.126,30.624,,,76.042
26/10/2023 13:00,134.944,33.198,47.174,4.008,17.322,153.164
26/10/2023 13:30,161.17,39.652,46.094,64.086,41.146,198.722
26/10/2023 14:00,159.66,41.424,51.902,61.732,43.068,217.75
26/10/2023 14:30,162.88,37.514,49.728,77.284,41.218,215.232
26/10/2023 15:00,159.366,32.418,49.562,76.318,33.358,217.948
26/10/2023 15:30,119.126,27.978,43.838,55.774,26.872,173.262
26/10/2023 16:00,133.568,31.992,60.424,70.91,37.826,153.236
26/10/2023 16:30,118.372,9.344,17.546,15.384,16.55,101.084
26/10/2023 17:00,59.046,,,,15.716,76.046
26/10/2023 17:30,59.042,,,,15.712,76.018
26/10/2023 18:00,59.05,,,,15.714,76.054
26/10/2023 18:30,59.064,,,,15.724,76.022
26/10/2023 19:00,59.036,,,,15.71,75.978
26/10/2023 19:30,59.056,,,,,
26/10/2023 20:00,,,,,,
26/10/2023 20:30,,,,,,
26/10/2023 21:00,,,,,,
26/10/2023 21:30,,,,,,
26/10/2023 22:00,,,,,,
26/10/2023 22:30,,,,,,
26/10/2023 23:00,,,,,,
26/10/2023 23:30,,,,,,
27/10/2023 00:00,,,,,,
27/10/2023 00:30,,,,,,
27/10/2023 01:00,,,,,,
27/10/2023 01:30,,,,,,
27/10/2023 02:00,,,,,,
27/10/2023 02:30,,,,,,
27/10/2023 03:00,,,,,,
27/10/2023 03:30,,,,,,
27/10/2023 04:00,,,,,,
27/10/2023 04:30,,,,,,
27/10/2023 05:00,,,,,,
27/10/2023 05:30,,,,,,
27/10/2023 06:00,,,,,,
27/10/2023 06:30,,,,,,
27/10/2023 07:00,,,,,,
27/10/2023 07:30,,,,,,
27/10/2023 08:00,,,,,,
27/10/2023 08:30,,,,,,
27/10/2023 09:00,,,,,,
27/10/2023 09:30,,,,,,
27/10/2023 10:00,,,,,,
27/10/2023 10:30,,,,,,
27/10/2023 11:00,,,,,,
27/10/2023 11:30,,,,,,
27/10/2023 12:00,,,,,,
27/10/2023 12:30,,,,,,
27/10/2023 13:00,,,,,,
27/10/2023 13:30,,,,,,
27/10/2023 14:00,,,,,,
27/10/2023 14:30,,,,,,
27/10/2023 15:00,,,,,,
27/10/2023 15:30,,,,,,
27/10/2023 16:00,,,,,,
27/10/2023 16:30,,,,,,
27/10/2023 17:00,,,,,,
27/10/2023 17:30,,,,,,
27/10/2023 18:00,,,,,,
27/10/2023 18:30,,,,,,
27/10/2023 19:00,,,,,,
27/10/2023 19:30,,,,,,
27/10/2023 20:00,,,,,,
27/10/2023 20:30,,,,,,
27/10/2023 21:00,,,,,,
27/10/2023 21:30,,,,,,
27/10/2023 22:00,,,,,,
27/10/2023 22:30,,,,,,
27/10/2023 23:00,,,,,,
27/10/2023 23:30,,,,,,
28/10/2023 00:00,,,,,,
28/10/2023 00:30,,,,,,
28/10/2023 01:00,,,,,,
28/10/2023 01:30,,,,,,
28/10/2023 02:00,,,,,,
28/10/2023 02:30,,,,,,
28/10/2023 03:00,,,,,,
28/10/2023 03:30,,,,,,
28/10/2023 04:00,,,,,,
28/10/2023 04:30,,,,,,
28/10/2023 05:00,,,,,,
28/10/2023 05:30,,,,,,
28/10/2023 06:00,,,,,,
28/10/2023 06:30,,,,,,
28/10/2023 07:00,,,,,,
28/10/2023 07:30,,,,,,
28/10/2023 08:00,,,,,,
28/10/2023 08:30,,,,,,
28/10/2023 09:00,,,,,,
28/10/2023 09:30,,,,,,
28/10/2023 10:00,,,,,,
28/10/2023 10:30,,,,,,
28/10/2023 11:00,,,,,,
28/10/2023 11:30,,,,,,
28/10/2023 12:00,,,,,,
28/10/2023 12:30,,,,,,
28/10/2023 13:00,,,,,,
28/10/2023 13:30,,,,,,
28/10/2023 14:00,,,,,,
28/10/2023 14:30,,,,,,
28/10/2023 15:00,,,,,,
28/10/2023 15:30,,,,,,
28/10/2023 16:00,,,,,,
28/10/2023 16:30,,,,,,
28/10/2023 17:00,,,,,,
28/10/2023 17:30,,,,,,
28/10/2023 18:00,,,,,,
28/10/2023 18:30,,,,,,
28/10/2023 19:00,,,,,,
28/10/2023 19:30,,,,,,
28/10/2023 20:00,,,,,,
28/10/2023 20:30,,,,,,
28/10/2023 21:00,,,,,,
28/10/2023 21:30,,,,,,
28/10/2023 22:00,,,,,,
28/10/2023 22:30,,,,,,
28/10/2023 23:00,,,,,,
28/10/2023 23:30,,,,,,
29/10/2023 00:00,,,,,,
29/10/2023 00:30,,,,,,
29/10/2023 01:00,,,,,,
29/10/2023 01:30,,,,,,
29/10/2023 02:00,,,,,,
29/10/2023 02:30,,,,,,
29/10/2023 03:00,,,,,,
29/10/2023 03:30,,,,,,
29/10/2023 04:00,,,,,,
29/10/2023 04:30,,,,,,
29/10/2023 05:00,,,,,,
29/10/2023 05:30,,,,,,
29/10/2023 06:00,,,,,,
29/10/2023 06:30,,,,,,
29/10/2023 07:00,,,,,,
29/10/2023 07:30,,,,,,
29/10/2023 08:00,,,,,,
29/10/2023 08:30,,,,,,
29/10/2023 09:00,,,,,,
29/10/2023 09:30,,,,,,
29/10/2023 10:00,,,,,,
29/10/2023 10:30,,,,,,
29/10/2023 11:00,,,,,,
29/10/2023 11:30,,,,,,
29/10/2023 12:00,,,,,,
29/10/2023 12:30,,,,,,
29/10/2023 13:00,,,,,,
29/10/2023 13:30,,,,,,
29/10/2023 14:00,,,,,,
29/10/2023 14:30,,,,,,
29/10/2023 15:00,,,,,,
29/10/2023 15:30,,,,,,
29/10/2023 16:00,,,,68.634,,
29/10/2023 16:30,,,,96.316,,
29/10/2023 17:00,,,,106.364,,
29/10/2023 17:30,,,,107.446,,
29/10/2023 18:00,,,,107.364,,
29/10/2023 18:30,,,,107.408,,
29/10/2023 19:00,,,,107.44,,
29/10/2023 19:30,,,,107.428,,
29/10/2023 20:00,,,,107.372,,
29/10/2023 20:30,,,,107.234,,
29/10/2023 21:00,,,,106.886,,
29/10/2023 21:30,,,,106.42,,
29/10/2023 22:00,,,,104.85,,
29/10/2023 22:30,,20.736,,103.494,,
29/10/2023 23:00,,50.466,3.006,98.146,51.402,
29/10/2023 23:30,,32.27,49.002,,49.826,
30/10/2023 00:00,,,,,,
30/10/2023 00:30,,,,,,
30/10/2023 01:00,,,,,,
30/10/2023 01:30,,,,,,
30/10/2023 02:00,,,,,,
30/10/2023 02:30,,,,,,
30/10/2023 03:00,,,,,,
30/10/2023 03:30,,,,,,
30/10/2023 04:00,,,,,,
30/10/2023 04:30,,,,,,
30/10/2023 05:00,,,,,,
30/10/2023 05:30,,,39.184,,12.146,73.134
30/10/2023 06:00,,,49.27,,15.738,76.03
30/10/2023 06:30,,11.658,41.98,,40.88,76.04
30/10/2023 07:00,,35.318,40.458,,46.214,76.024
30/10/2023 07:30,,35.114,32.448,,41.994,76.048
30/10/2023 08:00,122.55,27.49,36.272,,32.38,76.038
30/10/2023 08:30,133,30.79,38.614,22.32,35.374,143.136
30/10/2023 09:00,111.386,25.496,30.984,47.256,27.568,162.128
30/10/2023 09:30,93.662,16.718,25.08,43.77,20.644,152.164
30/10/2023 10:00,93.712,16.668,19.186,38.902,20.552,124.484
30/10/2023 10:30,92.58,18.648,30.652,34.788,20.952,116.248
30/10/2023 11:00,60.57,16.838,24.462,23.184,16.95,121.248
30/10/2023 11:30,61.84,13.67,23.658,20.248,16.1,85.48
30/10/2023 12:00,47.42,12.516,14.298,16.414,12.548,76.906
30/10/2023 12:30,45.908,10.028,12.682,24.424,11.688,82.894
30/10/2023 13:00,80.43,14.26,25.61,45.868,19.34,106.318
30/10/2023 13:30,98.508,22.372,27.234,42.892,26.512,135.29
30/10/2023 14:00,80.56,20.842,33.99,31.526,23.634,93.138
30/10/2023 14:30,65.606,17.194,29.25,24.206,16.748,114.818
30/10/2023 15:00,59.964,14.462,22.294,26.126,14.412,146.934
30/10/2023 15:30,75.868,11.816,24.882,35.38,15.112,147.348
30/10/2023 16:00,91.198,16.64,25.772,44.098,20.726,152.744
30/10/2023 16:30,113.354,23.194,34.508,44.892,26.32,158.304
30/10/2023 17:00,112.744,23.906,40.472,45.878,26.498,154.378
30/10/2023 17:30,118.958,23.114,35.93,61.034,27.452,166.17
30/10/2023 18:00,121.098,21.53,40.51,70.662,27.638,210.582
30/10/2023 18:30,135.084,26.832,39.186,70.834,31.764,213.354
30/10/2023 19:00,150.228,30.662,32.456,62.646,36.742,219.072
30/10/2023 19:30,160.442,38.488,41.532,60.65,39.686,210.422
30/10/2023 20:00,164.198,36.854,44.716,65.69,38.418,199.984
30/10/2023 20:30,153.204,36.42,44.16,65.66,35.776,155.042
30/10/2023 21:00,155.438,27.508,39.368,67.43,34.182,100.008
30/10/2023 21:30,138.694,28.164,39.054,62.308,34.236,100.006
30/10/2023 22:00,136.278,25.522,37.388,64.462,34.476,133.354
30/10/2023 22:30,136.198,29.204,38.786,61.558,35.176,212.588
30/10/2023 23:00,145.91,31.09,41.21,65.818,36.494,206.088
30/10/2023 23:30,145.002,31.22,43.478,67.452,38.288,211.894
31/10/2023 00:00,163.286,30.504,44.338,72.696,38.9,219.466
31/10/2023 00:30,165.872,36.414,45.164,71.118,46.94,217.186
31/10/2023 01:00,150.57,30.036,42.828,68.818,37.606,216.68
31/10/2023 01:30,171.676,37.846,52.406,81.686,46.588,219.386
31/10/2023 02:00,180.156,38.376,49.126,75.194,49.552,219.542
31/10/2023 02:30,146.888,36.89,51.798,64.162,41.68,219.186
31/10/2023 03:00,172.774,34.272,48.956,84.236,43.544,219.458
31/10/2023 03:30,194.93,40.914,54.112,86.58,51.216,219.432
31/10/2023 04:00,165.782,38.914,52.21,76.502,45.638,219.338
31/10/2023 04:30,173.356,38.048,52.778,82.706,47.17,219.48
31/10/2023 05:00,174.298,39.368,57.178,85.992,49.072,219.464
31/10/2023 05:30,170.554,33.414,54.812,78.544,42.264,219.422
31/10/2023 06:00,157.14,36.99,53.096,77.37,42.686,214.404
31/10/2023 06:30,149.448,34.236,50.03,63.184,41.074,205.876
31/10/2023 07:00,149.488,33.16,47.132,70.056,41.976,218.082
31/10/2023 07:30,150.726,33.972,49.288,72.118,43.254,217.93
31/10/2023 08:00,157.538,34.934,49.76,74.786,40.81,218.142
31/10/2023 08:30,165.452,35.05,49.024,76.36,43.916,238.47
31/10/2023 09:00,171.69,36.002,56.074,85.978,45.694,246.442
31/10/2023 09:30,171.738,36.43,55.756,86.474,47.668,240.212
31/10/2023 10:00,156.126,35.506,42.634,75.942,45.362,225.732
31/10/2023 10:30,133.948,26.862,39.29,62.912,36.514,191.542
31/10/2023 11:00,127.494,26.974,36.26,53.718,31.402,182.056
31/10/2023 11:30,112.992,23.162,32.192,54.452,30.678,170.672
31/10/2023 12:00,103.368,24.026,30.918,51.448,29.304,152.692
31/10/2023 12:30,95.544,20.694,30.128,47.786,25.488,144.8
31/10/2023 13:00,89.3,19.418,27.418,45.712,24.21,138.232
31/10/2023 13:30,81.512,16.64,23.9,42.174,21.642,125.764
31/10/2023 14:00,82.078,18.21,24.06,39.002,21.878,121.828
31/10/2023 14:30,82.06,18.096,25.25,40.21,21.988,119.882
31/10/2023 15:00,83.952,19.116,23.728,42.252,21.748,128.952
31/10/2023 15:30,88.608,19.894,27.632,44.192,24.434,129.866
31/10/2023 16:00,89.436,21.424,30.088,44.566,24.458,125.082
31/10/2023 16:30,88.448,20.48,29.01,43.198,24.054,124.626
31/10/2023 17:00,92.282,22.606,29.106,44.102,26.698,130.114
31/10/2023 17:30,82.624,19.852,29.048,40.172,24.424,115.85
31/10/2023 18:00,85.548,19.042,27.236,40.808,25.176,119.038
31/10/2023 18:30,80.394,17.172,24.98,35.794,23.264,106.718
31/10/2023 19:00,66.58,14.322,21.254,32.806,19.428,92.746
31/10/2023 19:30,66.27,15.258,22.212,33.056,18.738,87.948
31/10/2023 20:00,77.254,16.692,23.744,33.858,22.282,102.808
31/10/2023 20:30,85.902,18.972,27.218,39.22,26.702,112.08
31/10/2023 21:00,93.266,21.87,29.964,42.864,29.098,119.798
31/10/2023 21:30,90.276,21.248,26.154,40.442,27.162,125.538
31/10/2023 22:00,95.524,20.622,28.268,41.962,26.838,127.23
31/10/2023 22:30,95.614,23.24,33.132,46.882,29.26,127.786
31/10/2023 23:00,59.274,14.522,17.986,35.168,19.934,102.372
31/10/2023 23:30,,,,,,
01/11/2023 00:00,,,,,,
01/11/2023 00:30,,,,,,
01/11/2023 01:00,,,,,,
01/11/2023 01:30,,,,,,182.472
01/11/2023 02:00,,,,,,193.31
01/11/2023 02:30,,,,,,214.328
01/11/2023 03:00,,,,,,226.986
01/11/2023 03:30,,,,,,245.346
01/11/2023 04:00,,,,,,258.018
01/11/2023 04:30,,,,,,289.49
01/11/2023 05:00,,,,,,305.35
01/11/2023 05:30,,,,,,309.152
01/11/2023 06:00,,,,,,311.89
01/11/2023 06:30,,,,,,211.432
01/11/2023 07:00,,,,,,76.084
01/11/2023 07:30,,,,63.334,31.45,76.07
01/11/2023 08:00,,,33.378,107.452,68.766,76.066
01/11/2023 08:30,,,61.704,39.938,68.768,76.044
01/11/2023 09:00,,,73.632,27.276,68.74,76.058
01/11/2023 09:30,,,77.636,27.27,68.724,76.066
01/11/2023 10:00,,,77.556,27.292,63.928,76.058
01/11/2023 10:30,,,77.648,27.412,15.64,76.066
01/11/2023 11:00,,,77.686,27.414,15.642,76.064
01/11/2023 11:30,,,77.656,27.418,15.632,76.064
01/11/2023 12:00,,,77.666,27.41,15.656,76.062
01/11/2023 12:30,,,77.658,27.418,15.642,76.066
01/11/2023 13:00,,,77.672,27.41,15.64,76.046
01/11/2023 13:30,,,76.952,27.42,15.642,76.068
01/11/2023 14:00,,,40.384,27.442,15.696,76.06
01/11/2023 14:30,,,30.386,27.412,15.726,76.048
01/11/2023 15:00,,,31.218,27.424,15.72,76.056
01/11/2023 15:30,,,31.206,27.432,15.732,76.048
01/11/2023 16:00,,,31.244,27.43,15.724,76.056
01/11/2023 16:30,,,31.226,27.442,15.728,76.054
01/11/2023 17:00,,31.642,31.208,90.596,15.674,76.058
01/11/2023 17:30,,42.172,32.158,107.468,15.652,76.048
01/11/2023 18:00,27.614,48.924,77.69,107.354,15.652,76.076
01/11/2023 18:30,58.964,48.934,77.688,107.404,67.464,76.056
01/11/2023 19:00,59.016,48.918,77.636,107.372,68.754,76.054
01/11/2023 19:30,98.004,48.946,77.596,107.306,68.744,76.06
01/11/2023 20:00,155.83,48.928,77.656,107.438,68.75,77.996
01/11/2023 20:30,225.148,48.968,77.662,107.394,68.746,186.14
01/11/2023 21:00,227.038,48.93,77.614,107.14,68.736,348.282
01/11/2023 21:30,233.246,48.95,77.61,106.112,68.696,339.664
01/11/2023 22:00,232.72,48.878,77.578,107.17,68.708,275.972
01/11/2023 22:30,208.776,45.528,76.304,35.038,19.356,78.406
01/11/2023 23:00,211.81,46.402,75.07,27.434,15.636,76.042
01/11/2023 23:30,199.892,41.624,64.216,27.52,54.078,76.076
02/11/2023 00:00,148.75,32.606,52.962,27.468,44.394,76.064
02/11/2023 00:30,143.388,35.016,51.454,27.472,41.314,76.058
02/11/2023 01:00,123.998,28.424,41.73,48.594,37.186,76.076
02/11/2023 01:30,98.754,22.136,31.016,43.178,30.696,76.048
02/11/2023 02:00,21.67,15.05,3.308,29.76,18.214,17.608
02/11/2023 02:30,,5.884,,20.292,9.008,
02/11/2023 03:00,,,,,,
02/11/2023 03:30,,,,,,
02/11/2023 04:00,,,,,,
02/11/2023 04:30,,,,,,
02/11/2023 05:00,,,8.388,10.02,5.746,
02/11/2023 05:30,,14.186,26.012,21.37,15.59,
02/11/2023 06:00,52.402,22.128,36.09,41.656,25.302,65.622
02/11/2023 06:30,99.468,22.586,37.032,49.962,27.146,114.276
02/11/2023 07:00,102.038,21.024,40.708,52.098,28.712,125.024
02/11/2023 07:30,102.65,19.928,37.492,50.556,30.458,117.108
02/11/2023 08:00,90.608,19.156,42.008,42.646,30.618,94.424
02/11/2023 08:30,116.634,26.132,48.994,64.242,40.292,116.18
02/11/2023 09:00,144.06,33.534,58.336,72.842,49.58,158.092
02/11/2023 09:30,182.886,40.906,71.412,93.31,57.252,215.136
02/11/2023 10:00,223.524,48.566,77.404,102.994,67.576,298.73
02/11/2023 10:30,228.296,48.21,77.308,100.386,67.052,274.552
02/11/2023 11:00,229.764,48.714,77.354,105.454,68.078,298.326
02/11/2023 11:30,233.652,48.952,77.612,107.248,68.658,324.228
02/11/2023 12:00,234.594,48.966,77.644,107.37,68.708,332.372
02/11/2023 12:30,234.724,48.884,77.598,107.468,68.656,326.87
02/11/2023 13:00,234.72,48.926,77.664,107.366,68.656,329.752
02/11/2023 13:30,234.524,48.952,77.626,107.4,68.73,339.134
02/11/2023 14:00,234.248,48.78,77.59,107.294,68.584,330.744
02/11/2023 14:30,227.226,48.954,77.606,107.37,67.348,338.384
02/11/2023 15:00,231.838,48.894,77.632,107.382,68.592,331.688
02/11/2023 15:30,234.7,48.928,77.654,107.368,68.738,336.524
02/11/2023 16:00,234.586,48.95,77.632,107.378,68.664,331.204
02/11/2023 16:30,234.73,48.978,77.58,107.338,68.76,335.952
02/11/2023 17:00,234.71,48.968,77.66,107.39,68.692,316.134
02/11/2023 17:30,237.818,34.74,77.608,107.38,68.75,249.714
02/11/2023 18:00,242.948,,70.496,107.35,44.414,249.71
02/11/2023 18:30,243.03,,,101.442,,249.694
02/11/2023 19:00,203.08,,,,,249.754
02/11/2023 19:30,147.516,,,,,145.032
02/11/2023 20:00,147.518,,,,,99.986
02/11/2023 20:30,147.514,,,,,42.968
02/11/2023 21:00,89.448,,,,,
02/11/2023 21:30,59.006,,,,,
02/11/2023 22:00,58.992,,,,,
02/11/2023 22:30,58.984,,,,,
02/11/2023 23:00,4.82,,,,,
02/11/2023 23:30,,,,,,
03/11/2023 00:00,,,,,,
03/11/2023 00:30,,,,,,
03/11/2023 01:00,,,,,,
03/11/2023 01:30,,,,,,
03/11/2023 02:00,,,,,,
03/11/2023 02:30,,,,,,
03/11/2023 03:00,,,,,,
03/11/2023 03:30,,,,,,
03/11/2023 04:00,,,,,,
03/11/2023 04:30,,,,,,
03/11/2023 05:00,,,,,,
03/11/2023 05:30,,,,,,
03/11/2023 06:00,,,,,,
03/11/2023 06:30,,,,,,
03/11/2023 07:00,,,,,,
03/11/2023 07:30,,,,,,
03/11/2023 08:00,,,,,,
03/11/2023 08:30,,,,,,
03/11/2023 09:00,,,,,,
03/11/2023 09:30,,,,,,
03/11/2023 10:00,,,,,,
03/11/2023 10:30,,4.696,26.084,35.206,16.106,94.044
03/11/2023 11:00,59.334,19.32,24.974,34.176,21.44,236.914
03/11/2023 11:30,122.478,12.374,20.732,29.308,15.944,168.778
03/11/2023 12:00,122.478,12.684,13.502,30.436,13.312,224.148
03/11/2023 12:30,101.814,6.756,12.512,23.498,11.79,167.786
03/11/2023 13:00,78.888,5.828,12.498,22.506,8.426,105.36
03/11/2023 13:30,58.49,7.014,18.734,27.584,10.812,71.782
03/11/2023 14:00,39.242,7.408,17.624,21.978,10.618,57.762
03/11/2023 14:30,27.2,5.274,12.5,16.99,7.174,49.222
03/11/2023 15:00,31.034,6.266,14.406,19.584,9.206,49.5
03/11/2023 15:30,28.304,6.786,9.358,10.054,9.014,38.402
03/11/2023 16:00,16.24,4.764,8.01,7.856,5.51,40.718
03/11/2023 16:30,30.61,3.276,9.604,24.394,5.992,63.98
03/11/2023 17:00,52.538,7.492,19.532,41.62,13.016,91.502
03/11/2023 17:30,55.336,10.344,25.11,33.592,14.686,98.148
03/11/2023 18:00,62.648,8.772,23.002,39.998,12.748,92.436
03/11/2023 18:30,72.658,13.974,31.168,39.548,21.348,120.588
03/11/2023 19:00,61.998,13.264,22.068,25.086,17.642,90.848
03/11/2023 19:30,33.376,5.808,10.432,16.068,7.584,48.34
03/11/2023 20:00,22.996,4.56,10.292,14.514,5.592,38.678
03/11/2023 20:30,18.186,2.61,5.644,18.014,3.622,52.364
03/11/2023 21:00,26.324,3.874,7.734,14.742,8.312,40.22
03/11/2023 21:30,20.888,4.642,5.818,12.02,6.078,41.216
03/11/2023 22:00,19.838,3.346,5.728,9.55,4.59,37.236
03/11/2023 22:30,22.55,2.916,5.082,8.756,4.728,41.058
03/11/2023 23:00,22.118,2.652,4.21,11.336,4.55,44.144
03/11/2023 23:30,35.222,5.182,6.29,23.182,9.754,63.714
04/11/2023 00:00,42.926,6.23,12.122,23.508,11.002,60.992
04/11/2023 00:30,32.044,5.762,10.646,17.866,9.784,45.344
04/11/2023 01:00,19.372,3.966,5.16,16.178,5.464,40.142
04/11/2023 01:30,13.15,1.648,4.552,13.246,3.734,33.65
04/11/2023 02:00,7.01,0.646,3.742,7.71,1.136,15.178
04/11/2023 02:30,,,1.126,2.624,,
04/11/2023 03:00,,,,,,
04/11/2023 03:30,,,,,,
04/11/2023 04:00,,,,,,0.49
04/11/2023 04:30,,,,,,
04/11/2023 05:00,,,,,,
04/11/2023 05:30,,,,,,
04/11/2023 06:00,,,,,,
04/11/2023 06:30,,,,,,
04/11/2023 07:00,,,,,,
04/11/2023 07:30,1.398,0.454,0.422,,0.274,0.756
04/11/2023 08:00,3.508,0.736,0.41,,0.832,4.61
04/11/2023 08:30,4.54,0.95,0.828,,0.792,2.184
04/11/2023 09:00,7.67,1.78,2.276,0.316,1.776,5.526
04/11/2023 09:30,8.688,1.91,1.362,2.628,1.888,11.084
04/11/2023 10:00,5.28,0.698,0.61,1.846,1.05,7.1
04/11/2023 10:30,2.288,0.544,0.862,0.352,,3.004
04/11/2023 11:00,3.368,0.938,1.208,0.312,,3.054
04/11/2023 11:30,8.09,1.502,2.026,1.91,0.626,3.326
04/11/2023 12:00,8.01,1.156,1.12,3.002,1.142,9.274
04/11/2023 12:30,4.97,0.732,0.708,2.096,0.936,8.744
04/11/2023 13:00,7.794,0.956,0.644,2.688,1.2,10.602
04/11/2023 13:30,13.126,1.522,4.714,5.12,1.804,15.678
04/11/2023 14:00,22.154,5.318,6.674,8.156,8.692,29.012
04/11/2023 14:30,29.562,4.794,7.952,12.674,7.292,40.238
04/11/2023 15:00,31.222,6.016,7.32,12.214,9.236,48.31
04/11/2023 15:30,35.562,5.14,6.51,17.996,7.856,52.782
04/11/2023 16:00,34.906,2.748,5.644,19.694,5.346,58.998
04/11/2023 16:30,17.076,0.92,2.038,12.122,2.484,60.48
04/11/2023 17:00,2.362,,0.158,2.624,,43.908
04/11/2023 17:30,3.838,0.462,3.494,2.838,0.914,11.53
04/11/2023 18:00,5.276,1.016,3.468,5.418,2.078,9.3
04/11/2023 18:30,5.084,0.656,2.872,2.564,1.066,7.228
04/11/2023 19:00,6.586,1.44,5.074,2.78,2.39,5.408
04/11/2023 19:30,7.936,1.74,6.144,2.784,2.68,6.37
04/11/2023 20:00,10.22,2.892,8.012,3.812,3.786,5.298
04/11/2023 20:30,13.892,3.422,8.394,4.924,4.644,6.96
04/11/2023 21:00,14.864,2.436,5.852,6.764,3.676,8.292
04/11/2023 21:30,12.75,1.41,3.704,6.974,3.048,12.26
04/11/2023 22:00,7.646,1.41,2.888,3.184,1.978,11.146
04/11/2023 22:30,5.97,0.914,0.832,1.454,1.106,5.264
04/11/2023 23:00,6.702,1.576,2.552,2.868,1.932,5.086
04/11/2023 23:30,8.03,1.774,2.076,2.452,2.214,7.486
05/11/2023 00:00,3.882,1.116,1.476,0.984,1.106,4.416
05/11/2023 00:30,2.064,0.502,0.924,0.724,0.734,2.302
05/11/2023 01:00,3.796,0.766,1.996,2.27,1.39,7.524
05/11/2023 01:30,8.096,2.336,3.886,2.458,2.746,9.812
05/11/2023 02:00,10.098,2.35,4.826,3.502,2.992,16.514
05/11/2023 02:30,14.284,3.214,5.846,4.748,4.026,31.22
05/11/2023 03:00,18.012,3.148,6.522,5.164,3.96,40.492
05/11/2023 03:30,21.774,3.778,6.6,6.438,4.834,46.368
05/11/2023 04:00,23.322,3.276,5.98,6.06,3.832,54.412
05/11/2023 04:30,26.756,3.352,6.99,6.576,4.438,51.312
05/11/2023 05:00,29.462,3.808,6.58,7.23,4.974,63.788
05/11/2023 05:30,31.806,3.278,6.008,4.99,4.524,81.694
05/11/2023 06:00,33.482,2.61,4.166,6.246,4.218,82.1
05/11/2023 06:30,45.032,4.712,3.478,10.244,8.486,101.526
05/11/2023 07:00,54.178,7.128,4.242,24.218,9.654,96.418
05/11/2023 07:30,61.69,9.082,13.956,34.424,14.28,92.428
05/11/2023 08:00,67.506,9.55,21.51,37.78,15.764,95.84
05/11/2023 08:30,69.44,11.15,20.73,42.744,16.318,99.072
05/11/2023 09:00,69.274,12.214,22.638,33.072,18.14,83.316
05/11/2023 09:30,52.158,8.026,15.412,24.992,11.908,67.596
05/11/2023 10:00,41.99,7.424,14.048,23.272,10.694,56.982
05/11/2023 10:30,31.486,5.966,13.04,21.298,8.562,43.522
05/11/2023 11:00,23.64,4.218,9.564,15.524,6.12,32.216
05/11/2023 11:30,18.028,3.08,7.15,11.36,4.432,19.346
05/11/2023 12:00,11.958,2.432,5.694,9.008,3.64,12.248
05/11/2023 12:30,6.856,1.22,3.992,5.362,2.108,7.22
05/11/2023 13:00,5.25,1.05,2.058,3.656,1.538,8.034
05/11/2023 13:30,7.374,1.492,1.804,5.116,2.104,6.954
05/11/2023 14:00,5.302,1.076,1.94,3.718,1.568,2.548
05/11/2023 14:30,2.44,0.694,1.25,2.246,0.424,
05/11/2023 15:00,0.484,0.472,0.584,1.74,0.276,
05/11/2023 15:30,,,0.354,0.268,,
05/11/2023 16:00,,,,,,
05/11/2023 16:30,2.042,0.516,,,0.402,3.436
05/11/2023 17:00,2.398,1.136,0.2,0.04,1.08,4.632
05/11/2023 17:30,0.644,0.384,0.488,0.446,0.078,1.456
05/11/2023 18:00,,0.256,,,,
05/11/2023 18:30,,0.598,,,,1.258
05/11/2023 19:00,2.216,1.936,0.846,,1.316,5.13
05/11/2023 19:30,2.636,0.864,0.078,0.904,0.51,6.368
05/11/2023 20:00,4.396,1.034,0.314,0.614,0.872,10.166
05/11/2023 20:30,7.882,0.724,0.736,1.13,0.716,11.13
05/11/2023 21:00,14.07,2.918,1.642,2.996,2.066,12.926
05/11/2023 21:30,14.992,3.628,4.328,5,3.996,20.966
05/11/2023 22:00,11.036,3.156,2.604,6.162,2.962,12.312
05/11/2023 22:30,3.024,0.926,1.434,1.186,1.206,5.448
05/11/2023 23:00,1.378,,,,,6.274
05/11/2023 23:30,6.472,1.108,0.308,0.52,0.848,10
06/11/2023 00:00,8.56,1.814,1.416,1.83,0.626,8.268
06/11/2023 00:30,11.662,1.342,2.412,2.142,1.236,9.514
06/11/2023 01:00,12.446,4.87,3.302,1.984,4.352,13.252
06/11/2023 01:30,9.048,1.596,2.88,1.66,1.244,5.892
06/11/2023 02:00,13.716,3.452,2.804,0.864,3.046,8.418
06/11/2023 02:30,18.91,4.884,3.59,2.382,4.474,12.452
06/11/2023 03:00,18.458,5.212,4.024,3.182,5.258,18.854
06/11/2023 03:30,19.672,6.15,4.206,5.86,4.596,28.112
06/11/2023 04:00,20.306,5.476,5.888,6.148,5.492,23.658
06/11/2023 04:30,18.2,4.898,5.764,6.596,5.338,21.766
06/11/2023 05:00,17.138,4.718,5.612,7.534,4.908,19.5
06/11/2023 05:30,19.538,5.206,6.782,7.158,5.372,23.794
06/11/2023 06:00,17.732,4.258,4.216,7.774,5.018,22.632
06/11/2023 06:30,13.578,2.332,3.072,5.8,3.798,17.238
06/11/2023 07:00,11.052,1.878,3.25,6.074,2.47,13.376
06/11/2023 07:30,8.412,1.53,2.436,5.158,1.926,7.902
06/11/2023 08:00,7.334,0.814,1.01,1.826,0.656,7.724
06/11/2023 08:30,8.926,2.32,1.052,3.442,2.412,8.016
06/11/2023 09:00,8.232,2.23,1.532,3.846,2.452,7.462
06/11/2023 09:30,6.78,1.304,3.168,3.462,1.89,8.18
06/11/2023 10:00,8.974,0.512,2.078,3.238,0.93,13.894
06/11/2023 10:30,15.358,2.14,3.55,5.79,2.406,22.118
06/11/2023 11:00,23.336,4.102,4.568,7.714,5.306,38.32
06/11/2023 11:30,28.626,5.85,5.91,14.444,7.794,39.978
06/11/2023 12:00,23.308,4.592,6.232,11.948,6.036,30.936
06/11/2023 12:30,23.828,5.326,6.562,11.982,6.452,36.138
06/11/2023 13:00,22.768,5.012,5.788,12.084,5.366,38.082
06/11/2023 13:30,28.732,8.5,8.002,10.356,7.386,35.706
06/11/2023 14:00,32.86,8.352,9.938,8.976,7.4,38.218
06/11/2023 14:30,40.326,9.592,12.018,10.426,9.714,47.984
06/11/2023 15:00,41.38,9.706,11.78,11.264,9.872,47.622
06/11/2023 15:30,54.812,12.984,15.312,10.362,12.034,63.036
06/11/2023 16:00,54.874,15.574,21.424,19.97,15.61,60.332
06/11/2023 16:30,46.644,11.094,18.478,18.368,12.394,50.29
06/11/2023 17:00,56.276,14.412,20.34,16.88,13.634,65.014
06/11/2023 17:30,58.434,12.736,20.694,24.34,14.292,71.168
06/11/2023 18:00,70.106,15.616,22.3,28.676,17.556,87.504
06/11/2023 18:30,85.122,24.078,32.866,37.234,23.392,113.972
06/11/2023 19:00,98.602,25.538,28.426,37.36,21.126,122.982
06/11/2023 19:30,117.554,27.044,33.312,38.592,25.198,129.022
06/11/2023 20:00,113.908,28.958,27.962,38.616,24.316,122.802
06/11/2023 20:30,131.83,34.216,31.102,39.81,31.854,127.68
06/11/2023 21:00,117.658,31.114,34.728,38.866,28.84,116.22
06/11/2023 21:30,105.968,30.152,39.646,36.132,28.39,107.386
06/11/2023 22:00,100.104,24.61,32.32,33.354,22.966,85.106
06/11/2023 22:30,107.894,33.058,33.766,28.532,26.932,83.346
06/11/2023 23:00,116.83,34.192,38.016,32.05,27.25,89.314
06/11/2023 23:30,129.726,45.914,43.27,30.804,36.002,95.906
07/11/2023 00:00,122.18,41.45,42.61,31.376,35.274,94.932
07/11/2023 00:30,115.344,34.48,37.436,25.9,25.62,95.24
07/11/2023 01:00,99.732,39.784,37.468,30.392,28.676,96.954
07/11/2023 01:30,59.092,12.116,13.014,10.12,11.12,44.448
07/11/2023 02:00,59.034,,,,,
07/11/2023 02:30,56.236,7.654,10.758,12.97,5.722,15.616
07/11/2023 03:00,50.168,11.882,16.74,19.324,11.506,60.69
07/11/2023 03:30,38.872,11.014,12.338,15.748,11.13,42.508
07/11/2023 04:00,28.802,8.33,6.912,9.564,6.108,30.716
07/11/2023 04:30,19.148,7.698,6.9,7.266,4.868,25.632
07/11/2023 05:00,16.14,3.302,4.294,6.974,2.166,22.562
07/11/2023 05:30,19.796,2.378,3.25,10.812,3.55,39.126
07/11/2023 06:00,39.168,7.532,6.39,18.764,9.606,68.954
07/11/2023 06:30,51.104,11.372,11.352,17.538,12.164,67.986
07/11/2023 07:00,62.936,10.366,10.63,47.434,12.034,121.112
07/11/2023 07:30,119.766,20.134,24.546,76.158,27.158,158.356
07/11/2023 08:00,136.888,27.542,37.176,93.856,32.668,208.934
07/11/2023 08:30,149.41,33.538,45.064,97.176,38.952,194.758
07/11/2023 09:00,146.862,35.094,46.104,85.142,38.226,169.978
07/11/2023 09:30,138.526,31.97,40.986,82.09,34.712,163.092
07/11/2023 10:00,133.928,30.04,39.862,84.42,32.014,167.818
07/11/2023 10:30,137.716,30.468,37.08,80.284,34.982,169.036
07/11/2023 11:00,143.458,31.616,45.092,77.402,35.338,172.75
07/11/2023 11:30,133.474,30.476,42.862,70.158,33.36,168.892
07/11/2023 12:00,125.018,29.052,39.892,70.964,28.554,160.286
07/11/2023 12:30,113.214,26.116,38.058,63.054,26.852,145.268
07/11/2023 13:00,108.34,27.126,37.264,61.842,29.444,128.96
07/11/2023 13:30,107.252,24.382,36.316,52.368,23.128,139.99
07/11/2023 14:00,98.414,23.08,40.124,71.57,27.492,162.146
07/11/2023 14:30,107.416,27.194,33.746,72.138,24.778,146.582
07/11/2023 15:00,96.516,26.01,32.61,59.524,14.926,117.262
07/11/2023 15:30,103.9,31.228,30.35,39.302,22.744,109.426
07/11/2023 16:00,80.396,17.76,37.36,38.954,14.384,91.97
07/11/2023 16:30,82.772,14.858,18.248,37.732,12.434,102.878
07/11/2023 17:00,71.472,19.172,20.418,43.458,15.218,78.44
07/11/2023 17:30,70.912,20.092,21.81,34.872,15.788,75.15
07/11/2023 18:00,77.506,18.768,29.228,36.302,18.612,93.062
07/11/2023 18:30,78.306,22.252,24.856,44.406,19.196,86.692
07/11/2023 19:00,59.552,16.354,23.146,36.062,16.57,57.062
07/11/2023 19:30,34.692,10.978,17.48,22.54,9.488,34.896
07/11/2023 20:00,17.332,5.414,10.154,15.544,5.326,28.508
07/11/2023 20:30,6.088,1.836,4.666,7.258,1.812,13.09
07/11/2023 21:00,,0.162,1.558,0.96,0.244,0.408
07/11/2023 21:30,,,,,,
07/11/2023 22:00,0.88,,,,,0.136
07/11/2023 22:30,2.07,0.078,,,,0.754
07/11/2023 23:00,8.092,1.258,0.964,,0.842,8.45
07/11/2023 23:30,8.278,4.37,2.468,1.306,2.536,9.338
08/11/2023 00:00,6.914,3.332,3.068,1.88,2.21,4.252
08/11/2023 00:30,13.71,4.55,3.906,5.062,3.158,12.9
08/11/2023 01:00,17.33,5.47,5.04,5.204,4.456,22.536
08/11/2023 01:30,16.054,4.364,6.082,6.702,3.784,16.73
08/11/2023 02:00,18.15,4.86,6.566,6.324,4.012,24.482
08/11/2023 02:30,12.992,2.722,4.508,6.61,2.202,20.338
08/11/2023 03:00,22.464,7.09,7.49,7.094,6.136,21.228
08/11/2023 03:30,37.754,15.52,14.596,14.406,10.198,41.702
08/11/2023 04:00,47.564,15.03,12.734,23.466,10.248,61.012
08/11/2023 04:30,,,,,,
08/11/2023 05:00,,,,,,
08/11/2023 05:30,,,,,,
08/11/2023 06:00,,,,,,
08/11/2023 06:30,,,,,,
08/11/2023 07:00,,,,,,
08/11/2023 07:30,,,,,,
08/11/2023 08:00,,,,,,
08/11/2023 08:30,,,,,,
08/11/2023 09:00,,,,,,
08/11/2023 09:30,,,,,,
08/11/2023 10:00,,24.102,,,,
08/11/2023 10:30,,59.62,,,,
08/11/2023 11:00,,58.736,,,,
08/11/2023 11:30,,59.568,,,,
08/11/2023 12:00,,63.514,,,,
08/11/2023 12:30,,58.172,,,,
08/11/2023 13:00,,3.032,,,,
08/11/2023 13:30,,,,,,
08/11/2023 14:00,,,,,,
08/11/2023 14:30,,,,,,
08/11/2023 15:00,,,,,,
08/11/2023 15:30,,,,,,
08/11/2023 16:00,,,,31.888,,
08/11/2023 16:30,,,,49.042,,
08/11/2023 17:00,,,,49.04,,
08/11/2023 17:30,,,,49.054,,
08/11/2023 18:00,,,,49.046,,
08/11/2023 18:30,,,,49.046,,
08/11/2023 19:00,,,,49.062,,
08/11/2023 19:30,,,,49.038,,
08/11/2023 20:00,,,,80.406,16.81,
08/11/2023 20:30,95.94,,,50.014,28.556,
08/11/2023 21:00,135,,,27.396,15.738,
08/11/2023 21:30,157.204,,,27.382,15.74,
08/11/2023 22:00,157.454,,,27.398,15.738,
08/11/2023 22:30,157.464,,,27.378,15.738,
08/11/2023 23:00,157.444,41.074,,27.4,15.742,
08/11/2023 23:30,134.278,43.61,,27.39,15.746,
09/11/2023 00:00,140.798,39.148,,27.392,15.748,
09/11/2023 00:30,148.26,34.218,,27.386,15.734,
09/11/2023 01:00,141.846,37.246,,27.386,15.74,
09/11/2023 01:30,137.592,31.43,,27.386,15.738,
09/11/2023 02:00,132.76,31.97,,61.188,26.466,
09/11/2023 02:30,116.53,29.112,,69.654,27.536,
09/11/2023 03:00,96.22,26.108,29.47,46.174,23.994,121.202
09/11/2023 03:30,85.632,20.826,33.582,41.87,18.318,113.338
09/11/2023 04:00,66.524,15.874,23.822,29.186,15.638,105.902
09/11/2023 04:30,67.742,17.268,21.084,30.968,14.196,104.118
09/11/2023 05:00,77.722,20.922,23.2,35.068,18.662,118.306
09/11/2023 05:30,80.486,20.912,25.624,35.292,17.362,127.846
09/11/2023 06:00,83.284,25.63,28.452,35.116,21.816,135.336
09/11/2023 06:30,82.782,24.85,27.2,36.708,22.194,130.008
09/11/2023 07:00,115.102,31.462,40.392,47.026,28.412,144.658
09/11/2023 07:30,157.114,47.316,56.674,58.744,46.436,175.79
09/11/2023 08:00,163.086,43.922,56.036,77.172,47.794,240.234
09/11/2023 08:30,170.562,48.4,61.3,77.14,47.246,212.688
09/11/2023 09:00,176.022,50.298,67.25,74.826,51.916,200.364
09/11/2023 09:30,174.406,53.352,68.884,73.918,52.76,214.542
09/11/2023 10:00,144.192,41.262,54.61,68.34,43.852,211.552
09/11/2023 10:30,83.114,26.93,41.768,52.996,24.402,139.416
09/11/2023 11:00,60.54,23.408,27.482,28.888,21.082,87.38
09/11/2023 11:30,62.36,27.35,27.578,26.578,24.128,82.246
09/11/2023 12:00,79.87,25.21,30.974,32.116,23.154,84.922
09/11/2023 12:30,80.846,18.744,22.826,32.648,19.84,99.932
09/11/2023 13:00,64.184,18.302,28.112,26.624,17.756,88.636
09/11/2023 13:30,43.316,14.304,22.572,21.888,13.492,70.43
09/11/2023 14:00,33.652,13.682,17.922,14.71,12.726,36.71
09/11/2023 14:30,19.352,5.734,8.43,12.428,5.878,23.48
09/11/2023 15:00,11.368,4.118,5.834,6.48,3.146,12.836
09/11/2023 15:30,3.13,1.568,2.882,1.742,1.616,3.31
09/11/2023 16:00,,,0.546,,,
09/11/2023 16:30,,,,,,
09/11/2023 17:00,,,,,,
09/11/2023 17:30,,,,,,
09/11/2023 18:00,,,,,,
09/11/2023 18:30,,,,,,
09/11/2023 19:00,,,,,,
09/11/2023 19:30,,,,,,
09/11/2023 20:00,,,,,,
09/11/2023 20:30,,,,,,
09/11/2023 21:00,,,,,,
09/11/2023 21:30,,,,,,
09/11/2023 22:00,,,,,,
09/11/2023 22:30,,,,,,
09/11/2023 23:00,,,,,,9.846
09/11/2023 23:30,5.404,,,2.96,,51.144
10/11/2023 00:00,21.576,0.994,,8.944,3.11,74.466
10/11/2023 00:30,28.614,3.672,,11.336,4.564,68.716
10/11/2023 01:00,27.332,4.58,0.024,9.974,5.482,74.928
10/11/2023 01:30,35.368,5.738,2.25,10.78,6.906,72.426
10/11/2023 02:00,36.42,7.81,4.738,19.722,8.86,68.428
10/11/2023 02:30,41.718,7.81,6.926,28.43,6.132,70.902
10/11/2023 03:00,58.808,9.396,11.408,34.168,13.39,77.264
10/11/2023 03:30,60.018,15.922,17.46,39.266,17.14,80.262
10/11/2023 04:00,56.66,15.852,23.404,23.22,16.124,79.13
10/11/2023 04:30,54.94,13.922,20.508,29.24,14.072,96.504
10/11/2023 05:00,64.766,14.108,20.24,39.366,15.132,113.908
10/11/2023 05:30,71.952,16.606,25.254,45.134,17.4,125.228
10/11/2023 06:00,73.142,17.954,26.46,45.216,18.668,126.542
10/11/2023 06:30,84.804,19.998,35.472,53.884,22.038,132.696
10/11/2023 07:00,87.222,20.54,39.452,57.122,23.44,137.412
10/11/2023 07:30,103.414,27.258,43.122,62.29,29.502,162.97
10/11/2023 08:00,105.488,31.788,36.99,59.004,31.598,164.5
10/11/2023 08:30,100.444,24.868,33.334,64.03,25.43,182.588
10/11/2023 09:00,106.08,24.992,31.838,71.746,26.722,204.406
10/11/2023 09:30,107.568,23.192,30.036,64.016,28.786,180.26
10/11/2023 10:00,108.292,24.026,28.476,65.464,28.562,165.434
10/11/2023 10:30,91.65,18.854,25.102,68.96,22.24,157.158
10/11/2023 11:00,104.046,21.304,32.648,74.218,26.934,162.284
10/11/2023 11:30,112.404,29.594,33.262,62.318,33.938,178.578
10/11/2023 12:00,111.894,31.2,33.108,67.546,32.878,187.89
10/11/2023 12:30,115.308,30.004,39.386,76.788,32.866,179.972
10/11/2023 13:00,106.01,29.464,38.378,69.67,31.772,154.016
10/11/2023 13:30,87.384,23.77,28.926,59.696,25.454,129.154
10/11/2023 14:00,82.938,23.288,28.048,60.072,24.9,130.342
10/11/2023 14:30,80.422,23.112,31.914,57.748,23.458,115.382
10/11/2023 15:00,81.63,20.308,29.078,57.266,19.154,124.356
10/11/2023 15:30,84.866,22.106,32.094,40.688,21.904,120.06
10/11/2023 16:00,99.182,21.734,31.924,43.5,22.148,137.788
10/11/2023 16:30,102.686,26.31,35.1,47.402,20.432,142.062
10/11/2023 17:00,90.592,24.336,33,46.76,22.328,133.922
10/11/2023 17:30,91.828,22.502,34.566,43.96,19.588,122.336
10/11/2023 18:00,91.796,22.848,32.498,45.496,17.774,119.958
10/11/2023 18:30,99.366,24.914,43.34,72.524,24.186,182.536
10/11/2023 19:00,82.486,29.25,45.692,78.976,41.588,248.488
10/11/2023 19:30,59.042,15.68,31.368,27.476,44.884,274.53
10/11/2023 20:00,59.018,15.67,31.372,27.476,47.84,322.896
10/11/2023 20:30,59.05,15.668,31.402,101.636,64.254,330.424
10/11/2023 21:00,59.056,15.672,31.446,68.556,68.418,329.484
10/11/2023 21:30,59.052,15.676,31.44,68.66,65.814,329.986
10/11/2023 22:00,59.016,15.658,31.43,68.738,63.67,308.662
10/11/2023 22:30,58.998,15.662,31.454,116.752,60.148,328.202
10/11/2023 23:00,59.02,15.67,31.338,126.762,68.408,331.336
10/11/2023 23:30,59.046,15.67,31.354,126.062,68.204,326.138
11/11/2023 00:00,59.062,15.678,31.362,126.516,67.94,330.364
11/11/2023 00:30,59.042,15.68,31.362,126.55,67.36,327.986
11/11/2023 01:00,59.044,36.63,56.48,124.654,68.718,333.522
11/11/2023 01:30,59.044,59.356,78.258,119.922,65.502,331.462
11/11/2023 02:00,59.048,59.046,84.99,120.152,66.136,321.568
11/11/2023 02:30,59.082,56.154,86.078,117.506,65.422,346.274
11/11/2023 03:00,59.056,54.986,80.536,110.242,61.218,319.124
11/11/2023 03:30,59.076,57.002,80.17,124.11,64.736,336.384
11/11/2023 04:00,104.61,58.142,92.726,122.264,63.906,306.426
11/11/2023 04:30,160.85,57.518,88.82,103.772,64.068,317.572
11/11/2023 05:00,218.878,55.826,91.878,27.516,62.656,345.29
11/11/2023 05:30,180.998,61.214,99.612,27.436,67.334,343.78
11/11/2023 06:00,15.378,61.392,104.5,27.448,67.978,333.346
11/11/2023 06:30,15.396,61.774,104.796,27.436,61.8,344.086
11/11/2023 07:00,172.066,25.682,102.174,27.412,57.918,327.118
11/11/2023 07:30,219.622,15.778,103.604,27.366,58.558,288.38
11/11/2023 08:00,223.408,15.786,103.164,27.332,50.428,279.636
11/11/2023 08:30,204.456,15.778,93.852,27.482,45.096,279.498
11/11/2023 09:00,189.37,19.954,87.5,33.672,39.828,291.432
11/11/2023 09:30,161.824,43.944,73.2,102.128,33.634,281.786
11/11/2023 10:00,136.5,34.936,61.282,88.244,27.666,221.378
11/11/2023 10:30,124.598,35.076,55.314,76.088,24.776,204.584
11/11/2023 11:00,114.578,27.672,51.046,87.654,22.928,192.764
11/11/2023 11:30,117.79,36.052,58.576,73.518,28.314,174.724
11/11/2023 12:00,100.064,26.264,42.6,70.47,22.542,170.328
11/11/2023 12:30,94.378,29.084,42.584,61.962,23.644,143.252
11/11/2023 13:00,81.894,23.28,37.624,58.6,22.812,118.04
11/11/2023 13:30,76.004,20.268,34.544,56.926,21.786,108.42
11/11/2023 14:00,76.72,20.26,36.99,58.702,19.51,93.46
11/11/2023 14:30,63.526,17.766,35.138,46.42,16.44,72.178
11/11/2023 15:00,52.362,14.318,29.692,42.36,13.85,86.882
11/11/2023 15:30,64.292,15.382,28.022,50.716,15.838,88.484
11/11/2023 16:00,56.116,17.758,30.39,46.346,13.168,74.434
11/11/2023 16:30,59.344,11.154,29.136,40.33,13.928,73.636
11/11/2023 17:00,56.764,16.208,28.71,42.858,15.898,69.356
11/11/2023 17:30,42.864,13.258,23.784,29.518,11.44,55.09
11/11/2023 18:00,35.272,10.52,19.006,26.872,8.266,53.718
11/11/2023 18:30,38.1,9.656,17.812,26.786,8.178,65.328
11/11/2023 19:00,39.18,9.648,17.656,28.916,7.71,70.184
11/11/2023 19:30,34.296,8.222,14.386,22.394,6.618,52.384
11/11/2023 20:00,23.842,6.064,11.068,14.766,4.4,39.424
11/11/2023 20:30,23.238,5.45,10.292,15.664,4.526,42.468
11/11/2023 21:00,25.036,6.316,10.906,15.468,5.438,38.348
11/11/2023 21:30,20.65,5.232,10.51,12.87,4.544,29.532
11/11/2023 22:00,19.264,4.734,9.372,12.264,3.754,30.054
11/11/2023 22:30,16.906,4.588,8,11.396,3.922,25.268
11/11/2023 23:00,13.644,3.624,6.992,8.796,3.004,19.748
11/11/2023 23:30,14.836,3.514,6.898,9.726,2.78,22.778
12/11/2023 00:00,13.92,3.74,6.088,11.61,2.912,23.028
12/11/2023 00:30,12.806,3.364,6.91,11.718,2.928,22.182
12/11/2023 01:00,11.222,2.19,7.066,10.92,2.182,21.148
12/11/2023 01:30,12.24,2.564,6.57,10.632,2.656,18.854
12/11/2023 02:00,9.758,2.018,4.774,7.636,1.99,16.038
12/11/2023 02:30,6.912,1.234,2.312,3.562,1.286,9.29
12/11/2023 03:00,5.734,1.532,1.412,1.974,0.99,6.7
12/11/2023 03:30,4.118,1.376,1.642,1.02,1.492,6.05
12/11/2023 04:00,1.13,,0.71,3.374,,5.902
12/11/2023 04:30,,,,2.85,,1.944
12/11/2023 05:00,,,,,,
12/11/2023 05:30,,,,,,
12/11/2023 06:00,,,,,,
12/11/2023 06:30,,,,,,
12/11/2023 07:00,,,,,,
12/11/2023 07:30,,,,,,
12/11/2023 08:00,,,,,,
12/11/2023 08:30,,,,,,
12/11/2023 09:00,,,,,,
12/11/2023 09:30,,,,,,
12/11/2023 10:00,,,0.096,,,
12/11/2023 10:30,,,0.6,,,
12/11/2023 11:00,2.856,0.048,2.778,0.716,0.184,
12/11/2023 11:30,2.228,,0.304,2.108,,1.14
12/11/2023 12:00,2.744,0.846,2.492,1.904,0.746,3.84
12/11/2023 12:30,8.29,2.62,3.938,5.604,2.442,7.662
12/11/2023 13:00,13.212,3.822,5.716,6.548,2.838,14.65
12/11/2023 13:30,27.25,6.194,14.332,11.054,5.856,29.772
12/11/2023 14:00,45.204,12.756,12.042,22.086,8.56,39.376
12/11/2023 14:30,44.818,9.686,20.618,18.828,10.36,76.482
12/11/2023 15:00,43.092,16.648,22.872,23.968,14.048,59.85
12/11/2023 15:30,66.442,20.098,26.318,25.772,16.89,79.764
12/11/2023 16:00,67.524,18.014,28.006,28.762,15.846,89.512
12/11/2023 16:30,87.788,25.172,36.122,33.346,22.212,95.336
12/11/2023 17:00,112.062,28.072,41.746,45.66,26.148,132.936
12/11/2023 17:30,134.252,35.102,51.668,57.246,32.864,164.234
12/11/2023 18:00,137.308,39.576,56.572,62.442,36.376,148.574
12/11/2023 18:30,182.052,50.764,76.718,66.22,37.494,87.144
12/11/2023 19:00,209.97,55.658,94.742,27.546,19.752,76.046
12/11/2023 19:30,235.198,60.858,85.966,27.552,19.764,76.066
12/11/2023 20:00,246.598,61.958,48.99,27.498,19.744,76.06
12/11/2023 20:30,258.554,48.908,42.544,27.508,19.754,76.058
12/11/2023 21:00,262.268,15.806,31.298,27.494,19.762,76.054
12/11/2023 21:30,194.042,15.77,31.31,27.512,19.844,76.05
12/11/2023 22:00,98.508,15.724,31.338,27.502,19.758,76.052
12/11/2023 22:30,61.45,15.706,31.348,27.51,19.756,76.06
12/11/2023 23:00,59.068,15.708,31.336,27.524,19.758,76.054
12/11/2023 23:30,59.07,15.7,31.328,27.516,19.758,76.054
13/11/2023 00:00,59.062,15.714,31.35,27.512,19.752,76.056
13/11/2023 00:30,59.082,15.702,31.354,27.52,19.764,76.05
13/11/2023 01:00,59.092,38.356,54.714,27.56,39.896,76.052
13/11/2023 01:30,59.098,58.71,121.668,27.638,62.206,76.05
13/11/2023 02:00,59.08,53.006,114.276,106.128,51.2,76.074
13/11/2023 02:30,59.108,52.546,117.358,96.708,51.334,76.07
13/11/2023 03:00,59.086,43.214,102.94,92.512,45.032,76.072
13/11/2023 03:30,59.072,32.692,102.6,93.578,47.274,76.056
13/11/2023 04:00,59.046,15.696,46.986,103.69,48.844,76.05
13/11/2023 04:30,59.07,15.71,31.374,28.29,51.24,76.056
13/11/2023 05:00,59.054,15.696,31.372,27.528,46.298,76.072
13/11/2023 05:30,59.078,15.702,31.34,27.52,15.794,76.066
13/11/2023 06:00,59.092,15.714,31.336,27.514,15.79,30.736
13/11/2023 06:30,59.072,15.704,31.334,27.508,15.792,
13/11/2023 07:00,59.066,15.7,31.344,27.51,15.798,
13/11/2023 07:30,59.07,15.706,31.342,27.516,15.796,
13/11/2023 08:00,59.06,15.704,31.35,27.516,15.8,
13/11/2023 08:30,59.06,15.704,31.332,27.512,15.798,
13/11/2023 09:00,59.046,15.706,31.336,27.518,15.796,
13/11/2023 09:30,58.992,15.688,31.344,27.518,15.792,
13/11/2023 10:00,59.048,15.702,31.322,27.5,15.79,
13/11/2023 10:30,59.052,15.7,31.358,27.516,15.8,
13/11/2023 11:00,59.042,15.702,31.338,27.512,15.794,
13/11/2023 11:30,59.052,15.7,31.332,27.516,15.806,
13/11/2023 12:00,59.06,15.696,31.352,27.524,15.8,
13/11/2023 12:30,59.068,15.694,31.338,27.516,15.792,
13/11/2023 13:00,59.048,15.694,31.348,27.512,15.806,
13/11/2023 13:30,59.052,15.698,31.342,27.52,15.794,
13/11/2023 14:00,59.042,15.694,31.342,27.52,15.804,
13/11/2023 14:30,58.99,15.688,31.34,27.506,15.796,
13/11/2023 15:00,59.044,15.7,31.348,27.524,15.798,
13/11/2023 15:30,59.028,15.334,31.346,27.502,15.778,
13/11/2023 16:00,59.054,15.696,116.156,27.604,15.8,46.388
13/11/2023 16:30,59.018,15.692,137.976,27.624,15.796,257.836
13/11/2023 17:00,59.026,15.682,87.99,27.558,15.8,299.61
13/11/2023 17:30,59.04,15.682,88.028,27.568,15.818,299.576
13/11/2023 18:00,59.022,15.686,88.02,27.556,15.816,299.574
13/11/2023 18:30,59.026,15.694,88.01,27.564,15.812,299.63
13/11/2023 19:00,59.034,15.688,88.006,27.558,15.812,299.57
13/11/2023 19:30,59.014,15.676,88.042,27.57,15.814,299.652
13/11/2023 20:00,59.05,15.694,87.998,27.546,15.822,299.606
13/11/2023 20:30,59.014,15.684,88.026,27.56,15.808,299.636
13/11/2023 21:00,59.028,15.68,88.008,27.572,15.814,299.568
13/11/2023 21:30,59.024,15.688,88.016,27.56,15.822,299.564
13/11/2023 22:00,59.038,15.692,88.036,27.568,15.812,281.714
13/11/2023 22:30,59.028,15.688,88.06,27.562,15.822,202.57
13/11/2023 23:00,59.014,15.678,83.862,27.57,15.818,125.294
13/11/2023 23:30,59.022,15.664,66.108,27.538,15.728,133.768
14/11/2023 00:00,58.958,15.618,79.614,27.564,15.802,143.248
14/11/2023 00:30,74.36,18.58,75.078,50.008,19.166,104.518
14/11/2023 01:00,,,,,,
14/11/2023 01:30,,,,,,
14/11/2023 02:00,,,,,,
14/11/2023 02:30,,,,,,
14/11/2023 03:00,,,,,,
14/11/2023 03:30,,,,,,
14/11/2023 04:00,,,,,,
14/11/2023 04:30,,,,,,
14/11/2023 05:00,33.768,17.428,16.388,16.322,6.024,8.606
14/11/2023 05:30,129.998,36.686,96.492,89.676,40.504,187.644
14/11/2023 06:00,128.278,33.028,95.63,84.612,37.668,171.164
14/11/2023 06:30,122.402,34,87.372,79.53,34.77,157.042
14/11/2023 07:00,110.016,33.002,81.424,73.536,33.422,155.318
14/11/2023 07:30,98.26,26.336,69.384,66.522,28.014,138.918
14/11/2023 08:00,90.59,23.376,70.712,61.764,25.574,141.052
14/11/2023 08:30,99.372,25.312,76.69,68.55,28.432,135.932
14/11/2023 09:00,99.376,27.904,62.482,55.524,25.81,146.114
14/11/2023 09:30,105.242,25.232,67.85,56.004,24.986,133.272
14/11/2023 10:00,114.396,30.23,84.886,70.584,30.72,149.47
14/11/2023 10:30,133.452,30.792,82.236,78.046,34.854,169.04
14/11/2023 11:00,108.588,28.424,74.952,63.712,26.438,146.464
14/11/2023 11:30,106.244,24.576,77.292,72.804,23.91,137.442
14/11/2023 12:00,106.532,28.764,81.53,58.176,26.074,129.784
14/11/2023 12:30,92.474,25.476,67.19,41.998,23.764,114.108
14/11/2023 13:00,77.828,22.086,57.35,49.378,19.566,97.31
14/11/2023 13:30,70.81,22.484,52.992,48.924,19.054,95.9
14/11/2023 14:00,78.62,21.67,62.666,50.412,20.176,91.478
14/11/2023 14:30,85.142,22.544,57.198,52.518,21.204,97.966
14/11/2023 15:00,86.606,21.642,47.83,45.304,21.118,97.052
14/11/2023 15:30,91.46,24.496,65.008,54.168,21.9,107.686
14/11/2023 16:00,103.768,29.688,72.164,63.254,24.456,128.534
14/11/2023 16:30,109.054,29.976,71.236,63.556,29.222,142.946
14/11/2023 17:00,113.788,31.384,76.078,64.378,29.83,148.376
14/11/2023 17:30,118.774,33.274,75.318,61.926,30.286,156.312
14/11/2023 18:00,117.596,33.676,79.412,73.148,29.83,152.036
14/11/2023 18:30,119.8,36.45,82.684,74.964,31.282,150.824
14/11/2023 19:00,113.334,30.046,72.13,60.148,24.346,145.856
14/11/2023 19:30,102.836,28.522,68.414,55.146,23.842,130.42
14/11/2023 20:00,106.252,28.754,66.668,54.446,23.88,138.694
14/11/2023 20:30,125.664,32.818,82.846,62.576,30.756,141.958
14/11/2023 21:00,147.654,41.016,96.354,78.768,37.756,180.306
14/11/2023 21:30,145.296,37.436,98.816,84.062,35.46,189.12
14/11/2023 22:00,150.574,33.548,100.494,88.45,29.668,184.678
14/11/2023 22:30,146.938,34.036,103.332,95.258,26.998,188.294
14/11/2023 23:00,144.058,32.928,108.602,105.75,27.032,192.492
14/11/2023 23:30,167.014,17.778,116.844,33.964,17.142,196.98
15/11/2023 00:00,185.678,42.898,116.606,46.746,34.54,257.768
15/11/2023 00:30,185.982,45.066,129.636,89.942,35.454,245.012
15/11/2023 01:00,182.232,41.18,118.032,107.418,19.956,278.138
15/11/2023 01:30,161.636,42.272,130.678,84.014,45.944,205.718
15/11/2023 02:00,109.978,42.84,126.364,107.828,60.858,70.046
15/11/2023 02:30,158.056,34.038,101.056,118.252,35.018,227.156
15/11/2023 03:00,159.55,41.766,126.792,125.12,33.638,222.338
15/11/2023 03:30,59.056,47.69,134.564,127.746,52.278,156.876
15/11/2023 04:00,51.118,20.56,58.06,132.948,23.366,72.068
15/11/2023 04:30,51.14,13.704,31.478,133.932,13.75,72.06
15/11/2023 05:00,194.764,13.788,31.474,134.488,13.75,309.2
15/11/2023 05:30,236.022,43.738,107.288,121.232,50.118,294.744
15/11/2023 06:00,228.514,60.91,151.76,121.468,66.496,242.866
15/11/2023 06:30,205.802,58.816,140.918,108.318,62.568,209.96
15/11/2023 07:00,173.392,45.538,118.11,99.018,54.37,203.48
15/11/2023 07:30,168.214,46.944,121.59,83.502,49.218,189.922
15/11/2023 08:00,142.982,39.104,107.384,75.868,41.492,161.682
15/11/2023 08:30,114.15,35.29,86.164,58.746,34.626,132.842
15/11/2023 09:00,92.46,28.5,72.772,48.2,27.422,104.438
15/11/2023 09:30,72.184,22.152,51.336,40.49,21.646,79.924
15/11/2023 10:00,51.714,15.81,42.942,28.956,14.924,58.662
15/11/2023 10:30,33.64,9.716,26.916,19.56,10.044,43.838
15/11/2023 11:00,26.51,8.148,23.238,15.464,7.818,34.02
15/11/2023 11:30,25.646,5.31,20.78,22.006,5.404,35.666
15/11/2023 12:00,28.454,6.704,25.278,16.764,7.446,38.076
15/11/2023 12:30,21.818,5.99,18.57,13.15,6.724,27.302
15/11/2023 13:00,15.702,4.206,12.56,9.812,5.06,21.502
15/11/2023 13:30,18,4.642,12.754,10.874,5.606,25.06
15/11/2023 14:00,16.172,4.6,11.802,10.14,4.55,22.59
15/11/2023 14:30,13.234,3.78,11.05,7.344,4.542,17.114
15/11/2023 15:00,6.04,1.96,5.112,2.32,2.01,6.28
15/11/2023 15:30,2.972,0.684,2.25,0.456,0.932,1.698
15/11/2023 16:00,1.12,0.4,1.328,,0.444,0.118
15/11/2023 16:30,,0.116,,,,0.194
15/11/2023 17:00,,,,,,0.88
15/11/2023 17:30,,,,,,
15/11/2023 18:00,,,,,,
15/11/2023 18:30,,,,,,
15/11/2023 19:00,,,,,,
15/11/2023 19:30,,,,,,
15/11/2023 20:00,,,,,,
15/11/2023 20:30,,,,,,
15/11/2023 21:00,,,,,,
15/11/2023 21:30,,,,,,
15/11/2023 22:00,,,,,,
15/11/2023 22:30,,0.388,,,,
15/11/2023 23:00,,,1.346,,,
15/11/2023 23:30,,,,,,
16/11/2023 00:00,,,,,,
16/11/2023 00:30,,,,,,
16/11/2023 01:00,,,,,,
16/11/2023 01:30,,,,,,0.542
16/11/2023 02:00,1.72,,,,,1.148
16/11/2023 02:30,1.422,0.946,,1.96,0.302,
16/11/2023 03:00,,1.2,0.378,1.246,0.918,
16/11/2023 03:30,,,0.012,,,
16/11/2023 04:00,,2.158,,,1.212,
16/11/2023 04:30,,0.836,,,1.078,
16/11/2023 05:00,,,,,0.51,
16/11/2023 05:30,,,,,,
16/11/2023 06:00,,,,,0.316,
16/11/2023 06:30,,,,,,
16/11/2023 07:00,,0.018,,,0.246,0.276
16/11/2023 07:30,,,,,,6.886
16/11/2023 08:00,,,,,,4.908
16/11/2023 08:30,,,,,,3.46
16/11/2023 09:00,,,,,,3.294
16/11/2023 09:30,,,,,,
16/11/2023 10:00,,,,,,
16/11/2023 10:30,,,,,,
16/11/2023 11:00,,,,,,
16/11/2023 11:30,,,,,,
16/11/2023 12:00,,1.878,,,0.086,
16/11/2023 12:30,4.792,2.85,3.646,,3.124,
16/11/2023 13:00,7.168,4.136,2.794,1.414,3.132,
16/11/2023 13:30,6.858,1.66,5.406,0.072,2.864,
16/11/2023 14:00,5.76,6.016,7.672,0.32,3.394,
16/11/2023 14:30,4.798,5.918,9.434,1.756,2.818,
16/11/2023 15:00,,4.406,9.732,,2.148,
16/11/2023 15:30,2.082,3.848,13.072,,2.378,
16/11/2023 16:00,0.05,1.484,4.514,0.136,0.932,
16/11/2023 16:30,1.4,0.042,1.46,,0.172,
16/11/2023 17:00,,0.008,,,,
16/11/2023 17:30,0.886,0.34,,,0.26,0.214
16/11/2023 18:00,2.828,,0.91,,,2.786
16/11/2023 18:30,1.698,3.26,0.798,,3.782,1.822
16/11/2023 19:00,4.514,0.652,9.748,0.746,1.628,
16/11/2023 19:30,,,0.322,,,
16/11/2023 20:00,,,,,,
16/11/2023 20:30,,,,,,
16/11/2023 21:00,,0.162,,,,
16/11/2023 21:30,,0.924,,,0.616,
16/11/2023 22:00,,,1.104,,0.008,
16/11/2023 22:30,,,,,,
16/11/2023 23:00,,,,,,
16/11/2023 23:30,,,,,,
17/11/2023 00:00,,,,,,
17/11/2023 00:30,,,,,,
17/11/2023 01:00,,,,,,
17/11/2023 01:30,,,,,,
17/11/2023 02:00,,,,,,
17/11/2023 02:30,,,,,,
17/11/2023 03:00,,,,,,
17/11/2023 03:30,,,,,,
17/11/2023 04:00,,,,,,
17/11/2023 04:30,,,,,,
17/11/2023 05:00,,,,,,
17/11/2023 05:30,,,,,,
17/11/2023 06:00,,,,,,
17/11/2023 06:30,,,,,,
17/11/2023 07:00,,,,,,
17/11/2023 07:30,,,,0.024,,0.32
17/11/2023 08:00,,,,,,
17/11/2023 08:30,,,,,,
17/11/2023 09:00,0.802,0.668,0.118,,0.334,
17/11/2023 09:30,2.072,0.838,0.48,,0.314,0.264
17/11/2023 10:00,4.068,2.202,3.04,0.378,1.008,0.982
17/11/2023 10:30,9.198,0.586,1.898,1.152,2.674,3.94
17/11/2023 11:00,6.642,,1.326,3.054,0.644,9.916
17/11/2023 11:30,,,,3.344,,10.224
17/11/2023 12:00,,,,1.666,,5.49
17/11/2023 12:30,,,,0.564,,3.348
17/11/2023 13:00,,,,,,0.996
17/11/2023 13:30,,,,,,
17/11/2023 14:00,,,,,,
17/11/2023 14:30,,,,,,
17/11/2023 15:00,,,,,,
17/11/2023 15:30,,,,,,
17/11/2023 16:00,,,,,,
17/11/2023 16:30,,,,,,
17/11/2023 17:00,,,,,,
17/11/2023 17:30,0.668,0.088,,,0.032,0.426
17/11/2023 18:00,1.304,0.012,,,0.146,2.638
17/11/2023 18:30,5.376,1.862,2.154,0.468,0.906,5.862
17/11/2023 19:00,16.156,2.684,4.404,5.612,2.48,17.576
17/11/2023 19:30,28.032,9.958,19.992,8.568,7.17,35.514
17/11/2023 20:00,4.826,5.368,8.654,15.656,16.598,4.396
17/11/2023 20:30,,,,26.052,19.094,
17/11/2023 21:00,,,,26.698,11.98,
17/11/2023 21:30,,,,18.516,10.43,
17/11/2023 22:00,,,,22.226,11.95,
17/11/2023 22:30,,,,22.988,14.36,
17/11/2023 23:00,,,,26.746,18.022,
17/11/2023 23:30,,,,53.692,32.128,
18/11/2023 00:00,,,,78.976,41.238,
18/11/2023 00:30,,,,96.302,54.712,
18/11/2023 01:00,,,,123.01,65.898,
18/11/2023 01:30,,,,122.806,67.534,
18/11/2023 02:00,,,,48.086,38.766,
18/11/2023 02:30,,,,27.494,13.81,
18/11/2023 03:00,,,,27.504,13.802,
18/11/2023 03:30,,,,27.494,13.814,
18/11/2023 04:00,,,,27.502,13.806,
18/11/2023 04:30,,,,27.502,13.816,
18/11/2023 05:00,,,,27.498,13.806,
18/11/2023 05:30,,,,27.512,13.812,
18/11/2023 06:00,,,,27.498,13.806,
18/11/2023 06:30,,,,17.644,13.818,
18/11/2023 07:00,,,,,13.804,
18/11/2023 07:30,,,,,13.816,
18/11/2023 08:00,,,,,13.812,
18/11/2023 08:30,,,,,13.806,
18/11/2023 09:00,,,,,13.81,
18/11/2023 09:30,,,,,13.818,
18/11/2023 10:00,,,,,13.808,
18/11/2023 10:30,,,,,13.814,
18/11/2023 11:00,,9.294,,,13.81,
18/11/2023 11:30,,52.656,,,29.882,
18/11/2023 12:00,97.168,47.438,52.378,,37.84,19.9
18/11/2023 12:30,104.734,36.556,73.66,52.7,28.34,114.224
18/11/2023 13:00,81.7,26.862,55.522,37.332,20.362,81.168
18/11/2023 13:30,76.492,21.67,55.91,47.936,20.656,102.09
18/11/2023 14:00,78.542,23.708,62.856,45.204,26.872,103.88
18/11/2023 14:30,75.722,25.244,59.37,36.11,22.886,94.018
18/11/2023 15:00,86.712,27.72,60.702,44.178,27.322,114.942
18/11/2023 15:30,77.602,19.622,51.966,48.778,20.904,115.788
18/11/2023 16:00,68.586,17.362,39.948,42.094,13.566,83.66
18/11/2023 16:30,91.202,28.584,55.236,39.372,23.122,98.002
18/11/2023 17:00,156.194,47.984,96.868,60.032,44.886,172.544
18/11/2023 17:30,198.834,58.71,116.862,79.864,56.218,248.27
18/11/2023 18:00,200.304,61.724,120.172,91.43,61.254,272.682
18/11/2023 18:30,190.61,59.374,122.968,103.804,54.38,272.29
18/11/2023 19:00,200.68,63.316,135.324,102.982,61.73,288.374
18/11/2023 19:30,186.376,57.842,135.006,118.782,56.564,283.62
18/11/2023 20:00,191.782,61.488,124.982,94.602,55.034,246.722
18/11/2023 20:30,77.726,20.568,41.328,35.108,18.414,282.166
18/11/2023 21:00,11.116,11.412,23.092,7.422,10.5,119.324
18/11/2023 21:30,,,,,,
18/11/2023 22:00,,,,,,
18/11/2023 22:30,,,,,,
18/11/2023 23:00,,,,,,
18/11/2023 23:30,,,,,,
19/11/2023 00:00,,,,,,
19/11/2023 00:30,,,,,,
19/11/2023 01:00,,,,,,
19/11/2023 01:30,,,,,,
19/11/2023 02:00,,,,,,
19/11/2023 02:30,,,,,,
19/11/2023 03:00,,,3.638,,5.898,
19/11/2023 03:30,,,31.392,,68.81,63.64
19/11/2023 04:00,,,31.402,,68.74,70.078
19/11/2023 04:30,,,31.396,,68.742,70.072
19/11/2023 05:00,,,31.392,,67.516,70.074
19/11/2023 05:30,,,31.4,,68.69,70.07
19/11/2023 06:00,,,31.4,,68.632,70.08
19/11/2023 06:30,,,31.39,,68.662,70.072
19/11/2023 07:00,,,31.412,,68.302,70.088
19/11/2023 07:30,,,31.398,,68.72,70.072
19/11/2023 08:00,,,31.39,,67.654,70.08
19/11/2023 08:30,,,31.39,,67.88,70.07
19/11/2023 09:00,171.224,43.122,110.45,93.898,64.478,304.776
19/11/2023 09:30,230.276,57.32,118.452,128.644,62.776,328.84
19/11/2023 10:00,235.088,59.264,126.244,113.266,61.476,311.454
19/11/2023 10:30,216.542,60.27,113.18,100.012,59.238,291.524
19/11/2023 11:00,193.076,53.624,94.216,76.492,48.388,233.292
19/11/2023 11:30,171.6,44.89,90.634,67.024,41.3,201.062
19/11/2023 12:00,140.916,42.822,74.844,56.058,38.174,186.878
19/11/2023 12:30,125.94,36.986,69.768,51.166,31.006,171.79
19/11/2023 13:00,133.516,39.394,63.822,42.444,30.624,162.476
19/11/2023 13:30,129.988,38.034,64.326,39.104,29.402,152.21
19/11/2023 14:00,115.382,34.21,60.274,36.602,25.282,141.504
19/11/2023 14:30,108.038,32.052,51.332,41.634,26.284,132.884
19/11/2023 15:00,101.218,31.168,47.186,42.39,24.34,122.64
19/11/2023 15:30,104.118,32.676,52.906,43.002,24.184,112.366
19/11/2023 16:00,111.754,39.932,56.276,44.386,28.898,116.512
19/11/2023 16:30,123.712,43.478,70.268,50.046,35.356,124.952
19/11/2023 17:00,117.266,42.408,70.164,53.716,33.566,128.756
19/11/2023 17:30,102.436,29.236,51.972,47.836,25.228,113.69
19/11/2023 18:00,88.444,25.98,46.336,37.94,22.734,111.806
19/11/2023 18:30,75.724,19.694,38.24,30.72,16.008,104.312
19/11/2023 19:00,69.914,18.614,32.014,32.036,16.114,110.184
19/11/2023 19:30,62.818,16.554,32.942,28.038,15.742,82.278
19/11/2023 20:00,58.376,18.744,28.168,21.726,15.072,69.454
19/11/2023 20:30,63.786,16.268,24.23,19.752,15.64,70.778
19/11/2023 21:00,63.234,15.468,24.986,18.86,15.994,67.17
19/11/2023 21:30,49.188,13.154,19.42,15.842,15.814,54
19/11/2023 22:00,37.214,8.504,14.67,11.154,9.078,41.372
19/11/2023 22:30,24.098,5.05,5.496,3.382,5.568,24.766
19/11/2023 23:00,,,,,,
19/11/2023 23:30,,,,,,
20/11/2023 00:00,,,,,,
20/11/2023 00:30,,,,,,
20/11/2023 01:00,,,,,,
20/11/2023 01:30,,,,,,
20/11/2023 02:00,,,,,,
20/11/2023 02:30,,,,,,
20/11/2023 03:00,,,,,,
20/11/2023 03:30,,,,,,
20/11/2023 04:00,,,,,,
20/11/2023 04:30,1.09,0.462,0.914,2.156,1.586,0.452
20/11/2023 05:00,19.862,3.708,12.516,12.08,5.884,23.104
20/11/2023 05:30,19.896,4.388,13.176,11.874,4.686,28.016
20/11/2023 06:00,28.258,5.066,18.698,17.33,5.98,30.524
20/11/2023 06:30,33.142,6.47,21.374,22.224,8.972,38.426
20/11/2023 07:00,30.688,7.336,22.016,22.532,8.414,40.242
20/11/2023 07:30,34.35,9.108,17.264,28.524,9.614,50.686
20/11/2023 08:00,37.106,7.196,21.8,33.79,10.764,47.56
20/11/2023 08:30,40.014,6.708,20.508,38.506,11.014,38.382
20/11/2023 09:00,30.594,5.978,19.416,31.8,9.58,29.64
20/11/2023 09:30,37.542,10.492,24.694,36.492,12.956,32.552
20/11/2023 10:00,37.48,14.426,41.122,41.18,14.132,35.666
20/11/2023 10:30,29.104,13.124,33.12,29.916,14.644,25.37
20/11/2023 11:00,21.704,6.988,25.604,20.086,8.688,19.616
20/11/2023 11:30,10.932,3.83,12.412,16.856,5.67,11.772
20/11/2023 12:00,,,,,,
20/11/2023 12:30,,,,,,
20/11/2023 13:00,,,,,,
20/11/2023 13:30,,,,,,
20/11/2023 14:00,,,,,,
20/11/2023 14:30,,,,,,
20/11/2023 15:00,,,,,,
20/11/2023 15:30,,,,,,
20/11/2023 16:00,,,,,,
20/11/2023 16:30,,,,,,
20/11/2023 17:00,,,,,,
20/11/2023 17:30,,,,,,
20/11/2023 18:00,,,,,,
20/11/2023 18:30,,,,,,
20/11/2023 19:00,,8.198,,,5.88,
20/11/2023 19:30,,63.242,,,68.198,
20/11/2023 20:00,,63.456,,,68.616,
20/11/2023 20:30,,63.466,86.038,,68.58,
20/11/2023 21:00,,63.47,128.71,,69.07,
20/11/2023 21:30,,63.454,134.716,,72.196,
20/11/2023 22:00,29.662,63.478,140.986,,68.73,
20/11/2023 22:30,231.648,63.544,144.188,,74.248,
20/11/2023 23:00,231.898,63.57,144.172,,78.362,
20/11/2023 23:30,229.082,63.498,144.204,,78.422,
21/11/2023 00:00,252.74,63.528,144.162,,78.436,
21/11/2023 00:30,250.204,62.394,143.564,,77.448,
21/11/2023 01:00,247.024,58.202,142.06,,74.41,
21/11/2023 01:30,226.542,53.07,126.998,,63.592,
21/11/2023 02:00,221.432,45.138,112.462,,56.176,
21/11/2023 02:30,235.064,60.058,142.222,85.962,75.762,
21/11/2023 03:00,196.176,51.01,123.078,123.962,58.86,
21/11/2023 03:30,219.164,55.372,127.246,113.256,68.87,
21/11/2023 04:00,202.482,47.546,103.126,111.878,56.312,
21/11/2023 04:30,201.81,46.534,107.126,106.728,54.732,
21/11/2023 05:00,157.64,35.962,94.846,94.5,40.118,183.966
21/11/2023 05:30,150.688,41.39,81.604,81.512,46.384,154.408
21/11/2023 06:00,102.918,30.126,69.932,62.39,35.664,188.55
21/11/2023 06:30,108.446,30.438,66.64,55.612,33.616,148.616
21/11/2023 07:00,75.562,13.89,31.724,42.158,16.148,124.05
21/11/2023 07:30,74.916,19.934,37.39,27.306,20.19,95.058
21/11/2023 08:00,52.684,4.554,21.304,41.868,6.28,103.73
21/11/2023 08:30,70.85,21.602,29.162,28.856,22.72,85.294
21/11/2023 09:00,39.482,13.378,19.392,12.874,10.764,35.006
21/11/2023 09:30,21.826,8.406,10.146,9.288,7.782,32.828
21/11/2023 10:00,19.248,3.058,12.31,20.652,2.88,33.104
21/11/2023 10:30,14.996,1.576,12.018,16.09,2.42,21.07
21/11/2023 11:00,12.978,2.454,10.152,10.184,4.02,12.568
21/11/2023 11:30,9.202,1.99,7.582,6.214,2.09,6.564
21/11/2023 12:00,3.362,0.02,3.876,2.244,0.308,3.302
21/11/2023 12:30,1.458,0.25,2.492,0.916,0.364,1.05
21/11/2023 13:00,,,,,,
21/11/2023 13:30,,,,,,
21/11/2023 14:00,0.042,,,,,2.61
21/11/2023 14:30,5.55,0.846,2.004,2.77,1.472,11.01
21/11/2023 15:00,10.884,1.524,3.276,4.992,2.398,19.958
21/11/2023 15:30,21.006,3.712,7.858,9.382,5.052,31.59
21/11/2023 16:00,34.512,6.862,12.334,13.708,9.026,52.518
21/11/2023 16:30,26.04,15.932,27.66,18.752,19.374,58.032
21/11/2023 17:00,,22.598,45,,29.776,
21/11/2023 17:30,,12.694,30.5,,17.934,
21/11/2023 18:00,,,,,,
21/11/2023 18:30,116.21,,,,,
21/11/2023 19:00,58.676,,,,,
21/11/2023 19:30,51.062,,,,,
21/11/2023 20:00,13.528,,,,,
21/11/2023 20:30,,,,,,
21/11/2023 21:00,,,,,,
21/11/2023 21:30,,,,,,
21/11/2023 22:00,,,,,0.336,
21/11/2023 22:30,,,,,2.614,
21/11/2023 23:00,,,,,,
21/11/2023 23:30,,,,,,
22/11/2023 00:00,,,,,,
22/11/2023 00:30,,,,,,
22/11/2023 01:00,,,,,,
22/11/2023 01:30,,,,,,
22/11/2023 02:00,,,,,,
22/11/2023 02:30,,,,,,
22/11/2023 03:00,,,,,,
22/11/2023 03:30,,,,,,
22/11/2023 04:00,,,,,,
22/11/2023 04:30,,,,,,
22/11/2023 05:00,,,,,,
22/11/2023 05:30,,,,,,
22/11/2023 06:00,,,,,,
22/11/2023 06:30,,,,,,
22/11/2023 07:00,,,,,,
22/11/2023 07:30,,,,,,
22/11/2023 08:00,,,,,,
22/11/2023 08:30,,,,,,
22/11/2023 09:00,,,,,,
22/11/2023 09:30,,,,,,
22/11/2023 10:00,,,,,,
22/11/2023 10:30,,,,,,
22/11/2023 11:00,,,,,,
22/11/2023 11:30,,,,,,
22/11/2023 12:00,,,,,,
22/11/2023 12:30,,,,,,
22/11/2023 13:00,,,,,,
22/11/2023 13:30,,,,,,
22/11/2023 14:00,,,,,,
22/11/2023 14:30,,,,,,
22/11/2023 15:00,,,,,,
22/11/2023 15:30,,,,,,
22/11/2023 16:00,,,,,,
22/11/2023 16:30,,,,,,
22/11/2023 17:00,,,,,,
22/11/2023 17:30,,,,,,
22/11/2023 18:00,,,,,,
22/11/2023 18:30,,,,,,
22/11/2023 19:00,,,,,,
22/11/2023 19:30,,,,,,
22/11/2023 20:00,,,,,,
22/11/2023 20:30,,,,,,
22/11/2023 21:00,,,,,,
22/11/2023 21:30,,,,,,
22/11/2023 22:00,,,,,,
22/11/2023 22:30,,,,,,
22/11/2023 23:00,,,,,,
22/11/2023 23:30,,,,,,
23/11/2023 00:00,,,,,,
23/11/2023 00:30,,,,,,
23/11/2023 01:00,,,,,,
23/11/2023 01:30,,,,,,
23/11/2023 02:00,,,,,,
23/11/2023 02:30,,,,,,
23/11/2023 03:00,,,,,,
23/11/2023 03:30,,,,,,
23/11/2023 04:00,,,,,,
23/11/2023 04:30,,,,,,
23/11/2023 05:00,,,,,,
23/11/2023 05:30,,,,,,
23/11/2023 06:00,,,,,,
23/11/2023 06:30,,,,,,
23/11/2023 07:00,,,,,,
23/11/2023 07:30,,,,,,
23/11/2023 08:00,,,,,,
23/11/2023 08:30,,,,,,
23/11/2023 09:00,,,,,,
23/11/2023 09:30,,,,,,
23/11/2023 10:00,,,,,,
23/11/2023 10:30,,,,,,
23/11/2023 11:00,,,,,,
23/11/2023 11:30,,,,,,
23/11/2023 12:00,,,,,,
23/11/2023 12:30,,,,,,
23/11/2023 13:00,,,,,,
23/11/2023 13:30,,,,,,
23/11/2023 14:00,,,,,,
23/11/2023 14:30,,,,,,
23/11/2023 15:00,,,,,,
23/11/2023 15:30,,,,,,
23/11/2023 16:00,,,,,,
23/11/2023 16:30,,,,,,
23/11/2023 17:00,,,,,,
23/11/2023 17:30,,,,,,
23/11/2023 18:00,,,,,,
23/11/2023 18:30,,,,,,
23/11/2023 19:00,,,,,,
23/11/2023 19:30,,,,,,
23/11/2023 20:00,,,,,,
23/11/2023 20:30,,,,,,
23/11/2023 21:00,,,,,,
23/11/2023 21:30,,,,,,
23/11/2023 22:00,,,,,,
23/11/2023 22:30,,,,,,
23/11/2023 23:00,,,,,,
23/11/2023 23:30,,,,,,
24/11/2023 00:00,,,,,,
24/11/2023 00:30,,,,,,
24/11/2023 01:00,,,,,,
24/11/2023 01:30,,,,,,
24/11/2023 02:00,,,,,,
24/11/2023 02:30,,,,,,
24/11/2023 03:00,,,,,,
24/11/2023 03:30,,,,,,
24/11/2023 04:00,,,,,,
24/11/2023 04:30,,,,,,
24/11/2023 05:00,,,,,,
24/11/2023 05:30,,,,,,
24/11/2023 06:00,,,,,,
24/11/2023 06:30,,,,,,
24/11/2023 07:00,,,,,,
24/11/2023 07:30,,,,,,
24/11/2023 08:00,,,,,,
24/11/2023 08:30,,,,,,
24/11/2023 09:00,,,,,,
24/11/2023 09:30,,,,,,
24/11/2023 10:00,,,,,,
24/11/2023 10:30,,,,,,
24/11/2023 11:00,,,,,,
24/11/2023 11:30,,,,,,
24/11/2023 12:00,,,,,,
24/11/2023 12:30,,,,,,
24/11/2023 13:00,,,,,,
24/11/2023 13:30,,,,,,
24/11/2023 14:00,,,,,,
24/11/2023 14:30,,41.154,,,,
24/11/2023 15:00,,52.498,,,,
24/11/2023 15:30,46.878,53.758,,,29.264,
24/11/2023 16:00,87.962,53.734,,,55.162,
24/11/2023 16:30,78.658,53.718,,,64.926,
24/11/2023 17:00,76.082,53.72,,,77.568,
24/11/2023 17:30,73.802,53.726,,,78.47,
24/11/2023 18:00,73.778,53.752,,,78.406,
24/11/2023 18:30,73.828,53.728,,,78.434,
24/11/2023 19:00,73.774,53.724,,,78.38,
24/11/2023 19:30,73.826,53.75,,,78.418,
24/11/2023 20:00,73.828,53.704,,,78.416,
24/11/2023 20:30,73.816,53.742,,,78.426,
24/11/2023 21:00,73.808,53.726,,,78.402,
24/11/2023 21:30,73.818,53.71,,,78.394,
24/11/2023 22:00,73.806,53.756,53.246,,78.448,
24/11/2023 22:30,73.84,53.728,97.682,,78.368,
24/11/2023 23:00,73.798,53.732,112.954,,78.452,
24/11/2023 23:30,73.83,53.722,125.054,6.168,78.404,
25/11/2023 00:00,73.842,53.7,125.038,27.632,78.424,
25/11/2023 00:30,73.848,53.706,125.01,27.614,78.43,
25/11/2023 01:00,73.84,53.722,124.956,27.624,78.45,
25/11/2023 01:30,73.85,53.726,124.982,27.626,78.406,
25/11/2023 02:00,73.852,53.72,125.02,27.636,78.43,
25/11/2023 02:30,73.852,53.736,125.016,27.634,78.406,
25/11/2023 03:00,157.824,49.286,124.816,52.4,69.714,66.38
25/11/2023 03:30,241.278,17,115.178,117.024,15.802,70.054
25/11/2023 04:00,243.75,53.772,115.094,117.04,72.792,105.99
25/11/2023 04:30,240.454,53.668,115.14,116.986,78.434,125.196
25/11/2023 05:00,244.33,53.684,114.908,116.968,78.418,119.982
25/11/2023 05:30,238.932,53.782,114.918,116.618,78.348,119.948
25/11/2023 06:00,239.776,53.108,113.692,116.552,77.992,119.986
25/11/2023 06:30,234.858,52.26,128.008,131.356,77.572,197.552
25/11/2023 07:00,231.902,51.762,123.75,126.82,76.046,219.756
25/11/2023 07:30,220.078,52.462,114.448,129.624,72.058,219.758
25/11/2023 08:00,208.446,45.766,110.28,121.582,68.93,275.94
25/11/2023 08:30,204.758,46.566,120.318,124.236,73.108,295.376
25/11/2023 09:00,192.992,44.884,106.306,115.452,65.798,255.69
25/11/2023 09:30,167.296,40.348,85.726,99.428,57.674,210.054
25/11/2023 10:00,148.048,36.16,88.906,93.552,53.928,189.562
25/11/2023 10:30,132.99,33.274,77.02,92.408,45.948,198.496
25/11/2023 11:00,147.91,29.89,69.774,103.614,44.99,214.514
25/11/2023 11:30,129.296,35.192,69.82,72.948,47.3,163.832
25/11/2023 12:00,114.954,20.748,58.448,80.646,34.666,169.09
25/11/2023 12:30,104.438,21.714,53.698,71.222,32.408,156.184
25/11/2023 13:00,121.664,22.928,61.76,84.286,38.472,175.472
25/11/2023 13:30,116.104,25.438,60.356,81.144,37.17,175.494
25/11/2023 14:00,127.55,25.412,63.306,77.842,36.634,172.978
25/11/2023 14:30,111.066,26.898,59.688,59.042,34.358,135.386
25/11/2023 15:00,97.142,22.548,38.25,62.932,30.558,152.002
25/11/2023 15:30,89.902,18.876,49.99,69.656,25.896,162.028
25/11/2023 16:00,96.322,18.21,47.928,66.548,27.916,153.37
25/11/2023 16:30,84.066,17.354,47.102,65.024,27.558,131.978
25/11/2023 17:00,77.402,15.66,47.048,51.916,25.154,100.3
25/11/2023 17:30,64.968,13.874,36.294,38.056,20.714,74.924
25/11/2023 18:00,50.988,11.258,30.834,33.23,16.914,67.818
25/11/2023 18:30,49.484,10.838,32.084,34.94,16.694,73.692
25/11/2023 19:00,36.282,7.458,26.67,28.416,11.628,60.338
25/11/2023 19:30,39.058,6.182,24.2,33.9,10.548,58.86
25/11/2023 20:00,37.74,9.026,26.908,37.38,13.706,61.22
25/11/2023 20:30,25.702,5.464,14.312,20.096,8.778,41.93
25/11/2023 21:00,14.984,3.13,7.062,12.226,4.61,22.388
25/11/2023 21:30,12.72,2.634,8.838,13.154,4.578,20.146
25/11/2023 22:00,10.628,1.872,9.87,11.314,3.648,16.848
25/11/2023 22:30,7.696,1.168,7.642,6.51,2.602,10.212
25/11/2023 23:00,6.158,0.818,4.45,4.256,1.652,8.748
25/11/2023 23:30,7.308,1.734,3.248,3.156,2.454,11.472
26/11/2023 00:00,13.542,2.194,3.592,3.036,3.06,20.882
26/11/2023 00:30,21.392,4.888,7.944,8.642,4.904,32.972
26/11/2023 01:00,24.482,7.338,14.502,13.506,7.82,40.594
26/11/2023 01:30,22.406,5.82,14.41,15.298,7.79,30.304
26/11/2023 02:00,14.288,3.57,12.202,12.368,4.37,19.516
26/11/2023 02:30,8.278,2.526,5.418,6.386,2.672,13.514
26/11/2023 03:00,5.314,1.734,5.146,5.13,2.53,7.574
26/11/2023 03:30,2.264,0.47,3.708,2.616,0.776,3.814
26/11/2023 04:00,1.098,0.28,1.008,1.188,0.782,3.6
26/11/2023 04:30,0.43,,1.194,1.754,0.468,1.16
26/11/2023 05:00,0.688,,0.596,,,3.232
26/11/2023 05:30,0.75,0.326,0.318,0.476,0.502,0.236
26/11/2023 06:00,0.436,,1.89,1.738,0.214,0.932
26/11/2023 06:30,9.476,1.77,5.254,4.382,2.32,12.762
26/11/2023 07:00,15.368,2.794,7.14,6.972,4.018,22.04
26/11/2023 07:30,21.372,3.864,9.702,11.09,5.992,33.608
26/11/2023 08:00,24.084,5.106,19.602,17.398,7.58,30.418
26/11/2023 08:30,20.496,3.07,9.708,5.824,4.246,32.108
26/11/2023 09:00,23.704,4.716,9.034,8.394,6.538,39.036
26/11/2023 09:30,23.802,4.782,13.28,11.452,6.378,34.924
26/11/2023 10:00,18.83,4.646,11.976,8.652,5.612,28.046
26/11/2023 10:30,19.006,4.324,16.786,11.322,5.254,29.938
26/11/2023 11:00,23.124,5.644,16.87,11.638,7.094,47.242
26/11/2023 11:30,30.874,4.028,16.796,18.542,6.524,56.972
26/11/2023 12:00,41.104,4.4,18.94,17.004,8.564,54.298
26/11/2023 12:30,46.996,5.654,19.242,20.168,9.6,48.978
26/11/2023 13:00,60.164,11.56,39.116,32.544,17.744,73.998
26/11/2023 13:30,46.83,11.244,33.484,26.844,12.444,63.394
26/11/2023 14:00,43.51,8.738,24.766,24.254,10.93,59.016
26/11/2023 14:30,42.516,10.362,23.226,20.95,11.966,40.498
26/11/2023 15:00,27.12,9.73,22.13,9.338,9.124,12.8
26/11/2023 15:30,11.252,6.008,10.904,1.258,4.188,1.228
26/11/2023 16:00,3.738,2.188,4.226,0.666,1.07,
26/11/2023 16:30,1.426,0.318,1.876,2.744,0.508,
26/11/2023 17:00,1.426,0.68,3.044,3.788,1.202,3.728
26/11/2023 17:30,0.09,0.042,1.88,0.098,0.622,2.596
26/11/2023 18:00,,,,,,
26/11/2023 18:30,,,,,,
26/11/2023 19:00,,,,0.934,,
26/11/2023 19:30,0.358,,1.916,4.542,0.232,4.22
26/11/2023 20:00,6.354,0.874,6.232,10.094,2.052,10.348
26/11/2023 20:30,12.854,2.04,11.906,18.446,3.672,20.45
26/11/2023 21:00,30.19,5.606,21.198,20.092,9.384,40.756
26/11/2023 21:30,18.898,7.61,14.558,8.08,8.076,14.12
26/11/2023 22:00,13.604,3.456,10.078,11.63,5.02,14.902
26/11/2023 22:30,20.924,4.044,14.554,21.586,6.132,31.328
26/11/2023 23:00,33.294,7.888,21.684,21.574,10.846,41.418
26/11/2023 23:30,36.234,9.702,26.496,37.088,12.606,60.932
27/11/2023 00:00,56.93,13.592,38.034,50.51,18.526,92.978
27/11/2023 00:30,75,17.998,43.076,61.486,21.808,120.658
27/11/2023 01:00,92.678,24.42,58.75,50.51,27.628,102.096
27/11/2023 01:30,49.668,13.362,31.206,44.386,14.42,96.39
27/11/2023 02:00,68.232,15.178,38.708,61.496,20.076,122.624
27/11/2023 02:30,104.63,12.276,62.128,91.964,17.384,158.498
27/11/2023 03:00,103.738,,92.988,105.288,,120.538
27/11/2023 03:30,28.178,,98.32,99.976,,239.408
27/11/2023 04:00,,,97.788,94.516,,254.732
27/11/2023 04:30,,,83.786,94.97,,256.868
27/11/2023 05:00,,,80.974,88.258,,185.704
27/11/2023 05:30,,,87.862,96.31,,137.082
27/11/2023 06:00,,,29.39,101.11,,100.028
27/11/2023 06:30,,,,22.146,,47.016
27/11/2023 07:00,,3.912,15.606,,,
27/11/2023 07:30,6.564,13.698,30.452,,,
27/11/2023 08:00,59.964,18.508,31.32,,,
27/11/2023 08:30,141.868,27.878,32.9,,,
27/11/2023 09:00,137.714,25.604,69.59,27.73,,
27/11/2023 09:30,123.056,34.798,56.238,47.054,,4.204
27/11/2023 10:00,80.698,16.368,34.702,47.808,6.474,127.142
27/11/2023 10:30,90.22,16.58,54.276,58.394,22.554,137.578
27/11/2023 11:00,107.822,24.818,74.966,78.682,30.172,157.004
27/11/2023 11:30,120.192,31.762,81.762,70.882,36.872,165.12
27/11/2023 12:00,124.696,31.706,81.238,71.984,37.486,165.098
27/11/2023 12:30,115.356,27.412,87.65,61.872,33.33,173.168
27/11/2023 13:00,123.136,29.256,76.646,87.888,33.988,201.258
27/11/2023 13:30,137.196,24.304,76.084,57.592,36.532,233.65
27/11/2023 14:00,112.52,44.958,38.324,27.562,60.27,271.26
27/11/2023 14:30,57.436,52.906,31.416,27.568,69.642,296.49
27/11/2023 15:00,51.192,53.148,31.432,27.548,70.538,249.71
27/11/2023 15:30,51.166,61.634,31.428,27.516,74.714,249.68
27/11/2023 16:00,51.154,63.482,31.426,27.468,78.444,249.684
27/11/2023 16:30,51.174,63.44,31.452,27.486,78.424,249.7
27/11/2023 17:00,51.162,63.458,31.454,27.494,78.366,249.726
27/11/2023 17:30,51.18,62.36,31.458,27.492,78.37,234.384
27/11/2023 18:00,51.178,62.196,31.436,27.494,76.97,219.842
27/11/2023 18:30,51.206,61.696,31.434,27.53,75.462,219.774
27/11/2023 19:00,51.222,55.67,31.434,27.586,68.242,128.5
27/11/2023 19:30,51.244,52.648,31.438,27.586,64.194,164.196
27/11/2023 20:00,51.214,36.986,31.398,27.554,42.788,161.524
27/11/2023 20:30,87.342,26.668,49.792,37.234,32.082,138.976
27/11/2023 21:00,75.008,19.77,53.386,44.69,23.16,109.54
27/11/2023 21:30,71.748,15.328,54.36,51.42,21.81,106.02
27/11/2023 22:00,81.366,18.458,49.956,43.896,24.194,121.038
27/11/2023 22:30,71.392,16.958,48.168,34.534,20.998,96.566
27/11/2023 23:00,45.03,12.47,28.622,22.602,13.798,53.178
27/11/2023 23:30,26.112,5.996,11.52,10.202,7.036,30.994
28/11/2023 00:00,7.292,1.842,2.048,0.164,1.502,5.998
28/11/2023 00:30,,,,,,
28/11/2023 01:00,,,,,,
28/11/2023 01:30,1.016,,,2.034,0.342,3.77
28/11/2023 02:00,12.6,1.882,6.914,17.848,3.576,33.776
28/11/2023 02:30,55.122,9.392,35.772,57.66,14.832,102.97
28/11/2023 03:00,123.828,29.872,90.668,97.328,40.998,169.012
28/11/2023 03:30,169.556,40.366,116.96,115.974,53.542,244.126
28/11/2023 04:00,213.318,50.18,126.014,131.856,67.934,224.412
28/11/2023 04:30,225.236,57.83,138.59,124.938,74.674,89.492
28/11/2023 05:00,183.898,48.142,94.874,103.614,61.912,138.016
28/11/2023 05:30,118.416,49.688,102.556,109.424,63.95,199.812
28/11/2023 06:00,161.296,41.012,98.034,108.288,54.2,207.928
28/11/2023 06:30,217.444,50.642,126.614,128.996,65.634,159.04
28/11/2023 07:00,234.712,21.726,142.95,130.068,26.8,149.904
28/11/2023 07:30,242.034,13.82,148.202,133.438,15.86,149.906
28/11/2023 08:00,235.086,13.814,136.174,126.264,15.862,149.932
28/11/2023 08:30,243.13,13.82,123.07,130.06,14.89,149.922
28/11/2023 09:00,238.118,50.68,,,,153.356
28/11/2023 09:30,215.32,47.668,,,,201.916
28/11/2023 10:00,222.392,60.548,,,,243.962
28/11/2023 10:30,173.39,51.308,,,,244.338
28/11/2023 11:00,215.812,47.842,,,,294.75
28/11/2023 11:30,202.426,53.034,,,,260.114
28/11/2023 12:00,189.678,39.826,,,,256.086
28/11/2023 12:30,187.036,45.726,,,,223.35
28/11/2023 13:00,176.66,47.16,,,,204.672
28/11/2023 13:30,198.368,46.698,,,,253.642
28/11/2023 14:00,218.658,59.13,,,,291.352
28/11/2023 14:30,242.318,62.916,,,,260.464
28/11/2023 15:00,216.24,61.034,,,,249.734
28/11/2023 15:30,147.814,62.546,,,,200.9
28/11/2023 16:00,147.876,63.534,,,,199.81
28/11/2023 16:30,147.848,60.12,,,,199.778
28/11/2023 17:00,147.832,61.784,,,,199.87
28/11/2023 17:30,147.876,63.418,,,,199.814
28/11/2023 18:00,147.854,63.538,,,,199.744
28/11/2023 18:30,147.67,63.346,26.694,12.246,,199.834
28/11/2023 19:00,147.454,63.384,66,47.982,35.326,199.736
28/11/2023 19:30,143.302,48.45,112.028,41.942,45.13,199.832
28/11/2023 20:00,137.08,46.418,115.976,64.586,61.182,199.818
28/11/2023 20:30,116.99,59,102.898,93.222,75.412,175.728
28/11/2023 21:00,103.486,62.702,137.704,124.228,77.962,147.932
28/11/2023 21:30,103.522,58.896,97.442,105.414,73.664,147.928
28/11/2023 22:00,105.668,48.562,78.3,80.554,57.594,155.386
28/11/2023 22:30,116.652,29.54,42.724,37.244,28.928,181.56
28/11/2023 23:00,88.366,21.304,40.396,35.964,24.486,196.706
28/11/2023 23:30,41.704,3.934,3.644,12.266,4.544,108.062
29/11/2023 00:00,36.332,4.922,8.782,18.438,6.658,101.508
29/11/2023 00:30,40.776,12.742,17.332,15.798,12.816,114.148
29/11/2023 01:00,44.934,7.426,14.482,35.632,7.83,139.538
29/11/2023 01:30,87.668,9.426,29.304,55.394,17.708,163.974
29/11/2023 02:00,102.326,25.396,36.096,53.514,32.14,195.96
29/11/2023 02:30,122.984,25.454,36.446,73.722,36.792,196.712
29/11/2023 03:00,99.646,30.622,60.544,34.754,35.416,112.004
29/11/2023 03:30,35.046,13.144,33.756,33.386,14.814,143.336
29/11/2023 04:00,136.33,19.462,61.868,97.1,29.296,272.904
29/11/2023 04:30,169.7,21.64,104.866,84.078,25.714,233.81
29/11/2023 05:00,173.79,21.788,102.138,100.09,28.916,252.708
29/11/2023 05:30,168.038,41.512,86.816,78.342,53.4,248.694
29/11/2023 06:00,135.044,32.052,65.63,62.184,39.084,229.508
29/11/2023 06:30,128.082,24.62,53.97,74.676,31.91,243.564
29/11/2023 07:00,96.528,43.846,104.32,56.65,57.886,274.788
29/11/2023 07:30,192.472,43.102,113.798,25.634,42.11,286.932
29/11/2023 08:00,73.042,45.056,68.308,25.59,15.79,143.748
29/11/2023 08:30,106.796,51.282,29.364,25.556,15.764,70.058
29/11/2023 09:00,108.348,53.446,29.358,25.568,15.784,70.068
29/11/2023 09:30,108.33,48.202,29.366,25.558,15.774,70.078
29/11/2023 10:00,108.414,39.53,29.352,25.57,15.78,70.05
29/11/2023 10:30,108.322,27.24,29.306,25.548,15.766,70.068
29/11/2023 11:00,108.14,42.774,29.276,25.46,15.688,70.112
29/11/2023 11:30,108.338,47.89,29.364,25.558,15.76,70.04
29/11/2023 12:00,108.37,50.922,29.384,25.556,15.766,70.092
29/11/2023 12:30,108.268,53.02,29.394,25.554,15.774,70.054
29/11/2023 13:00,108.324,47.092,29.458,33.162,50.332,70.056
29/11/2023 13:30,109.76,39.074,48.774,74.59,55.896,70.068
29/11/2023 14:00,153.366,22.14,112.338,103.922,51.164,70.082
29/11/2023 14:30,180.552,39.386,121.476,108.33,70.324,70.084
29/11/2023 15:00,184.774,40.398,106.252,91.78,58.996,70.056
29/11/2023 15:30,160.534,38.102,105.754,79.516,56.134,104.59
29/11/2023 16:00,141.394,37.06,85.99,68.958,49.358,166.004
29/11/2023 16:30,134.012,31.4,88.316,66.074,44.954,166.942
29/11/2023 17:00,140.268,31.274,90.872,84.704,45.98,175.21
29/11/2023 17:30,121.894,27.104,57.31,59.744,38.716,185.516
29/11/2023 18:00,92.39,19.192,57.02,48.97,24.974,127.768
29/11/2023 18:30,103.358,23.736,71.33,66.284,36.544,152.868
29/11/2023 19:00,115.54,26.582,62.282,50.476,36.748,173.386
29/11/2023 19:30,99.11,19.504,45.094,45.18,30.288,131.774
29/11/2023 20:00,74.092,15.88,46.566,32.636,21.724,102.178
29/11/2023 20:30,66.936,14.442,43.044,26.678,20.696,80.628
29/11/2023 21:00,53.708,15.176,32.41,25.05,20.6,62.822
29/11/2023 21:30,38.452,9.132,23.934,21.662,14.034,39.404
29/11/2023 22:00,29.54,7.472,16.594,10.018,9.932,47.938
29/11/2023 22:30,26.486,3.408,14.608,4.394,5.21,48.03
29/11/2023 23:00,33.204,5.232,18.94,9.392,9.512,21.89
29/11/2023 23:30,11.158,6.03,14.302,2.186,3.83,11.32
30/11/2023 00:00,3.522,0.456,3.934,0.844,0.294,17.454
30/11/2023 00:30,7.574,3.258,5.974,4.012,4.102,20.28
30/11/2023 01:00,16.244,5.912,10.838,6.036,6.684,19.692
30/11/2023 01:30,23.392,5.81,16.13,22.456,7.854,63.742
30/11/2023 02:00,75.962,11.208,26.21,23.532,17.078,116.37
30/11/2023 02:30,52.168,3.002,37.202,29.708,9.264,26.616
30/11/2023 03:00,24.342,8.446,16.764,14.39,10.528,20.676
30/11/2023 03:30,25.382,8.008,9.734,10.826,9.452,15.238
30/11/2023 04:00,17.538,5.13,4.968,5.12,5.4,14.176
30/11/2023 04:30,6.296,1.584,2.498,1.132,2.074,33.242
30/11/2023 05:00,36.478,1.848,5.708,32.79,4.13,104.806
30/11/2023 05:30,70.826,16.286,34.264,18.708,24.968,28.298
30/11/2023 06:00,7.614,9.214,17.916,,7.738,11.774
30/11/2023 06:30,,,2.89,,,17.272
30/11/2023 07:00,,,,2.482,,21.082
30/11/2023 07:30,4.394,,12.63,26.272,,42.68
30/11/2023 08:00,12.092,3.924,12.64,9.976,7.232,76.84
30/11/2023 08:30,5.428,1.19,3.006,0.642,2.232,28.812
30/11/2023 09:00,14.97,0.814,23.852,16.068,2.618,31.958
30/11/2023 09:30,35.256,18.116,5.604,12.076,19.686,61.908
30/11/2023 10:00,14.06,0.636,,3.732,1.136,78.182
30/11/2023 10:30,28.71,,0.268,8.76,,63.02
30/11/2023 11:00,6.768,,3.506,9.83,,14.928
30/11/2023 11:30,2.316,1.464,1.834,10.998,0.922,26.84
30/11/2023 12:00,0.314,,,3.362,,22.468
30/11/2023 12:30,1.282,,8.922,10.788,,14.286
30/11/2023 13:00,16.104,1.686,31.424,26.378,5.548,10.614
30/11/2023 13:30,10.436,3.68,12.076,12.222,5.994,12.494
30/11/2023 14:00,12.134,2.064,11.996,20.88,4.248,17.162
30/11/2023 14:30,20.078,3.59,30.942,19.202,8.29,20.686
30/11/2023 15:00,35.654,15.368,33.274,13.412,24.402,17.844
30/11/2023 15:30,26.758,3.572,7.626,5.684,6.636,21.928
30/11/2023 16:00,9.564,1.026,,,1.56,12.098
30/11/2023 16:30,0.44,,,,,4.81
30/11/2023 17:00,,,,,,19.014
30/11/2023 17:30,8.19,,,,,10.984
30/11/2023 18:00,6.896,,,,,0.782
30/11/2023 18:30,1.15,,,,,
30/11/2023 19:00,,,,,,
30/11/2023 19:30,,,,,,
30/11/2023 20:00,,,0.31,,,0.032
30/11/2023 20:30,,,2.604,1.462,,2.818
30/11/2023 21:00,3.228,0.276,2.288,,1.954,8.55
30/11/2023 21:30,5.61,0.698,1.882,,0.846,13.334
30/11/2023 22:00,0.836,,1.806,,,
30/11/2023 22:30,,,2.486,,,
30/11/2023 23:00,,0.304,3.336,0.624,0.738,
30/11/2023 23:30,0.144,0.5,2.208,1.498,0.91,
01/12/2023 00:00,,,1.33,0.028,0.532,
01/12/2023 00:30,0.24,0.128,1.638,,0.09,1.136
01/12/2023 01:00,2.754,,,,,
01/12/2023 01:30,,,,,,
01/12/2023 02:00,,,,,,
01/12/2023 02:30,,,,,,2.816
01/12/2023 03:00,,,,,,
01/12/2023 03:30,,,,,,
01/12/2023 04:00,,,,,,
01/12/2023 04:30,,,,,,
01/12/2023 05:00,,,,,,
01/12/2023 05:30,,,,,,
01/12/2023 06:00,,,,,,
01/12/2023 06:30,,,,,,
01/12/2023 07:00,,,,,,
01/12/2023 07:30,,,,,,
01/12/2023 08:00,,,,,,
01/12/2023 08:30,,,,,,
01/12/2023 09:00,,,,,,
01/12/2023 09:30,,,,,,
01/12/2023 10:00,,2.888,2.156,,1.544,
01/12/2023 10:30,3.446,1.266,1.934,,2.304,
01/12/2023 11:00,5.326,,1.036,1.854,0.256,
01/12/2023 11:30,2.958,,,1.902,,1.04
01/12/2023 12:00,,,,,,0.252
01/12/2023 12:30,,,,,,
01/12/2023 13:00,,,,,,
01/12/2023 13:30,,,,,,
01/12/2023 14:00,,,,,,
01/12/2023 14:30,2.828,,,,,2.208
01/12/2023 15:00,3.386,,,,0.01,10.97
01/12/2023 15:30,0.296,,,,0.964,6.152
01/12/2023 16:00,,,,,,
01/12/2023 16:30,,,,,,
01/12/2023 17:00,,,,,,
01/12/2023 17:30,,,,,,
01/12/2023 18:00,,,,,,
01/12/2023 18:30,,,6.038,,,
01/12/2023 19:00,,,9.744,,0.242,
01/12/2023 19:30,,,7.472,1.704,,
01/12/2023 20:00,4.664,,3.458,6.352,,2.464
01/12/2023 20:30,4.174,,1.694,4.28,0.256,9.568
01/12/2023 21:00,2.054,,,3.544,,1.752
01/12/2023 21:30,1.752,0.452,0.124,4.144,0.122,
01/12/2023 22:00,,,0.344,1.088,,
01/12/2023 22:30,,,,,,
01/12/2023 23:00,,1.612,7.486,,2.246,
01/12/2023 23:30,0.33,0.236,3.466,,0.646,
02/12/2023 00:00,,,,,,
02/12/2023 00:30,,,,,,
02/12/2023 01:00,,,,,,
02/12/2023 01:30,,,,,,
02/12/2023 02:00,,,,,,3.776
02/12/2023 02:30,0.832,,,1.866,,8.138
02/12/2023 03:00,1.258,,,2.23,,9.376
02/12/2023 03:30,1.696,,,0.9,0.104,9.158
02/12/2023 04:00,3.38,0.154,,1.102,0.838,9.56
02/12/2023 04:30,6.264,0.712,,2.166,1.828,13.032
02/12/2023 05:00,9.36,2.53,2.224,3.468,3.508,16.514
02/12/2023 05:30,9.72,2.828,5.596,3.432,4.258,15.606
02/12/2023 06:00,5.96,2.128,5.114,3.592,2.92,5.17
02/12/2023 06:30,1.326,0.386,1.59,0.812,0.77,0.556
02/12/2023 07:00,2.47,0.738,0.296,0.318,0.978,3.156
02/12/2023 07:30,1.874,0.686,0.358,0.488,1.116,5.77
02/12/2023 08:00,1.114,,1.598,1.112,0.482,3.9
02/12/2023 08:30,,,,0.232,,0.1
02/12/2023 09:00,,,,,,
02/12/2023 09:30,,,,,,0.312
02/12/2023 10:00,0.922,0.422,1.896,0.412,0.576,
02/12/2023 10:30,1.462,0.522,2.386,1,0.91,
02/12/2023 11:00,1.386,0.09,1.694,0.858,0.378,
02/12/2023 11:30,3.148,1.29,1.674,1.218,1.192,
02/12/2023 12:00,7.12,1.714,5.56,4.232,2.676,
02/12/2023 12:30,3.426,1.116,4.196,4.076,1.454,
02/12/2023 13:00,0.074,0.416,1.804,1.264,0.4,
02/12/2023 13:30,,0.506,0.576,,0.136,
02/12/2023 14:00,,1.784,3.074,,1.678,
02/12/2023 14:30,0.618,1.534,3.892,,1.222,
02/12/2023 15:00,9.94,8.85,15.38,,7.636,
02/12/2023 15:30,16.142,4.546,13.092,2.592,7.414,
02/12/2023 16:00,12.342,2.334,7.01,4.84,3.428,
02/12/2023 16:30,7.248,1.53,4.1,7.626,2.644,
02/12/2023 17:00,2.348,0.632,4.064,6.25,0.978,
02/12/2023 17:30,0.408,0.378,2.142,3.812,0.466,
02/12/2023 18:00,,,,1.59,0.104,
02/12/2023 18:30,,0.026,0.732,2.046,0.134,
02/12/2023 19:00,,1.798,1.004,1.002,0.212,
02/12/2023 19:30,2.806,2.296,4.916,1.208,3.246,
02/12/2023 20:00,6.746,1.766,8.248,1.898,1.606,
02/12/2023 20:30,2.842,,7.09,3.528,,2.17
02/12/2023 21:00,,3.006,3.742,,0.288,1.49
02/12/2023 21:30,1.084,2.976,7.064,,2.546,
02/12/2023 22:00,0.872,0.086,3.93,1.69,0.18,
02/12/2023 22:30,,,,0.296,,
02/12/2023 23:00,,,,,,
02/12/2023 23:30,,,,,,0.498
03/12/2023 00:00,1.268,,,,,1.88
03/12/2023 00:30,0.114,,,,,0.804
03/12/2023 01:00,0.372,0.156,5.482,0.148,0.496,1.368
03/12/2023 01:30,0.452,,10.544,2.124,,3.792
03/12/2023 02:00,0.944,,3.436,1.796,0.036,3.908
03/12/2023 02:30,3.69,0.3,0.238,1.268,1.17,6.62
03/12/2023 03:00,2.336,,0.604,1.018,,6.232
03/12/2023 03:30,2.318,,0.486,0.614,,4.662
03/12/2023 04:00,2.364,,,,,0.42
03/12/2023 04:30,0.28,,,,,1.066
03/12/2023 05:00,0.576,,,,,4.478
03/12/2023 05:30,0.236,,,0.896,0.026,8.692
03/12/2023 06:00,0.474,,,,,10.508
03/12/2023 06:30,3.244,,,,0.456,2.82
03/12/2023 07:00,2.34,,,,0.192,2.182
03/12/2023 07:30,,,,,,4.332
03/12/2023 08:00,,,,,,2.538
03/12/2023 08:30,,,,,,
03/12/2023 09:00,,,3.29,,,
03/12/2023 09:30,,,1.458,,,
03/12/2023 10:00,,,,,,
03/12/2023 10:30,,,,,,
03/12/2023 11:00,,,,,,2.544
03/12/2023 11:30,,,,,,7.958
03/12/2023 12:00,,,,,,15.556
03/12/2023 12:30,,,,,,19.63
03/12/2023 13:00,,,4.242,,0.46,19.476
03/12/2023 13:30,,,2.414,7.572,1.692,18.422
03/12/2023 14:00,,,3.068,,1.828,19.968
03/12/2023 14:30,,,7.374,0.31,2.354,12.628
03/12/2023 15:00,,,10.294,4.288,4.714,12.362
03/12/2023 15:30,,,13.294,15.312,8.68,20.738
03/12/2023 16:00,,,24.174,9.512,6.47,42.416
03/12/2023 16:30,,,58.77,36.134,21.896,44.976
03/12/2023 17:00,11.162,4.84,61.58,67.194,36.14,89.156
03/12/2023 17:30,98.27,16.324,82.902,67.882,39.204,136.366
03/12/2023 18:00,85.846,9.92,46.328,63.658,23.482,152.278
03/12/2023 18:30,87.768,11.492,71.57,59.848,29.306,125.764
03/12/2023 19:00,86.45,14.636,69.588,67.844,36.662,107.514
03/12/2023 19:30,86.85,17.35,56.638,66.72,30.854,113.508
03/12/2023 20:00,84.646,14.19,63.686,73.194,30.752,129.012
03/12/2023 20:30,92.848,16.28,58.402,79.662,26,109.954
03/12/2023 21:00,82.132,14.446,52.976,53.056,22.528,102.83
03/12/2023 21:30,83.582,21.618,67.102,38.878,33.012,77.81
03/12/2023 22:00,79.598,15.474,54.658,51.31,25.044,105.48
03/12/2023 22:30,60.356,11.962,37.652,47.152,20.634,95.332
03/12/2023 23:00,45.392,3.822,31.782,44.07,11.544,84.58
03/12/2023 23:30,25.058,4.526,12.3,26.8,8.738,73.384
04/12/2023 00:00,15.266,4.758,12.83,22.572,4.184,40.346
04/12/2023 00:30,26.458,1.728,16.58,29.114,4.542,31.93
04/12/2023 01:00,11.616,1.898,18.124,22.184,3.824,37.622
04/12/2023 01:30,16.02,5.064,18.396,15.456,6.456,16.75
04/12/2023 02:00,30.47,8.222,23.68,16.626,10.752,21.23
04/12/2023 02:30,50.862,9.25,48.04,59.602,17.93,47.76
04/12/2023 03:00,47.818,12.422,28.338,34.252,19.134,84.748
04/12/2023 03:30,50.408,5.408,53.826,90.82,6.69,62.114
04/12/2023 04:00,78.12,9.752,38.896,27.526,19.004,81.266
04/12/2023 04:30,48.978,9.808,29.414,27.51,15.776,66.162
04/12/2023 05:00,49.04,9.802,29.412,27.516,15.76,66.072
04/12/2023 05:30,49.036,9.808,29.396,27.514,15.774,66.076
04/12/2023 06:00,49.02,27.136,29.466,78.038,15.74,66.074
04/12/2023 06:30,49.012,47.608,53.698,123.318,15.786,250.356
04/12/2023 07:00,48.996,47.638,48.886,135.278,15.778,285.7
04/12/2023 07:30,81.32,48.438,129.522,126.372,15.846,307.91
04/12/2023 08:00,129.382,48.89,143.848,126.914,40.994,293.864
04/12/2023 08:30,38.884,15.202,143.91,126.992,78.522,115.582
04/12/2023 09:00,,,143.904,126.934,78.506,
04/12/2023 09:30,,,142.822,128.73,77.906,
04/12/2023 10:00,,,139.384,133.506,76.698,
04/12/2023 10:30,11.672,,134.398,136.586,35.92,
04/12/2023 11:00,15.562,,134.354,136.528,24.22,
04/12/2023 11:30,0.146,,134.376,132.342,65.876,
04/12/2023 12:00,5.304,,134.378,126.826,64.782,
04/12/2023 12:30,,,134.37,134.682,68.704,
04/12/2023 13:00,2.778,,134.378,136.484,68.714,
04/12/2023 13:30,8.598,,134.352,136.57,68.738,
04/12/2023 14:00,46.586,,134.384,136.47,31.376,
04/12/2023 14:30,54.94,,134.368,136.538,24.208,
04/12/2023 15:00,55.054,,134.378,136.546,24.102,
04/12/2023 15:30,54.09,,134.344,136.492,25.062,
04/12/2023 16:00,53.262,,134.35,136.54,25.886,
04/12/2023 16:30,54.674,,134.392,136.57,24.552,
04/12/2023 17:00,54.814,,134.404,136.55,24.402,
04/12/2023 17:30,54.816,,134.334,136.528,24.426,
04/12/2023 18:00,54.788,,134.366,136.564,24.408,
04/12/2023 18:30,54.828,,134.376,127.94,24.424,
04/12/2023 19:00,54.79,,134.38,126.79,24.43,
04/12/2023 19:30,54.804,,134.318,126.812,24.406,
04/12/2023 20:00,54.816,,134.376,128.038,24.428,
04/12/2023 20:30,54.74,,134.396,136.54,24.424,
04/12/2023 21:00,63.4,,134.356,136.556,24.424,
04/12/2023 21:30,53.842,,136.374,134.662,24.416,
04/12/2023 22:00,93.574,5.11,141.268,129.888,24.428,102.534
04/12/2023 22:30,121.79,31.684,141.304,129.874,24.422,218.836
04/12/2023 23:00,121.84,29.322,141.214,129.884,24.426,214.476
04/12/2023 23:30,121.634,29.286,141.37,129.824,24.414,215.164
05/12/2023 00:00,,,141.448,129.772,79.236,303.76
05/12/2023 00:30,,,141.544,129.532,79.206,294.83
05/12/2023 01:00,,,141.86,128.878,79.252,286.358
05/12/2023 01:30,,,139.874,127.342,79.21,279.454
05/12/2023 02:00,,,131.972,122.576,79.24,268.858
05/12/2023 02:30,,,127.69,106.024,79.202,237.484
05/12/2023 03:00,,,126.426,115.578,79.216,237.566
05/12/2023 03:30,,,98.194,80.352,79.182,195.38
05/12/2023 04:00,,,88.304,82.356,79.172,157.462
05/12/2023 04:30,,,100.75,73.382,79.082,161.124
05/12/2023 05:00,,,79.964,63.356,79.136,147.918
05/12/2023 05:30,,,78.442,69.962,79.176,131.67
05/12/2023 06:00,,,51.184,40.388,77.222,113.576
05/12/2023 06:30,,,53.452,35.606,67.716,78.882
05/12/2023 07:00,,,50.766,34.99,60.746,76.486
05/12/2023 07:30,,,46.542,22.882,66.242,63.596
05/12/2023 08:00,,,36.316,20.568,45.842,29.18
05/12/2023 08:30,,,23.78,16.196,34.426,32.846
05/12/2023 09:00,,,,,,47.61
05/12/2023 09:30,,,,,,59.898
05/12/2023 10:00,,,,,,7.058
05/12/2023 10:30,,,,,,9.466
05/12/2023 11:00,,,,,,15.624
05/12/2023 11:30,,,,,,21.528
05/12/2023 12:00,,,,,,31.606
05/12/2023 12:30,,,,,,56.696
05/12/2023 13:00,,,,,,12.314
05/12/2023 13:30,,,,,,6.752
05/12/2023 14:00,,,,,,3.522
05/12/2023 14:30,,,,,,9.502
05/12/2023 15:00,,,,,,15.692
05/12/2023 15:30,,,,,,
05/12/2023 16:00,,,,,,
05/12/2023 16:30,,,,,,
05/12/2023 17:00,,,,,,
05/12/2023 17:30,,,,,,
05/12/2023 18:00,,,,,,
05/12/2023 18:30,,,,,,
05/12/2023 19:00,,,,,,
05/12/2023 19:30,,,,,,
05/12/2023 20:00,,,,,,
05/12/2023 20:30,,,,,,
05/12/2023 21:00,,,,,,1.168
05/12/2023 21:30,,,3.278,0.848,,2.386
05/12/2023 22:00,,,2.916,2.742,1.024,1.966
05/12/2023 22:30,,,1.164,0.866,1.812,
05/12/2023 23:00,,,0.076,0.156,,
05/12/2023 23:30,,,,,,
06/12/2023 00:00,,,,,,
06/12/2023 00:30,,,,,,
06/12/2023 01:00,,,,,,
06/12/2023 01:30,,,,,,
06/12/2023 02:00,,,,,,
06/12/2023 02:30,,,,,,
06/12/2023 03:00,,,,,,
06/12/2023 03:30,,,0.39,,,
06/12/2023 04:00,,,,,,
06/12/2023 04:30,,,,,,
06/12/2023 05:00,,,,,,
06/12/2023 05:30,,,,,,
06/12/2023 06:00,,,,,,
06/12/2023 06:30,,,,,,
06/12/2023 07:00,,,,,,
06/12/2023 07:30,,,,,,
06/12/2023 08:00,,,,,,
06/12/2023 08:30,,,,,,
06/12/2023 09:00,,,,,,
06/12/2023 09:30,,,,,,1.242
06/12/2023 10:00,,,,,,
06/12/2023 10:30,,,,,,
06/12/2023 11:00,,,,,,
06/12/2023 11:30,,,,,,2.282
06/12/2023 12:00,,,,,,13.526
06/12/2023 12:30,,,,,,9.048
06/12/2023 13:00,,,,,,15.098
06/12/2023 13:30,,,,,,27.198
06/12/2023 14:00,,,,,,30.348
06/12/2023 14:30,,,,,,69.406
06/12/2023 15:00,,,,,,32.146
06/12/2023 15:30,,,,,,49.414
06/12/2023 16:00,,,,,,79.962
06/12/2023 16:30,,,,0.092,,88.942
06/12/2023 17:00,,,,0.796,,99.898
06/12/2023 17:30,,,,,,149.446
06/12/2023 18:00,,,33.8,11.924,34.28,78.776
06/12/2023 18:30,,,34.234,26.76,63.822,61.402
06/12/2023 19:00,,,25.46,19.548,45.772,60.97
06/12/2023 19:30,,,25.474,19.556,45.782,60.968
06/12/2023 20:00,,,25.486,19.564,45.758,60.978
06/12/2023 20:30,,,25.476,21.08,45.338,62.024
06/12/2023 21:00,,,25.482,27.48,43.096,65.748
06/12/2023 21:30,,,25.486,27.488,25.4,31.486
06/12/2023 22:00,,,25.482,27.472,,
06/12/2023 22:30,,,25.484,27.468,,
06/12/2023 23:00,,,25.464,27.486,,
06/12/2023 23:30,,,25.486,27.464,,
07/12/2023 00:00,,,25.48,27.476,,
07/12/2023 00:30,,,13.242,14.164,,
07/12/2023 01:00,,,,,,
07/12/2023 01:30,,,,,,
07/12/2023 02:00,,,,,,
07/12/2023 02:30,,,,,,
07/12/2023 03:00,,,,,,
07/12/2023 03:30,,,,,,
07/12/2023 04:00,,,,,,
07/12/2023 04:30,,,,,,
07/12/2023 05:00,,,,,,
07/12/2023 05:30,,,,,,
07/12/2023 06:00,,,,,,
07/12/2023 06:30,,,,,,
07/12/2023 07:00,,,,,,
07/12/2023 07:30,,,,,,
07/12/2023 08:00,,,,,,
07/12/2023 08:30,,,,,,
07/12/2023 09:00,,,,,,
07/12/2023 09:30,,,,,,
07/12/2023 10:00,,,,,,
07/12/2023 10:30,,,,,,
07/12/2023 11:00,,,,,,
07/12/2023 11:30,,,35.458,33.518,,
07/12/2023 12:00,,,118.804,128.648,,
07/12/2023 12:30,,,122.776,129.192,,
07/12/2023 13:00,,,121.944,134.652,,
07/12/2023 13:30,,,121.272,134.586,,
07/12/2023 14:00,,,123.778,133.802,,
07/12/2023 14:30,,,119.326,132.262,,
07/12/2023 15:00,,,107.052,120.744,,
07/12/2023 15:30,,,49.192,66.062,,
07/12/2023 16:00,,,,,,
07/12/2023 16:30,,,,,,
07/12/2023 17:00,,,,,,
07/12/2023 17:30,,,,,,
07/12/2023 18:00,,,,,,
07/12/2023 18:30,,,,,,
07/12/2023 19:00,,,,,,
07/12/2023 19:30,,,,,,
07/12/2023 20:00,,,,,,
07/12/2023 20:30,,,12.41,,30.626,8.722
07/12/2023 21:00,,,38.292,,51.918,14.122
07/12/2023 21:30,,,25.424,,50.532,18.114
07/12/2023 22:00,,,25.454,,130.3,55.994
07/12/2023 22:30,,,25.464,,136.946,54.928
07/12/2023 23:00,,,25.49,,134.354,57.424
07/12/2023 23:30,,,33.338,,144.334,63.456
08/12/2023 00:00,212.576,,125.118,,,
08/12/2023 00:30,212.564,,125.096,,,
08/12/2023 01:00,212.484,,125.028,15.408,,
08/12/2023 01:30,212.306,,124.92,136.294,,
08/12/2023 02:00,209.04,,123.214,134.262,,
08/12/2023 02:30,199.274,,113.17,113.502,,
08/12/2023 03:00,197.51,,114.612,114.974,,
08/12/2023 03:30,192.402,,110.246,115.382,60.654,39.296
08/12/2023 04:00,175.98,,102.364,115.766,54.954,148.652
08/12/2023 04:30,185.844,,105.152,107.406,61.054,103.73
08/12/2023 05:00,188.106,,109.69,112.342,64.138,215.948
08/12/2023 05:30,181.01,,105.898,94.664,62.584,190.982
08/12/2023 06:00,157.048,,94.272,84.486,55.424,182.894
08/12/2023 06:30,150.334,,95.258,94.122,53.538,193.334
08/12/2023 07:00,121.468,,74.96,85.428,43.734,167.21
08/12/2023 07:30,101.578,,55.298,61.412,29.796,138.834
08/12/2023 08:00,91.956,,49.98,49.29,31.354,112.568
08/12/2023 08:30,94.534,,49.5,45.06,32.808,111.106
08/12/2023 09:00,99.848,,58.558,53.404,36.848,117.44
08/12/2023 09:30,126.352,,80.306,58.174,51.994,132.676
08/12/2023 10:00,142.154,,99.084,84.252,60.06,149.038
08/12/2023 10:30,144.324,,97.342,85.796,60.01,166.514
08/12/2023 11:00,141.34,,89.224,84.432,57.004,164.008
08/12/2023 11:30,153.112,,93.89,90.618,62.51,171.922
08/12/2023 12:00,137.188,,83.864,85.852,57.098,157.466
08/12/2023 12:30,147.998,,85.378,87.188,62.438,174.812
08/12/2023 13:00,146.814,,89.996,90.192,61.45,169.73
08/12/2023 13:30,140.316,,87.784,83.506,59.744,156.148
08/12/2023 14:00,148.132,,94.636,82.488,60.898,154.668
08/12/2023 14:30,160.082,,99.572,80.718,65.782,164.418
08/12/2023 15:00,151.734,,94.696,85.694,60.224,159.176
08/12/2023 15:30,149.514,,92.11,81.488,58.776,164.902
08/12/2023 16:00,152.132,,90.272,79.582,60,174.7
08/12/2023 16:30,146.362,,86.52,77.13,58.864,172.454
08/12/2023 17:00,144.758,,83.636,79.316,58.192,122.42
08/12/2023 17:30,123.766,,73.672,65.922,50.172,139.948
08/12/2023 18:00,130.754,,78.276,69.056,52.862,145.23
08/12/2023 18:30,132.922,,75.922,67.962,49.764,144.732
08/12/2023 19:00,142.136,,73.706,65.62,52.032,155.598
08/12/2023 19:30,144.742,,72.076,70.048,55.77,145.618
08/12/2023 20:00,138.586,,66.572,66.548,55.436,120.022
08/12/2023 20:30,132.796,,65.262,63.182,54.146,148.596
08/12/2023 21:00,146.078,,69.934,59.754,56.74,139.28
08/12/2023 21:30,128.93,,62.712,69.988,47.674,129.15
08/12/2023 22:00,8.082,,50.198,57.718,22.624,1.26
08/12/2023 22:30,,,,14.686,,
08/12/2023 23:00,,,,,,
08/12/2023 23:30,,,,,,
09/12/2023 00:00,,,,,,
09/12/2023 00:30,95.03,,40.31,,,
09/12/2023 01:00,176.982,,91.856,,,
09/12/2023 01:30,194.154,,95.752,,,
09/12/2023 02:00,209.252,,113.228,,28.922,
09/12/2023 02:30,212.23,,122.942,,51.416,
09/12/2023 03:00,212.592,,124.61,,15.678,
09/12/2023 03:30,212.508,,122.316,,17.676,
09/12/2023 04:00,212.52,,124.984,,78.374,
09/12/2023 04:30,206.922,,113.772,,74.432,
09/12/2023 05:00,,,,,,
09/12/2023 05:30,,,,,,104.662
09/12/2023 06:00,127.668,,76.96,,,124.966
09/12/2023 06:30,209.962,,108.852,,,64.32
09/12/2023 07:00,60.754,,25.474,,,81.092
09/12/2023 07:30,44.87,,25.474,,,248.846
09/12/2023 08:00,44.882,,25.478,24.394,,199.582
09/12/2023 08:30,44.888,,25.48,27.488,,68.022
09/12/2023 09:00,22.716,,25.492,27.498,,21.134
09/12/2023 09:30,,,25.486,27.482,,
09/12/2023 10:00,,,25.496,27.488,,
09/12/2023 10:30,59.97,,33.552,80.772,,
09/12/2023 11:00,202.434,,122.904,123.346,,
09/12/2023 11:30,208.58,,124.134,132.402,2.264,22.438
09/12/2023 12:00,208.696,,124.638,134.782,77.552,133.65
09/12/2023 12:30,206.248,,123.278,134.138,77.636,161.57
09/12/2023 13:00,191.082,,120.002,123.818,72.876,211.656
09/12/2023 13:30,172.66,,110.466,104.084,68.594,177.03
09/12/2023 14:00,143.536,,102.928,89.94,43.074,128.752
09/12/2023 14:30,190.276,,119.948,108.114,57.89,188.714
09/12/2023 15:00,206.234,,121.532,124.532,75.484,223.788
09/12/2023 15:30,200.184,,123.81,128.782,72.65,214.344
09/12/2023 16:00,212.372,,124.698,136.514,78.17,244.038
09/12/2023 16:30,204.222,,125.136,136.524,78.484,202.442
09/12/2023 17:00,203.962,,125.134,136.408,78.374,233.59
09/12/2023 17:30,197.36,,124.834,135.318,78.096,245.308
09/12/2023 18:00,204.518,,124.652,134.71,77.4,243.166
09/12/2023 18:30,208.24,,124.972,133.822,71.924,237.918
09/12/2023 19:00,207.536,,124.962,135.226,76.54,225.116
09/12/2023 19:30,198.308,,125.03,130.86,75.824,207.982
09/12/2023 20:00,172.682,,120.346,117.432,70.046,196.452
09/12/2023 20:30,131.276,,92.744,87.726,49.55,136.678
09/12/2023 21:00,81.77,,59.354,64.396,26.91,90.162
09/12/2023 21:30,44.842,,25.49,29.002,16.748,57.288
09/12/2023 22:00,78.212,,50.734,59.378,30.126,102
09/12/2023 22:30,62.384,,54.852,51.53,23.74,75.262
09/12/2023 23:00,47.926,,44.242,41.238,19.938,58.624
09/12/2023 23:30,33.516,,28.364,26.904,14.132,43.912
10/12/2023 00:00,22.14,,18.826,16.61,10.486,30.958
10/12/2023 00:30,17.322,,13.47,10.772,6.73,21.686
10/12/2023 01:00,10.282,,9.034,6.31,4.012,12.42
10/12/2023 01:30,8.426,,7.554,3.724,3.484,8.32
10/12/2023 02:00,8.964,,8.442,4.316,3.75,5.58
10/12/2023 02:30,3.96,,5.37,2.146,2.314,3.56
10/12/2023 03:00,1.636,,3.386,0.426,1.412,1.662
10/12/2023 03:30,,,0.52,,0.268,
10/12/2023 04:00,,,,,,
10/12/2023 04:30,,,,,,
10/12/2023 05:00,,,,,,
10/12/2023 05:30,,,,,,
10/12/2023 06:00,,,,,,
10/12/2023 06:30,2.738,,4.142,4.002,1.962,6.622
10/12/2023 07:00,16.2,,12.194,12.554,5.034,19.338
10/12/2023 07:30,31.088,,17.548,18.904,9.222,39.092
10/12/2023 08:00,46.176,,20.292,22.772,8.682,60.314
10/12/2023 08:30,64.382,,35.918,42.122,18.864,80.976
10/12/2023 09:00,74.36,,48.53,52.202,27.5,89.628
10/12/2023 09:30,97.408,,50.522,60.5,34.714,124.37
10/12/2023 10:00,120.094,,62.096,65.868,45.266,153.518
10/12/2023 10:30,131.692,,74.482,89.864,45.83,172.912
10/12/2023 11:00,121.566,,77.482,92.426,43.356,160.418
10/12/2023 11:30,138.638,,83.174,97.234,52.176,175.612
10/12/2023 12:00,146.82,,78.946,96.756,47.67,200.258
10/12/2023 12:30,142.878,,81.638,91.25,47.398,183.966
10/12/2023 13:00,151.266,,85.244,95.42,54.994,182.634
10/12/2023 13:30,162.33,,91.03,99.772,47.522,189.988
10/12/2023 14:00,149.378,,79.328,85.03,34.452,164.964
10/12/2023 14:30,147.488,,84.56,78.322,49.816,162.752
10/12/2023 15:00,148.578,,77.94,73.306,48.798,178.938
10/12/2023 15:30,114.232,,49.36,64.992,33.432,140.452
10/12/2023 16:00,92.098,,51.014,47.952,29.678,109.686
10/12/2023 16:30,83.636,,53.118,44.172,32.702,92.87
10/12/2023 17:00,65.27,,44.122,50.172,18.49,71.75
10/12/2023 17:30,45.504,,38.338,47.168,16.488,57.548
10/12/2023 18:00,39.482,,33.594,40.772,15.24,54.706
10/12/2023 18:30,28.85,,25.838,34.868,9.09,43.206
10/12/2023 19:00,17.788,,17.036,27.74,0.95,30.796
10/12/2023 19:30,7.678,,12.978,21.488,,14.236
10/12/2023 20:00,15.308,,15.704,19.16,3.934,15.026
10/12/2023 20:30,11.706,,15.364,14.488,5.396,12.672
10/12/2023 21:00,9.21,,10.32,13.794,5.894,14.312
10/12/2023 21:30,5.794,,8.18,7.51,2.972,15.072
10/12/2023 22:00,4.37,,4.658,4.282,3.23,8.218
10/12/2023 22:30,12.288,,4.426,10.778,2.038,40.004
10/12/2023 23:00,44.698,,17.034,18.52,11.638,33.668
10/12/2023 23:30,42.422,,18.708,10.68,16.1,25.922
11/12/2023 00:00,53.084,,28.686,38.122,16.756,90.944
11/12/2023 00:30,121.914,,62.942,63.712,40.448,122.008
11/12/2023 01:00,131.418,,82.506,77.29,46.098,155.792
11/12/2023 01:30,108.568,,56.732,71.712,33.812,154.528
11/12/2023 02:00,105.876,,54.738,86.578,29.734,161.658
11/12/2023 02:30,119.966,,79.572,95.1,39.458,178.732
11/12/2023 03:00,150.48,,89.318,119.734,46.996,221.972
11/12/2023 03:30,166.562,,92.778,123.41,52.144,227.838
11/12/2023 04:00,172.99,,92.982,125.996,49.854,239.04
11/12/2023 04:30,190.004,,99.788,119.73,56.956,247.93
11/12/2023 05:00,203.27,,112.256,125.018,61.916,244.284
11/12/2023 05:30,213.604,,122.51,133.172,71.828,245.36
11/12/2023 06:00,201.388,,124.668,133.502,71.98,240.766
11/12/2023 06:30,179.722,,110.462,124.59,52.424,244.854
11/12/2023 07:00,188.194,,96.406,128.728,52.488,240.666
11/12/2023 07:30,182.88,,101,126.136,55.152,247.282
11/12/2023 08:00,193.858,,92.764,123.894,55.72,248.656
11/12/2023 08:30,175.48,,98.368,113.092,53.768,217.082
11/12/2023 09:00,152.046,,83.04,99.886,49.81,198.06
11/12/2023 09:30,120.302,,71.502,81.916,35.21,151.946
11/12/2023 10:00,96.346,,65.2,69.918,33.472,154.254
11/12/2023 10:30,127.796,,100.262,94.616,42.42,130.058
11/12/2023 11:00,139.26,,93.858,107.092,52.652,162.236
11/12/2023 11:30,143.208,,93.078,109.43,50.574,178.85
11/12/2023 12:00,142.746,,92.516,111.908,49.896,171.008
11/12/2023 12:30,159.502,,93.626,115.098,53.392,193.084
11/12/2023 13:00,175.994,,108.074,123.808,61.512,219.196
11/12/2023 13:30,172.184,,109.03,120.58,59.274,210.77
11/12/2023 14:00,155.788,,100.868,105.7,54.634,175.58
11/12/2023 14:30,170.434,,103.16,101.61,59.784,171.2
11/12/2023 15:00,143.334,,84.488,86.82,51.55,139.416
11/12/2023 15:30,119.712,,76.132,82.158,42.456,127.5
11/12/2023 16:00,110.604,,64.304,82.306,39.696,128.824
11/12/2023 16:30,112.186,,64.474,73.328,38.776,125.536
11/12/2023 17:00,104.264,,66.188,75.454,35.002,111.024
11/12/2023 17:30,104.686,,68.646,69.748,39.386,108.788
11/12/2023 18:00,104.412,,62.418,57.156,36.852,117.548
11/12/2023 18:30,113.37,,57.792,66.782,36.278,106.408
11/12/2023 19:00,115.536,,59.842,67.428,36.648,128.378
11/12/2023 19:30,114.252,,64.478,75.204,36.962,126.89
11/12/2023 20:00,113.654,,72.454,88.486,38.164,124.12
11/12/2023 20:30,124.454,,74.712,88.588,37.202,133.088
11/12/2023 21:00,123.116,,77.978,81.428,38.682,127.254
11/12/2023 21:30,128.394,,76.996,83.034,38.134,130.012
11/12/2023 22:00,133.822,,80.866,90.018,44.998,141.102
11/12/2023 22:30,149.836,,88.996,98.962,49.934,158.66
11/12/2023 23:00,150.61,,89.75,101.272,47.952,172.812
11/12/2023 23:30,146.538,,89.776,91.186,46.698,171.218
12/12/2023 00:00,165.56,,102.698,99.806,56.734,170.262
12/12/2023 00:30,185.95,,109.298,107.228,63.674,196.956
12/12/2023 01:00,190.258,,114.41,116.03,66.52,207.23
12/12/2023 01:30,199.174,,121.994,130.896,70.924,224.388
12/12/2023 02:00,208.324,,119.934,134.28,73.598,240.97
12/12/2023 02:30,212.218,,120.386,134.364,76.324,249.918
12/12/2023 03:00,216.708,,125.1,136.216,77.948,245.382
12/12/2023 03:30,190.392,,124.658,135.488,77.478,228.628
12/12/2023 04:00,216.186,,124.926,134.962,77.19,253.178
12/12/2023 04:30,216.276,,124.93,135.896,77.9,256.764
12/12/2023 05:00,213.718,,122.642,131.318,76.198,253.328
12/12/2023 05:30,209.202,,121.812,124.012,74.78,240.254
12/12/2023 06:00,210.07,,124.656,132.824,75.268,239.9
12/12/2023 06:30,208.252,,119.04,118.912,75.392,246.876
12/12/2023 07:00,213.652,,123.848,117.496,76.888,247.404
12/12/2023 07:30,219.596,,124.644,131.736,77.57,257.008
12/12/2023 08:00,219.804,,124.47,133.258,76.412,260.928
12/12/2023 08:30,197.442,,106.236,112.936,67.764,238.102
12/12/2023 09:00,46.898,,25.476,27.474,15.75,56.1
12/12/2023 09:30,46.908,,25.484,27.474,15.76,56.076
12/12/2023 10:00,46.914,,25.48,27.482,15.756,56.102
12/12/2023 10:30,46.93,,25.486,27.486,15.75,56.088
12/12/2023 11:00,46.916,,25.486,27.474,15.76,56.104
12/12/2023 11:30,46.928,,25.486,27.472,15.756,56.082
12/12/2023 12:00,46.924,,70.05,27.54,19.442,56.108
12/12/2023 12:30,46.93,,124.982,28.878,78.294,56.104
12/12/2023 13:00,46.928,,125.154,127.394,78.454,56.094
12/12/2023 13:30,46.924,,114.5,134.726,78.35,56.088
12/12/2023 14:00,46.926,,25.616,136.43,78.442,56.098
12/12/2023 14:30,46.926,,25.566,99.468,36.27,56.1
12/12/2023 15:00,46.942,,25.532,73.606,15.766,56.098
12/12/2023 15:30,46.93,,25.492,31.472,15.764,56.088
12/12/2023 16:00,46.936,,25.484,27.49,15.75,56.1
12/12/2023 16:30,154.092,,25.494,27.478,15.754,56.09
12/12/2023 17:00,209.204,,109.842,74.992,15.822,56.096
12/12/2023 17:30,193.004,,117.532,127.172,63.75,139.094
12/12/2023 18:00,190.25,,115.414,121.702,70.894,202.402
12/12/2023 18:30,174.316,,108.05,109.612,69.746,172.878
12/12/2023 19:00,168.75,,101.882,101.71,59.888,176.634
12/12/2023 19:30,149.056,,98.318,88.83,56.468,132.648
12/12/2023 20:00,165.59,,116.314,117.258,65.02,159.104
12/12/2023 20:30,184.532,,115.612,115.058,69.282,184.522
12/12/2023 21:00,168.538,,97.886,103.942,55.568,184.32
12/12/2023 21:30,148.244,,79.388,78.588,50.014,146.186
12/12/2023 22:00,112.472,,70.486,74.112,40.644,112.556
12/12/2023 22:30,104.544,,62.222,65.918,36.694,107.994
12/12/2023 23:00,104.182,,61.922,86.654,37.862,120.734
12/12/2023 23:30,82.37,,63.334,60.382,30.072,83.176
13/12/2023 00:00,90.056,,62.698,67.944,36.616,95.77
13/12/2023 00:30,116.972,,91.662,98.72,47.226,108.298
13/12/2023 01:00,152.002,,101.218,123.164,60.908,175.848
13/12/2023 01:30,172.412,,115.38,129.198,68.246,195.086
13/12/2023 02:00,175.438,,110.822,120.464,66.558,199.116
13/12/2023 02:30,169.5,,95.656,112.884,61.4,191.844
13/12/2023 03:00,150.776,,90.896,95.668,56.79,168.824
13/12/2023 03:30,133.406,,88.1,88.34,52.542,136.428
13/12/2023 04:00,101.144,,60.568,48.974,37.828,95.754
13/12/2023 04:30,69.518,,50.422,54.142,28.52,63.142
13/12/2023 05:00,73.428,,35.802,60.372,25.402,102.628
13/12/2023 05:30,67.582,,71.476,48.576,22.53,73.304
13/12/2023 06:00,78.298,,72.672,52.49,37.018,65.78
13/12/2023 06:30,77.218,,59.248,60.142,35.082,55.462
13/12/2023 07:00,71.234,,61.98,64.324,29.336,63.014
13/12/2023 07:30,98.584,,72.292,74.166,40.402,108.298
13/12/2023 08:00,98.11,,65.022,68.35,34.808,102.338
13/12/2023 08:30,112.982,,87.182,82.514,44.412,105.678
13/12/2023 09:00,108.334,,73.764,71.368,40.564,112.6
13/12/2023 09:30,95.68,,61.02,63.376,35.462,95.292
13/12/2023 10:00,78.304,,49.184,52.32,24.19,79.162
13/12/2023 10:30,66.09,,42.272,39.988,24.544,78.684
13/12/2023 11:00,50.624,,36.476,35.64,17.522,49.484
13/12/2023 11:30,39.536,,35.554,32.8,15.398,43.744
13/12/2023 12:00,41.588,,28.618,24.22,15.91,44.564
13/12/2023 12:30,32.14,,21.082,16.292,13.818,27.442
13/12/2023 13:00,25.002,,16.616,24.252,6.958,20.608
13/12/2023 13:30,19.536,,14.132,9.442,7.678,26.29
13/12/2023 14:00,19.504,,17.6,9.012,4.932,16.632
13/12/2023 14:30,12.746,,11.822,8.664,3.884,9.834
13/12/2023 15:00,10.16,,8.07,5.778,5.002,5.932
13/12/2023 15:30,9.39,,11.392,13.724,3.29,5.674
13/12/2023 16:00,4.202,,5.9,8.7,3.904,6.314
13/12/2023 16:30,5.272,,3.796,2.75,0.976,15.472
13/12/2023 17:00,1.69,,2.31,1.072,0.306,12.42
13/12/2023 17:30,,,0.724,2.134,0.008,14.636
13/12/2023 18:00,1.038,,1.886,1.2,2.002,8.206
13/12/2023 18:30,7.05,,2.28,6.052,3.302,7.642
13/12/2023 19:00,11.246,,2.742,10.84,4.428,19.926
13/12/2023 19:30,16.908,,5.686,11.726,2.934,27.062
13/12/2023 20:00,22.882,,11.56,13.128,7.5,35.724
13/12/2023 20:30,36.336,,21.166,26.558,9.7,52.298
13/12/2023 21:00,45.894,,24.444,29.888,11.754,69.624
13/12/2023 21:30,57.286,,25.63,34.496,15.956,92.02
13/12/2023 22:00,53.246,,32.312,41.264,23.228,72.482
13/12/2023 22:30,46.914,,50.524,27.526,29.846,56.096
13/12/2023 23:00,34.894,,69.764,20.944,36.29,43.426
13/12/2023 23:30,,,21.372,,10.778,
14/12/2023 00:00,,,,,,
14/12/2023 00:30,,,,,,
14/12/2023 01:00,,,,,,
14/12/2023 01:30,,,,,,
14/12/2023 02:00,,,,,,
14/12/2023 02:30,,,,,,
14/12/2023 03:00,,,,,,
14/12/2023 03:30,3.88,,60.438,5.696,35.096,3.286
14/12/2023 04:00,98.272,,123.41,92.662,68.48,99.98
14/12/2023 04:30,130.308,,124.858,136.552,68.716,100.008
14/12/2023 05:00,212.248,,124.682,136.402,68.706,243.212
14/12/2023 05:30,212.296,,125.206,136.622,68.724,263.704
14/12/2023 06:00,211.066,,125.122,135.824,68.688,260.358
14/12/2023 06:30,204.588,,124.998,134.792,68.51,234.414
14/12/2023 07:00,177.158,,124.098,117.458,63.006,193.088
14/12/2023 07:30,141.758,,104.132,78.512,51.116,158.914
14/12/2023 08:00,106.676,,72.88,58.124,41.072,102.738
14/12/2023 08:30,84.134,,57.014,53.178,29.556,91.622
14/12/2023 09:00,79.408,,31.47,34.388,25.8,94.966
14/12/2023 09:30,89.5,,42.364,54.35,36.9,85.572
14/12/2023 10:00,96.664,,69.642,61.04,31.63,85.332
14/12/2023 10:30,58.39,,50.776,34.98,20.934,55.23
14/12/2023 11:00,56.296,,40.24,33.884,18.242,67.462
14/12/2023 11:30,73.628,,30.502,35.276,18.008,101.658
14/12/2023 12:00,126.052,,28.172,47.678,37.528,182.996
14/12/2023 12:30,129.172,,63.348,75.018,56.628,137.698
14/12/2023 13:00,101.694,,71.464,56.288,38.796,117.528
14/12/2023 13:30,106.492,,61.874,70.992,39.522,121.228
14/12/2023 14:00,115.438,,46.118,60.584,37.068,134.87
14/12/2023 14:30,124.262,,43.278,56.746,34.56,157.062
14/12/2023 15:00,147.684,,40.698,64.178,59.058,204.2
14/12/2023 15:30,152.96,,86.026,77.284,58.616,193.862
14/12/2023 16:00,178.522,,85.758,98.062,69.43,212.5
14/12/2023 16:30,174.53,,118.616,114.494,70.764,187.984
14/12/2023 17:00,141.678,,87.878,73.72,51.28,161.774
14/12/2023 17:30,151.202,,84.992,80.856,59.076,181.95
14/12/2023 18:00,152.15,,89.176,68.174,65.996,204.888
14/12/2023 18:30,173.93,,119.556,111.362,73.714,216.108
14/12/2023 19:00,168.554,,119.324,111.332,70.352,206.984
14/12/2023 19:30,166.872,,115.29,97.304,71.844,202.194
14/12/2023 20:00,152.472,,104.992,79.304,64.71,198.308
14/12/2023 20:30,140.596,,89.748,85.124,55.356,175.414
14/12/2023 21:00,152.874,,86.926,89.982,58.892,184.46
14/12/2023 21:30,169.098,,93.364,82.488,60.518,202.312
14/12/2023 22:00,176.1,,90.17,96.396,69.152,205.874
14/12/2023 22:30,152.208,,123.93,109.192,69.974,222.16
14/12/2023 23:00,46.83,,134.176,117.468,77.056,240.432
14/12/2023 23:30,7.184,,108.29,106.24,78.318,243.322
15/12/2023 00:00,,,119.17,94.794,78.388,250.068
15/12/2023 00:30,,,126.624,78.69,78.184,246.556
15/12/2023 01:00,,,126.672,78.706,77.486,232.236
15/12/2023 01:30,,,126.584,78.7,76.354,192.41
15/12/2023 02:00,,,124.974,77.87,71.594,178.896
15/12/2023 02:30,31.746,,126.586,89.228,75.372,190.098
15/12/2023 03:00,46.924,,126.384,110.756,75.408,224.538
15/12/2023 03:30,55.62,,69.7,122.538,77.772,229.262
15/12/2023 04:00,191.544,,77.952,103.696,75.986,235.658
15/12/2023 04:30,174.952,,121.224,85.532,73.358,207.208
15/12/2023 05:00,147.356,,129.566,91.378,75.344,206.306
15/12/2023 05:30,147.392,,105.59,75.608,72.422,209.91
15/12/2023 06:00,179.858,,121.034,81.238,74.678,210.784
15/12/2023 06:30,199.48,,123.704,104.82,71.136,197.73
15/12/2023 07:00,186.334,,125.784,92.524,73.286,195.76
15/12/2023 07:30,153,,138.548,100.392,77.796,219.804
15/12/2023 08:00,167.322,,140.51,118.03,75.034,227.132
15/12/2023 08:30,205.96,,142.06,115.124,77.792,232.576
15/12/2023 09:00,197.732,,141.134,107.912,77.118,209.264
15/12/2023 09:30,185.28,,134.434,113.368,76.786,165.442
15/12/2023 10:00,188.244,,131.274,117.018,77.132,202.886
15/12/2023 10:30,193.09,,141.916,122.374,77.368,190.336
15/12/2023 11:00,194.384,,144.072,130.412,58.726,83.74
15/12/2023 11:30,195.916,,144.274,136.506,39.53,56.084
15/12/2023 12:00,196.828,,143.992,136.018,39.558,56.094
15/12/2023 12:30,197.906,,144.228,136.538,39.544,56.072
15/12/2023 13:00,208.522,,144.13,50.26,16.056,56.09
15/12/2023 13:30,202.976,,144.116,50.014,47.268,56.084
15/12/2023 14:00,162.478,,69.62,122.424,75.296,56.092
15/12/2023 14:30,98.16,,,136.47,12.61,56.088
15/12/2023 15:00,98.188,,,136.448,,56.09
15/12/2023 15:30,98.226,,,134.206,,56.072
15/12/2023 16:00,98.256,,,122.48,,56.096
15/12/2023 16:30,7.202,,,27.482,,56.106
15/12/2023 17:00,,,,27.472,,56.086
15/12/2023 17:30,,,,27.474,,56.068
15/12/2023 18:00,,,,27.49,,56.092
15/12/2023 18:30,,,,27.488,,56.084
15/12/2023 19:00,,,,27.478,,56.082
15/12/2023 19:30,,,,27.49,,56.086
15/12/2023 20:00,,,,27.488,,56.086
15/12/2023 20:30,,,,27.474,,56.092
15/12/2023 21:00,,,,15.08,,38.65
15/12/2023 21:30,,,,,,6.466
15/12/2023 22:00,,,,,,6.482
15/12/2023 22:30,,,,,,6.474
15/12/2023 23:00,,,,,,6.488
15/12/2023 23:30,,,,,,6.484
16/12/2023 00:00,,,,,,6.506
16/12/2023 00:30,,,,,,6.432
16/12/2023 01:00,,,,,,
16/12/2023 01:30,,,,,,
16/12/2023 02:00,,,,,,
16/12/2023 02:30,,,,,,
16/12/2023 03:00,,,,,,
16/12/2023 03:30,,,,,,
16/12/2023 04:00,,,,,,
16/12/2023 04:30,,,,,,
16/12/2023 05:00,,,,,,
16/12/2023 05:30,,,,,,
16/12/2023 06:00,,,,,,
16/12/2023 06:30,,,,,,
16/12/2023 07:00,,,,,,
16/12/2023 07:30,,,,,,
16/12/2023 08:00,,,,,,
16/12/2023 08:30,146.35,,,,,
16/12/2023 09:00,188.506,,,,,
16/12/2023 09:30,46.836,,,,,
16/12/2023 10:00,28.664,,,,,
16/12/2023 10:30,,,,,,
16/12/2023 11:00,,,,,,
16/12/2023 11:30,,,,,,
16/12/2023 12:00,,,,,,
16/12/2023 12:30,,,,,,
16/12/2023 13:00,,,,,,
16/12/2023 13:30,,,,,,
16/12/2023 14:00,,,,,,
16/12/2023 14:30,,,,,,
16/12/2023 15:00,,,,,,
16/12/2023 15:30,,,,,,
16/12/2023 16:00,,,,,,
16/12/2023 16:30,,,,,45.608,
16/12/2023 17:00,,,,,68.594,
16/12/2023 17:30,,,,,71.1,70.05
16/12/2023 18:00,,,,,17.506,52.072
16/12/2023 18:30,,,,,78.472,52.132
16/12/2023 19:00,,,,,69.734,52.104
16/12/2023 19:30,,,,,,0.996
16/12/2023 20:00,,,,,,
16/12/2023 20:30,,,,,,
16/12/2023 21:00,,,,,,
16/12/2023 21:30,,,,,,
16/12/2023 22:00,,,,,,
16/12/2023 22:30,,,,,,
16/12/2023 23:00,,,,,,
16/12/2023 23:30,,,,,,
17/12/2023 00:00,,,,,,
17/12/2023 00:30,,,,,,
17/12/2023 01:00,,,,,,
17/12/2023 01:30,,,,,,
17/12/2023 02:00,,,,,,
17/12/2023 02:30,,,,,,
17/12/2023 03:00,,,,,,
17/12/2023 03:30,,,,,,
17/12/2023 04:00,,,,,,
17/12/2023 04:30,,,,,,
17/12/2023 05:00,,,,,,
17/12/2023 05:30,,,,,,
17/12/2023 06:00,,,,,,
17/12/2023 06:30,,,,,,
17/12/2023 07:00,,,,,,
17/12/2023 07:30,,,,,,
17/12/2023 08:00,,,,,,
17/12/2023 08:30,,,,,,
17/12/2023 09:00,,,,,,
17/12/2023 09:30,,,,,,
17/12/2023 10:00,,,,,,
17/12/2023 10:30,,,,,,
17/12/2023 11:00,,,,,,
17/12/2023 11:30,,,,,,
17/12/2023 12:00,,,,,,
17/12/2023 12:30,,,,,,
17/12/2023 13:00,,,,,,
17/12/2023 13:30,,,,,,
17/12/2023 14:00,,,,,,
17/12/2023 14:30,,,,,,
17/12/2023 15:00,,,,,,
17/12/2023 15:30,,,,,,
17/12/2023 16:00,,,,,,
17/12/2023 16:30,,,,,,
17/12/2023 17:00,,,,,,
17/12/2023 17:30,,,9.466,,,
17/12/2023 18:00,,,29.404,26.634,8.39,23.42
17/12/2023 18:30,,,58.282,27.456,58.518,70.022
17/12/2023 19:00,38.7,,110.64,27.504,78.462,229.254
17/12/2023 19:30,38.946,,113.188,27.536,78.428,223.802
17/12/2023 20:00,38.94,,123.224,27.578,78.414,253.856
17/12/2023 20:30,41.028,,129.478,61.414,78.446,253.762
17/12/2023 21:00,147.286,,134.634,97.132,78.434,253.83
17/12/2023 21:30,177.718,,134.756,119.17,78.468,253.742
17/12/2023 22:00,196.142,,87.718,78.3,48.74,253.69
17/12/2023 22:30,196.128,,29.376,27.502,15.748,251.15
17/12/2023 23:00,59.88,,14.808,14.688,8.22,97.838
17/12/2023 23:30,,,,,,
18/12/2023 00:00,,,,,,
18/12/2023 00:30,,,,,,
18/12/2023 01:00,,,,,,
18/12/2023 01:30,,,,,,
18/12/2023 02:00,,,,,,
18/12/2023 02:30,,,,,,
18/12/2023 03:00,,,,,,
18/12/2023 03:30,,,,,,
18/12/2023 04:00,,,,,,
18/12/2023 04:30,,,,,,
18/12/2023 05:00,,,,,,
18/12/2023 05:30,,,,,,83.674
18/12/2023 06:00,28.192,,17.772,19.33,10.49,108.41
18/12/2023 06:30,90.122,,67.726,59.058,35.552,114.994
18/12/2023 07:00,99.428,,68.942,63.504,36.206,160.272
18/12/2023 07:30,118.014,,62.312,71.606,40.164,165.826
18/12/2023 08:00,124.844,,79.432,84.544,43.46,143.552
18/12/2023 08:30,135.61,,95.916,86.008,52.832,162.52
18/12/2023 09:00,176.168,,103.96,78.074,70.284,203.142
18/12/2023 09:30,194.904,,126.176,102.192,77.204,239.576
18/12/2023 10:00,196.052,,143.142,124.534,77.886,236.412
18/12/2023 10:30,193.932,,141.238,118.986,78.446,245.668
18/12/2023 11:00,192.79,,142.466,126.98,78.51,254.094
18/12/2023 11:30,193.848,,134.484,118.378,73.146,254.676
18/12/2023 12:00,194.76,,118.624,104.538,64.626,254.758
18/12/2023 12:30,106.158,,120.268,105.852,65.422,85.648
18/12/2023 13:00,,,125.344,110.238,68.2,
18/12/2023 13:30,,,144.146,126.954,78.454,
18/12/2023 14:00,,,144.128,126.994,78.51,
18/12/2023 14:30,,,144.142,126.936,78.466,
18/12/2023 15:00,,,144.136,126.932,78.444,
18/12/2023 15:30,,,144.118,126.926,78.496,
18/12/2023 16:00,,,136.332,126.902,78.432,
18/12/2023 16:30,,,119.042,108.902,27.234,
18/12/2023 17:00,,,29.388,25.518,15.752,
18/12/2023 17:30,,,29.412,25.518,15.746,
18/12/2023 18:00,,,29.404,25.518,15.746,
18/12/2023 18:30,,,29.416,25.526,15.748,0.786
18/12/2023 19:00,,,29.414,25.502,15.758,52.13
18/12/2023 19:30,,0.374,29.406,25.482,15.756,52.12
18/12/2023 20:00,,14.128,29.39,25.492,15.75,128.186
18/12/2023 20:30,,23.388,29.412,25.496,15.768,193.788
18/12/2023 21:00,,26.414,29.38,25.508,15.77,115.294
18/12/2023 21:30,,27.128,29.372,25.496,15.788,100.032
18/12/2023 22:00,20.818,29.364,29.338,25.404,15.774,116.894
18/12/2023 22:30,125.796,24.076,29.288,25.414,15.348,116.296
18/12/2023 23:00,48.044,6.358,1.628,1.26,,27.584
18/12/2023 23:30,20.476,1.39,,,,5.112
19/12/2023 00:00,8.578,0.908,,,,8.77
19/12/2023 00:30,14.846,,,,,13.884
19/12/2023 01:00,24.03,0.184,,,,30.776
19/12/2023 01:30,32.446,3.272,0.258,3.716,0.486,58.702
19/12/2023 02:00,41.494,6.476,12.41,38.638,8.048,72.87
19/12/2023 02:30,57.454,7.71,33.18,53.888,12.968,75.866
19/12/2023 03:00,69.462,11.574,36.442,44.07,19.586,89.996
19/12/2023 03:30,70.254,9.862,42.326,34.408,22.232,105.136
19/12/2023 04:00,87.556,12.238,63.898,71.27,37.278,137.342
19/12/2023 04:30,39.12,18.38,74.944,58.462,31.998,104.532
19/12/2023 05:00,39.122,14.584,43.2,25.536,15.778,52.116
19/12/2023 05:30,39.124,14.548,29.408,25.544,15.78,52.096
19/12/2023 06:00,39.126,17.454,29.414,25.534,15.776,52.102
19/12/2023 06:30,39.112,23.454,29.41,25.534,15.77,52.104
19/12/2023 07:00,41.472,25.908,29.398,25.526,15.766,52.092
19/12/2023 07:30,43.088,9.878,29.434,25.522,15.774,52.108
19/12/2023 08:00,43.096,9.874,29.43,25.544,15.768,52.108
19/12/2023 08:30,43.084,9.88,29.408,25.488,15.748,52.088
19/12/2023 09:00,43.08,9.876,29.382,25.468,15.754,52.118
19/12/2023 09:30,43.094,9.88,29.404,25.482,15.75,52.1
19/12/2023 10:00,43.082,9.876,29.394,25.498,15.752,52.102
19/12/2023 10:30,42.998,9.86,29.472,25.488,15.748,52.098
19/12/2023 11:00,42.986,9.868,29.368,25.506,15.752,52.088
19/12/2023 11:30,43.006,9.862,29.382,25.474,15.754,52.116
19/12/2023 12:00,43.048,9.822,29.344,25.526,15.766,52.106
19/12/2023 12:30,42.946,9.72,29.43,25.528,15.768,52.076
19/12/2023 13:00,42.954,9.72,29.436,25.514,15.754,52.132
19/12/2023 13:30,42.938,9.722,29.44,25.534,15.776,52.09
19/12/2023 14:00,43.07,9.816,29.43,25.522,15.768,52.066
19/12/2023 14:30,43.068,9.87,29.43,25.532,15.766,52.102
19/12/2023 15:00,22.438,9.868,15.044,25.518,15.762,4.056
19/12/2023 15:30,,9.872,,25.514,15.77,
19/12/2023 16:00,,9.874,,25.522,15.762,
19/12/2023 16:30,,9.872,,25.508,15.76,
19/12/2023 17:00,,9.874,,25.526,15.768,
19/12/2023 17:30,,9.87,,25.508,15.764,
19/12/2023 18:00,,1.42,,25.52,15.766,
19/12/2023 18:30,,,,25.562,15.764,
19/12/2023 19:00,,,,20.324,57.68,
19/12/2023 19:30,,,,,,
19/12/2023 20:00,,,,,,
19/12/2023 20:30,,,,,,
19/12/2023 21:00,,,,,,
19/12/2023 21:30,,,,,,
19/12/2023 22:00,,,,,,
19/12/2023 22:30,,,,,,
19/12/2023 23:00,,,,,,
19/12/2023 23:30,,,,,,
20/12/2023 00:00,,,,,,
20/12/2023 00:30,,,,,,
20/12/2023 01:00,,,,,,
20/12/2023 01:30,,,,,,
20/12/2023 02:00,,,,,,
20/12/2023 02:30,,,,,,
20/12/2023 03:00,,,,,,
20/12/2023 03:30,,,,,,
20/12/2023 04:00,28.15,,102.548,37.454,39.354,
20/12/2023 04:30,78.406,,51.352,35.568,24.24,
20/12/2023 05:00,42.976,,29.408,27.476,15.746,
20/12/2023 05:30,42.996,,29.418,27.47,15.754,
20/12/2023 06:00,43.03,,41.352,27.478,15.738,
20/12/2023 06:30,43.032,,110.714,27.558,15.692,38.934
20/12/2023 07:00,43.068,,111.174,27.568,15.712,60.086
20/12/2023 07:30,43.026,,104.936,27.548,57.202,60.064
20/12/2023 08:00,145.504,12.046,80.69,85.604,78.334,171.486
20/12/2023 08:30,201.826,27.15,83.302,27.542,75.804,275.53
20/12/2023 09:00,167.912,24.476,86.362,78.51,61.288,231.002
20/12/2023 09:30,134.288,20.59,70.234,78.12,49.626,167.35
20/12/2023 10:00,145.32,21.728,77.896,78.552,54.424,171.43
20/12/2023 10:30,114.262,16.008,62.236,56.048,39.076,127.966
20/12/2023 11:00,121.668,18.708,54.436,42.708,41.05,131.446
20/12/2023 11:30,140.568,25.234,67.6,50.026,55.26,156.518
20/12/2023 12:00,158.8,26.816,85.07,76.094,63.336,187.616
20/12/2023 12:30,170.498,27.934,91.932,73.966,68.908,195.528
20/12/2023 13:00,162.784,27.934,94.17,82.098,69.088,166.228
20/12/2023 13:30,157.986,25.6,87.79,67.11,62.058,169.218
20/12/2023 14:00,159.254,25.094,85.656,73.118,64.396,181.592
20/12/2023 14:30,171.298,26.324,92.964,103.078,71.264,100.002
20/12/2023 15:00,190.092,29.546,114.504,133.602,78.412,100.016
20/12/2023 15:30,190.91,29.572,115.216,135.508,78.502,93.768
20/12/2023 16:00,12.318,2.29,115.252,136.438,78.426,19.17
20/12/2023 16:30,,,115.086,136.304,78.418,
20/12/2023 17:00,,,115.148,136.508,77.324,
20/12/2023 17:30,,,95.02,136.328,78.024,
20/12/2023 18:00,,,111.082,136.474,77.716,
20/12/2023 18:30,,7.59,124.77,136.396,77.668,
20/12/2023 19:00,,9.872,125.064,136.498,78.482,
20/12/2023 19:30,,9.858,125.074,136.596,78.482,
20/12/2023 20:00,,9.882,96.804,57.03,63.1,
20/12/2023 20:30,,9.88,,,,
20/12/2023 21:00,,9.88,,,,
20/12/2023 21:30,,9.888,,,,
20/12/2023 22:00,,9.88,,,,
20/12/2023 22:30,,9.878,,,,
20/12/2023 23:00,,9.862,,,,
20/12/2023 23:30,,9.878,,,,
21/12/2023 00:00,,9.878,,,,
21/12/2023 00:30,,9.884,,,,
21/12/2023 01:00,,9.88,,,,
21/12/2023 01:30,,9.882,,,,
21/12/2023 02:00,,9.88,,,,
21/12/2023 02:30,,9.882,,,,
21/12/2023 03:00,,9.88,,,,
21/12/2023 03:30,,9.876,,6.328,,
21/12/2023 04:00,,9.878,,86.92,,43.056
21/12/2023 04:30,,9.884,,27.492,,66.082
21/12/2023 05:00,,9.884,,27.5,,66.062
21/12/2023 05:30,,9.884,,27.502,,66.092
21/12/2023 06:00,,9.88,,27.496,,66.456
21/12/2023 06:30,,9.886,,27.496,,66.472
21/12/2023 07:00,,9.88,,27.486,,66.09
21/12/2023 07:30,,9.888,,27.512,,66.076
21/12/2023 08:00,,9.878,,27.522,,66.074
21/12/2023 08:30,,9.882,,27.51,,66.268
21/12/2023 09:00,,9.858,,27.534,,66.818
21/12/2023 09:30,,9.886,,27.52,,66.604
21/12/2023 10:00,,9.86,,27.52,,66.814
21/12/2023 10:30,,9.884,,27.514,,66.854
21/12/2023 11:00,,9.884,,27.522,,66.902
21/12/2023 11:30,,9.88,,27.538,,66.832
21/12/2023 12:00,,9.878,,27.53,,66.808
21/12/2023 12:30,,9.878,,27.516,,66.666
21/12/2023 13:00,,9.884,,27.518,,66.158
21/12/2023 13:30,,9.876,,27.518,,66.616
21/12/2023 14:00,,9.878,,27.518,,66.348
21/12/2023 14:30,,9.882,,5.15,,14.724
21/12/2023 15:00,,9.88,,,,
21/12/2023 15:30,,9.88,,,,
21/12/2023 16:00,,9.88,,,,
21/12/2023 16:30,,9.876,,,,
21/12/2023 17:00,,9.878,,,,
21/12/2023 17:30,,9.884,,,,
21/12/2023 18:00,,9.876,,,,
21/12/2023 18:30,,9.878,,,,
21/12/2023 19:00,,9.876,,,,
21/12/2023 19:30,,9.882,,,,
21/12/2023 20:00,,9.88,,,,
21/12/2023 20:30,,9.88,,,,
21/12/2023 21:00,,9.874,,,,
21/12/2023 21:30,,9.882,,,,
21/12/2023 22:00,,9.878,,,,
21/12/2023 22:30,,9.876,,,,
21/12/2023 23:00,,9.88,,,,
21/12/2023 23:30,,9.88,,,,
22/12/2023 00:00,,9.428,,,,
22/12/2023 00:30,,4.364,,,,18.48
22/12/2023 01:00,,7.394,,,,30.362
22/12/2023 01:30,,9.88,,,,61.764
22/12/2023 02:00,,9.876,,,,66.078
22/12/2023 02:30,,9.88,,,,66.096
22/12/2023 03:00,,9.878,,,,66.078
22/12/2023 03:30,,9.874,,,,66.086
22/12/2023 04:00,,9.956,,,,66.07
22/12/2023 04:30,,9.204,,,,65.904
22/12/2023 05:00,,6.436,7.804,,,52.82
22/12/2023 05:30,,5.79,9.122,,,34.822
22/12/2023 06:00,,2.748,5.544,,,16.768
22/12/2023 06:30,,0.854,6.822,,,10.248
22/12/2023 07:00,,1.29,18.766,,,11.11
22/12/2023 07:30,,1.636,33.962,,,40.384
22/12/2023 08:00,,6.528,50.618,,,145.678
22/12/2023 08:30,,25.834,96.978,,,249.602
22/12/2023 09:00,,29.572,49.19,,,89.252
22/12/2023 09:30,,29.412,29.326,,,66.09
22/12/2023 10:00,,29.446,29.364,,,66.072
22/12/2023 10:30,,3.132,2.392,,,2.834
22/12/2023 11:00,,,,,,
22/12/2023 11:30,,,,,,
22/12/2023 12:00,,,,,,
22/12/2023 12:30,,,,,,
22/12/2023 13:00,,,,,,
22/12/2023 13:30,,,,,,
22/12/2023 14:00,,,,,,
22/12/2023 14:30,,,,,,
22/12/2023 15:00,,,,,,
22/12/2023 15:30,,,,,,
22/12/2023 16:00,,,,,,
22/12/2023 16:30,,,,,,
22/12/2023 17:00,,,,,,
22/12/2023 17:30,,,,,,
22/12/2023 18:00,,,,,,
22/12/2023 18:30,,,,,,
22/12/2023 19:00,,,,,,
22/12/2023 19:30,29.222,9.53,,19.928,8.924,
22/12/2023 20:00,49.19,10.062,15.264,20.948,16.898,41.236
22/12/2023 20:30,30.71,6.742,22.716,10.832,16.012,44.344
22/12/2023 21:00,18.616,2.56,7.47,7.092,5.772,15.074
22/12/2023 21:30,8.682,0.868,1.422,3.508,0.574,15.714
22/12/2023 22:00,2.058,1.702,,2.284,0.728,12.616
22/12/2023 22:30,,,,,,
22/12/2023 23:00,,,,,,
22/12/2023 23:30,,,,,,
23/12/2023 00:00,,,,,,
23/12/2023 00:30,,,,,,
23/12/2023 01:00,,,,,,
23/12/2023 01:30,13.51,1.69,,,,
23/12/2023 02:00,10.772,2.166,,,,
23/12/2023 02:30,,1.232,,,,
23/12/2023 03:00,,0.54,,,,
23/12/2023 03:30,,0.534,,,,
23/12/2023 04:00,,0.686,,,,
23/12/2023 04:30,,0.298,,,,
23/12/2023 05:00,,0.14,,,,
23/12/2023 05:30,,0.494,,,,
23/12/2023 06:00,,0.11,,,,
23/12/2023 06:30,0.406,0.236,,,,
23/12/2023 07:00,2.962,0.64,,,,
23/12/2023 07:30,5.026,0.71,,,,
23/12/2023 08:00,7.424,1.156,,,,
23/12/2023 08:30,13.63,2.174,,,,
23/12/2023 09:00,19.308,3.28,,,,
23/12/2023 09:30,21.762,3.244,,,,
23/12/2023 10:00,24.378,3.358,,,,
23/12/2023 10:30,37.48,5.46,,,,
23/12/2023 11:00,50.058,7.6,,,,
23/12/2023 11:30,69.292,9.936,,,,
23/12/2023 12:00,27.352,13.17,,,,
23/12/2023 12:30,,12.778,16.556,1.686,2.79,23.834
23/12/2023 13:00,,,17.236,,,
23/12/2023 13:30,,,,,,
23/12/2023 14:00,,,,,,
23/12/2023 14:30,,,,,,
23/12/2023 15:00,,,,,,
23/12/2023 15:30,,,,,,
23/12/2023 16:00,,,,,,
23/12/2023 16:30,,,,,,
23/12/2023 17:00,,,,,,
23/12/2023 17:30,,,,1.092,,
23/12/2023 18:00,,,,,,
23/12/2023 18:30,,,,,,
23/12/2023 19:00,,,,,,
23/12/2023 19:30,,,,,,
23/12/2023 20:00,,,,,,
23/12/2023 20:30,,,,,,
23/12/2023 21:00,,,,,,
23/12/2023 21:30,,,,,,
23/12/2023 22:00,,,,,,
23/12/2023 22:30,,,,,,
23/12/2023 23:00,,,,,,
23/12/2023 23:30,,,,,,
24/12/2023 00:00,,,,,,
24/12/2023 00:30,,,,,,
24/12/2023 01:00,,,,,,
24/12/2023 01:30,,,,,,
24/12/2023 02:00,,,,,,
24/12/2023 02:30,,,,,,
24/12/2023 03:00,,,,,,
24/12/2023 03:30,,,,,,
24/12/2023 04:00,,,,,,
24/12/2023 04:30,,,,,,
24/12/2023 05:00,,,,,,
24/12/2023 05:30,,,,,,
24/12/2023 06:00,,,,,,
24/12/2023 06:30,,,,,,
24/12/2023 07:00,,,,,,
24/12/2023 07:30,,,,,,
24/12/2023 08:00,,,,,,
24/12/2023 08:30,,,,,,
24/12/2023 09:00,,,,,,
24/12/2023 09:30,,,,,,
24/12/2023 10:00,,,,,,
24/12/2023 10:30,,,,,,
24/12/2023 11:00,,,,,,
24/12/2023 11:30,,,,,,
24/12/2023 12:00,,,,,,
24/12/2023 12:30,,,,,,
24/12/2023 13:00,,,,,,
24/12/2023 13:30,,,,,,
24/12/2023 14:00,,,,,,
24/12/2023 14:30,,,,,,
24/12/2023 15:00,,,,,,
24/12/2023 15:30,,,,,,
24/12/2023 16:00,,,,,,
24/12/2023 16:30,,,,,,
24/12/2023 17:00,,,,,,
24/12/2023 17:30,,,,,,
24/12/2023 18:00,,,,,,
24/12/2023 18:30,,,,,,
24/12/2023 19:00,,,,,,
24/12/2023 19:30,,,,,,
24/12/2023 20:00,,,,,,
24/12/2023 20:30,,,,,,
24/12/2023 21:00,,,,,,
24/12/2023 21:30,,,,,,
24/12/2023 22:00,,,,,,
24/12/2023 22:30,,,,,,
24/12/2023 23:00,,,,,,
24/12/2023 23:30,,,,,,
25/12/2023 00:00,,,,,,
25/12/2023 00:30,,,,,,
25/12/2023 01:00,,,,,,
25/12/2023 01:30,,,,,,
25/12/2023 02:00,,,,,,
25/12/2023 02:30,,,,,,
25/12/2023 03:00,,,,,,
25/12/2023 03:30,,,,,,
25/12/2023 04:00,,,,,,
25/12/2023 04:30,,,,,,
25/12/2023 05:00,,,,,,
25/12/2023 05:30,,,,,,
25/12/2023 06:00,,,,,,
25/12/2023 06:30,,,,,,
25/12/2023 07:00,2.192,,,,7.852,
25/12/2023 07:30,93.86,9.402,,49.832,32.046,113.306
25/12/2023 08:00,67.19,8.356,46.554,37.252,22.01,85.968
25/12/2023 08:30,42.788,6.222,34.79,28.73,14.264,60.102
25/12/2023 09:00,1.462,4.832,2.07,22.894,12.386,49.46
25/12/2023 09:30,,2.588,,12.944,6.1,25.336
25/12/2023 10:00,2.946,2.816,1.38,6.646,4.522,18.866
25/12/2023 10:30,6.574,1.8,4.114,5.238,2.334,12.73
25/12/2023 11:00,1.388,0.392,2.138,2.77,1.3,7.882
25/12/2023 11:30,,,,1.108,,
25/12/2023 12:00,5.248,0.626,3.706,1.988,2.03,5.672
25/12/2023 12:30,4.226,0.802,4.348,5.33,1.758,12.314
25/12/2023 13:00,6.222,1.18,3.47,0.848,3.006,8.54
25/12/2023 13:30,8.046,1.254,1.986,0.918,2.12,9.764
25/12/2023 14:00,10.252,1.946,4.438,0.146,3.496,5.866
25/12/2023 14:30,7.734,1.17,3.016,0.728,2.408,10.51
25/12/2023 15:00,9.144,1.584,7.912,1.92,4.082,11.914
25/12/2023 15:30,14.358,2.026,11.89,1.872,5.378,11.674
25/12/2023 16:00,22.482,5.236,11.112,7.656,15.34,14.726
25/12/2023 16:30,,12.424,,46.468,41.092,
25/12/2023 17:00,,13.646,,79.872,44.12,
25/12/2023 17:30,,25.024,,66.084,54.594,
25/12/2023 18:00,,20.282,,47.16,32.406,
25/12/2023 18:30,,14,,,,
25/12/2023 19:00,,10.794,,,,
25/12/2023 19:30,,16.05,,,,
25/12/2023 20:00,,12.964,,,,
25/12/2023 20:30,,7.36,,,,
25/12/2023 21:00,,8.434,,,,
25/12/2023 21:30,,11.252,,,,
25/12/2023 22:00,,5.174,,,,
25/12/2023 22:30,,,,,,
25/12/2023 23:00,,,,,,
25/12/2023 23:30,,,,,,
26/12/2023 00:00,,,,,,
26/12/2023 00:30,,,,,,
26/12/2023 01:00,,,,,,
26/12/2023 01:30,,,,,,
26/12/2023 02:00,,,,,,
26/12/2023 02:30,,,,,3.766,
26/12/2023 03:00,,,22.826,,35.474,20.57
26/12/2023 03:30,,,29.334,,17.554,60.052
26/12/2023 04:00,,,17.888,,13.768,32.456
26/12/2023 04:30,,,,,13.768,
26/12/2023 05:00,,,,,13.774,
26/12/2023 05:30,,,,,13.77,
26/12/2023 06:00,13.84,0.078,,23.934,33.308,214.204
26/12/2023 06:30,170.014,26.658,113.996,116.272,58.958,258.954
26/12/2023 07:00,178.858,29.146,124.432,115.292,63.884,276.386
26/12/2023 07:30,191.634,29.56,132.616,114.82,68.544,270.582
26/12/2023 08:00,189.742,29.558,134.86,116.064,68.526,273.49
26/12/2023 08:30,193.75,29.56,131.994,116.508,68.422,280.178
26/12/2023 09:00,105.102,25.596,64.262,52.564,68.472,103.938
26/12/2023 09:30,,18.37,29.414,23.506,68.014,62.074
26/12/2023 10:00,59.122,29.552,29.384,23.492,61.08,62.078
26/12/2023 10:30,197.096,29.388,90.598,64.596,66.064,187.606
26/12/2023 11:00,181.57,29.166,110.564,91.406,60.904,231.754
26/12/2023 11:30,160.738,27.492,91.398,74.72,52.47,222.758
26/12/2023 12:00,145.878,26.274,84.648,72.584,50.122,215.454
26/12/2023 12:30,120.888,21.106,72.772,68.024,38.842,165.144
26/12/2023 13:00,97.224,15.48,61.796,49.186,30.024,130.02
26/12/2023 13:30,73.1,12.976,41.36,42.536,19.634,102.18
26/12/2023 14:00,46.58,7.914,35.722,31.858,12.708,79.542
26/12/2023 14:30,34.894,5.094,20.576,31.458,9.578,56.62
26/12/2023 15:00,27.026,4.004,26.204,31.636,8.756,30.648
26/12/2023 15:30,15.436,2.482,14.55,15.648,4.802,27.018
26/12/2023 16:00,14.066,1.802,10.786,14.66,4.132,23.556
26/12/2023 16:30,12.12,1.57,11.364,17.168,4.82,17.87
26/12/2023 17:00,8.264,1.046,13.502,15.582,2.948,13.904
26/12/2023 17:30,5.198,0.764,12.382,10.366,2.778,13.922
26/12/2023 18:00,11.674,1.444,11.724,11.554,5.896,10.978
26/12/2023 18:30,15.202,2.228,12.698,14.816,6.902,12.562
26/12/2023 19:00,10.528,1.452,9.784,9.834,5.742,12.994
26/12/2023 19:30,1.382,0.322,2.266,3.568,1.146,4.74
26/12/2023 20:00,,,,,,
26/12/2023 20:30,,,,,,
26/12/2023 21:00,,,,,,
26/12/2023 21:30,,,,,,
26/12/2023 22:00,1.048,,,,0.452,3.732
26/12/2023 22:30,4.228,0.658,1.468,1.098,1.488,6.376
26/12/2023 23:00,11.23,1.196,4.414,3.1,3.044,14.524
26/12/2023 23:30,16.426,1.452,8.34,5.702,3.418,17.766
27/12/2023 00:00,28.16,3.186,15.514,11.688,8.78,34.58
27/12/2023 00:30,39.756,5.72,21.99,17.996,11.79,49.188
27/12/2023 01:00,45.044,8.084,29.42,18.26,9.61,62.074
27/12/2023 01:30,45.096,,15.722,,,60.096
27/12/2023 02:00,2.156,,,,,3.094
27/12/2023 02:30,,,,,,
27/12/2023 03:00,,,,,,
27/12/2023 03:30,,,,,,
27/12/2023 04:00,,,,,,
27/12/2023 04:30,,,,,,
27/12/2023 05:00,,,,,,
27/12/2023 05:30,,,,,,
27/12/2023 06:00,,,,,,
27/12/2023 06:30,,,,,,
27/12/2023 07:00,,,,,,
27/12/2023 07:30,,,,,,
27/12/2023 08:00,,,,,,
27/12/2023 08:30,,,,,,
27/12/2023 09:00,,,,,,
27/12/2023 09:30,,,,,,
27/12/2023 10:00,,,,,25.512,
27/12/2023 10:30,,11.11,8.17,26.374,50.516,
27/12/2023 11:00,,18.29,77.892,68.18,54.806,88.558
27/12/2023 11:30,53.826,17.09,71.698,66.496,47.136,149.69
27/12/2023 12:00,71.536,15.788,71.528,56.106,46.554,143.858
27/12/2023 12:30,69.964,16.782,72.092,57.57,46.92,146.872
27/12/2023 13:00,78.032,17.438,79.254,63.63,48.03,154.136
27/12/2023 13:30,77.982,18.826,80.798,66.362,50.746,161.304
27/12/2023 14:00,90.242,22.626,95.158,71.776,59.874,184.588
27/12/2023 14:30,113.24,21.7,117.226,94.634,74.136,230.726
27/12/2023 15:00,123.122,19.602,127.92,97.756,78.404,243.152
27/12/2023 15:30,123.78,19.61,125.666,97.726,78.468,247.932
27/12/2023 16:00,53.1,19.616,53.598,61.128,67.83,64.466
27/12/2023 16:30,14.61,6.92,7.794,,9.516,30.39
27/12/2023 17:00,,,,,,
27/12/2023 17:30,,,,,,
27/12/2023 18:00,,,,,,
27/12/2023 18:30,,,,,,
27/12/2023 19:00,,,,,,
27/12/2023 19:30,21.496,,,,,
27/12/2023 20:00,146.994,,72.21,,,113.022
27/12/2023 20:30,71.384,,40.12,,,56.356
27/12/2023 21:00,14.706,,13.654,,,29.792
27/12/2023 21:30,,,,,,
27/12/2023 22:00,,,,,,
27/12/2023 22:30,,,,,,
27/12/2023 23:00,,,,,,
27/12/2023 23:30,,30.342,,,,
28/12/2023 00:00,,38.424,,,,
28/12/2023 00:30,,39.348,13.824,18.78,7.97,
28/12/2023 01:00,101.63,39.362,111.49,97.694,72.152,79.744
28/12/2023 01:30,52.862,39.338,118.366,97.788,78.494,56.08
28/12/2023 02:00,108.074,39.38,118.282,97.662,78.426,56.084
28/12/2023 02:30,153.08,39.346,118.288,97.658,78.474,92.946
28/12/2023 03:00,156.528,39.36,118.288,97.672,78.44,100.016
28/12/2023 03:30,150.634,39.35,118.34,97.684,78.436,171.964
28/12/2023 04:00,156.382,39.338,118.256,97.29,78.45,248.9
28/12/2023 04:30,150.446,39.352,118.318,97.556,78.416,159.862
28/12/2023 05:00,80.998,39.342,89.93,83.832,78.302,85.174
28/12/2023 05:30,5.538,12.794,23.946,15.988,16.162,9.642
28/12/2023 06:00,,,27.416,49.298,41.742,
28/12/2023 06:30,,,27.424,50.372,19.02,
28/12/2023 07:00,,,27.426,59.4,21.058,
28/12/2023 07:30,,,14.186,11.794,15.754,
28/12/2023 08:00,,,,,15.75,
28/12/2023 08:30,,,,,15.746,
28/12/2023 09:00,,,,,15.748,
28/12/2023 09:30,,,,,15.744,
28/12/2023 10:00,,,,,15.748,
28/12/2023 10:30,29.202,24.64,,79.246,15.66,66.804
28/12/2023 11:00,33.144,11.704,,54.568,15.702,58.182
28/12/2023 11:30,33.162,9.824,,21.58,15.752,56.084
28/12/2023 12:00,33.148,9.828,,21.578,15.76,157.596
28/12/2023 12:30,33.15,9.828,70.038,74.128,15.79,247.344
28/12/2023 13:00,33.082,36.73,130.826,101.576,15.796,258.592
28/12/2023 13:30,33.058,39.35,123.004,55.706,15.708,245.124
28/12/2023 14:00,33.116,22.356,29.37,21.584,15.756,41.714
28/12/2023 14:30,,4.746,,9.902,7.492,
28/12/2023 15:00,,,,,,
28/12/2023 15:30,,,,,,
28/12/2023 16:00,56.07,,,,43.86,33.018
28/12/2023 16:30,98.344,,,,78.468,56.078
28/12/2023 17:00,98.266,,,,78.434,56.086
28/12/2023 17:30,82.59,,,,55.446,38.594
28/12/2023 18:00,35.122,2.656,,,9.788,7.868
28/12/2023 18:30,,10.83,,,18.892,56.656
28/12/2023 19:00,,9.838,,,15.756,56.674
28/12/2023 19:30,,9.83,,,15.756,45.952
28/12/2023 20:00,,9.83,,,15.738,
28/12/2023 20:30,,9.836,10.434,4.394,15.752,3.94
28/12/2023 21:00,84.408,37.672,136.176,107.528,72.878,152.04
28/12/2023 21:30,35.076,39.346,119.7,72.91,78.424,56.072
28/12/2023 22:00,18.994,39.346,54.358,21.564,70.852,43.616
28/12/2023 22:30,,39.336,,21.578,15.742,
28/12/2023 23:00,,39.354,,40.592,41.296,
28/12/2023 23:30,,39.34,,107.518,78.438,
29/12/2023 00:00,,39.37,,107.324,78.442,
29/12/2023 00:30,,39.322,24.03,107.002,77.738,213.04
29/12/2023 01:00,,39.336,49.138,103.126,76.252,251.65
29/12/2023 01:30,,34.268,49.148,89.704,67.49,205.55
29/12/2023 02:00,,29.824,49.148,90.48,61.076,183.708
29/12/2023 02:30,,25.47,49.126,74.954,56.416,138.582
29/12/2023 03:00,11.998,24.036,48.1,33.702,27.914,61.13
29/12/2023 03:30,26.496,19.672,63.106,21.694,28.444,45.906
29/12/2023 04:00,26.634,7.744,19.766,17.106,12.312,38.736
29/12/2023 04:30,61.654,13.416,35.054,50.034,28.068,144.728
29/12/2023 05:00,132.906,34.906,101.988,96.882,67.5,56.912
29/12/2023 05:30,142.55,38.078,123.116,104.672,76.634,97.188
29/12/2023 06:00,139.244,37.298,130.642,104.844,75.99,149.904
29/12/2023 06:30,143.928,36.826,130.746,106.676,75.834,145.84
29/12/2023 07:00,36.126,31.298,29.732,27.486,20.26,56.074
29/12/2023 07:30,29.17,9.836,29.34,21.582,15.742,56.074
29/12/2023 08:00,0.944,0.748,2.666,1.802,6.426,24.692
29/12/2023 08:30,,,,,,
29/12/2023 09:00,61.472,20.82,61.208,55.138,24.468,46.43
29/12/2023 09:30,96.204,24.182,76.242,67.016,41.656,168.044
29/12/2023 10:00,109.566,22.662,67.758,83.668,36.814,180.8
29/12/2023 10:30,87.656,20.056,60.81,53.65,32.962,138.478
29/12/2023 11:00,86.178,18.97,58.766,60.514,31.752,126.61
29/12/2023 11:30,81.486,19.122,58.388,68.578,29.692,126.496
29/12/2023 12:00,74.844,21.034,56.048,70.886,34.16,132.636
29/12/2023 12:30,71.532,17.162,54.164,68.994,30.1,126.004
29/12/2023 13:00,69.932,15.922,52.288,58.872,26.448,113.912
29/12/2023 13:30,72.324,19.778,51.554,60.616,29.138,131.58
29/12/2023 14:00,78.436,18.786,56.198,60.888,31.944,131.82
29/12/2023 14:30,68.808,17.082,49.4,61.208,27.222,125.474
29/12/2023 15:00,64.656,13.814,45.07,62.166,22.85,115.644
29/12/2023 15:30,60.226,5.758,46.272,58.648,23.142,109.178
29/12/2023 16:00,61.188,4.352,49.882,55.034,21.048,121.106
29/12/2023 16:30,69.538,15.446,60.732,59.28,26.832,126.036
29/12/2023 17:00,73.788,16.79,54.988,65.968,32.608,136.05
29/12/2023 17:30,81.162,17.902,68.134,72.536,40.628,131.29
29/12/2023 18:00,84.814,22.838,73.914,72.522,41.288,127.218
29/12/2023 18:30,92.186,31.224,92.402,77.536,49.562,133.304
29/12/2023 19:00,96.642,31.928,87.21,79.454,49.29,154.66
29/12/2023 19:30,102.118,27.306,100.83,77.38,48.448,163.904
29/12/2023 20:00,116.886,33.472,99.082,90.202,56.458,199.992
29/12/2023 20:30,130.292,37.666,119.984,102.602,69.7,199.194
29/12/2023 21:00,136.804,35.564,132.358,104.25,65.218,219.938
29/12/2023 21:30,145.684,36.97,133.112,105.354,68.896,217.17
29/12/2023 22:00,31.906,2.984,37.874,23.934,5.322,65.576
29/12/2023 22:30,31.13,,29.324,21.616,,56.094
29/12/2023 23:00,3.252,,2.92,2.748,,8.326
29/12/2023 23:30,,,,,,
30/12/2023 00:00,18.85,4.262,17.5,15.414,6.46,28.462
30/12/2023 00:30,58.868,32.366,58.924,70.516,61,100.014
30/12/2023 01:00,58.856,36.094,59.01,102.798,72,61.21
30/12/2023 01:30,58.822,38.3,58.994,99.776,71.996,56.088
30/12/2023 02:00,58.82,38.938,58.982,105.526,76.642,56.07
30/12/2023 02:30,66.91,37.136,62.538,99.55,72.766,83.168
30/12/2023 03:00,117.088,31.404,110.248,95.064,56.002,179.318
30/12/2023 03:30,99.82,26.98,98.548,89.63,48.38,160.66
30/12/2023 04:00,96.63,27.59,90.368,85.288,47.874,152.144
30/12/2023 04:30,91.066,26.93,83.33,71.442,48.14,131.554
30/12/2023 05:00,77.338,20.37,68.496,58.708,39.9,118.798
30/12/2023 05:30,53.282,14.312,57.34,38.43,25.454,78.072
30/12/2023 06:00,41.764,12.758,45.684,31.23,20.908,61.12
30/12/2023 06:30,43.262,10.926,34.386,28.868,19.474,58.066
30/12/2023 07:00,12.562,13.798,11.626,23.896,25.602,23.41
30/12/2023 07:30,,4.496,,8.002,9.314,
30/12/2023 08:00,,,,,,
30/12/2023 08:30,,,,,,
30/12/2023 09:00,,,,,,
30/12/2023 09:30,,,,,,
30/12/2023 10:00,,,,,,
30/12/2023 10:30,3.422,1.142,2.38,1.184,2.32,4.974
30/12/2023 11:00,14.724,3.85,11.434,7,8.268,23.312
30/12/2023 11:30,22.75,7.358,18.656,13.386,14.962,39.174
30/12/2023 12:00,,9.49,,16.064,17.316,
30/12/2023 12:30,,,,,,
30/12/2023 13:00,,,,,,
30/12/2023 13:30,,,,,,
30/12/2023 14:00,,,46.388,,,66.484
30/12/2023 14:30,,,29.344,,,56.082
30/12/2023 15:00,,,29.34,,,56.086
30/12/2023 15:30,,,29.344,,,56.086
30/12/2023 16:00,,,29.334,,,56.072
30/12/2023 16:30,,,29.346,,,56.072
30/12/2023 17:00,,,29.332,,,56.086
30/12/2023 17:30,,,29.356,,,56.06
30/12/2023 18:00,,,54.284,,,63.994
30/12/2023 18:30,,14.24,127.752,34.142,,239.732
30/12/2023 19:00,,39.336,127.766,97.762,,258.652
30/12/2023 19:30,31.512,39.308,127.716,105.574,12.446,258.568
30/12/2023 20:00,136.634,39.338,127.85,107.566,75.364,258.434
30/12/2023 20:30,143.068,39.314,126.882,107.474,78.472,250.402
30/12/2023 21:00,145.82,39.314,124.974,105.16,78.434,238.336
30/12/2023 21:30,70.67,38.242,53.176,42.042,39.492,77.536
30/12/2023 22:00,79.02,39.176,28.54,21.594,15.756,91.906
30/12/2023 22:30,68.38,30.424,47.666,37.434,35.62,61.556
30/12/2023 23:00,83.41,22.65,85.686,63.214,38.422,152.88
30/12/2023 23:30,53.156,19.988,45.02,35.266,28.36,71.08
31/12/2023 00:00,61.148,20.298,60.962,35.768,31.334,70.71
31/12/2023 00:30,52.724,14.52,47.11,34.17,26.062,80.202
31/12/2023 01:00,38.494,10.524,33.362,23.372,18.082,69.188
31/12/2023 01:30,42.868,12.512,38.718,26.952,22.068,74.486
31/12/2023 02:00,47.498,12.936,33.88,29.734,22.79,78.94
31/12/2023 02:30,38.506,9.18,26.692,25.496,17.364,66.302
31/12/2023 03:00,35.88,10.834,27.646,25.024,19.134,59.996
31/12/2023 03:30,23.876,6.424,27.768,15.256,11.088,39.058
31/12/2023 04:00,18.854,4.82,18.9,13.532,8.166,34.52
31/12/2023 04:30,27.204,7.89,23.584,18.258,12.276,41.734
31/12/2023 05:00,40.952,11.822,25.44,31.134,18.716,60.102
31/12/2023 05:30,38.172,10.238,10.07,20.766,15.074,77.164
31/12/2023 06:00,28.07,6.344,8.39,12.086,9.074,71.946
31/12/2023 06:30,24.456,5.336,6.956,7.562,7.886,58.428
31/12/2023 07:00,20.074,4.68,7.362,6.268,7.714,45.312
31/12/2023 07:30,20.376,5.54,8.174,5.808,8.69,40.034
31/12/2023 08:00,21.602,4.37,8.156,6.924,7.378,40.246
31/12/2023 08:30,20.354,4.268,8.546,7.658,5.298,31.194
31/12/2023 09:00,18.14,4.02,8.384,7.062,4.336,21.49
31/12/2023 09:30,17.436,4.33,6.808,3.748,5.382,22.092
31/12/2023 10:00,20.176,5.562,8.498,6.07,8.686,33.332
31/12/2023 10:30,18.63,4.978,11.688,7.838,9.106,35.862
31/12/2023 11:00,19.384,5.2,12.094,8.072,9.09,42.006
31/12/2023 11:30,16.508,4.44,12.258,7.702,8.954,35.852
31/12/2023 12:00,13.33,3.756,13.278,7.286,8.172,28.406
31/12/2023 12:30,15.114,4.224,16.098,8.25,8.634,24.54
31/12/2023 13:00,10.318,2.44,9.98,6.922,5.524,19.986
31/12/2023 13:30,6.964,2.2,6.494,2.758,4.09,10.988
31/12/2023 14:00,13.23,3.422,8.406,3.794,6.108,17.372
31/12/2023 14:30,14.184,4.17,7.146,3.268,6.952,25.706
31/12/2023 15:00,15.12,3.58,12.032,5.314,7.252,24.02
31/12/2023 15:30,14.844,3.622,13.936,6.718,5.772,19.754
31/12/2023 16:00,13.136,2.726,12.37,8.056,4.64,18.376
31/12/2023 16:30,12.842,2.6,9.11,7.308,4.582,12.698
31/12/2023 17:00,7.116,1.334,5.248,4.496,3.152,6.988
31/12/2023 17:30,2.008,0.07,3.524,2.748,1.12,5.092
31/12/2023 18:00,,0.092,2.666,1.318,0.078,1.466
31/12/2023 18:30,,0.112,1.94,0.7,0.228,
31/12/2023 19:00,,,1.226,0.348,0.13,
31/12/2023 19:30,,,,0.46,,
31/12/2023 20:00,,,4.032,6.166,,
31/12/2023 20:30,5.644,,17.892,24.972,1.536,3.554
31/12/2023 21:00,9.514,1.616,14.992,13.16,4.22,20.348
31/12/2023 21:30,9.8,1.408,4.292,3.056,4.026,19.142
31/12/2023 22:00,2.366,0.422,3.134,,1.418,9.7
31/12/2023 22:30,0.298,0.674,7.82,0.424,1.58,
31/12/2023 23:00,,0.2,9.228,2.274,1.834,
31/12/2023 23:30,0.046,,5.224,1.716,1.426,2.698
