Timestamp,TKNEW-1,TKNWW-1
01/05/2021 00:00,,
01/05/2021 00:30,,
01/05/2021 01:00,,
01/05/2021 01:30,,
01/05/2021 02:00,,
01/05/2021 02:30,,
01/05/2021 03:00,,
01/05/2021 03:30,,
01/05/2021 04:00,,
01/05/2021 04:30,,
01/05/2021 05:00,,
01/05/2021 05:30,,
01/05/2021 06:00,,
01/05/2021 06:30,,
01/05/2021 07:00,,
01/05/2021 07:30,,
01/05/2021 08:00,,
01/05/2021 08:30,,
01/05/2021 09:00,,
01/05/2021 09:30,,
01/05/2021 10:00,,
01/05/2021 10:30,,
01/05/2021 11:00,,
01/05/2021 11:30,,
01/05/2021 12:00,,
01/05/2021 12:30,,
01/05/2021 13:00,,
01/05/2021 13:30,,
01/05/2021 14:00,,
01/05/2021 14:30,,
01/05/2021 15:00,,
01/05/2021 15:30,,
01/05/2021 16:00,,
01/05/2021 16:30,,
01/05/2021 17:00,,
01/05/2021 17:30,,
01/05/2021 18:00,,
01/05/2021 18:30,,
01/05/2021 19:00,,
01/05/2021 19:30,,
01/05/2021 20:00,,
01/05/2021 20:30,,
01/05/2021 21:00,,
01/05/2021 21:30,,
01/05/2021 22:00,,
01/05/2021 22:30,,
01/05/2021 23:00,,
01/05/2021 23:30,,
02/05/2021 00:00,,
02/05/2021 00:30,,
02/05/2021 01:00,,
02/05/2021 01:30,,
02/05/2021 02:00,,
02/05/2021 02:30,,
02/05/2021 03:00,,
02/05/2021 03:30,,
02/05/2021 04:00,,
02/05/2021 04:30,,
02/05/2021 05:00,,
02/05/2021 05:30,,
02/05/2021 06:00,,
02/05/2021 06:30,,
02/05/2021 07:00,,
02/05/2021 07:30,,
02/05/2021 08:00,,
02/05/2021 08:30,,
02/05/2021 09:00,,
02/05/2021 09:30,,
02/05/2021 10:00,,
02/05/2021 10:30,,
02/05/2021 11:00,,
02/05/2021 11:30,,
02/05/2021 12:00,,
02/05/2021 12:30,,
02/05/2021 13:00,,
02/05/2021 13:30,,
02/05/2021 14:00,,
02/05/2021 14:30,,
02/05/2021 15:00,,
02/05/2021 15:30,,
02/05/2021 16:00,,
02/05/2021 16:30,,
02/05/2021 17:00,,
02/05/2021 17:30,,
02/05/2021 18:00,,
02/05/2021 18:30,,
02/05/2021 19:00,,
02/05/2021 19:30,,
02/05/2021 20:00,,
02/05/2021 20:30,,
02/05/2021 21:00,,
02/05/2021 21:30,,
02/05/2021 22:00,,
02/05/2021 22:30,,
02/05/2021 23:00,,
02/05/2021 23:30,,
03/05/2021 00:00,,
03/05/2021 00:30,,
03/05/2021 01:00,,
03/05/2021 01:30,,
03/05/2021 02:00,,
03/05/2021 02:30,,
03/05/2021 03:00,,
03/05/2021 03:30,,
03/05/2021 04:00,,
03/05/2021 04:30,,
03/05/2021 05:00,,
03/05/2021 05:30,,
03/05/2021 06:00,,
03/05/2021 06:30,,
03/05/2021 07:00,,
03/05/2021 07:30,,
03/05/2021 08:00,,
03/05/2021 08:30,,
03/05/2021 09:00,,
03/05/2021 09:30,,
03/05/2021 10:00,,
03/05/2021 10:30,,
03/05/2021 11:00,,
03/05/2021 11:30,,
03/05/2021 12:00,,
03/05/2021 12:30,,
03/05/2021 13:00,,
03/05/2021 13:30,,
03/05/2021 14:00,,
03/05/2021 14:30,,
03/05/2021 15:00,,
03/05/2021 15:30,,
03/05/2021 16:00,,
03/05/2021 16:30,,
03/05/2021 17:00,,
03/05/2021 17:30,,
03/05/2021 18:00,,
03/05/2021 18:30,,
03/05/2021 19:00,,
03/05/2021 19:30,,
03/05/2021 20:00,,
03/05/2021 20:30,,
03/05/2021 21:00,,
03/05/2021 21:30,,
03/05/2021 22:00,,
03/05/2021 22:30,,
03/05/2021 23:00,,
03/05/2021 23:30,,
04/05/2021 00:00,,
04/05/2021 00:30,,
04/05/2021 01:00,,
04/05/2021 01:30,,
04/05/2021 02:00,,
04/05/2021 02:30,,
04/05/2021 03:00,,
04/05/2021 03:30,,
04/05/2021 04:00,,
04/05/2021 04:30,,
04/05/2021 05:00,,
04/05/2021 05:30,,
04/05/2021 06:00,,
04/05/2021 06:30,,
04/05/2021 07:00,,
04/05/2021 07:30,,
04/05/2021 08:00,,
04/05/2021 08:30,,
04/05/2021 09:00,,
04/05/2021 09:30,,
04/05/2021 10:00,,
04/05/2021 10:30,,
04/05/2021 11:00,,
04/05/2021 11:30,,
04/05/2021 12:00,,
04/05/2021 12:30,,
04/05/2021 13:00,,
04/05/2021 13:30,,
04/05/2021 14:00,,
04/05/2021 14:30,,
04/05/2021 15:00,,
04/05/2021 15:30,,
04/05/2021 16:00,,
04/05/2021 16:30,,
04/05/2021 17:00,,
04/05/2021 17:30,,
04/05/2021 18:00,,
04/05/2021 18:30,,
04/05/2021 19:00,,
04/05/2021 19:30,,
04/05/2021 20:00,,
04/05/2021 20:30,,
04/05/2021 21:00,,
04/05/2021 21:30,,
04/05/2021 22:00,,
04/05/2021 22:30,,
04/05/2021 23:00,,
04/05/2021 23:30,,
05/05/2021 00:00,,
05/05/2021 00:30,,
05/05/2021 01:00,,
05/05/2021 01:30,,
05/05/2021 02:00,,
05/05/2021 02:30,,
05/05/2021 03:00,,
05/05/2021 03:30,,
05/05/2021 04:00,,
05/05/2021 04:30,,
05/05/2021 05:00,,
05/05/2021 05:30,,
05/05/2021 06:00,,
05/05/2021 06:30,,
05/05/2021 07:00,,
05/05/2021 07:30,,
05/05/2021 08:00,,
05/05/2021 08:30,,
05/05/2021 09:00,,
05/05/2021 09:30,,
05/05/2021 10:00,,
05/05/2021 10:30,,
05/05/2021 11:00,,
05/05/2021 11:30,,
05/05/2021 12:00,,
05/05/2021 12:30,,
05/05/2021 13:00,,
05/05/2021 13:30,,
05/05/2021 14:00,,
05/05/2021 14:30,,
05/05/2021 15:00,,
05/05/2021 15:30,,
05/05/2021 16:00,,
05/05/2021 16:30,,
05/05/2021 17:00,,
05/05/2021 17:30,,
05/05/2021 18:00,,
05/05/2021 18:30,,
05/05/2021 19:00,,
05/05/2021 19:30,,
05/05/2021 20:00,,
05/05/2021 20:30,,
05/05/2021 21:00,,
05/05/2021 21:30,,
05/05/2021 22:00,,
05/05/2021 22:30,,
05/05/2021 23:00,,
05/05/2021 23:30,,
06/05/2021 00:00,,
06/05/2021 00:30,,
06/05/2021 01:00,,
06/05/2021 01:30,,
06/05/2021 02:00,,
06/05/2021 02:30,,
06/05/2021 03:00,,
06/05/2021 03:30,,
06/05/2021 04:00,,
06/05/2021 04:30,,
06/05/2021 05:00,,
06/05/2021 05:30,,
06/05/2021 06:00,,
06/05/2021 06:30,,
06/05/2021 07:00,,
06/05/2021 07:30,,
06/05/2021 08:00,,
06/05/2021 08:30,,
06/05/2021 09:00,,
06/05/2021 09:30,,
06/05/2021 10:00,,
06/05/2021 10:30,,
06/05/2021 11:00,,
06/05/2021 11:30,,
06/05/2021 12:00,,
06/05/2021 12:30,,
06/05/2021 13:00,,
06/05/2021 13:30,,
06/05/2021 14:00,,
06/05/2021 14:30,,
06/05/2021 15:00,,
06/05/2021 15:30,,
06/05/2021 16:00,,
06/05/2021 16:30,,
06/05/2021 17:00,,
06/05/2021 17:30,,
06/05/2021 18:00,,
06/05/2021 18:30,,
06/05/2021 19:00,,
06/05/2021 19:30,,
06/05/2021 20:00,,
06/05/2021 20:30,,
06/05/2021 21:00,,
06/05/2021 21:30,,
06/05/2021 22:00,,
06/05/2021 22:30,,
06/05/2021 23:00,,
06/05/2021 23:30,,
07/05/2021 00:00,,
07/05/2021 00:30,,
07/05/2021 01:00,,
07/05/2021 01:30,,
07/05/2021 02:00,,
07/05/2021 02:30,,
07/05/2021 03:00,,
07/05/2021 03:30,,
07/05/2021 04:00,,
07/05/2021 04:30,,
07/05/2021 05:00,,
07/05/2021 05:30,,
07/05/2021 06:00,,
07/05/2021 06:30,,
07/05/2021 07:00,,
07/05/2021 07:30,,
07/05/2021 08:00,,
07/05/2021 08:30,,
07/05/2021 09:00,,
07/05/2021 09:30,,
07/05/2021 10:00,,
07/05/2021 10:30,,
07/05/2021 11:00,,
07/05/2021 11:30,,
07/05/2021 12:00,,
07/05/2021 12:30,,
07/05/2021 13:00,,
07/05/2021 13:30,,
07/05/2021 14:00,,
07/05/2021 14:30,,
07/05/2021 15:00,,
07/05/2021 15:30,,
07/05/2021 16:00,,
07/05/2021 16:30,,
07/05/2021 17:00,,
07/05/2021 17:30,,
07/05/2021 18:00,,
07/05/2021 18:30,,
07/05/2021 19:00,,
07/05/2021 19:30,,
07/05/2021 20:00,,
07/05/2021 20:30,,
07/05/2021 21:00,,
07/05/2021 21:30,,
07/05/2021 22:00,,
07/05/2021 22:30,,
07/05/2021 23:00,,
07/05/2021 23:30,,
08/05/2021 00:00,,
08/05/2021 00:30,,
08/05/2021 01:00,,
08/05/2021 01:30,,
08/05/2021 02:00,,
08/05/2021 02:30,,
08/05/2021 03:00,,
08/05/2021 03:30,,
08/05/2021 04:00,,
08/05/2021 04:30,,
08/05/2021 05:00,,
08/05/2021 05:30,,
08/05/2021 06:00,,
08/05/2021 06:30,,
08/05/2021 07:00,,
08/05/2021 07:30,,
08/05/2021 08:00,,
08/05/2021 08:30,,
08/05/2021 09:00,,
08/05/2021 09:30,,
08/05/2021 10:00,,
08/05/2021 10:30,,
08/05/2021 11:00,,
08/05/2021 11:30,,
08/05/2021 12:00,,
08/05/2021 12:30,,
08/05/2021 13:00,,
08/05/2021 13:30,,
08/05/2021 14:00,,
08/05/2021 14:30,,
08/05/2021 15:00,,
08/05/2021 15:30,,
08/05/2021 16:00,,
08/05/2021 16:30,,
08/05/2021 17:00,,
08/05/2021 17:30,,
08/05/2021 18:00,,
08/05/2021 18:30,,
08/05/2021 19:00,,
08/05/2021 19:30,,
08/05/2021 20:00,,
08/05/2021 20:30,,
08/05/2021 21:00,,
08/05/2021 21:30,,
08/05/2021 22:00,,
08/05/2021 22:30,,
08/05/2021 23:00,,
08/05/2021 23:30,,
09/05/2021 00:00,,
09/05/2021 00:30,,
09/05/2021 01:00,,
09/05/2021 01:30,,
09/05/2021 02:00,,
09/05/2021 02:30,,
09/05/2021 03:00,,
09/05/2021 03:30,,
09/05/2021 04:00,,
09/05/2021 04:30,,
09/05/2021 05:00,,
09/05/2021 05:30,,
09/05/2021 06:00,,
09/05/2021 06:30,,
09/05/2021 07:00,,
09/05/2021 07:30,,
09/05/2021 08:00,,
09/05/2021 08:30,,
09/05/2021 09:00,,
09/05/2021 09:30,,
09/05/2021 10:00,,
09/05/2021 10:30,,
09/05/2021 11:00,,
09/05/2021 11:30,,
09/05/2021 12:00,,
09/05/2021 12:30,,
09/05/2021 13:00,,
09/05/2021 13:30,,
09/05/2021 14:00,,
09/05/2021 14:30,,
09/05/2021 15:00,,
09/05/2021 15:30,,
09/05/2021 16:00,,
09/05/2021 16:30,,
09/05/2021 17:00,,
09/05/2021 17:30,,
09/05/2021 18:00,,
09/05/2021 18:30,,
09/05/2021 19:00,,
09/05/2021 19:30,,
09/05/2021 20:00,,
09/05/2021 20:30,,
09/05/2021 21:00,,
09/05/2021 21:30,,
09/05/2021 22:00,,
09/05/2021 22:30,,
09/05/2021 23:00,,
09/05/2021 23:30,,
10/05/2021 00:00,,
10/05/2021 00:30,,
10/05/2021 01:00,,
10/05/2021 01:30,,
10/05/2021 02:00,,
10/05/2021 02:30,,
10/05/2021 03:00,,
10/05/2021 03:30,,
10/05/2021 04:00,,
10/05/2021 04:30,,
10/05/2021 05:00,,
10/05/2021 05:30,,
10/05/2021 06:00,,
10/05/2021 06:30,,
10/05/2021 07:00,,
10/05/2021 07:30,,
10/05/2021 08:00,,
10/05/2021 08:30,,
10/05/2021 09:00,,
10/05/2021 09:30,,
10/05/2021 10:00,,
10/05/2021 10:30,,
10/05/2021 11:00,,
10/05/2021 11:30,,
10/05/2021 12:00,,
10/05/2021 12:30,,
10/05/2021 13:00,,
10/05/2021 13:30,,
10/05/2021 14:00,,
10/05/2021 14:30,,
10/05/2021 15:00,,
10/05/2021 15:30,,
10/05/2021 16:00,,
10/05/2021 16:30,,
10/05/2021 17:00,,
10/05/2021 17:30,,
10/05/2021 18:00,,
10/05/2021 18:30,,
10/05/2021 19:00,,
10/05/2021 19:30,,
10/05/2021 20:00,,
10/05/2021 20:30,,
10/05/2021 21:00,,
10/05/2021 21:30,,
10/05/2021 22:00,,
10/05/2021 22:30,,
10/05/2021 23:00,,
10/05/2021 23:30,,
11/05/2021 00:00,,
11/05/2021 00:30,,
11/05/2021 01:00,,
11/05/2021 01:30,,
11/05/2021 02:00,,
11/05/2021 02:30,,
11/05/2021 03:00,,
11/05/2021 03:30,,
11/05/2021 04:00,,
11/05/2021 04:30,,
11/05/2021 05:00,,
11/05/2021 05:30,,
11/05/2021 06:00,,
11/05/2021 06:30,,
11/05/2021 07:00,,
11/05/2021 07:30,,
11/05/2021 08:00,,
11/05/2021 08:30,,
11/05/2021 09:00,,
11/05/2021 09:30,,
11/05/2021 10:00,,
11/05/2021 10:30,,
11/05/2021 11:00,,
11/05/2021 11:30,,
11/05/2021 12:00,,
11/05/2021 12:30,,
11/05/2021 13:00,,
11/05/2021 13:30,,
11/05/2021 14:00,,
11/05/2021 14:30,,
11/05/2021 15:00,,
11/05/2021 15:30,,
11/05/2021 16:00,,
11/05/2021 16:30,,
11/05/2021 17:00,,
11/05/2021 17:30,,
11/05/2021 18:00,,
11/05/2021 18:30,,
11/05/2021 19:00,,
11/05/2021 19:30,,
11/05/2021 20:00,,
11/05/2021 20:30,,
11/05/2021 21:00,,
11/05/2021 21:30,,
11/05/2021 22:00,,
11/05/2021 22:30,,
11/05/2021 23:00,,
11/05/2021 23:30,,
12/05/2021 00:00,,
12/05/2021 00:30,,
12/05/2021 01:00,,
12/05/2021 01:30,,
12/05/2021 02:00,,
12/05/2021 02:30,,
12/05/2021 03:00,,
12/05/2021 03:30,,
12/05/2021 04:00,,
12/05/2021 04:30,,
12/05/2021 05:00,,
12/05/2021 05:30,,
12/05/2021 06:00,,
12/05/2021 06:30,,
12/05/2021 07:00,,
12/05/2021 07:30,,
12/05/2021 08:00,,
12/05/2021 08:30,,
12/05/2021 09:00,,
12/05/2021 09:30,,
12/05/2021 10:00,,
12/05/2021 10:30,,
12/05/2021 11:00,,
12/05/2021 11:30,,
12/05/2021 12:00,,
12/05/2021 12:30,,
12/05/2021 13:00,,
12/05/2021 13:30,,
12/05/2021 14:00,,
12/05/2021 14:30,,
12/05/2021 15:00,,
12/05/2021 15:30,,
12/05/2021 16:00,,
12/05/2021 16:30,,
12/05/2021 17:00,,
12/05/2021 17:30,,
12/05/2021 18:00,,
12/05/2021 18:30,,
12/05/2021 19:00,,
12/05/2021 19:30,,
12/05/2021 20:00,,
12/05/2021 20:30,,
12/05/2021 21:00,,
12/05/2021 21:30,,
12/05/2021 22:00,,
12/05/2021 22:30,,
12/05/2021 23:00,,
12/05/2021 23:30,,
13/05/2021 00:00,,
13/05/2021 00:30,,
13/05/2021 01:00,,
13/05/2021 01:30,,
13/05/2021 02:00,,
13/05/2021 02:30,,
13/05/2021 03:00,,
13/05/2021 03:30,,
13/05/2021 04:00,,
13/05/2021 04:30,,
13/05/2021 05:00,,
13/05/2021 05:30,,
13/05/2021 06:00,,
13/05/2021 06:30,,
13/05/2021 07:00,,
13/05/2021 07:30,,
13/05/2021 08:00,,
13/05/2021 08:30,,
13/05/2021 09:00,,
13/05/2021 09:30,,
13/05/2021 10:00,,
13/05/2021 10:30,,
13/05/2021 11:00,,
13/05/2021 11:30,,
13/05/2021 12:00,,
13/05/2021 12:30,,
13/05/2021 13:00,,
13/05/2021 13:30,,
13/05/2021 14:00,,
13/05/2021 14:30,,
13/05/2021 15:00,,
13/05/2021 15:30,,
13/05/2021 16:00,,
13/05/2021 16:30,,
13/05/2021 17:00,,
13/05/2021 17:30,,
13/05/2021 18:00,,
13/05/2021 18:30,,
13/05/2021 19:00,,
13/05/2021 19:30,,
13/05/2021 20:00,,
13/05/2021 20:30,,
13/05/2021 21:00,,
13/05/2021 21:30,,
13/05/2021 22:00,,
13/05/2021 22:30,,
13/05/2021 23:00,,
13/05/2021 23:30,,
14/05/2021 00:00,,
14/05/2021 00:30,,
14/05/2021 01:00,,
14/05/2021 01:30,,
14/05/2021 02:00,,
14/05/2021 02:30,,
14/05/2021 03:00,,
14/05/2021 03:30,,
14/05/2021 04:00,,
14/05/2021 04:30,,
14/05/2021 05:00,,
14/05/2021 05:30,,
14/05/2021 06:00,,
14/05/2021 06:30,,
14/05/2021 07:00,,
14/05/2021 07:30,,
14/05/2021 08:00,,
14/05/2021 08:30,,
14/05/2021 09:00,,
14/05/2021 09:30,,
14/05/2021 10:00,,
14/05/2021 10:30,,
14/05/2021 11:00,,
14/05/2021 11:30,,
14/05/2021 12:00,,
14/05/2021 12:30,,
14/05/2021 13:00,,
14/05/2021 13:30,,
14/05/2021 14:00,,
14/05/2021 14:30,,
14/05/2021 15:00,,
14/05/2021 15:30,,
14/05/2021 16:00,,
14/05/2021 16:30,,
14/05/2021 17:00,,
14/05/2021 17:30,,
14/05/2021 18:00,,
14/05/2021 18:30,,
14/05/2021 19:00,,
14/05/2021 19:30,,
14/05/2021 20:00,,
14/05/2021 20:30,,
14/05/2021 21:00,,
14/05/2021 21:30,,
14/05/2021 22:00,,
14/05/2021 22:30,,
14/05/2021 23:00,,
14/05/2021 23:30,,
15/05/2021 00:00,,
15/05/2021 00:30,,
15/05/2021 01:00,,
15/05/2021 01:30,,
15/05/2021 02:00,,
15/05/2021 02:30,,
15/05/2021 03:00,,
15/05/2021 03:30,,
15/05/2021 04:00,,
15/05/2021 04:30,,
15/05/2021 05:00,,
15/05/2021 05:30,,
15/05/2021 06:00,,
15/05/2021 06:30,,
15/05/2021 07:00,,
15/05/2021 07:30,,
15/05/2021 08:00,,
15/05/2021 08:30,,
15/05/2021 09:00,,
15/05/2021 09:30,,
15/05/2021 10:00,,
15/05/2021 10:30,,
15/05/2021 11:00,,
15/05/2021 11:30,,
15/05/2021 12:00,,
15/05/2021 12:30,,
15/05/2021 13:00,,
15/05/2021 13:30,,
15/05/2021 14:00,,
15/05/2021 14:30,,
15/05/2021 15:00,,
15/05/2021 15:30,,
15/05/2021 16:00,,
15/05/2021 16:30,,
15/05/2021 17:00,,
15/05/2021 17:30,,
15/05/2021 18:00,,
15/05/2021 18:30,,
15/05/2021 19:00,,
15/05/2021 19:30,,
15/05/2021 20:00,,
15/05/2021 20:30,,
15/05/2021 21:00,,
15/05/2021 21:30,,
15/05/2021 22:00,,
15/05/2021 22:30,,
15/05/2021 23:00,,
15/05/2021 23:30,,
16/05/2021 00:00,,
16/05/2021 00:30,,
16/05/2021 01:00,,
16/05/2021 01:30,,
16/05/2021 02:00,,
16/05/2021 02:30,,
16/05/2021 03:00,,
16/05/2021 03:30,,
16/05/2021 04:00,,
16/05/2021 04:30,,
16/05/2021 05:00,,
16/05/2021 05:30,,
16/05/2021 06:00,,
16/05/2021 06:30,,
16/05/2021 07:00,,
16/05/2021 07:30,,
16/05/2021 08:00,,
16/05/2021 08:30,,
16/05/2021 09:00,,
16/05/2021 09:30,,
16/05/2021 10:00,,
16/05/2021 10:30,,
16/05/2021 11:00,,
16/05/2021 11:30,,
16/05/2021 12:00,,
16/05/2021 12:30,,
16/05/2021 13:00,,
16/05/2021 13:30,,
16/05/2021 14:00,,
16/05/2021 14:30,,
16/05/2021 15:00,,
16/05/2021 15:30,,
16/05/2021 16:00,,
16/05/2021 16:30,,
16/05/2021 17:00,,
16/05/2021 17:30,,
16/05/2021 18:00,,
16/05/2021 18:30,,
16/05/2021 19:00,,
16/05/2021 19:30,,
16/05/2021 20:00,,
16/05/2021 20:30,,
16/05/2021 21:00,,
16/05/2021 21:30,,
16/05/2021 22:00,,
16/05/2021 22:30,,
16/05/2021 23:00,,
16/05/2021 23:30,,
17/05/2021 00:00,,
17/05/2021 00:30,,
17/05/2021 01:00,,
17/05/2021 01:30,,
17/05/2021 02:00,,
17/05/2021 02:30,,
17/05/2021 03:00,,
17/05/2021 03:30,,
17/05/2021 04:00,,
17/05/2021 04:30,,
17/05/2021 05:00,,
17/05/2021 05:30,,
17/05/2021 06:00,,
17/05/2021 06:30,,
17/05/2021 07:00,,
17/05/2021 07:30,,
17/05/2021 08:00,,
17/05/2021 08:30,,
17/05/2021 09:00,,
17/05/2021 09:30,,
17/05/2021 10:00,,
17/05/2021 10:30,,
17/05/2021 11:00,,
17/05/2021 11:30,,
17/05/2021 12:00,,
17/05/2021 12:30,,
17/05/2021 13:00,,
17/05/2021 13:30,,
17/05/2021 14:00,,
17/05/2021 14:30,,
17/05/2021 15:00,,
17/05/2021 15:30,,
17/05/2021 16:00,,
17/05/2021 16:30,,
17/05/2021 17:00,,
17/05/2021 17:30,,
17/05/2021 18:00,,
17/05/2021 18:30,,
17/05/2021 19:00,,
17/05/2021 19:30,,
17/05/2021 20:00,,
17/05/2021 20:30,,
17/05/2021 21:00,,
17/05/2021 21:30,,
17/05/2021 22:00,,
17/05/2021 22:30,,
17/05/2021 23:00,,
17/05/2021 23:30,,
18/05/2021 00:00,,
18/05/2021 00:30,,
18/05/2021 01:00,,
18/05/2021 01:30,,
18/05/2021 02:00,,
18/05/2021 02:30,,
18/05/2021 03:00,,
18/05/2021 03:30,,
18/05/2021 04:00,,
18/05/2021 04:30,,
18/05/2021 05:00,,
18/05/2021 05:30,,
18/05/2021 06:00,,
18/05/2021 06:30,,
18/05/2021 07:00,,
18/05/2021 07:30,,
18/05/2021 08:00,,
18/05/2021 08:30,,
18/05/2021 09:00,,
18/05/2021 09:30,,
18/05/2021 10:00,,
18/05/2021 10:30,,
18/05/2021 11:00,,
18/05/2021 11:30,,
18/05/2021 12:00,,
18/05/2021 12:30,,
18/05/2021 13:00,,
18/05/2021 13:30,,
18/05/2021 14:00,,
18/05/2021 14:30,,
18/05/2021 15:00,,
18/05/2021 15:30,,
18/05/2021 16:00,,
18/05/2021 16:30,,
18/05/2021 17:00,,
18/05/2021 17:30,,
18/05/2021 18:00,,
18/05/2021 18:30,,
18/05/2021 19:00,,
18/05/2021 19:30,,
18/05/2021 20:00,,
18/05/2021 20:30,,
18/05/2021 21:00,,
18/05/2021 21:30,,
18/05/2021 22:00,,
18/05/2021 22:30,,
18/05/2021 23:00,,
18/05/2021 23:30,,
19/05/2021 00:00,,
19/05/2021 00:30,,
19/05/2021 01:00,,
19/05/2021 01:30,,
19/05/2021 02:00,,
19/05/2021 02:30,,
19/05/2021 03:00,,
19/05/2021 03:30,,
19/05/2021 04:00,,
19/05/2021 04:30,,
19/05/2021 05:00,,
19/05/2021 05:30,,
19/05/2021 06:00,,
19/05/2021 06:30,,
19/05/2021 07:00,,
19/05/2021 07:30,,
19/05/2021 08:00,,
19/05/2021 08:30,,
19/05/2021 09:00,,
19/05/2021 09:30,,
19/05/2021 10:00,,
19/05/2021 10:30,,
19/05/2021 11:00,,
19/05/2021 11:30,,
19/05/2021 12:00,,
19/05/2021 12:30,,
19/05/2021 13:00,,
19/05/2021 13:30,,
19/05/2021 14:00,,
19/05/2021 14:30,,
19/05/2021 15:00,,
19/05/2021 15:30,,
19/05/2021 16:00,,
19/05/2021 16:30,,
19/05/2021 17:00,,
19/05/2021 17:30,,
19/05/2021 18:00,,
19/05/2021 18:30,,
19/05/2021 19:00,,
19/05/2021 19:30,,
19/05/2021 20:00,,
19/05/2021 20:30,,
19/05/2021 21:00,,
19/05/2021 21:30,,
19/05/2021 22:00,,
19/05/2021 22:30,,
19/05/2021 23:00,,
19/05/2021 23:30,,
20/05/2021 00:00,,
20/05/2021 00:30,,
20/05/2021 01:00,,
20/05/2021 01:30,,
20/05/2021 02:00,,
20/05/2021 02:30,,
20/05/2021 03:00,,
20/05/2021 03:30,,
20/05/2021 04:00,,
20/05/2021 04:30,,
20/05/2021 05:00,,
20/05/2021 05:30,,
20/05/2021 06:00,,
20/05/2021 06:30,,
20/05/2021 07:00,,
20/05/2021 07:30,,
20/05/2021 08:00,,
20/05/2021 08:30,,
20/05/2021 09:00,,
20/05/2021 09:30,,
20/05/2021 10:00,,
20/05/2021 10:30,,
20/05/2021 11:00,,
20/05/2021 11:30,,
20/05/2021 12:00,,
20/05/2021 12:30,,
20/05/2021 13:00,,
20/05/2021 13:30,,
20/05/2021 14:00,,
20/05/2021 14:30,,
20/05/2021 15:00,,
20/05/2021 15:30,,
20/05/2021 16:00,,
20/05/2021 16:30,,
20/05/2021 17:00,,
20/05/2021 17:30,,
20/05/2021 18:00,,
20/05/2021 18:30,,
20/05/2021 19:00,,
20/05/2021 19:30,,
20/05/2021 20:00,,
20/05/2021 20:30,,
20/05/2021 21:00,,
20/05/2021 21:30,,
20/05/2021 22:00,,
20/05/2021 22:30,,
20/05/2021 23:00,,
20/05/2021 23:30,,
21/05/2021 00:00,,
21/05/2021 00:30,,
21/05/2021 01:00,,
21/05/2021 01:30,,
21/05/2021 02:00,,
21/05/2021 02:30,,
21/05/2021 03:00,,
21/05/2021 03:30,,
21/05/2021 04:00,,
21/05/2021 04:30,,
21/05/2021 05:00,,
21/05/2021 05:30,,
21/05/2021 06:00,,
21/05/2021 06:30,,
21/05/2021 07:00,,
21/05/2021 07:30,,
21/05/2021 08:00,,
21/05/2021 08:30,,
21/05/2021 09:00,,
21/05/2021 09:30,,
21/05/2021 10:00,,
21/05/2021 10:30,,
21/05/2021 11:00,,
21/05/2021 11:30,,
21/05/2021 12:00,,
21/05/2021 12:30,,
21/05/2021 13:00,,
21/05/2021 13:30,,
21/05/2021 14:00,,
21/05/2021 14:30,,
21/05/2021 15:00,,
21/05/2021 15:30,,
21/05/2021 16:00,,
21/05/2021 16:30,,
21/05/2021 17:00,,
21/05/2021 17:30,,
21/05/2021 18:00,,
21/05/2021 18:30,,
21/05/2021 19:00,,
21/05/2021 19:30,,
21/05/2021 20:00,,
21/05/2021 20:30,,
21/05/2021 21:00,,
21/05/2021 21:30,,
21/05/2021 22:00,,
21/05/2021 22:30,,
21/05/2021 23:00,,
21/05/2021 23:30,,
22/05/2021 00:00,,
22/05/2021 00:30,,
22/05/2021 01:00,,
22/05/2021 01:30,,
22/05/2021 02:00,,
22/05/2021 02:30,,
22/05/2021 03:00,,
22/05/2021 03:30,,
22/05/2021 04:00,,
22/05/2021 04:30,,
22/05/2021 05:00,,
22/05/2021 05:30,,
22/05/2021 06:00,,
22/05/2021 06:30,,
22/05/2021 07:00,,
22/05/2021 07:30,,
22/05/2021 08:00,,
22/05/2021 08:30,,
22/05/2021 09:00,,
22/05/2021 09:30,,
22/05/2021 10:00,,
22/05/2021 10:30,,
22/05/2021 11:00,,
22/05/2021 11:30,,
22/05/2021 12:00,,
22/05/2021 12:30,,
22/05/2021 13:00,,
22/05/2021 13:30,,
22/05/2021 14:00,,
22/05/2021 14:30,,
22/05/2021 15:00,,
22/05/2021 15:30,,
22/05/2021 16:00,,
22/05/2021 16:30,,
22/05/2021 17:00,,
22/05/2021 17:30,,
22/05/2021 18:00,,
22/05/2021 18:30,,
22/05/2021 19:00,,
22/05/2021 19:30,,
22/05/2021 20:00,,
22/05/2021 20:30,,
22/05/2021 21:00,,
22/05/2021 21:30,,
22/05/2021 22:00,,
22/05/2021 22:30,,
22/05/2021 23:00,,
22/05/2021 23:30,,
23/05/2021 00:00,,
23/05/2021 00:30,,
23/05/2021 01:00,,
23/05/2021 01:30,,
23/05/2021 02:00,,
23/05/2021 02:30,,
23/05/2021 03:00,,
23/05/2021 03:30,,
23/05/2021 04:00,,
23/05/2021 04:30,,
23/05/2021 05:00,,
23/05/2021 05:30,,
23/05/2021 06:00,,
23/05/2021 06:30,,
23/05/2021 07:00,,
23/05/2021 07:30,,
23/05/2021 08:00,,
23/05/2021 08:30,,
23/05/2021 09:00,,
23/05/2021 09:30,,
23/05/2021 10:00,,
23/05/2021 10:30,,
23/05/2021 11:00,,
23/05/2021 11:30,,
23/05/2021 12:00,,
23/05/2021 12:30,,
23/05/2021 13:00,,
23/05/2021 13:30,,
23/05/2021 14:00,,
23/05/2021 14:30,,
23/05/2021 15:00,,
23/05/2021 15:30,,
23/05/2021 16:00,,
23/05/2021 16:30,,
23/05/2021 17:00,,
23/05/2021 17:30,,
23/05/2021 18:00,,
23/05/2021 18:30,,
23/05/2021 19:00,,
23/05/2021 19:30,,
23/05/2021 20:00,,
23/05/2021 20:30,,
23/05/2021 21:00,,
23/05/2021 21:30,,
23/05/2021 22:00,,
23/05/2021 22:30,,
23/05/2021 23:00,,
23/05/2021 23:30,,
24/05/2021 00:00,,
24/05/2021 00:30,,
24/05/2021 01:00,,
24/05/2021 01:30,,
24/05/2021 02:00,,
24/05/2021 02:30,,
24/05/2021 03:00,,
24/05/2021 03:30,,
24/05/2021 04:00,,
24/05/2021 04:30,,
24/05/2021 05:00,,
24/05/2021 05:30,,
24/05/2021 06:00,,
24/05/2021 06:30,,
24/05/2021 07:00,,
24/05/2021 07:30,,
24/05/2021 08:00,,
24/05/2021 08:30,,
24/05/2021 09:00,,
24/05/2021 09:30,,
24/05/2021 10:00,,
24/05/2021 10:30,,
24/05/2021 11:00,,
24/05/2021 11:30,,
24/05/2021 12:00,,
24/05/2021 12:30,,
24/05/2021 13:00,,
24/05/2021 13:30,,
24/05/2021 14:00,,
24/05/2021 14:30,,
24/05/2021 15:00,,
24/05/2021 15:30,,
24/05/2021 16:00,,
24/05/2021 16:30,,
24/05/2021 17:00,,
24/05/2021 17:30,,
24/05/2021 18:00,,
24/05/2021 18:30,,
24/05/2021 19:00,,
24/05/2021 19:30,,
24/05/2021 20:00,,
24/05/2021 20:30,,
24/05/2021 21:00,,
24/05/2021 21:30,,
24/05/2021 22:00,,
24/05/2021 22:30,,
24/05/2021 23:00,,
24/05/2021 23:30,,
25/05/2021 00:00,,
25/05/2021 00:30,,
25/05/2021 01:00,,
25/05/2021 01:30,,
25/05/2021 02:00,,
25/05/2021 02:30,,
25/05/2021 03:00,,
25/05/2021 03:30,,
25/05/2021 04:00,,
25/05/2021 04:30,,
25/05/2021 05:00,,
25/05/2021 05:30,,
25/05/2021 06:00,,
25/05/2021 06:30,,
25/05/2021 07:00,,
25/05/2021 07:30,,
25/05/2021 08:00,,
25/05/2021 08:30,,
25/05/2021 09:00,,
25/05/2021 09:30,,
25/05/2021 10:00,,
25/05/2021 10:30,,
25/05/2021 11:00,,
25/05/2021 11:30,,
25/05/2021 12:00,,
25/05/2021 12:30,,
25/05/2021 13:00,,
25/05/2021 13:30,,
25/05/2021 14:00,,
25/05/2021 14:30,,
25/05/2021 15:00,,
25/05/2021 15:30,,
25/05/2021 16:00,,
25/05/2021 16:30,,
25/05/2021 17:00,,
25/05/2021 17:30,,
25/05/2021 18:00,,
25/05/2021 18:30,,
25/05/2021 19:00,,
25/05/2021 19:30,,
25/05/2021 20:00,,
25/05/2021 20:30,,
25/05/2021 21:00,,
25/05/2021 21:30,,
25/05/2021 22:00,,
25/05/2021 22:30,,
25/05/2021 23:00,,
25/05/2021 23:30,,
26/05/2021 00:00,,
26/05/2021 00:30,,
26/05/2021 01:00,,
26/05/2021 01:30,,
26/05/2021 02:00,,
26/05/2021 02:30,,
26/05/2021 03:00,,
26/05/2021 03:30,,
26/05/2021 04:00,,
26/05/2021 04:30,,
26/05/2021 05:00,,
26/05/2021 05:30,,
26/05/2021 06:00,,
26/05/2021 06:30,,
26/05/2021 07:00,,
26/05/2021 07:30,,
26/05/2021 08:00,,
26/05/2021 08:30,,
26/05/2021 09:00,,
26/05/2021 09:30,,
26/05/2021 10:00,,
26/05/2021 10:30,,
26/05/2021 11:00,,
26/05/2021 11:30,,
26/05/2021 12:00,,
26/05/2021 12:30,,
26/05/2021 13:00,,
26/05/2021 13:30,,
26/05/2021 14:00,,
26/05/2021 14:30,,
26/05/2021 15:00,,
26/05/2021 15:30,,
26/05/2021 16:00,,
26/05/2021 16:30,,
26/05/2021 17:00,,
26/05/2021 17:30,,
26/05/2021 18:00,,
26/05/2021 18:30,,
26/05/2021 19:00,,
26/05/2021 19:30,,
26/05/2021 20:00,,
26/05/2021 20:30,,
26/05/2021 21:00,,
26/05/2021 21:30,,
26/05/2021 22:00,,
26/05/2021 22:30,,
26/05/2021 23:00,,
26/05/2021 23:30,,
27/05/2021 00:00,,
27/05/2021 00:30,,
27/05/2021 01:00,,
27/05/2021 01:30,,
27/05/2021 02:00,,
27/05/2021 02:30,,
27/05/2021 03:00,,
27/05/2021 03:30,,
27/05/2021 04:00,,
27/05/2021 04:30,,
27/05/2021 05:00,,
27/05/2021 05:30,,
27/05/2021 06:00,,
27/05/2021 06:30,,
27/05/2021 07:00,,
27/05/2021 07:30,,
27/05/2021 08:00,,
27/05/2021 08:30,,
27/05/2021 09:00,,
27/05/2021 09:30,,
27/05/2021 10:00,,
27/05/2021 10:30,,
27/05/2021 11:00,,
27/05/2021 11:30,,
27/05/2021 12:00,,
27/05/2021 12:30,,
27/05/2021 13:00,,
27/05/2021 13:30,,
27/05/2021 14:00,,
27/05/2021 14:30,,
27/05/2021 15:00,,
27/05/2021 15:30,,
27/05/2021 16:00,,
27/05/2021 16:30,,
27/05/2021 17:00,,
27/05/2021 17:30,,
27/05/2021 18:00,,
27/05/2021 18:30,,
27/05/2021 19:00,,
27/05/2021 19:30,,
27/05/2021 20:00,,
27/05/2021 20:30,,
27/05/2021 21:00,,
27/05/2021 21:30,,
27/05/2021 22:00,,
27/05/2021 22:30,,
27/05/2021 23:00,,
27/05/2021 23:30,,
28/05/2021 00:00,,
28/05/2021 00:30,,
28/05/2021 01:00,,
28/05/2021 01:30,,
28/05/2021 02:00,,
28/05/2021 02:30,,
28/05/2021 03:00,,
28/05/2021 03:30,,
28/05/2021 04:00,,
28/05/2021 04:30,,
28/05/2021 05:00,,
28/05/2021 05:30,,
28/05/2021 06:00,,
28/05/2021 06:30,,
28/05/2021 07:00,,
28/05/2021 07:30,,
28/05/2021 08:00,,
28/05/2021 08:30,,
28/05/2021 09:00,,
28/05/2021 09:30,,
28/05/2021 10:00,,
28/05/2021 10:30,,
28/05/2021 11:00,,
28/05/2021 11:30,,
28/05/2021 12:00,,
28/05/2021 12:30,,
28/05/2021 13:00,,
28/05/2021 13:30,,
28/05/2021 14:00,,
28/05/2021 14:30,,
28/05/2021 15:00,,
28/05/2021 15:30,,
28/05/2021 16:00,,
28/05/2021 16:30,,
28/05/2021 17:00,,
28/05/2021 17:30,,
28/05/2021 18:00,,
28/05/2021 18:30,,
28/05/2021 19:00,,
28/05/2021 19:30,,
28/05/2021 20:00,,
28/05/2021 20:30,,
28/05/2021 21:00,,
28/05/2021 21:30,,
28/05/2021 22:00,,
28/05/2021 22:30,,
28/05/2021 23:00,,
28/05/2021 23:30,,
29/05/2021 00:00,,
29/05/2021 00:30,,
29/05/2021 01:00,,
29/05/2021 01:30,,
29/05/2021 02:00,,
29/05/2021 02:30,,
29/05/2021 03:00,,
29/05/2021 03:30,,
29/05/2021 04:00,,
29/05/2021 04:30,,
29/05/2021 05:00,,
29/05/2021 05:30,,
29/05/2021 06:00,,
29/05/2021 06:30,,
29/05/2021 07:00,,
29/05/2021 07:30,,
29/05/2021 08:00,,
29/05/2021 08:30,,
29/05/2021 09:00,,
29/05/2021 09:30,,
29/05/2021 10:00,,
29/05/2021 10:30,,
29/05/2021 11:00,,
29/05/2021 11:30,,
29/05/2021 12:00,,
29/05/2021 12:30,,
29/05/2021 13:00,,
29/05/2021 13:30,,
29/05/2021 14:00,,
29/05/2021 14:30,,
29/05/2021 15:00,,
29/05/2021 15:30,,
29/05/2021 16:00,,
29/05/2021 16:30,,
29/05/2021 17:00,,
29/05/2021 17:30,,
29/05/2021 18:00,,
29/05/2021 18:30,,
29/05/2021 19:00,,
29/05/2021 19:30,,
29/05/2021 20:00,,
29/05/2021 20:30,,
29/05/2021 21:00,,
29/05/2021 21:30,,
29/05/2021 22:00,,
29/05/2021 22:30,,
29/05/2021 23:00,,
29/05/2021 23:30,,
30/05/2021 00:00,,
30/05/2021 00:30,,
30/05/2021 01:00,,
30/05/2021 01:30,,
30/05/2021 02:00,,
30/05/2021 02:30,,
30/05/2021 03:00,,
30/05/2021 03:30,,
30/05/2021 04:00,,
30/05/2021 04:30,,
30/05/2021 05:00,,
30/05/2021 05:30,,
30/05/2021 06:00,,
30/05/2021 06:30,,
30/05/2021 07:00,,
30/05/2021 07:30,,
30/05/2021 08:00,,
30/05/2021 08:30,,
30/05/2021 09:00,,
30/05/2021 09:30,,
30/05/2021 10:00,,
30/05/2021 10:30,,
30/05/2021 11:00,,
30/05/2021 11:30,,
30/05/2021 12:00,,
30/05/2021 12:30,,
30/05/2021 13:00,,
30/05/2021 13:30,,
30/05/2021 14:00,,
30/05/2021 14:30,,
30/05/2021 15:00,,
30/05/2021 15:30,,
30/05/2021 16:00,,
30/05/2021 16:30,,
30/05/2021 17:00,,
30/05/2021 17:30,,
30/05/2021 18:00,,
30/05/2021 18:30,,
30/05/2021 19:00,,
30/05/2021 19:30,,
30/05/2021 20:00,,
30/05/2021 20:30,,
30/05/2021 21:00,,
30/05/2021 21:30,,
30/05/2021 22:00,,
30/05/2021 22:30,,
30/05/2021 23:00,,
30/05/2021 23:30,,
31/05/2021 00:00,,
31/05/2021 00:30,,
31/05/2021 01:00,,
31/05/2021 01:30,,
31/05/2021 02:00,,
31/05/2021 02:30,,
31/05/2021 03:00,,
31/05/2021 03:30,,
31/05/2021 04:00,,
31/05/2021 04:30,,
31/05/2021 05:00,,
31/05/2021 05:30,,
31/05/2021 06:00,,
31/05/2021 06:30,,
31/05/2021 07:00,,
31/05/2021 07:30,,
31/05/2021 08:00,,
31/05/2021 08:30,,
31/05/2021 09:00,,
31/05/2021 09:30,,
31/05/2021 10:00,,
31/05/2021 10:30,,
31/05/2021 11:00,,
31/05/2021 11:30,,
31/05/2021 12:00,,
31/05/2021 12:30,,
31/05/2021 13:00,,
31/05/2021 13:30,,
31/05/2021 14:00,,
31/05/2021 14:30,,
31/05/2021 15:00,,
31/05/2021 15:30,,
31/05/2021 16:00,,
31/05/2021 16:30,,
31/05/2021 17:00,,
31/05/2021 17:30,,
31/05/2021 18:00,,
31/05/2021 18:30,,
31/05/2021 19:00,,
31/05/2021 19:30,,
31/05/2021 20:00,,
31/05/2021 20:30,,
31/05/2021 21:00,,
31/05/2021 21:30,,
31/05/2021 22:00,,
31/05/2021 22:30,,
31/05/2021 23:00,,
31/05/2021 23:30,,
01/06/2021 00:00,,
01/06/2021 00:30,,
01/06/2021 01:00,,
01/06/2021 01:30,,
01/06/2021 02:00,,
01/06/2021 02:30,,
01/06/2021 03:00,,
01/06/2021 03:30,,
01/06/2021 04:00,,
01/06/2021 04:30,,
01/06/2021 05:00,,
01/06/2021 05:30,,
01/06/2021 06:00,,
01/06/2021 06:30,,
01/06/2021 07:00,,
01/06/2021 07:30,,
01/06/2021 08:00,,
01/06/2021 08:30,,
01/06/2021 09:00,,
01/06/2021 09:30,,
01/06/2021 10:00,,
01/06/2021 10:30,,
01/06/2021 11:00,,
01/06/2021 11:30,,
01/06/2021 12:00,,
01/06/2021 12:30,,
01/06/2021 13:00,,
01/06/2021 13:30,,
01/06/2021 14:00,,
01/06/2021 14:30,,
01/06/2021 15:00,,
01/06/2021 15:30,,
01/06/2021 16:00,,
01/06/2021 16:30,,
01/06/2021 17:00,,
01/06/2021 17:30,,
01/06/2021 18:00,,
01/06/2021 18:30,,
01/06/2021 19:00,,
01/06/2021 19:30,,
01/06/2021 20:00,,
01/06/2021 20:30,,
01/06/2021 21:00,,
01/06/2021 21:30,,
01/06/2021 22:00,,
01/06/2021 22:30,,
01/06/2021 23:00,,
01/06/2021 23:30,,
02/06/2021 00:00,,
02/06/2021 00:30,,
02/06/2021 01:00,,
02/06/2021 01:30,,
02/06/2021 02:00,,
02/06/2021 02:30,,
02/06/2021 03:00,,
02/06/2021 03:30,,
02/06/2021 04:00,,
02/06/2021 04:30,,
02/06/2021 05:00,,
02/06/2021 05:30,,
02/06/2021 06:00,,
02/06/2021 06:30,,
02/06/2021 07:00,,
02/06/2021 07:30,,
02/06/2021 08:00,,
02/06/2021 08:30,,
02/06/2021 09:00,,
02/06/2021 09:30,,
02/06/2021 10:00,,
02/06/2021 10:30,,
02/06/2021 11:00,,
02/06/2021 11:30,,
02/06/2021 12:00,,
02/06/2021 12:30,,
02/06/2021 13:00,,
02/06/2021 13:30,,
02/06/2021 14:00,,
02/06/2021 14:30,,
02/06/2021 15:00,,
02/06/2021 15:30,,
02/06/2021 16:00,,
02/06/2021 16:30,,
02/06/2021 17:00,,
02/06/2021 17:30,,
02/06/2021 18:00,,
02/06/2021 18:30,,
02/06/2021 19:00,,
02/06/2021 19:30,,
02/06/2021 20:00,,
02/06/2021 20:30,,
02/06/2021 21:00,,
02/06/2021 21:30,,
02/06/2021 22:00,,
02/06/2021 22:30,,
02/06/2021 23:00,,
02/06/2021 23:30,,
03/06/2021 00:00,,
03/06/2021 00:30,,
03/06/2021 01:00,,
03/06/2021 01:30,,
03/06/2021 02:00,,
03/06/2021 02:30,,
03/06/2021 03:00,,
03/06/2021 03:30,,
03/06/2021 04:00,,
03/06/2021 04:30,,
03/06/2021 05:00,,
03/06/2021 05:30,,
03/06/2021 06:00,,
03/06/2021 06:30,,
03/06/2021 07:00,,
03/06/2021 07:30,,
03/06/2021 08:00,,
03/06/2021 08:30,,
03/06/2021 09:00,,
03/06/2021 09:30,,
03/06/2021 10:00,,
03/06/2021 10:30,,
03/06/2021 11:00,,
03/06/2021 11:30,,
03/06/2021 12:00,,
03/06/2021 12:30,,
03/06/2021 13:00,,
03/06/2021 13:30,,
03/06/2021 14:00,,
03/06/2021 14:30,,
03/06/2021 15:00,,
03/06/2021 15:30,,
03/06/2021 16:00,,
03/06/2021 16:30,,
03/06/2021 17:00,,
03/06/2021 17:30,,
03/06/2021 18:00,,
03/06/2021 18:30,,
03/06/2021 19:00,,
03/06/2021 19:30,,
03/06/2021 20:00,,
03/06/2021 20:30,,
03/06/2021 21:00,,
03/06/2021 21:30,,
03/06/2021 22:00,,
03/06/2021 22:30,,
03/06/2021 23:00,,
03/06/2021 23:30,,
04/06/2021 00:00,,
04/06/2021 00:30,,
04/06/2021 01:00,,
04/06/2021 01:30,,
04/06/2021 02:00,,
04/06/2021 02:30,,
04/06/2021 03:00,,
04/06/2021 03:30,,
04/06/2021 04:00,,
04/06/2021 04:30,,
04/06/2021 05:00,,
04/06/2021 05:30,,
04/06/2021 06:00,,
04/06/2021 06:30,,
04/06/2021 07:00,,
04/06/2021 07:30,,
04/06/2021 08:00,,
04/06/2021 08:30,,
04/06/2021 09:00,,
04/06/2021 09:30,,
04/06/2021 10:00,,
04/06/2021 10:30,,
04/06/2021 11:00,,
04/06/2021 11:30,,
04/06/2021 12:00,,
04/06/2021 12:30,,
04/06/2021 13:00,,
04/06/2021 13:30,,
04/06/2021 14:00,,
04/06/2021 14:30,,
04/06/2021 15:00,,
04/06/2021 15:30,,
04/06/2021 16:00,,
04/06/2021 16:30,,
04/06/2021 17:00,,
04/06/2021 17:30,,
04/06/2021 18:00,,
04/06/2021 18:30,,
04/06/2021 19:00,,
04/06/2021 19:30,,
04/06/2021 20:00,,
04/06/2021 20:30,,
04/06/2021 21:00,,
04/06/2021 21:30,,
04/06/2021 22:00,,
04/06/2021 22:30,,
04/06/2021 23:00,,
04/06/2021 23:30,,
05/06/2021 00:00,,
05/06/2021 00:30,,
05/06/2021 01:00,,
05/06/2021 01:30,,
05/06/2021 02:00,,
05/06/2021 02:30,,
05/06/2021 03:00,,
05/06/2021 03:30,,
05/06/2021 04:00,,
05/06/2021 04:30,,
05/06/2021 05:00,,
05/06/2021 05:30,,
05/06/2021 06:00,,
05/06/2021 06:30,,
05/06/2021 07:00,,
05/06/2021 07:30,,
05/06/2021 08:00,,
05/06/2021 08:30,,
05/06/2021 09:00,,
05/06/2021 09:30,,
05/06/2021 10:00,,
05/06/2021 10:30,,
05/06/2021 11:00,,
05/06/2021 11:30,,
05/06/2021 12:00,,
05/06/2021 12:30,,
05/06/2021 13:00,,
05/06/2021 13:30,,
05/06/2021 14:00,,
05/06/2021 14:30,,
05/06/2021 15:00,,
05/06/2021 15:30,,
05/06/2021 16:00,,
05/06/2021 16:30,,
05/06/2021 17:00,,
05/06/2021 17:30,,
05/06/2021 18:00,,
05/06/2021 18:30,,
05/06/2021 19:00,,
05/06/2021 19:30,,
05/06/2021 20:00,,
05/06/2021 20:30,,
05/06/2021 21:00,,
05/06/2021 21:30,,
05/06/2021 22:00,,
05/06/2021 22:30,,
05/06/2021 23:00,,
05/06/2021 23:30,,
06/06/2021 00:00,,
06/06/2021 00:30,,
06/06/2021 01:00,,
06/06/2021 01:30,,
06/06/2021 02:00,,
06/06/2021 02:30,,
06/06/2021 03:00,,
06/06/2021 03:30,,
06/06/2021 04:00,,
06/06/2021 04:30,,
06/06/2021 05:00,,
06/06/2021 05:30,,
06/06/2021 06:00,,
06/06/2021 06:30,,
06/06/2021 07:00,,
06/06/2021 07:30,,
06/06/2021 08:00,,
06/06/2021 08:30,,
06/06/2021 09:00,,
06/06/2021 09:30,,
06/06/2021 10:00,,
06/06/2021 10:30,,
06/06/2021 11:00,,
06/06/2021 11:30,,
06/06/2021 12:00,,
06/06/2021 12:30,,
06/06/2021 13:00,,
06/06/2021 13:30,,
06/06/2021 14:00,,
06/06/2021 14:30,,
06/06/2021 15:00,,
06/06/2021 15:30,,
06/06/2021 16:00,,
06/06/2021 16:30,,
06/06/2021 17:00,,
06/06/2021 17:30,,
06/06/2021 18:00,,
06/06/2021 18:30,,
06/06/2021 19:00,,
06/06/2021 19:30,,
06/06/2021 20:00,,
06/06/2021 20:30,,
06/06/2021 21:00,,
06/06/2021 21:30,,
06/06/2021 22:00,,
06/06/2021 22:30,,
06/06/2021 23:00,,
06/06/2021 23:30,,
07/06/2021 00:00,,
07/06/2021 00:30,,
07/06/2021 01:00,,
07/06/2021 01:30,,
07/06/2021 02:00,,
07/06/2021 02:30,,
07/06/2021 03:00,,
07/06/2021 03:30,,
07/06/2021 04:00,,
07/06/2021 04:30,,
07/06/2021 05:00,,
07/06/2021 05:30,,
07/06/2021 06:00,,
07/06/2021 06:30,,
07/06/2021 07:00,,
07/06/2021 07:30,,
07/06/2021 08:00,,
07/06/2021 08:30,,
07/06/2021 09:00,,
07/06/2021 09:30,,
07/06/2021 10:00,,
07/06/2021 10:30,,
07/06/2021 11:00,,
07/06/2021 11:30,,
07/06/2021 12:00,,
07/06/2021 12:30,,
07/06/2021 13:00,,
07/06/2021 13:30,,
07/06/2021 14:00,,
07/06/2021 14:30,,
07/06/2021 15:00,,
07/06/2021 15:30,,
07/06/2021 16:00,,
07/06/2021 16:30,,
07/06/2021 17:00,,
07/06/2021 17:30,,
07/06/2021 18:00,,
07/06/2021 18:30,,
07/06/2021 19:00,,
07/06/2021 19:30,,
07/06/2021 20:00,,
07/06/2021 20:30,,
07/06/2021 21:00,,
07/06/2021 21:30,,
07/06/2021 22:00,,
07/06/2021 22:30,,
07/06/2021 23:00,,
07/06/2021 23:30,,
08/06/2021 00:00,,
08/06/2021 00:30,,
08/06/2021 01:00,,
08/06/2021 01:30,,
08/06/2021 02:00,,
08/06/2021 02:30,,
08/06/2021 03:00,,
08/06/2021 03:30,,
08/06/2021 04:00,,
08/06/2021 04:30,,
08/06/2021 05:00,,
08/06/2021 05:30,,
08/06/2021 06:00,,
08/06/2021 06:30,,
08/06/2021 07:00,,
08/06/2021 07:30,,
08/06/2021 08:00,,
08/06/2021 08:30,,
08/06/2021 09:00,,
08/06/2021 09:30,,
08/06/2021 10:00,,
08/06/2021 10:30,,
08/06/2021 11:00,,
08/06/2021 11:30,,
08/06/2021 12:00,,
08/06/2021 12:30,,
08/06/2021 13:00,,
08/06/2021 13:30,,
08/06/2021 14:00,,
08/06/2021 14:30,,
08/06/2021 15:00,,
08/06/2021 15:30,,
08/06/2021 16:00,,
08/06/2021 16:30,,
08/06/2021 17:00,,
08/06/2021 17:30,,
08/06/2021 18:00,,
08/06/2021 18:30,,
08/06/2021 19:00,,
08/06/2021 19:30,,
08/06/2021 20:00,,
08/06/2021 20:30,,
08/06/2021 21:00,,
08/06/2021 21:30,,
08/06/2021 22:00,,
08/06/2021 22:30,,
08/06/2021 23:00,,
08/06/2021 23:30,,
09/06/2021 00:00,,
09/06/2021 00:30,,
09/06/2021 01:00,,
09/06/2021 01:30,,
09/06/2021 02:00,,
09/06/2021 02:30,,
09/06/2021 03:00,,
09/06/2021 03:30,,
09/06/2021 04:00,,
09/06/2021 04:30,,
09/06/2021 05:00,,
09/06/2021 05:30,,
09/06/2021 06:00,,
09/06/2021 06:30,,
09/06/2021 07:00,,
09/06/2021 07:30,,
09/06/2021 08:00,,
09/06/2021 08:30,,
09/06/2021 09:00,,
09/06/2021 09:30,,
09/06/2021 10:00,,
09/06/2021 10:30,,
09/06/2021 11:00,,
09/06/2021 11:30,,
09/06/2021 12:00,,
09/06/2021 12:30,,
09/06/2021 13:00,,
09/06/2021 13:30,,
09/06/2021 14:00,,
09/06/2021 14:30,,
09/06/2021 15:00,,
09/06/2021 15:30,,
09/06/2021 16:00,,
09/06/2021 16:30,,
09/06/2021 17:00,,
09/06/2021 17:30,,
09/06/2021 18:00,,
09/06/2021 18:30,,
09/06/2021 19:00,,
09/06/2021 19:30,,
09/06/2021 20:00,,
09/06/2021 20:30,,
09/06/2021 21:00,,
09/06/2021 21:30,,
09/06/2021 22:00,,
09/06/2021 22:30,,
09/06/2021 23:00,,
09/06/2021 23:30,,
10/06/2021 00:00,,
10/06/2021 00:30,,
10/06/2021 01:00,,
10/06/2021 01:30,,
10/06/2021 02:00,,
10/06/2021 02:30,,
10/06/2021 03:00,,
10/06/2021 03:30,,
10/06/2021 04:00,,
10/06/2021 04:30,,
10/06/2021 05:00,,
10/06/2021 05:30,,
10/06/2021 06:00,,
10/06/2021 06:30,,
10/06/2021 07:00,,
10/06/2021 07:30,,
10/06/2021 08:00,,
10/06/2021 08:30,,
10/06/2021 09:00,,
10/06/2021 09:30,,
10/06/2021 10:00,,
10/06/2021 10:30,,
10/06/2021 11:00,,
10/06/2021 11:30,,
10/06/2021 12:00,,
10/06/2021 12:30,,
10/06/2021 13:00,,
10/06/2021 13:30,,
10/06/2021 14:00,,
10/06/2021 14:30,,
10/06/2021 15:00,,
10/06/2021 15:30,,
10/06/2021 16:00,,
10/06/2021 16:30,,
10/06/2021 17:00,,
10/06/2021 17:30,,
10/06/2021 18:00,,
10/06/2021 18:30,,
10/06/2021 19:00,,
10/06/2021 19:30,,
10/06/2021 20:00,,
10/06/2021 20:30,,
10/06/2021 21:00,,
10/06/2021 21:30,,
10/06/2021 22:00,,
10/06/2021 22:30,,
10/06/2021 23:00,,
10/06/2021 23:30,,
11/06/2021 00:00,,
11/06/2021 00:30,,
11/06/2021 01:00,,
11/06/2021 01:30,,
11/06/2021 02:00,,
11/06/2021 02:30,,
11/06/2021 03:00,,
11/06/2021 03:30,,
11/06/2021 04:00,,
11/06/2021 04:30,,
11/06/2021 05:00,,
11/06/2021 05:30,,
11/06/2021 06:00,,
11/06/2021 06:30,,
11/06/2021 07:00,,
11/06/2021 07:30,,
11/06/2021 08:00,,
11/06/2021 08:30,,
11/06/2021 09:00,,
11/06/2021 09:30,,
11/06/2021 10:00,,
11/06/2021 10:30,,
11/06/2021 11:00,,
11/06/2021 11:30,,
11/06/2021 12:00,,
11/06/2021 12:30,,
11/06/2021 13:00,,
11/06/2021 13:30,,
11/06/2021 14:00,,
11/06/2021 14:30,,
11/06/2021 15:00,,
11/06/2021 15:30,,
11/06/2021 16:00,,
11/06/2021 16:30,,
11/06/2021 17:00,,
11/06/2021 17:30,,
11/06/2021 18:00,,
11/06/2021 18:30,,
11/06/2021 19:00,,
11/06/2021 19:30,,
11/06/2021 20:00,,
11/06/2021 20:30,,
11/06/2021 21:00,,
11/06/2021 21:30,,
11/06/2021 22:00,,
11/06/2021 22:30,,
11/06/2021 23:00,,
11/06/2021 23:30,,
12/06/2021 00:00,,
12/06/2021 00:30,,
12/06/2021 01:00,,
12/06/2021 01:30,,
12/06/2021 02:00,,
12/06/2021 02:30,,
12/06/2021 03:00,,
12/06/2021 03:30,,
12/06/2021 04:00,,
12/06/2021 04:30,,
12/06/2021 05:00,,
12/06/2021 05:30,,
12/06/2021 06:00,,
12/06/2021 06:30,,
12/06/2021 07:00,,
12/06/2021 07:30,,
12/06/2021 08:00,,
12/06/2021 08:30,,
12/06/2021 09:00,,
12/06/2021 09:30,,
12/06/2021 10:00,,
12/06/2021 10:30,,
12/06/2021 11:00,,
12/06/2021 11:30,,
12/06/2021 12:00,,
12/06/2021 12:30,,
12/06/2021 13:00,,
12/06/2021 13:30,,
12/06/2021 14:00,,
12/06/2021 14:30,,
12/06/2021 15:00,,
12/06/2021 15:30,,
12/06/2021 16:00,,
12/06/2021 16:30,,
12/06/2021 17:00,,
12/06/2021 17:30,,
12/06/2021 18:00,,
12/06/2021 18:30,,
12/06/2021 19:00,,
12/06/2021 19:30,,
12/06/2021 20:00,,
12/06/2021 20:30,,
12/06/2021 21:00,,
12/06/2021 21:30,,
12/06/2021 22:00,,
12/06/2021 22:30,,
12/06/2021 23:00,,
12/06/2021 23:30,,
13/06/2021 00:00,,
13/06/2021 00:30,,
13/06/2021 01:00,,
13/06/2021 01:30,,
13/06/2021 02:00,,
13/06/2021 02:30,,
13/06/2021 03:00,,
13/06/2021 03:30,,
13/06/2021 04:00,,
13/06/2021 04:30,,
13/06/2021 05:00,,
13/06/2021 05:30,,
13/06/2021 06:00,,
13/06/2021 06:30,,
13/06/2021 07:00,,
13/06/2021 07:30,,
13/06/2021 08:00,,
13/06/2021 08:30,,
13/06/2021 09:00,,
13/06/2021 09:30,,
13/06/2021 10:00,,
13/06/2021 10:30,,
13/06/2021 11:00,,
13/06/2021 11:30,,
13/06/2021 12:00,,
13/06/2021 12:30,,
13/06/2021 13:00,,
13/06/2021 13:30,,
13/06/2021 14:00,,
13/06/2021 14:30,,
13/06/2021 15:00,,
13/06/2021 15:30,,
13/06/2021 16:00,,
13/06/2021 16:30,,
13/06/2021 17:00,,
13/06/2021 17:30,,
13/06/2021 18:00,,
13/06/2021 18:30,,
13/06/2021 19:00,,
13/06/2021 19:30,,
13/06/2021 20:00,,
13/06/2021 20:30,,
13/06/2021 21:00,,
13/06/2021 21:30,,
13/06/2021 22:00,,
13/06/2021 22:30,,
13/06/2021 23:00,,
13/06/2021 23:30,,
14/06/2021 00:00,,
14/06/2021 00:30,,
14/06/2021 01:00,,
14/06/2021 01:30,,
14/06/2021 02:00,,
14/06/2021 02:30,,
14/06/2021 03:00,,
14/06/2021 03:30,,
14/06/2021 04:00,,
14/06/2021 04:30,,
14/06/2021 05:00,,
14/06/2021 05:30,,
14/06/2021 06:00,,
14/06/2021 06:30,,
14/06/2021 07:00,,
14/06/2021 07:30,,
14/06/2021 08:00,,
14/06/2021 08:30,,
14/06/2021 09:00,,
14/06/2021 09:30,,
14/06/2021 10:00,,
14/06/2021 10:30,,
14/06/2021 11:00,,
14/06/2021 11:30,,
14/06/2021 12:00,,
14/06/2021 12:30,,
14/06/2021 13:00,,
14/06/2021 13:30,,
14/06/2021 14:00,,
14/06/2021 14:30,,
14/06/2021 15:00,,
14/06/2021 15:30,,
14/06/2021 16:00,,
14/06/2021 16:30,,
14/06/2021 17:00,,
14/06/2021 17:30,,
14/06/2021 18:00,,
14/06/2021 18:30,,
14/06/2021 19:00,,
14/06/2021 19:30,,
14/06/2021 20:00,,
14/06/2021 20:30,,
14/06/2021 21:00,,
14/06/2021 21:30,,
14/06/2021 22:00,,
14/06/2021 22:30,,
14/06/2021 23:00,,
14/06/2021 23:30,,
15/06/2021 00:00,,
15/06/2021 00:30,,
15/06/2021 01:00,,
15/06/2021 01:30,,
15/06/2021 02:00,,
15/06/2021 02:30,,
15/06/2021 03:00,,
15/06/2021 03:30,,
15/06/2021 04:00,,
15/06/2021 04:30,,
15/06/2021 05:00,,
15/06/2021 05:30,,
15/06/2021 06:00,,
15/06/2021 06:30,,
15/06/2021 07:00,,
15/06/2021 07:30,,
15/06/2021 08:00,,
15/06/2021 08:30,,
15/06/2021 09:00,,
15/06/2021 09:30,,
15/06/2021 10:00,,
15/06/2021 10:30,,
15/06/2021 11:00,,
15/06/2021 11:30,,
15/06/2021 12:00,,
15/06/2021 12:30,,
15/06/2021 13:00,,
15/06/2021 13:30,,
15/06/2021 14:00,,
15/06/2021 14:30,,
15/06/2021 15:00,,
15/06/2021 15:30,,
15/06/2021 16:00,,
15/06/2021 16:30,,
15/06/2021 17:00,,
15/06/2021 17:30,,
15/06/2021 18:00,,
15/06/2021 18:30,,
15/06/2021 19:00,,
15/06/2021 19:30,,
15/06/2021 20:00,,
15/06/2021 20:30,,
15/06/2021 21:00,,
15/06/2021 21:30,,
15/06/2021 22:00,,
15/06/2021 22:30,,
15/06/2021 23:00,,
15/06/2021 23:30,,
16/06/2021 00:00,,
16/06/2021 00:30,,
16/06/2021 01:00,,
16/06/2021 01:30,,
16/06/2021 02:00,,
16/06/2021 02:30,,
16/06/2021 03:00,,
16/06/2021 03:30,,
16/06/2021 04:00,,
16/06/2021 04:30,,
16/06/2021 05:00,,
16/06/2021 05:30,,
16/06/2021 06:00,,
16/06/2021 06:30,,
16/06/2021 07:00,,
16/06/2021 07:30,,
16/06/2021 08:00,,
16/06/2021 08:30,,
16/06/2021 09:00,,
16/06/2021 09:30,,
16/06/2021 10:00,,
16/06/2021 10:30,,
16/06/2021 11:00,,
16/06/2021 11:30,,
16/06/2021 12:00,,
16/06/2021 12:30,,
16/06/2021 13:00,,
16/06/2021 13:30,,
16/06/2021 14:00,,
16/06/2021 14:30,,
16/06/2021 15:00,,
16/06/2021 15:30,,
16/06/2021 16:00,,
16/06/2021 16:30,,
16/06/2021 17:00,,
16/06/2021 17:30,,
16/06/2021 18:00,,
16/06/2021 18:30,,
16/06/2021 19:00,,
16/06/2021 19:30,,
16/06/2021 20:00,,
16/06/2021 20:30,,
16/06/2021 21:00,,
16/06/2021 21:30,,
16/06/2021 22:00,,
16/06/2021 22:30,,
16/06/2021 23:00,,
16/06/2021 23:30,,
17/06/2021 00:00,,
17/06/2021 00:30,,
17/06/2021 01:00,,
17/06/2021 01:30,,
17/06/2021 02:00,,
17/06/2021 02:30,,
17/06/2021 03:00,,
17/06/2021 03:30,,
17/06/2021 04:00,,
17/06/2021 04:30,,
17/06/2021 05:00,,
17/06/2021 05:30,,
17/06/2021 06:00,,
17/06/2021 06:30,,
17/06/2021 07:00,,
17/06/2021 07:30,,
17/06/2021 08:00,,
17/06/2021 08:30,,
17/06/2021 09:00,,
17/06/2021 09:30,,
17/06/2021 10:00,,
17/06/2021 10:30,,
17/06/2021 11:00,,
17/06/2021 11:30,,
17/06/2021 12:00,,
17/06/2021 12:30,,
17/06/2021 13:00,,
17/06/2021 13:30,,
17/06/2021 14:00,,
17/06/2021 14:30,,
17/06/2021 15:00,,
17/06/2021 15:30,,
17/06/2021 16:00,,
17/06/2021 16:30,,
17/06/2021 17:00,,
17/06/2021 17:30,,
17/06/2021 18:00,,
17/06/2021 18:30,,
17/06/2021 19:00,,
17/06/2021 19:30,,
17/06/2021 20:00,,
17/06/2021 20:30,,
17/06/2021 21:00,,
17/06/2021 21:30,,
17/06/2021 22:00,,
17/06/2021 22:30,,
17/06/2021 23:00,,
17/06/2021 23:30,,
18/06/2021 00:00,,
18/06/2021 00:30,,
18/06/2021 01:00,,
18/06/2021 01:30,,
18/06/2021 02:00,,
18/06/2021 02:30,,
18/06/2021 03:00,,
18/06/2021 03:30,,
18/06/2021 04:00,,
18/06/2021 04:30,,
18/06/2021 05:00,,
18/06/2021 05:30,,
18/06/2021 06:00,,
18/06/2021 06:30,,
18/06/2021 07:00,,
18/06/2021 07:30,,
18/06/2021 08:00,,
18/06/2021 08:30,,
18/06/2021 09:00,,
18/06/2021 09:30,,
18/06/2021 10:00,,
18/06/2021 10:30,,
18/06/2021 11:00,,
18/06/2021 11:30,,
18/06/2021 12:00,,
18/06/2021 12:30,,
18/06/2021 13:00,,
18/06/2021 13:30,,
18/06/2021 14:00,,
18/06/2021 14:30,,
18/06/2021 15:00,,
18/06/2021 15:30,,
18/06/2021 16:00,,
18/06/2021 16:30,,
18/06/2021 17:00,,
18/06/2021 17:30,,
18/06/2021 18:00,,
18/06/2021 18:30,,
18/06/2021 19:00,,
18/06/2021 19:30,,
18/06/2021 20:00,,
18/06/2021 20:30,,
18/06/2021 21:00,,
18/06/2021 21:30,,
18/06/2021 22:00,,
18/06/2021 22:30,,
18/06/2021 23:00,,
18/06/2021 23:30,,
19/06/2021 00:00,,
19/06/2021 00:30,,
19/06/2021 01:00,,
19/06/2021 01:30,,
19/06/2021 02:00,,
19/06/2021 02:30,,
19/06/2021 03:00,,
19/06/2021 03:30,,
19/06/2021 04:00,,
19/06/2021 04:30,,
19/06/2021 05:00,,
19/06/2021 05:30,,
19/06/2021 06:00,,
19/06/2021 06:30,,
19/06/2021 07:00,,
19/06/2021 07:30,,
19/06/2021 08:00,,
19/06/2021 08:30,,
19/06/2021 09:00,,
19/06/2021 09:30,,
19/06/2021 10:00,,
19/06/2021 10:30,,
19/06/2021 11:00,,
19/06/2021 11:30,,
19/06/2021 12:00,,
19/06/2021 12:30,,
19/06/2021 13:00,,
19/06/2021 13:30,,
19/06/2021 14:00,,
19/06/2021 14:30,,
19/06/2021 15:00,,
19/06/2021 15:30,,
19/06/2021 16:00,,
19/06/2021 16:30,,
19/06/2021 17:00,,
19/06/2021 17:30,,
19/06/2021 18:00,,
19/06/2021 18:30,,
19/06/2021 19:00,,
19/06/2021 19:30,,
19/06/2021 20:00,,
19/06/2021 20:30,,
19/06/2021 21:00,,
19/06/2021 21:30,,
19/06/2021 22:00,,
19/06/2021 22:30,,
19/06/2021 23:00,,
19/06/2021 23:30,,
20/06/2021 00:00,,
20/06/2021 00:30,,
20/06/2021 01:00,,
20/06/2021 01:30,,
20/06/2021 02:00,,
20/06/2021 02:30,,
20/06/2021 03:00,,
20/06/2021 03:30,,
20/06/2021 04:00,,
20/06/2021 04:30,,
20/06/2021 05:00,,
20/06/2021 05:30,,
20/06/2021 06:00,,
20/06/2021 06:30,,
20/06/2021 07:00,,
20/06/2021 07:30,,
20/06/2021 08:00,,
20/06/2021 08:30,,
20/06/2021 09:00,,
20/06/2021 09:30,,
20/06/2021 10:00,,
20/06/2021 10:30,,
20/06/2021 11:00,,
20/06/2021 11:30,,
20/06/2021 12:00,,
20/06/2021 12:30,,
20/06/2021 13:00,,
20/06/2021 13:30,,
20/06/2021 14:00,,
20/06/2021 14:30,,
20/06/2021 15:00,,
20/06/2021 15:30,,
20/06/2021 16:00,,
20/06/2021 16:30,,
20/06/2021 17:00,,
20/06/2021 17:30,,
20/06/2021 18:00,,
20/06/2021 18:30,,
20/06/2021 19:00,,
20/06/2021 19:30,,
20/06/2021 20:00,,
20/06/2021 20:30,,
20/06/2021 21:00,,
20/06/2021 21:30,,
20/06/2021 22:00,,
20/06/2021 22:30,,
20/06/2021 23:00,,
20/06/2021 23:30,,
21/06/2021 00:00,,
21/06/2021 00:30,,
21/06/2021 01:00,,
21/06/2021 01:30,,
21/06/2021 02:00,,
21/06/2021 02:30,,
21/06/2021 03:00,,
21/06/2021 03:30,,
21/06/2021 04:00,,
21/06/2021 04:30,,
21/06/2021 05:00,,
21/06/2021 05:30,,
21/06/2021 06:00,,
21/06/2021 06:30,,
21/06/2021 07:00,,
21/06/2021 07:30,,
21/06/2021 08:00,,
21/06/2021 08:30,,
21/06/2021 09:00,,
21/06/2021 09:30,,
21/06/2021 10:00,,
21/06/2021 10:30,,
21/06/2021 11:00,,
21/06/2021 11:30,,
21/06/2021 12:00,,
21/06/2021 12:30,,
21/06/2021 13:00,,
21/06/2021 13:30,,
21/06/2021 14:00,,
21/06/2021 14:30,,
21/06/2021 15:00,,
21/06/2021 15:30,,
21/06/2021 16:00,,
21/06/2021 16:30,,
21/06/2021 17:00,,
21/06/2021 17:30,,
21/06/2021 18:00,,
21/06/2021 18:30,,
21/06/2021 19:00,,
21/06/2021 19:30,,
21/06/2021 20:00,,
21/06/2021 20:30,,
21/06/2021 21:00,,
21/06/2021 21:30,,
21/06/2021 22:00,,
21/06/2021 22:30,,
21/06/2021 23:00,,
21/06/2021 23:30,,
22/06/2021 00:00,,
22/06/2021 00:30,,
22/06/2021 01:00,,
22/06/2021 01:30,,
22/06/2021 02:00,,
22/06/2021 02:30,,
22/06/2021 03:00,,
22/06/2021 03:30,,
22/06/2021 04:00,,
22/06/2021 04:30,,
22/06/2021 05:00,,
22/06/2021 05:30,,
22/06/2021 06:00,,
22/06/2021 06:30,,
22/06/2021 07:00,,
22/06/2021 07:30,,
22/06/2021 08:00,,
22/06/2021 08:30,,
22/06/2021 09:00,,
22/06/2021 09:30,,
22/06/2021 10:00,,
22/06/2021 10:30,,
22/06/2021 11:00,,
22/06/2021 11:30,,
22/06/2021 12:00,,
22/06/2021 12:30,,
22/06/2021 13:00,,
22/06/2021 13:30,,
22/06/2021 14:00,,
22/06/2021 14:30,,
22/06/2021 15:00,,
22/06/2021 15:30,,
22/06/2021 16:00,,
22/06/2021 16:30,,
22/06/2021 17:00,,
22/06/2021 17:30,,
22/06/2021 18:00,,
22/06/2021 18:30,,
22/06/2021 19:00,,
22/06/2021 19:30,,
22/06/2021 20:00,,
22/06/2021 20:30,,
22/06/2021 21:00,,
22/06/2021 21:30,,
22/06/2021 22:00,,
22/06/2021 22:30,,
22/06/2021 23:00,,
22/06/2021 23:30,,
23/06/2021 00:00,,
23/06/2021 00:30,,
23/06/2021 01:00,,
23/06/2021 01:30,,
23/06/2021 02:00,,
23/06/2021 02:30,,
23/06/2021 03:00,,
23/06/2021 03:30,,
23/06/2021 04:00,,
23/06/2021 04:30,,
23/06/2021 05:00,,
23/06/2021 05:30,,
23/06/2021 06:00,,
23/06/2021 06:30,,
23/06/2021 07:00,,
23/06/2021 07:30,,
23/06/2021 08:00,,
23/06/2021 08:30,,
23/06/2021 09:00,,
23/06/2021 09:30,,
23/06/2021 10:00,,
23/06/2021 10:30,,
23/06/2021 11:00,,
23/06/2021 11:30,,
23/06/2021 12:00,,
23/06/2021 12:30,,
23/06/2021 13:00,,
23/06/2021 13:30,,
23/06/2021 14:00,,
23/06/2021 14:30,,
23/06/2021 15:00,,
23/06/2021 15:30,,
23/06/2021 16:00,,
23/06/2021 16:30,,
23/06/2021 17:00,,
23/06/2021 17:30,,
23/06/2021 18:00,,
23/06/2021 18:30,,
23/06/2021 19:00,,
23/06/2021 19:30,,
23/06/2021 20:00,,
23/06/2021 20:30,,
23/06/2021 21:00,,
23/06/2021 21:30,,
23/06/2021 22:00,,
23/06/2021 22:30,,
23/06/2021 23:00,,
23/06/2021 23:30,,
24/06/2021 00:00,,
24/06/2021 00:30,,
24/06/2021 01:00,,
24/06/2021 01:30,,
24/06/2021 02:00,,
24/06/2021 02:30,,
24/06/2021 03:00,,
24/06/2021 03:30,,
24/06/2021 04:00,,
24/06/2021 04:30,,
24/06/2021 05:00,,
24/06/2021 05:30,,
24/06/2021 06:00,,
24/06/2021 06:30,,
24/06/2021 07:00,,
24/06/2021 07:30,,
24/06/2021 08:00,,
24/06/2021 08:30,,
24/06/2021 09:00,,
24/06/2021 09:30,,
24/06/2021 10:00,,
24/06/2021 10:30,,
24/06/2021 11:00,,
24/06/2021 11:30,,
24/06/2021 12:00,,
24/06/2021 12:30,,
24/06/2021 13:00,,
24/06/2021 13:30,,
24/06/2021 14:00,,
24/06/2021 14:30,,
24/06/2021 15:00,,
24/06/2021 15:30,,
24/06/2021 16:00,,
24/06/2021 16:30,,
24/06/2021 17:00,,
24/06/2021 17:30,,
24/06/2021 18:00,,
24/06/2021 18:30,,
24/06/2021 19:00,,
24/06/2021 19:30,,
24/06/2021 20:00,,
24/06/2021 20:30,,
24/06/2021 21:00,,
24/06/2021 21:30,,
24/06/2021 22:00,,
24/06/2021 22:30,,
24/06/2021 23:00,,
24/06/2021 23:30,,
25/06/2021 00:00,,
25/06/2021 00:30,,
25/06/2021 01:00,,
25/06/2021 01:30,,
25/06/2021 02:00,,
25/06/2021 02:30,,
25/06/2021 03:00,,
25/06/2021 03:30,,
25/06/2021 04:00,,
25/06/2021 04:30,,
25/06/2021 05:00,,
25/06/2021 05:30,,
25/06/2021 06:00,,
25/06/2021 06:30,,
25/06/2021 07:00,,
25/06/2021 07:30,,
25/06/2021 08:00,,
25/06/2021 08:30,,
25/06/2021 09:00,,
25/06/2021 09:30,,
25/06/2021 10:00,,
25/06/2021 10:30,,
25/06/2021 11:00,,
25/06/2021 11:30,,
25/06/2021 12:00,,
25/06/2021 12:30,,
25/06/2021 13:00,,
25/06/2021 13:30,,
25/06/2021 14:00,,
25/06/2021 14:30,,
25/06/2021 15:00,,
25/06/2021 15:30,,
25/06/2021 16:00,,
25/06/2021 16:30,,
25/06/2021 17:00,,
25/06/2021 17:30,,
25/06/2021 18:00,,
25/06/2021 18:30,,
25/06/2021 19:00,,
25/06/2021 19:30,,
25/06/2021 20:00,,
25/06/2021 20:30,,
25/06/2021 21:00,,
25/06/2021 21:30,,
25/06/2021 22:00,,
25/06/2021 22:30,,
25/06/2021 23:00,,
25/06/2021 23:30,,
26/06/2021 00:00,,
26/06/2021 00:30,,
26/06/2021 01:00,,
26/06/2021 01:30,,
26/06/2021 02:00,,
26/06/2021 02:30,,
26/06/2021 03:00,,
26/06/2021 03:30,,
26/06/2021 04:00,,
26/06/2021 04:30,,
26/06/2021 05:00,,
26/06/2021 05:30,,
26/06/2021 06:00,,
26/06/2021 06:30,,
26/06/2021 07:00,,
26/06/2021 07:30,,
26/06/2021 08:00,,
26/06/2021 08:30,,
26/06/2021 09:00,,
26/06/2021 09:30,,
26/06/2021 10:00,,
26/06/2021 10:30,,
26/06/2021 11:00,,
26/06/2021 11:30,,
26/06/2021 12:00,,
26/06/2021 12:30,,
26/06/2021 13:00,,
26/06/2021 13:30,,
26/06/2021 14:00,,
26/06/2021 14:30,,
26/06/2021 15:00,,
26/06/2021 15:30,,
26/06/2021 16:00,,
26/06/2021 16:30,,
26/06/2021 17:00,,
26/06/2021 17:30,,
26/06/2021 18:00,,
26/06/2021 18:30,,
26/06/2021 19:00,,
26/06/2021 19:30,,
26/06/2021 20:00,,
26/06/2021 20:30,,
26/06/2021 21:00,,
26/06/2021 21:30,,
26/06/2021 22:00,,
26/06/2021 22:30,,
26/06/2021 23:00,,
26/06/2021 23:30,,
27/06/2021 00:00,,
27/06/2021 00:30,,
27/06/2021 01:00,,
27/06/2021 01:30,,
27/06/2021 02:00,,
27/06/2021 02:30,,
27/06/2021 03:00,,
27/06/2021 03:30,,
27/06/2021 04:00,,
27/06/2021 04:30,,
27/06/2021 05:00,,
27/06/2021 05:30,,
27/06/2021 06:00,,
27/06/2021 06:30,,
27/06/2021 07:00,,
27/06/2021 07:30,,
27/06/2021 08:00,,
27/06/2021 08:30,,
27/06/2021 09:00,,
27/06/2021 09:30,,
27/06/2021 10:00,,
27/06/2021 10:30,,
27/06/2021 11:00,,
27/06/2021 11:30,,
27/06/2021 12:00,,
27/06/2021 12:30,,
27/06/2021 13:00,,
27/06/2021 13:30,,
27/06/2021 14:00,,
27/06/2021 14:30,,
27/06/2021 15:00,,
27/06/2021 15:30,,
27/06/2021 16:00,,
27/06/2021 16:30,,
27/06/2021 17:00,,
27/06/2021 17:30,,
27/06/2021 18:00,,
27/06/2021 18:30,,
27/06/2021 19:00,,
27/06/2021 19:30,,
27/06/2021 20:00,,
27/06/2021 20:30,,
27/06/2021 21:00,,
27/06/2021 21:30,,
27/06/2021 22:00,,
27/06/2021 22:30,,
27/06/2021 23:00,,
27/06/2021 23:30,,
28/06/2021 00:00,,
28/06/2021 00:30,,
28/06/2021 01:00,,
28/06/2021 01:30,,
28/06/2021 02:00,,
28/06/2021 02:30,,
28/06/2021 03:00,,
28/06/2021 03:30,,
28/06/2021 04:00,,
28/06/2021 04:30,,
28/06/2021 05:00,,
28/06/2021 05:30,,
28/06/2021 06:00,,
28/06/2021 06:30,,
28/06/2021 07:00,,
28/06/2021 07:30,,
28/06/2021 08:00,,
28/06/2021 08:30,,
28/06/2021 09:00,,
28/06/2021 09:30,,
28/06/2021 10:00,,
28/06/2021 10:30,,
28/06/2021 11:00,,
28/06/2021 11:30,,
28/06/2021 12:00,,
28/06/2021 12:30,,
28/06/2021 13:00,,
28/06/2021 13:30,,
28/06/2021 14:00,,
28/06/2021 14:30,,
28/06/2021 15:00,,
28/06/2021 15:30,,
28/06/2021 16:00,,
28/06/2021 16:30,,
28/06/2021 17:00,,
28/06/2021 17:30,,
28/06/2021 18:00,,
28/06/2021 18:30,,
28/06/2021 19:00,,
28/06/2021 19:30,,
28/06/2021 20:00,,
28/06/2021 20:30,,
28/06/2021 21:00,,
28/06/2021 21:30,,
28/06/2021 22:00,,
28/06/2021 22:30,,
28/06/2021 23:00,,
28/06/2021 23:30,,
29/06/2021 00:00,,
29/06/2021 00:30,,
29/06/2021 01:00,,
29/06/2021 01:30,,
29/06/2021 02:00,,
29/06/2021 02:30,,
29/06/2021 03:00,,
29/06/2021 03:30,,
29/06/2021 04:00,,
29/06/2021 04:30,,
29/06/2021 05:00,,
29/06/2021 05:30,,
29/06/2021 06:00,,
29/06/2021 06:30,,
29/06/2021 07:00,,
29/06/2021 07:30,,
29/06/2021 08:00,,
29/06/2021 08:30,,
29/06/2021 09:00,,
29/06/2021 09:30,,
29/06/2021 10:00,,
29/06/2021 10:30,,
29/06/2021 11:00,,
29/06/2021 11:30,,
29/06/2021 12:00,,
29/06/2021 12:30,,
29/06/2021 13:00,,
29/06/2021 13:30,,
29/06/2021 14:00,,
29/06/2021 14:30,,
29/06/2021 15:00,,
29/06/2021 15:30,,
29/06/2021 16:00,,
29/06/2021 16:30,,
29/06/2021 17:00,,
29/06/2021 17:30,,
29/06/2021 18:00,,
29/06/2021 18:30,,
29/06/2021 19:00,,
29/06/2021 19:30,,
29/06/2021 20:00,,
29/06/2021 20:30,,
29/06/2021 21:00,,
29/06/2021 21:30,,
29/06/2021 22:00,,
29/06/2021 22:30,,
29/06/2021 23:00,,
29/06/2021 23:30,,
30/06/2021 00:00,,
30/06/2021 00:30,,
30/06/2021 01:00,,
30/06/2021 01:30,,
30/06/2021 02:00,,
30/06/2021 02:30,,
30/06/2021 03:00,,
30/06/2021 03:30,,
30/06/2021 04:00,,
30/06/2021 04:30,,
30/06/2021 05:00,,
30/06/2021 05:30,,
30/06/2021 06:00,,
30/06/2021 06:30,,
30/06/2021 07:00,,
30/06/2021 07:30,,
30/06/2021 08:00,,
30/06/2021 08:30,,
30/06/2021 09:00,,
30/06/2021 09:30,,
30/06/2021 10:00,,
30/06/2021 10:30,,
30/06/2021 11:00,,
30/06/2021 11:30,,
30/06/2021 12:00,,
30/06/2021 12:30,,
30/06/2021 13:00,,
30/06/2021 13:30,,
30/06/2021 14:00,,
30/06/2021 14:30,,
30/06/2021 15:00,,
30/06/2021 15:30,,
30/06/2021 16:00,,
30/06/2021 16:30,,
30/06/2021 17:00,,
30/06/2021 17:30,,
30/06/2021 18:00,,
30/06/2021 18:30,,
30/06/2021 19:00,,
30/06/2021 19:30,,
30/06/2021 20:00,,
30/06/2021 20:30,,
30/06/2021 21:00,,
30/06/2021 21:30,,
30/06/2021 22:00,,
30/06/2021 22:30,,
30/06/2021 23:00,,
30/06/2021 23:30,,
01/07/2021 00:00,,
01/07/2021 00:30,,
01/07/2021 01:00,,
01/07/2021 01:30,,
01/07/2021 02:00,,
01/07/2021 02:30,,
01/07/2021 03:00,,
01/07/2021 03:30,,
01/07/2021 04:00,,
01/07/2021 04:30,,
01/07/2021 05:00,,
01/07/2021 05:30,,
01/07/2021 06:00,,
01/07/2021 06:30,,
01/07/2021 07:00,,
01/07/2021 07:30,,
01/07/2021 08:00,,
01/07/2021 08:30,,
01/07/2021 09:00,,
01/07/2021 09:30,,
01/07/2021 10:00,,
01/07/2021 10:30,,
01/07/2021 11:00,,
01/07/2021 11:30,,
01/07/2021 12:00,,
01/07/2021 12:30,,
01/07/2021 13:00,,
01/07/2021 13:30,,
01/07/2021 14:00,,
01/07/2021 14:30,,
01/07/2021 15:00,,
01/07/2021 15:30,,
01/07/2021 16:00,,
01/07/2021 16:30,,
01/07/2021 17:00,,
01/07/2021 17:30,,
01/07/2021 18:00,,
01/07/2021 18:30,,
01/07/2021 19:00,,
01/07/2021 19:30,,
01/07/2021 20:00,,
01/07/2021 20:30,,
01/07/2021 21:00,,
01/07/2021 21:30,,
01/07/2021 22:00,,
01/07/2021 22:30,,
01/07/2021 23:00,,
01/07/2021 23:30,,
02/07/2021 00:00,,
02/07/2021 00:30,,
02/07/2021 01:00,,
02/07/2021 01:30,,
02/07/2021 02:00,,
02/07/2021 02:30,,
02/07/2021 03:00,,
02/07/2021 03:30,,
02/07/2021 04:00,,
02/07/2021 04:30,,
02/07/2021 05:00,,
02/07/2021 05:30,,
02/07/2021 06:00,,
02/07/2021 06:30,,
02/07/2021 07:00,,
02/07/2021 07:30,,
02/07/2021 08:00,,
02/07/2021 08:30,,
02/07/2021 09:00,,
02/07/2021 09:30,,
02/07/2021 10:00,,
02/07/2021 10:30,,
02/07/2021 11:00,,
02/07/2021 11:30,,
02/07/2021 12:00,,
02/07/2021 12:30,,
02/07/2021 13:00,,
02/07/2021 13:30,,
02/07/2021 14:00,,
02/07/2021 14:30,,
02/07/2021 15:00,,
02/07/2021 15:30,,
02/07/2021 16:00,,
02/07/2021 16:30,,
02/07/2021 17:00,,
02/07/2021 17:30,,
02/07/2021 18:00,,
02/07/2021 18:30,,
02/07/2021 19:00,,
02/07/2021 19:30,,
02/07/2021 20:00,,
02/07/2021 20:30,,
02/07/2021 21:00,,
02/07/2021 21:30,,
02/07/2021 22:00,,
02/07/2021 22:30,,
02/07/2021 23:00,,
02/07/2021 23:30,,
03/07/2021 00:00,,
03/07/2021 00:30,,
03/07/2021 01:00,,
03/07/2021 01:30,,
03/07/2021 02:00,,
03/07/2021 02:30,,
03/07/2021 03:00,,
03/07/2021 03:30,,
03/07/2021 04:00,,
03/07/2021 04:30,,
03/07/2021 05:00,,
03/07/2021 05:30,,
03/07/2021 06:00,,
03/07/2021 06:30,,
03/07/2021 07:00,,
03/07/2021 07:30,,
03/07/2021 08:00,,
03/07/2021 08:30,,
03/07/2021 09:00,,
03/07/2021 09:30,,
03/07/2021 10:00,,
03/07/2021 10:30,,
03/07/2021 11:00,,
03/07/2021 11:30,,
03/07/2021 12:00,,
03/07/2021 12:30,,
03/07/2021 13:00,,
03/07/2021 13:30,,
03/07/2021 14:00,,
03/07/2021 14:30,,
03/07/2021 15:00,,
03/07/2021 15:30,,
03/07/2021 16:00,,
03/07/2021 16:30,,
03/07/2021 17:00,,
03/07/2021 17:30,,
03/07/2021 18:00,,
03/07/2021 18:30,,
03/07/2021 19:00,,
03/07/2021 19:30,,
03/07/2021 20:00,,
03/07/2021 20:30,,
03/07/2021 21:00,,
03/07/2021 21:30,,
03/07/2021 22:00,,
03/07/2021 22:30,,
03/07/2021 23:00,,
03/07/2021 23:30,,
04/07/2021 00:00,,
04/07/2021 00:30,,
04/07/2021 01:00,,
04/07/2021 01:30,,
04/07/2021 02:00,,
04/07/2021 02:30,,
04/07/2021 03:00,,
04/07/2021 03:30,,
04/07/2021 04:00,,
04/07/2021 04:30,,
04/07/2021 05:00,,
04/07/2021 05:30,,
04/07/2021 06:00,,
04/07/2021 06:30,,
04/07/2021 07:00,,
04/07/2021 07:30,,
04/07/2021 08:00,,
04/07/2021 08:30,,
04/07/2021 09:00,,
04/07/2021 09:30,,
04/07/2021 10:00,,
04/07/2021 10:30,,
04/07/2021 11:00,,
04/07/2021 11:30,,
04/07/2021 12:00,,
04/07/2021 12:30,,
04/07/2021 13:00,,
04/07/2021 13:30,,
04/07/2021 14:00,,
04/07/2021 14:30,,
04/07/2021 15:00,,
04/07/2021 15:30,,
04/07/2021 16:00,,
04/07/2021 16:30,,
04/07/2021 17:00,,
04/07/2021 17:30,,
04/07/2021 18:00,,
04/07/2021 18:30,,
04/07/2021 19:00,,
04/07/2021 19:30,,
04/07/2021 20:00,,
04/07/2021 20:30,,
04/07/2021 21:00,,
04/07/2021 21:30,,
04/07/2021 22:00,,
04/07/2021 22:30,,
04/07/2021 23:00,,
04/07/2021 23:30,,
05/07/2021 00:00,,
05/07/2021 00:30,,
05/07/2021 01:00,,
05/07/2021 01:30,,
05/07/2021 02:00,,
05/07/2021 02:30,,
05/07/2021 03:00,,
05/07/2021 03:30,,
05/07/2021 04:00,,
05/07/2021 04:30,,
05/07/2021 05:00,,
05/07/2021 05:30,,
05/07/2021 06:00,,
05/07/2021 06:30,,
05/07/2021 07:00,,
05/07/2021 07:30,,
05/07/2021 08:00,,
05/07/2021 08:30,,
05/07/2021 09:00,,
05/07/2021 09:30,,
05/07/2021 10:00,,
05/07/2021 10:30,,
05/07/2021 11:00,,
05/07/2021 11:30,,
05/07/2021 12:00,,
05/07/2021 12:30,,
05/07/2021 13:00,,
05/07/2021 13:30,,
05/07/2021 14:00,,
05/07/2021 14:30,,
05/07/2021 15:00,,
05/07/2021 15:30,,
05/07/2021 16:00,,
05/07/2021 16:30,,
05/07/2021 17:00,,
05/07/2021 17:30,,
05/07/2021 18:00,,
05/07/2021 18:30,,
05/07/2021 19:00,,
05/07/2021 19:30,,
05/07/2021 20:00,,
05/07/2021 20:30,,
05/07/2021 21:00,,
05/07/2021 21:30,,
05/07/2021 22:00,,
05/07/2021 22:30,,
05/07/2021 23:00,,
05/07/2021 23:30,,
06/07/2021 00:00,,
06/07/2021 00:30,,
06/07/2021 01:00,,
06/07/2021 01:30,,
06/07/2021 02:00,,
06/07/2021 02:30,,
06/07/2021 03:00,,
06/07/2021 03:30,,
06/07/2021 04:00,,
06/07/2021 04:30,,
06/07/2021 05:00,,
06/07/2021 05:30,,
06/07/2021 06:00,,
06/07/2021 06:30,,
06/07/2021 07:00,,
06/07/2021 07:30,,
06/07/2021 08:00,,
06/07/2021 08:30,,
06/07/2021 09:00,,
06/07/2021 09:30,,
06/07/2021 10:00,,
06/07/2021 10:30,,
06/07/2021 11:00,,
06/07/2021 11:30,,
06/07/2021 12:00,,
06/07/2021 12:30,,
06/07/2021 13:00,,
06/07/2021 13:30,,
06/07/2021 14:00,,
06/07/2021 14:30,,
06/07/2021 15:00,,
06/07/2021 15:30,,
06/07/2021 16:00,,
06/07/2021 16:30,,
06/07/2021 17:00,,
06/07/2021 17:30,,
06/07/2021 18:00,,
06/07/2021 18:30,,
06/07/2021 19:00,,
06/07/2021 19:30,,
06/07/2021 20:00,,
06/07/2021 20:30,,
06/07/2021 21:00,,
06/07/2021 21:30,,
06/07/2021 22:00,,
06/07/2021 22:30,,
06/07/2021 23:00,,
06/07/2021 23:30,,
07/07/2021 00:00,,
07/07/2021 00:30,,
07/07/2021 01:00,,
07/07/2021 01:30,,
07/07/2021 02:00,,
07/07/2021 02:30,,
07/07/2021 03:00,,
07/07/2021 03:30,,
07/07/2021 04:00,,
07/07/2021 04:30,,
07/07/2021 05:00,,
07/07/2021 05:30,,
07/07/2021 06:00,,
07/07/2021 06:30,,
07/07/2021 07:00,,
07/07/2021 07:30,,
07/07/2021 08:00,,
07/07/2021 08:30,,
07/07/2021 09:00,,
07/07/2021 09:30,,
07/07/2021 10:00,,
07/07/2021 10:30,,
07/07/2021 11:00,,
07/07/2021 11:30,,
07/07/2021 12:00,,
07/07/2021 12:30,,
07/07/2021 13:00,,
07/07/2021 13:30,,
07/07/2021 14:00,,
07/07/2021 14:30,,
07/07/2021 15:00,,
07/07/2021 15:30,,
07/07/2021 16:00,,
07/07/2021 16:30,,
07/07/2021 17:00,,
07/07/2021 17:30,,
07/07/2021 18:00,,
07/07/2021 18:30,,
07/07/2021 19:00,,
07/07/2021 19:30,,
07/07/2021 20:00,,
07/07/2021 20:30,,
07/07/2021 21:00,,
07/07/2021 21:30,,
07/07/2021 22:00,,
07/07/2021 22:30,,
07/07/2021 23:00,,
07/07/2021 23:30,,
08/07/2021 00:00,,
08/07/2021 00:30,,
08/07/2021 01:00,,
08/07/2021 01:30,,
08/07/2021 02:00,,
08/07/2021 02:30,,
08/07/2021 03:00,,
08/07/2021 03:30,,
08/07/2021 04:00,,
08/07/2021 04:30,,
08/07/2021 05:00,,
08/07/2021 05:30,,
08/07/2021 06:00,,
08/07/2021 06:30,,
08/07/2021 07:00,,
08/07/2021 07:30,,
08/07/2021 08:00,,
08/07/2021 08:30,,
08/07/2021 09:00,,
08/07/2021 09:30,,
08/07/2021 10:00,,
08/07/2021 10:30,,
08/07/2021 11:00,,
08/07/2021 11:30,,
08/07/2021 12:00,,
08/07/2021 12:30,,
08/07/2021 13:00,,
08/07/2021 13:30,,
08/07/2021 14:00,,
08/07/2021 14:30,,
08/07/2021 15:00,,
08/07/2021 15:30,,
08/07/2021 16:00,,
08/07/2021 16:30,,
08/07/2021 17:00,,
08/07/2021 17:30,,
08/07/2021 18:00,,
08/07/2021 18:30,,
08/07/2021 19:00,,
08/07/2021 19:30,,
08/07/2021 20:00,,
08/07/2021 20:30,,
08/07/2021 21:00,,
08/07/2021 21:30,,
08/07/2021 22:00,,
08/07/2021 22:30,,
08/07/2021 23:00,,
08/07/2021 23:30,,
09/07/2021 00:00,,
09/07/2021 00:30,,
09/07/2021 01:00,,
09/07/2021 01:30,,
09/07/2021 02:00,,
09/07/2021 02:30,,
09/07/2021 03:00,,
09/07/2021 03:30,,
09/07/2021 04:00,,
09/07/2021 04:30,,
09/07/2021 05:00,,
09/07/2021 05:30,,
09/07/2021 06:00,,
09/07/2021 06:30,,
09/07/2021 07:00,,
09/07/2021 07:30,,
09/07/2021 08:00,,
09/07/2021 08:30,,
09/07/2021 09:00,,
09/07/2021 09:30,,
09/07/2021 10:00,,
09/07/2021 10:30,,
09/07/2021 11:00,,
09/07/2021 11:30,,
09/07/2021 12:00,,
09/07/2021 12:30,,
09/07/2021 13:00,,
09/07/2021 13:30,,
09/07/2021 14:00,,
09/07/2021 14:30,,
09/07/2021 15:00,,
09/07/2021 15:30,,
09/07/2021 16:00,,
09/07/2021 16:30,,
09/07/2021 17:00,,
09/07/2021 17:30,,
09/07/2021 18:00,,
09/07/2021 18:30,,
09/07/2021 19:00,,
09/07/2021 19:30,,
09/07/2021 20:00,,
09/07/2021 20:30,,
09/07/2021 21:00,,
09/07/2021 21:30,,
09/07/2021 22:00,,
09/07/2021 22:30,,
09/07/2021 23:00,,
09/07/2021 23:30,,
10/07/2021 00:00,,
10/07/2021 00:30,,
10/07/2021 01:00,,
10/07/2021 01:30,,
10/07/2021 02:00,,
10/07/2021 02:30,,
10/07/2021 03:00,,
10/07/2021 03:30,,
10/07/2021 04:00,,
10/07/2021 04:30,,
10/07/2021 05:00,,
10/07/2021 05:30,,
10/07/2021 06:00,,
10/07/2021 06:30,,
10/07/2021 07:00,,
10/07/2021 07:30,,
10/07/2021 08:00,,
10/07/2021 08:30,,
10/07/2021 09:00,,
10/07/2021 09:30,,
10/07/2021 10:00,,
10/07/2021 10:30,,
10/07/2021 11:00,,
10/07/2021 11:30,,
10/07/2021 12:00,,
10/07/2021 12:30,,
10/07/2021 13:00,,
10/07/2021 13:30,,
10/07/2021 14:00,,
10/07/2021 14:30,,
10/07/2021 15:00,,
10/07/2021 15:30,,
10/07/2021 16:00,,
10/07/2021 16:30,,
10/07/2021 17:00,,
10/07/2021 17:30,,
10/07/2021 18:00,,
10/07/2021 18:30,,
10/07/2021 19:00,,
10/07/2021 19:30,,
10/07/2021 20:00,,
10/07/2021 20:30,,
10/07/2021 21:00,,
10/07/2021 21:30,,
10/07/2021 22:00,,
10/07/2021 22:30,,
10/07/2021 23:00,,
10/07/2021 23:30,,
11/07/2021 00:00,,
11/07/2021 00:30,,
11/07/2021 01:00,,
11/07/2021 01:30,,
11/07/2021 02:00,,
11/07/2021 02:30,,
11/07/2021 03:00,,
11/07/2021 03:30,,
11/07/2021 04:00,,
11/07/2021 04:30,,
11/07/2021 05:00,,
11/07/2021 05:30,,
11/07/2021 06:00,,
11/07/2021 06:30,,
11/07/2021 07:00,,
11/07/2021 07:30,,
11/07/2021 08:00,,
11/07/2021 08:30,,
11/07/2021 09:00,,
11/07/2021 09:30,,
11/07/2021 10:00,,
11/07/2021 10:30,,
11/07/2021 11:00,,
11/07/2021 11:30,,
11/07/2021 12:00,,
11/07/2021 12:30,,
11/07/2021 13:00,,
11/07/2021 13:30,,
11/07/2021 14:00,,
11/07/2021 14:30,,
11/07/2021 15:00,,
11/07/2021 15:30,,
11/07/2021 16:00,,
11/07/2021 16:30,,
11/07/2021 17:00,,
11/07/2021 17:30,,
11/07/2021 18:00,,
11/07/2021 18:30,,
11/07/2021 19:00,,
11/07/2021 19:30,,
11/07/2021 20:00,,
11/07/2021 20:30,,
11/07/2021 21:00,,
11/07/2021 21:30,,
11/07/2021 22:00,,
11/07/2021 22:30,,
11/07/2021 23:00,,
11/07/2021 23:30,,
12/07/2021 00:00,,
12/07/2021 00:30,,
12/07/2021 01:00,,
12/07/2021 01:30,,
12/07/2021 02:00,,
12/07/2021 02:30,,
12/07/2021 03:00,,
12/07/2021 03:30,,
12/07/2021 04:00,,
12/07/2021 04:30,,
12/07/2021 05:00,,
12/07/2021 05:30,,
12/07/2021 06:00,,
12/07/2021 06:30,,
12/07/2021 07:00,,
12/07/2021 07:30,,
12/07/2021 08:00,,
12/07/2021 08:30,,
12/07/2021 09:00,,
12/07/2021 09:30,,
12/07/2021 10:00,,
12/07/2021 10:30,,
12/07/2021 11:00,,
12/07/2021 11:30,,
12/07/2021 12:00,,
12/07/2021 12:30,,
12/07/2021 13:00,,
12/07/2021 13:30,,
12/07/2021 14:00,,
12/07/2021 14:30,,
12/07/2021 15:00,,
12/07/2021 15:30,,
12/07/2021 16:00,,
12/07/2021 16:30,,
12/07/2021 17:00,,
12/07/2021 17:30,,
12/07/2021 18:00,,
12/07/2021 18:30,,
12/07/2021 19:00,,
12/07/2021 19:30,,
12/07/2021 20:00,,
12/07/2021 20:30,,
12/07/2021 21:00,,
12/07/2021 21:30,,
12/07/2021 22:00,,
12/07/2021 22:30,,
12/07/2021 23:00,,
12/07/2021 23:30,,
13/07/2021 00:00,,
13/07/2021 00:30,,
13/07/2021 01:00,,
13/07/2021 01:30,,
13/07/2021 02:00,,
13/07/2021 02:30,,
13/07/2021 03:00,,
13/07/2021 03:30,,
13/07/2021 04:00,,
13/07/2021 04:30,,
13/07/2021 05:00,,
13/07/2021 05:30,,
13/07/2021 06:00,,
13/07/2021 06:30,,
13/07/2021 07:00,,
13/07/2021 07:30,,
13/07/2021 08:00,,
13/07/2021 08:30,,
13/07/2021 09:00,,
13/07/2021 09:30,,
13/07/2021 10:00,,
13/07/2021 10:30,,
13/07/2021 11:00,,
13/07/2021 11:30,,
13/07/2021 12:00,,
13/07/2021 12:30,,
13/07/2021 13:00,,
13/07/2021 13:30,,
13/07/2021 14:00,,
13/07/2021 14:30,,
13/07/2021 15:00,,
13/07/2021 15:30,,
13/07/2021 16:00,,
13/07/2021 16:30,,
13/07/2021 17:00,,
13/07/2021 17:30,,
13/07/2021 18:00,,
13/07/2021 18:30,,
13/07/2021 19:00,,
13/07/2021 19:30,,
13/07/2021 20:00,,
13/07/2021 20:30,,
13/07/2021 21:00,,
13/07/2021 21:30,,
13/07/2021 22:00,,
13/07/2021 22:30,,
13/07/2021 23:00,,
13/07/2021 23:30,,
14/07/2021 00:00,,
14/07/2021 00:30,,
14/07/2021 01:00,,
14/07/2021 01:30,,
14/07/2021 02:00,,
14/07/2021 02:30,,
14/07/2021 03:00,,
14/07/2021 03:30,,
14/07/2021 04:00,,
14/07/2021 04:30,,
14/07/2021 05:00,,
14/07/2021 05:30,,
14/07/2021 06:00,,
14/07/2021 06:30,,
14/07/2021 07:00,,
14/07/2021 07:30,,
14/07/2021 08:00,,
14/07/2021 08:30,,
14/07/2021 09:00,,
14/07/2021 09:30,,
14/07/2021 10:00,,
14/07/2021 10:30,,
14/07/2021 11:00,,
14/07/2021 11:30,,
14/07/2021 12:00,,
14/07/2021 12:30,,
14/07/2021 13:00,,
14/07/2021 13:30,,
14/07/2021 14:00,,
14/07/2021 14:30,,
14/07/2021 15:00,,
14/07/2021 15:30,,
14/07/2021 16:00,,
14/07/2021 16:30,,
14/07/2021 17:00,,
14/07/2021 17:30,,
14/07/2021 18:00,,
14/07/2021 18:30,,
14/07/2021 19:00,,
14/07/2021 19:30,,
14/07/2021 20:00,,
14/07/2021 20:30,,
14/07/2021 21:00,,
14/07/2021 21:30,,
14/07/2021 22:00,,
14/07/2021 22:30,,
14/07/2021 23:00,,
14/07/2021 23:30,,
15/07/2021 00:00,,
15/07/2021 00:30,,
15/07/2021 01:00,,
15/07/2021 01:30,,
15/07/2021 02:00,,
15/07/2021 02:30,,
15/07/2021 03:00,,
15/07/2021 03:30,,
15/07/2021 04:00,,
15/07/2021 04:30,,
15/07/2021 05:00,,
15/07/2021 05:30,,
15/07/2021 06:00,,
15/07/2021 06:30,,
15/07/2021 07:00,,
15/07/2021 07:30,,
15/07/2021 08:00,,
15/07/2021 08:30,,
15/07/2021 09:00,,
15/07/2021 09:30,,
15/07/2021 10:00,,
15/07/2021 10:30,,
15/07/2021 11:00,,
15/07/2021 11:30,,
15/07/2021 12:00,,
15/07/2021 12:30,,
15/07/2021 13:00,,
15/07/2021 13:30,,
15/07/2021 14:00,,
15/07/2021 14:30,,
15/07/2021 15:00,,
15/07/2021 15:30,,
15/07/2021 16:00,,
15/07/2021 16:30,,
15/07/2021 17:00,,
15/07/2021 17:30,,
15/07/2021 18:00,,
15/07/2021 18:30,,
15/07/2021 19:00,,
15/07/2021 19:30,,
15/07/2021 20:00,,
15/07/2021 20:30,,
15/07/2021 21:00,,
15/07/2021 21:30,,
15/07/2021 22:00,,
15/07/2021 22:30,,
15/07/2021 23:00,,
15/07/2021 23:30,,
16/07/2021 00:00,,
16/07/2021 00:30,,
16/07/2021 01:00,,
16/07/2021 01:30,,
16/07/2021 02:00,,
16/07/2021 02:30,,
16/07/2021 03:00,,
16/07/2021 03:30,,
16/07/2021 04:00,,
16/07/2021 04:30,,
16/07/2021 05:00,,
16/07/2021 05:30,,
16/07/2021 06:00,,
16/07/2021 06:30,,
16/07/2021 07:00,,
16/07/2021 07:30,,
16/07/2021 08:00,,
16/07/2021 08:30,,
16/07/2021 09:00,,
16/07/2021 09:30,,
16/07/2021 10:00,,
16/07/2021 10:30,,
16/07/2021 11:00,,
16/07/2021 11:30,,
16/07/2021 12:00,,
16/07/2021 12:30,,
16/07/2021 13:00,,
16/07/2021 13:30,,
16/07/2021 14:00,,
16/07/2021 14:30,,
16/07/2021 15:00,,
16/07/2021 15:30,,
16/07/2021 16:00,,
16/07/2021 16:30,,
16/07/2021 17:00,,
16/07/2021 17:30,,
16/07/2021 18:00,,
16/07/2021 18:30,,
16/07/2021 19:00,,
16/07/2021 19:30,,
16/07/2021 20:00,,
16/07/2021 20:30,,
16/07/2021 21:00,,
16/07/2021 21:30,,
16/07/2021 22:00,,
16/07/2021 22:30,,
16/07/2021 23:00,,
16/07/2021 23:30,,
17/07/2021 00:00,,
17/07/2021 00:30,,
17/07/2021 01:00,,
17/07/2021 01:30,,
17/07/2021 02:00,,
17/07/2021 02:30,,
17/07/2021 03:00,,
17/07/2021 03:30,,
17/07/2021 04:00,,
17/07/2021 04:30,,
17/07/2021 05:00,,
17/07/2021 05:30,,
17/07/2021 06:00,,
17/07/2021 06:30,,
17/07/2021 07:00,,
17/07/2021 07:30,,
17/07/2021 08:00,,
17/07/2021 08:30,,
17/07/2021 09:00,,
17/07/2021 09:30,,
17/07/2021 10:00,,
17/07/2021 10:30,,
17/07/2021 11:00,,
17/07/2021 11:30,,
17/07/2021 12:00,,
17/07/2021 12:30,,
17/07/2021 13:00,,
17/07/2021 13:30,,
17/07/2021 14:00,,
17/07/2021 14:30,,
17/07/2021 15:00,,
17/07/2021 15:30,,
17/07/2021 16:00,,
17/07/2021 16:30,,
17/07/2021 17:00,,
17/07/2021 17:30,,
17/07/2021 18:00,,
17/07/2021 18:30,,
17/07/2021 19:00,,
17/07/2021 19:30,,
17/07/2021 20:00,,
17/07/2021 20:30,,
17/07/2021 21:00,,
17/07/2021 21:30,,
17/07/2021 22:00,,
17/07/2021 22:30,,
17/07/2021 23:00,,
17/07/2021 23:30,,
18/07/2021 00:00,,
18/07/2021 00:30,,
18/07/2021 01:00,,
18/07/2021 01:30,,
18/07/2021 02:00,,
18/07/2021 02:30,,
18/07/2021 03:00,,
18/07/2021 03:30,,
18/07/2021 04:00,,
18/07/2021 04:30,,
18/07/2021 05:00,,
18/07/2021 05:30,,
18/07/2021 06:00,,
18/07/2021 06:30,,
18/07/2021 07:00,,
18/07/2021 07:30,,
18/07/2021 08:00,,
18/07/2021 08:30,,
18/07/2021 09:00,,
18/07/2021 09:30,,
18/07/2021 10:00,,
18/07/2021 10:30,,
18/07/2021 11:00,,
18/07/2021 11:30,,
18/07/2021 12:00,,
18/07/2021 12:30,,
18/07/2021 13:00,,
18/07/2021 13:30,,
18/07/2021 14:00,,
18/07/2021 14:30,,
18/07/2021 15:00,,
18/07/2021 15:30,,
18/07/2021 16:00,,
18/07/2021 16:30,,
18/07/2021 17:00,,
18/07/2021 17:30,,
18/07/2021 18:00,,
18/07/2021 18:30,,
18/07/2021 19:00,,
18/07/2021 19:30,,
18/07/2021 20:00,,
18/07/2021 20:30,,
18/07/2021 21:00,,
18/07/2021 21:30,,
18/07/2021 22:00,,
18/07/2021 22:30,,
18/07/2021 23:00,,
18/07/2021 23:30,,
19/07/2021 00:00,,
19/07/2021 00:30,,
19/07/2021 01:00,,
19/07/2021 01:30,,
19/07/2021 02:00,,
19/07/2021 02:30,,
19/07/2021 03:00,,
19/07/2021 03:30,,
19/07/2021 04:00,,
19/07/2021 04:30,,
19/07/2021 05:00,,
19/07/2021 05:30,,
19/07/2021 06:00,,
19/07/2021 06:30,,
19/07/2021 07:00,,
19/07/2021 07:30,,
19/07/2021 08:00,,
19/07/2021 08:30,,
19/07/2021 09:00,,
19/07/2021 09:30,,
19/07/2021 10:00,,
19/07/2021 10:30,,
19/07/2021 11:00,,
19/07/2021 11:30,,
19/07/2021 12:00,,
19/07/2021 12:30,,
19/07/2021 13:00,,
19/07/2021 13:30,,
19/07/2021 14:00,,
19/07/2021 14:30,,
19/07/2021 15:00,,
19/07/2021 15:30,,
19/07/2021 16:00,,
19/07/2021 16:30,,
19/07/2021 17:00,,
19/07/2021 17:30,,
19/07/2021 18:00,,
19/07/2021 18:30,,
19/07/2021 19:00,,
19/07/2021 19:30,,
19/07/2021 20:00,,
19/07/2021 20:30,,
19/07/2021 21:00,,
19/07/2021 21:30,,
19/07/2021 22:00,,
19/07/2021 22:30,,
19/07/2021 23:00,,
19/07/2021 23:30,,
20/07/2021 00:00,,
20/07/2021 00:30,,
20/07/2021 01:00,,
20/07/2021 01:30,,
20/07/2021 02:00,,
20/07/2021 02:30,,
20/07/2021 03:00,,
20/07/2021 03:30,,
20/07/2021 04:00,,
20/07/2021 04:30,,
20/07/2021 05:00,,
20/07/2021 05:30,,
20/07/2021 06:00,,
20/07/2021 06:30,,
20/07/2021 07:00,,
20/07/2021 07:30,,
20/07/2021 08:00,,
20/07/2021 08:30,,
20/07/2021 09:00,,
20/07/2021 09:30,,
20/07/2021 10:00,,
20/07/2021 10:30,,
20/07/2021 11:00,,
20/07/2021 11:30,,
20/07/2021 12:00,,
20/07/2021 12:30,,
20/07/2021 13:00,,
20/07/2021 13:30,,
20/07/2021 14:00,,
20/07/2021 14:30,,
20/07/2021 15:00,,
20/07/2021 15:30,,
20/07/2021 16:00,,
20/07/2021 16:30,,
20/07/2021 17:00,,
20/07/2021 17:30,,
20/07/2021 18:00,,
20/07/2021 18:30,,
20/07/2021 19:00,,
20/07/2021 19:30,,
20/07/2021 20:00,,
20/07/2021 20:30,,
20/07/2021 21:00,,
20/07/2021 21:30,,
20/07/2021 22:00,,
20/07/2021 22:30,,
20/07/2021 23:00,,
20/07/2021 23:30,,
21/07/2021 00:00,,
21/07/2021 00:30,,
21/07/2021 01:00,,
21/07/2021 01:30,,
21/07/2021 02:00,,
21/07/2021 02:30,,
21/07/2021 03:00,,
21/07/2021 03:30,,
21/07/2021 04:00,,
21/07/2021 04:30,,
21/07/2021 05:00,,
21/07/2021 05:30,,
21/07/2021 06:00,,
21/07/2021 06:30,,
21/07/2021 07:00,,
21/07/2021 07:30,,
21/07/2021 08:00,,
21/07/2021 08:30,,
21/07/2021 09:00,,
21/07/2021 09:30,,
21/07/2021 10:00,,
21/07/2021 10:30,,
21/07/2021 11:00,,
21/07/2021 11:30,,
21/07/2021 12:00,,
21/07/2021 12:30,,
21/07/2021 13:00,,
21/07/2021 13:30,,
21/07/2021 14:00,,
21/07/2021 14:30,,
21/07/2021 15:00,,
21/07/2021 15:30,,
21/07/2021 16:00,,
21/07/2021 16:30,,
21/07/2021 17:00,,
21/07/2021 17:30,,
21/07/2021 18:00,,
21/07/2021 18:30,,
21/07/2021 19:00,,
21/07/2021 19:30,,
21/07/2021 20:00,,
21/07/2021 20:30,,
21/07/2021 21:00,,
21/07/2021 21:30,,
21/07/2021 22:00,,
21/07/2021 22:30,,
21/07/2021 23:00,,
21/07/2021 23:30,,
22/07/2021 00:00,,
22/07/2021 00:30,,
22/07/2021 01:00,,
22/07/2021 01:30,,
22/07/2021 02:00,,
22/07/2021 02:30,,
22/07/2021 03:00,,
22/07/2021 03:30,,
22/07/2021 04:00,,
22/07/2021 04:30,,
22/07/2021 05:00,,
22/07/2021 05:30,,
22/07/2021 06:00,,
22/07/2021 06:30,,
22/07/2021 07:00,,
22/07/2021 07:30,,
22/07/2021 08:00,,
22/07/2021 08:30,,
22/07/2021 09:00,,
22/07/2021 09:30,,
22/07/2021 10:00,,
22/07/2021 10:30,,
22/07/2021 11:00,,
22/07/2021 11:30,,
22/07/2021 12:00,,
22/07/2021 12:30,,
22/07/2021 13:00,,
22/07/2021 13:30,,
22/07/2021 14:00,,
22/07/2021 14:30,,
22/07/2021 15:00,,
22/07/2021 15:30,,
22/07/2021 16:00,,
22/07/2021 16:30,,
22/07/2021 17:00,,
22/07/2021 17:30,,
22/07/2021 18:00,,
22/07/2021 18:30,,
22/07/2021 19:00,,
22/07/2021 19:30,,
22/07/2021 20:00,,
22/07/2021 20:30,,
22/07/2021 21:00,,
22/07/2021 21:30,,
22/07/2021 22:00,,
22/07/2021 22:30,,
22/07/2021 23:00,,
22/07/2021 23:30,,
23/07/2021 00:00,,
23/07/2021 00:30,,
23/07/2021 01:00,,
23/07/2021 01:30,,
23/07/2021 02:00,,
23/07/2021 02:30,,
23/07/2021 03:00,,
23/07/2021 03:30,,
23/07/2021 04:00,,
23/07/2021 04:30,,
23/07/2021 05:00,,
23/07/2021 05:30,,
23/07/2021 06:00,,
23/07/2021 06:30,,
23/07/2021 07:00,,
23/07/2021 07:30,,
23/07/2021 08:00,,
23/07/2021 08:30,,
23/07/2021 09:00,,
23/07/2021 09:30,,
23/07/2021 10:00,,
23/07/2021 10:30,,
23/07/2021 11:00,,
23/07/2021 11:30,,
23/07/2021 12:00,,
23/07/2021 12:30,,
23/07/2021 13:00,,
23/07/2021 13:30,,
23/07/2021 14:00,,
23/07/2021 14:30,,
23/07/2021 15:00,,
23/07/2021 15:30,,
23/07/2021 16:00,,
23/07/2021 16:30,,
23/07/2021 17:00,,
23/07/2021 17:30,,
23/07/2021 18:00,,
23/07/2021 18:30,,
23/07/2021 19:00,,
23/07/2021 19:30,,
23/07/2021 20:00,,
23/07/2021 20:30,,
23/07/2021 21:00,,
23/07/2021 21:30,,
23/07/2021 22:00,,
23/07/2021 22:30,,
23/07/2021 23:00,,
23/07/2021 23:30,,
24/07/2021 00:00,,
24/07/2021 00:30,,
24/07/2021 01:00,,
24/07/2021 01:30,,
24/07/2021 02:00,,
24/07/2021 02:30,,
24/07/2021 03:00,,
24/07/2021 03:30,,
24/07/2021 04:00,,
24/07/2021 04:30,,
24/07/2021 05:00,,
24/07/2021 05:30,,
24/07/2021 06:00,,
24/07/2021 06:30,,
24/07/2021 07:00,,
24/07/2021 07:30,,
24/07/2021 08:00,,
24/07/2021 08:30,,
24/07/2021 09:00,,
24/07/2021 09:30,,
24/07/2021 10:00,,
24/07/2021 10:30,,
24/07/2021 11:00,,
24/07/2021 11:30,,
24/07/2021 12:00,,
24/07/2021 12:30,,
24/07/2021 13:00,,
24/07/2021 13:30,,
24/07/2021 14:00,,
24/07/2021 14:30,,
24/07/2021 15:00,,
24/07/2021 15:30,,
24/07/2021 16:00,,
24/07/2021 16:30,,
24/07/2021 17:00,,
24/07/2021 17:30,,
24/07/2021 18:00,,
24/07/2021 18:30,,
24/07/2021 19:00,,
24/07/2021 19:30,,
24/07/2021 20:00,,
24/07/2021 20:30,,
24/07/2021 21:00,,
24/07/2021 21:30,,
24/07/2021 22:00,,
24/07/2021 22:30,,
24/07/2021 23:00,,
24/07/2021 23:30,,
25/07/2021 00:00,,
25/07/2021 00:30,,
25/07/2021 01:00,,
25/07/2021 01:30,,
25/07/2021 02:00,,
25/07/2021 02:30,,
25/07/2021 03:00,,
25/07/2021 03:30,,
25/07/2021 04:00,,
25/07/2021 04:30,,
25/07/2021 05:00,,
25/07/2021 05:30,,
25/07/2021 06:00,,
25/07/2021 06:30,,
25/07/2021 07:00,,
25/07/2021 07:30,,
25/07/2021 08:00,,
25/07/2021 08:30,,
25/07/2021 09:00,,
25/07/2021 09:30,,
25/07/2021 10:00,,
25/07/2021 10:30,,
25/07/2021 11:00,,
25/07/2021 11:30,,
25/07/2021 12:00,,
25/07/2021 12:30,,
25/07/2021 13:00,,
25/07/2021 13:30,,
25/07/2021 14:00,,
25/07/2021 14:30,,
25/07/2021 15:00,,
25/07/2021 15:30,,
25/07/2021 16:00,,
25/07/2021 16:30,,
25/07/2021 17:00,,
25/07/2021 17:30,,
25/07/2021 18:00,,
25/07/2021 18:30,,
25/07/2021 19:00,,
25/07/2021 19:30,,
25/07/2021 20:00,,
25/07/2021 20:30,,
25/07/2021 21:00,,
25/07/2021 21:30,,
25/07/2021 22:00,,
25/07/2021 22:30,,
25/07/2021 23:00,,
25/07/2021 23:30,,
26/07/2021 00:00,,
26/07/2021 00:30,,
26/07/2021 01:00,,
26/07/2021 01:30,,
26/07/2021 02:00,,
26/07/2021 02:30,,
26/07/2021 03:00,,
26/07/2021 03:30,,
26/07/2021 04:00,,
26/07/2021 04:30,,
26/07/2021 05:00,,
26/07/2021 05:30,,
26/07/2021 06:00,,
26/07/2021 06:30,,
26/07/2021 07:00,,
26/07/2021 07:30,,
26/07/2021 08:00,,
26/07/2021 08:30,,
26/07/2021 09:00,,
26/07/2021 09:30,,
26/07/2021 10:00,,
26/07/2021 10:30,,
26/07/2021 11:00,,
26/07/2021 11:30,,
26/07/2021 12:00,,
26/07/2021 12:30,,
26/07/2021 13:00,,
26/07/2021 13:30,,
26/07/2021 14:00,,
26/07/2021 14:30,,
26/07/2021 15:00,,
26/07/2021 15:30,,
26/07/2021 16:00,,
26/07/2021 16:30,,
26/07/2021 17:00,,
26/07/2021 17:30,,
26/07/2021 18:00,,
26/07/2021 18:30,,
26/07/2021 19:00,,
26/07/2021 19:30,,
26/07/2021 20:00,,
26/07/2021 20:30,,
26/07/2021 21:00,,
26/07/2021 21:30,,
26/07/2021 22:00,,
26/07/2021 22:30,,
26/07/2021 23:00,,
26/07/2021 23:30,,
27/07/2021 00:00,,
27/07/2021 00:30,,
27/07/2021 01:00,,
27/07/2021 01:30,,
27/07/2021 02:00,,
27/07/2021 02:30,,
27/07/2021 03:00,,
27/07/2021 03:30,,
27/07/2021 04:00,,
27/07/2021 04:30,,
27/07/2021 05:00,,
27/07/2021 05:30,,
27/07/2021 06:00,,
27/07/2021 06:30,,
27/07/2021 07:00,,
27/07/2021 07:30,,
27/07/2021 08:00,,
27/07/2021 08:30,,
27/07/2021 09:00,,
27/07/2021 09:30,,
27/07/2021 10:00,,
27/07/2021 10:30,,
27/07/2021 11:00,,
27/07/2021 11:30,,
27/07/2021 12:00,,
27/07/2021 12:30,,
27/07/2021 13:00,,
27/07/2021 13:30,,
27/07/2021 14:00,,
27/07/2021 14:30,,
27/07/2021 15:00,,
27/07/2021 15:30,,
27/07/2021 16:00,,
27/07/2021 16:30,,
27/07/2021 17:00,,
27/07/2021 17:30,,
27/07/2021 18:00,,
27/07/2021 18:30,,
27/07/2021 19:00,,
27/07/2021 19:30,,
27/07/2021 20:00,,
27/07/2021 20:30,,
27/07/2021 21:00,,
27/07/2021 21:30,,
27/07/2021 22:00,,
27/07/2021 22:30,,
27/07/2021 23:00,,
27/07/2021 23:30,,
28/07/2021 00:00,,
28/07/2021 00:30,,
28/07/2021 01:00,,
28/07/2021 01:30,,
28/07/2021 02:00,,
28/07/2021 02:30,,
28/07/2021 03:00,,
28/07/2021 03:30,,
28/07/2021 04:00,,
28/07/2021 04:30,,
28/07/2021 05:00,,
28/07/2021 05:30,,
28/07/2021 06:00,,
28/07/2021 06:30,,
28/07/2021 07:00,,
28/07/2021 07:30,,
28/07/2021 08:00,,
28/07/2021 08:30,,
28/07/2021 09:00,,
28/07/2021 09:30,,
28/07/2021 10:00,,
28/07/2021 10:30,,
28/07/2021 11:00,,
28/07/2021 11:30,,
28/07/2021 12:00,,
28/07/2021 12:30,,
28/07/2021 13:00,,
28/07/2021 13:30,,
28/07/2021 14:00,,
28/07/2021 14:30,,
28/07/2021 15:00,,
28/07/2021 15:30,,
28/07/2021 16:00,,
28/07/2021 16:30,,
28/07/2021 17:00,,
28/07/2021 17:30,,
28/07/2021 18:00,,
28/07/2021 18:30,,
28/07/2021 19:00,,
28/07/2021 19:30,,
28/07/2021 20:00,,
28/07/2021 20:30,,
28/07/2021 21:00,,
28/07/2021 21:30,,
28/07/2021 22:00,,
28/07/2021 22:30,,
28/07/2021 23:00,,
28/07/2021 23:30,,
29/07/2021 00:00,,
29/07/2021 00:30,,
29/07/2021 01:00,,
29/07/2021 01:30,,
29/07/2021 02:00,,
29/07/2021 02:30,,
29/07/2021 03:00,,
29/07/2021 03:30,,
29/07/2021 04:00,,
29/07/2021 04:30,,
29/07/2021 05:00,,
29/07/2021 05:30,,
29/07/2021 06:00,,
29/07/2021 06:30,,
29/07/2021 07:00,,
29/07/2021 07:30,,
29/07/2021 08:00,,
29/07/2021 08:30,,
29/07/2021 09:00,,
29/07/2021 09:30,,
29/07/2021 10:00,,
29/07/2021 10:30,,
29/07/2021 11:00,,
29/07/2021 11:30,,
29/07/2021 12:00,,
29/07/2021 12:30,,
29/07/2021 13:00,,
29/07/2021 13:30,,
29/07/2021 14:00,,
29/07/2021 14:30,,
29/07/2021 15:00,,
29/07/2021 15:30,,
29/07/2021 16:00,,
29/07/2021 16:30,,
29/07/2021 17:00,,
29/07/2021 17:30,,
29/07/2021 18:00,,
29/07/2021 18:30,,
29/07/2021 19:00,,
29/07/2021 19:30,,
29/07/2021 20:00,,
29/07/2021 20:30,,
29/07/2021 21:00,,
29/07/2021 21:30,,
29/07/2021 22:00,,
29/07/2021 22:30,,
29/07/2021 23:00,,
29/07/2021 23:30,,
30/07/2021 00:00,,
30/07/2021 00:30,,
30/07/2021 01:00,,
30/07/2021 01:30,,
30/07/2021 02:00,,
30/07/2021 02:30,,
30/07/2021 03:00,,
30/07/2021 03:30,,
30/07/2021 04:00,,
30/07/2021 04:30,,
30/07/2021 05:00,,
30/07/2021 05:30,,
30/07/2021 06:00,,
30/07/2021 06:30,,
30/07/2021 07:00,,
30/07/2021 07:30,,
30/07/2021 08:00,,
30/07/2021 08:30,,
30/07/2021 09:00,,
30/07/2021 09:30,,
30/07/2021 10:00,,
30/07/2021 10:30,,
30/07/2021 11:00,,
30/07/2021 11:30,,
30/07/2021 12:00,,
30/07/2021 12:30,,
30/07/2021 13:00,,
30/07/2021 13:30,,
30/07/2021 14:00,,
30/07/2021 14:30,,
30/07/2021 15:00,,
30/07/2021 15:30,,
30/07/2021 16:00,,
30/07/2021 16:30,,
30/07/2021 17:00,,
30/07/2021 17:30,,
30/07/2021 18:00,,
30/07/2021 18:30,,
30/07/2021 19:00,,
30/07/2021 19:30,,
30/07/2021 20:00,,
30/07/2021 20:30,,
30/07/2021 21:00,,
30/07/2021 21:30,,
30/07/2021 22:00,,
30/07/2021 22:30,,
30/07/2021 23:00,,
30/07/2021 23:30,,
31/07/2021 00:00,,
31/07/2021 00:30,,
31/07/2021 01:00,,
31/07/2021 01:30,,
31/07/2021 02:00,,
31/07/2021 02:30,,
31/07/2021 03:00,,
31/07/2021 03:30,,
31/07/2021 04:00,,
31/07/2021 04:30,,
31/07/2021 05:00,,
31/07/2021 05:30,,
31/07/2021 06:00,,
31/07/2021 06:30,,
31/07/2021 07:00,,
31/07/2021 07:30,,
31/07/2021 08:00,,
31/07/2021 08:30,,
31/07/2021 09:00,,
31/07/2021 09:30,,
31/07/2021 10:00,,
31/07/2021 10:30,,
31/07/2021 11:00,,
31/07/2021 11:30,,
31/07/2021 12:00,,
31/07/2021 12:30,,
31/07/2021 13:00,,
31/07/2021 13:30,,
31/07/2021 14:00,,
31/07/2021 14:30,,
31/07/2021 15:00,,
31/07/2021 15:30,,
31/07/2021 16:00,,
31/07/2021 16:30,,
31/07/2021 17:00,,
31/07/2021 17:30,,
31/07/2021 18:00,,
31/07/2021 18:30,,
31/07/2021 19:00,,
31/07/2021 19:30,,
31/07/2021 20:00,,
31/07/2021 20:30,,
31/07/2021 21:00,,
31/07/2021 21:30,,
31/07/2021 22:00,,
31/07/2021 22:30,,
31/07/2021 23:00,,
31/07/2021 23:30,,
01/08/2021 00:00,,
01/08/2021 00:30,,
01/08/2021 01:00,,
01/08/2021 01:30,,
01/08/2021 02:00,,
01/08/2021 02:30,,
01/08/2021 03:00,,
01/08/2021 03:30,,
01/08/2021 04:00,,
01/08/2021 04:30,,
01/08/2021 05:00,,
01/08/2021 05:30,,
01/08/2021 06:00,,
01/08/2021 06:30,,
01/08/2021 07:00,,
01/08/2021 07:30,,
01/08/2021 08:00,,
01/08/2021 08:30,,
01/08/2021 09:00,,
01/08/2021 09:30,,
01/08/2021 10:00,,
01/08/2021 10:30,,
01/08/2021 11:00,,
01/08/2021 11:30,,
01/08/2021 12:00,,
01/08/2021 12:30,,
01/08/2021 13:00,,
01/08/2021 13:30,,
01/08/2021 14:00,,
01/08/2021 14:30,,
01/08/2021 15:00,,
01/08/2021 15:30,,
01/08/2021 16:00,,
01/08/2021 16:30,,
01/08/2021 17:00,,
01/08/2021 17:30,,
01/08/2021 18:00,,
01/08/2021 18:30,,
01/08/2021 19:00,,
01/08/2021 19:30,,
01/08/2021 20:00,,
01/08/2021 20:30,,
01/08/2021 21:00,,
01/08/2021 21:30,,
01/08/2021 22:00,,
01/08/2021 22:30,,
01/08/2021 23:00,,
01/08/2021 23:30,,
02/08/2021 00:00,,
02/08/2021 00:30,,
02/08/2021 01:00,,
02/08/2021 01:30,,
02/08/2021 02:00,,
02/08/2021 02:30,,
02/08/2021 03:00,,
02/08/2021 03:30,,
02/08/2021 04:00,,
02/08/2021 04:30,,
02/08/2021 05:00,,
02/08/2021 05:30,,
02/08/2021 06:00,,
02/08/2021 06:30,,
02/08/2021 07:00,,
02/08/2021 07:30,,
02/08/2021 08:00,,
02/08/2021 08:30,,
02/08/2021 09:00,,
02/08/2021 09:30,,
02/08/2021 10:00,,
02/08/2021 10:30,,
02/08/2021 11:00,,
02/08/2021 11:30,,
02/08/2021 12:00,,
02/08/2021 12:30,,
02/08/2021 13:00,,
02/08/2021 13:30,,
02/08/2021 14:00,,
02/08/2021 14:30,,
02/08/2021 15:00,,
02/08/2021 15:30,,
02/08/2021 16:00,,
02/08/2021 16:30,,
02/08/2021 17:00,,
02/08/2021 17:30,,
02/08/2021 18:00,,
02/08/2021 18:30,,
02/08/2021 19:00,,
02/08/2021 19:30,,
02/08/2021 20:00,,
02/08/2021 20:30,,
02/08/2021 21:00,,
02/08/2021 21:30,,
02/08/2021 22:00,,
02/08/2021 22:30,,
02/08/2021 23:00,,
02/08/2021 23:30,,
03/08/2021 00:00,,
03/08/2021 00:30,,
03/08/2021 01:00,,
03/08/2021 01:30,,
03/08/2021 02:00,,
03/08/2021 02:30,,
03/08/2021 03:00,,
03/08/2021 03:30,,
03/08/2021 04:00,,
03/08/2021 04:30,,
03/08/2021 05:00,,
03/08/2021 05:30,,
03/08/2021 06:00,,
03/08/2021 06:30,,
03/08/2021 07:00,,
03/08/2021 07:30,,
03/08/2021 08:00,,
03/08/2021 08:30,,
03/08/2021 09:00,,
03/08/2021 09:30,,
03/08/2021 10:00,,
03/08/2021 10:30,,
03/08/2021 11:00,,
03/08/2021 11:30,,
03/08/2021 12:00,,
03/08/2021 12:30,,
03/08/2021 13:00,,
03/08/2021 13:30,,
03/08/2021 14:00,,
03/08/2021 14:30,,
03/08/2021 15:00,,
03/08/2021 15:30,,
03/08/2021 16:00,,
03/08/2021 16:30,,
03/08/2021 17:00,,
03/08/2021 17:30,,
03/08/2021 18:00,,
03/08/2021 18:30,,
03/08/2021 19:00,,
03/08/2021 19:30,,
03/08/2021 20:00,,
03/08/2021 20:30,,
03/08/2021 21:00,,
03/08/2021 21:30,,
03/08/2021 22:00,,
03/08/2021 22:30,,
03/08/2021 23:00,,
03/08/2021 23:30,,
04/08/2021 00:00,,
04/08/2021 00:30,,
04/08/2021 01:00,,
04/08/2021 01:30,,
04/08/2021 02:00,,
04/08/2021 02:30,,
04/08/2021 03:00,,
04/08/2021 03:30,,
04/08/2021 04:00,,
04/08/2021 04:30,,
04/08/2021 05:00,,
04/08/2021 05:30,,
04/08/2021 06:00,,
04/08/2021 06:30,,
04/08/2021 07:00,,
04/08/2021 07:30,,
04/08/2021 08:00,,
04/08/2021 08:30,,
04/08/2021 09:00,,
04/08/2021 09:30,,
04/08/2021 10:00,,
04/08/2021 10:30,,
04/08/2021 11:00,,
04/08/2021 11:30,,
04/08/2021 12:00,,
04/08/2021 12:30,,
04/08/2021 13:00,,
04/08/2021 13:30,,
04/08/2021 14:00,,
04/08/2021 14:30,,
04/08/2021 15:00,,
04/08/2021 15:30,,
04/08/2021 16:00,,
04/08/2021 16:30,,
04/08/2021 17:00,,
04/08/2021 17:30,,
04/08/2021 18:00,,
04/08/2021 18:30,,
04/08/2021 19:00,,
04/08/2021 19:30,,
04/08/2021 20:00,,
04/08/2021 20:30,,
04/08/2021 21:00,,
04/08/2021 21:30,,
04/08/2021 22:00,,
04/08/2021 22:30,,
04/08/2021 23:00,,
04/08/2021 23:30,,
05/08/2021 00:00,,
05/08/2021 00:30,,
05/08/2021 01:00,,
05/08/2021 01:30,,
05/08/2021 02:00,,
05/08/2021 02:30,,
05/08/2021 03:00,,
05/08/2021 03:30,,
05/08/2021 04:00,,
05/08/2021 04:30,,
05/08/2021 05:00,,
05/08/2021 05:30,,
05/08/2021 06:00,,
05/08/2021 06:30,,
05/08/2021 07:00,,
05/08/2021 07:30,,
05/08/2021 08:00,,
05/08/2021 08:30,,
05/08/2021 09:00,,
05/08/2021 09:30,,
05/08/2021 10:00,,
05/08/2021 10:30,,
05/08/2021 11:00,,
05/08/2021 11:30,,
05/08/2021 12:00,,
05/08/2021 12:30,,
05/08/2021 13:00,,
05/08/2021 13:30,,
05/08/2021 14:00,,
05/08/2021 14:30,,
05/08/2021 15:00,,
05/08/2021 15:30,,
05/08/2021 16:00,,
05/08/2021 16:30,,
05/08/2021 17:00,,
05/08/2021 17:30,,
05/08/2021 18:00,,
05/08/2021 18:30,,
05/08/2021 19:00,,
05/08/2021 19:30,,
05/08/2021 20:00,,
05/08/2021 20:30,,
05/08/2021 21:00,,
05/08/2021 21:30,,
05/08/2021 22:00,,
05/08/2021 22:30,,
05/08/2021 23:00,,
05/08/2021 23:30,,
06/08/2021 00:00,,
06/08/2021 00:30,,
06/08/2021 01:00,,
06/08/2021 01:30,,
06/08/2021 02:00,,
06/08/2021 02:30,,
06/08/2021 03:00,,
06/08/2021 03:30,,
06/08/2021 04:00,,
06/08/2021 04:30,,
06/08/2021 05:00,,
06/08/2021 05:30,,
06/08/2021 06:00,,
06/08/2021 06:30,,
06/08/2021 07:00,,
06/08/2021 07:30,,
06/08/2021 08:00,,
06/08/2021 08:30,,
06/08/2021 09:00,,
06/08/2021 09:30,,
06/08/2021 10:00,,
06/08/2021 10:30,,
06/08/2021 11:00,,
06/08/2021 11:30,,
06/08/2021 12:00,,
06/08/2021 12:30,,
06/08/2021 13:00,,
06/08/2021 13:30,,
06/08/2021 14:00,,
06/08/2021 14:30,,
06/08/2021 15:00,,
06/08/2021 15:30,,
06/08/2021 16:00,,
06/08/2021 16:30,,
06/08/2021 17:00,,
06/08/2021 17:30,,
06/08/2021 18:00,,
06/08/2021 18:30,,
06/08/2021 19:00,,
06/08/2021 19:30,,
06/08/2021 20:00,,
06/08/2021 20:30,,
06/08/2021 21:00,,
06/08/2021 21:30,,
06/08/2021 22:00,,
06/08/2021 22:30,,
06/08/2021 23:00,,
06/08/2021 23:30,,
07/08/2021 00:00,,
07/08/2021 00:30,,
07/08/2021 01:00,,
07/08/2021 01:30,,
07/08/2021 02:00,,
07/08/2021 02:30,,
07/08/2021 03:00,,
07/08/2021 03:30,,
07/08/2021 04:00,,
07/08/2021 04:30,,
07/08/2021 05:00,,
07/08/2021 05:30,,
07/08/2021 06:00,,
07/08/2021 06:30,,
07/08/2021 07:00,,
07/08/2021 07:30,,
07/08/2021 08:00,,
07/08/2021 08:30,,
07/08/2021 09:00,,
07/08/2021 09:30,,
07/08/2021 10:00,,
07/08/2021 10:30,,
07/08/2021 11:00,,
07/08/2021 11:30,,
07/08/2021 12:00,,
07/08/2021 12:30,,
07/08/2021 13:00,,
07/08/2021 13:30,,
07/08/2021 14:00,,
07/08/2021 14:30,,
07/08/2021 15:00,,
07/08/2021 15:30,,
07/08/2021 16:00,,
07/08/2021 16:30,,
07/08/2021 17:00,,
07/08/2021 17:30,,
07/08/2021 18:00,,
07/08/2021 18:30,,
07/08/2021 19:00,,
07/08/2021 19:30,,
07/08/2021 20:00,,
07/08/2021 20:30,,
07/08/2021 21:00,,
07/08/2021 21:30,,
07/08/2021 22:00,,
07/08/2021 22:30,,
07/08/2021 23:00,,
07/08/2021 23:30,,
08/08/2021 00:00,,
08/08/2021 00:30,,
08/08/2021 01:00,,
08/08/2021 01:30,,
08/08/2021 02:00,,
08/08/2021 02:30,,
08/08/2021 03:00,,
08/08/2021 03:30,,
08/08/2021 04:00,,
08/08/2021 04:30,,
08/08/2021 05:00,,
08/08/2021 05:30,,
08/08/2021 06:00,,
08/08/2021 06:30,,
08/08/2021 07:00,,
08/08/2021 07:30,,
08/08/2021 08:00,,
08/08/2021 08:30,,
08/08/2021 09:00,,
08/08/2021 09:30,,
08/08/2021 10:00,,
08/08/2021 10:30,,
08/08/2021 11:00,,
08/08/2021 11:30,,
08/08/2021 12:00,,
08/08/2021 12:30,,
08/08/2021 13:00,,
08/08/2021 13:30,,
08/08/2021 14:00,,
08/08/2021 14:30,,
08/08/2021 15:00,,
08/08/2021 15:30,,
08/08/2021 16:00,,
08/08/2021 16:30,,
08/08/2021 17:00,,
08/08/2021 17:30,,
08/08/2021 18:00,,
08/08/2021 18:30,,
08/08/2021 19:00,,
08/08/2021 19:30,,
08/08/2021 20:00,,
08/08/2021 20:30,,
08/08/2021 21:00,,
08/08/2021 21:30,,
08/08/2021 22:00,,
08/08/2021 22:30,,
08/08/2021 23:00,,
08/08/2021 23:30,,
09/08/2021 00:00,,
09/08/2021 00:30,,
09/08/2021 01:00,,
09/08/2021 01:30,,
09/08/2021 02:00,,
09/08/2021 02:30,,
09/08/2021 03:00,,
09/08/2021 03:30,,
09/08/2021 04:00,,
09/08/2021 04:30,,
09/08/2021 05:00,,
09/08/2021 05:30,,
09/08/2021 06:00,,
09/08/2021 06:30,,
09/08/2021 07:00,,
09/08/2021 07:30,,
09/08/2021 08:00,,
09/08/2021 08:30,,
09/08/2021 09:00,,
09/08/2021 09:30,,
09/08/2021 10:00,,
09/08/2021 10:30,,
09/08/2021 11:00,,
09/08/2021 11:30,,
09/08/2021 12:00,,
09/08/2021 12:30,,
09/08/2021 13:00,,
09/08/2021 13:30,,
09/08/2021 14:00,,
09/08/2021 14:30,,
09/08/2021 15:00,,
09/08/2021 15:30,,
09/08/2021 16:00,,
09/08/2021 16:30,,
09/08/2021 17:00,,
09/08/2021 17:30,,
09/08/2021 18:00,,
09/08/2021 18:30,,
09/08/2021 19:00,,
09/08/2021 19:30,,
09/08/2021 20:00,,
09/08/2021 20:30,,
09/08/2021 21:00,,
09/08/2021 21:30,,
09/08/2021 22:00,,
09/08/2021 22:30,,
09/08/2021 23:00,,
09/08/2021 23:30,,
10/08/2021 00:00,,
10/08/2021 00:30,,
10/08/2021 01:00,,
10/08/2021 01:30,,
10/08/2021 02:00,,
10/08/2021 02:30,,
10/08/2021 03:00,,
10/08/2021 03:30,,
10/08/2021 04:00,,
10/08/2021 04:30,,
10/08/2021 05:00,,
10/08/2021 05:30,,
10/08/2021 06:00,,
10/08/2021 06:30,,
10/08/2021 07:00,,
10/08/2021 07:30,,
10/08/2021 08:00,,
10/08/2021 08:30,,
10/08/2021 09:00,,
10/08/2021 09:30,,
10/08/2021 10:00,,
10/08/2021 10:30,,
10/08/2021 11:00,,
10/08/2021 11:30,,
10/08/2021 12:00,,
10/08/2021 12:30,,
10/08/2021 13:00,,
10/08/2021 13:30,,
10/08/2021 14:00,,
10/08/2021 14:30,,
10/08/2021 15:00,,
10/08/2021 15:30,,
10/08/2021 16:00,,
10/08/2021 16:30,,
10/08/2021 17:00,,
10/08/2021 17:30,,
10/08/2021 18:00,,
10/08/2021 18:30,,
10/08/2021 19:00,,
10/08/2021 19:30,,
10/08/2021 20:00,,
10/08/2021 20:30,,
10/08/2021 21:00,,
10/08/2021 21:30,,
10/08/2021 22:00,,
10/08/2021 22:30,,
10/08/2021 23:00,,
10/08/2021 23:30,,
11/08/2021 00:00,,
11/08/2021 00:30,,
11/08/2021 01:00,,
11/08/2021 01:30,,
11/08/2021 02:00,,
11/08/2021 02:30,,
11/08/2021 03:00,,
11/08/2021 03:30,,
11/08/2021 04:00,,
11/08/2021 04:30,,
11/08/2021 05:00,,
11/08/2021 05:30,,
11/08/2021 06:00,,
11/08/2021 06:30,,
11/08/2021 07:00,,
11/08/2021 07:30,,
11/08/2021 08:00,,
11/08/2021 08:30,,
11/08/2021 09:00,,
11/08/2021 09:30,,
11/08/2021 10:00,,
11/08/2021 10:30,,
11/08/2021 11:00,,
11/08/2021 11:30,,
11/08/2021 12:00,,
11/08/2021 12:30,,
11/08/2021 13:00,,
11/08/2021 13:30,,
11/08/2021 14:00,,
11/08/2021 14:30,,
11/08/2021 15:00,,
11/08/2021 15:30,,
11/08/2021 16:00,,
11/08/2021 16:30,,
11/08/2021 17:00,,
11/08/2021 17:30,,
11/08/2021 18:00,,
11/08/2021 18:30,,
11/08/2021 19:00,,
11/08/2021 19:30,,
11/08/2021 20:00,,
11/08/2021 20:30,,
11/08/2021 21:00,,
11/08/2021 21:30,,
11/08/2021 22:00,,
11/08/2021 22:30,,
11/08/2021 23:00,,
11/08/2021 23:30,,
12/08/2021 00:00,,
12/08/2021 00:30,,
12/08/2021 01:00,,
12/08/2021 01:30,,
12/08/2021 02:00,,
12/08/2021 02:30,,
12/08/2021 03:00,,
12/08/2021 03:30,,
12/08/2021 04:00,,
12/08/2021 04:30,,
12/08/2021 05:00,,
12/08/2021 05:30,,
12/08/2021 06:00,,
12/08/2021 06:30,,
12/08/2021 07:00,,
12/08/2021 07:30,,
12/08/2021 08:00,,
12/08/2021 08:30,,
12/08/2021 09:00,,
12/08/2021 09:30,,
12/08/2021 10:00,,
12/08/2021 10:30,,
12/08/2021 11:00,,
12/08/2021 11:30,,
12/08/2021 12:00,,
12/08/2021 12:30,,
12/08/2021 13:00,,
12/08/2021 13:30,,
12/08/2021 14:00,,
12/08/2021 14:30,,
12/08/2021 15:00,,
12/08/2021 15:30,,
12/08/2021 16:00,,
12/08/2021 16:30,,
12/08/2021 17:00,,
12/08/2021 17:30,,
12/08/2021 18:00,,
12/08/2021 18:30,,
12/08/2021 19:00,,
12/08/2021 19:30,,
12/08/2021 20:00,,
12/08/2021 20:30,,
12/08/2021 21:00,,
12/08/2021 21:30,,
12/08/2021 22:00,,
12/08/2021 22:30,,
12/08/2021 23:00,,
12/08/2021 23:30,,
13/08/2021 00:00,,
13/08/2021 00:30,,
13/08/2021 01:00,,
13/08/2021 01:30,,
13/08/2021 02:00,,
13/08/2021 02:30,,
13/08/2021 03:00,,
13/08/2021 03:30,,
13/08/2021 04:00,,
13/08/2021 04:30,,
13/08/2021 05:00,,
13/08/2021 05:30,,
13/08/2021 06:00,,
13/08/2021 06:30,,
13/08/2021 07:00,,
13/08/2021 07:30,,
13/08/2021 08:00,,
13/08/2021 08:30,,
13/08/2021 09:00,,
13/08/2021 09:30,,
13/08/2021 10:00,,
13/08/2021 10:30,,
13/08/2021 11:00,,
13/08/2021 11:30,,
13/08/2021 12:00,,
13/08/2021 12:30,,
13/08/2021 13:00,,
13/08/2021 13:30,,
13/08/2021 14:00,,
13/08/2021 14:30,,
13/08/2021 15:00,,
13/08/2021 15:30,,
13/08/2021 16:00,,
13/08/2021 16:30,,
13/08/2021 17:00,,
13/08/2021 17:30,,
13/08/2021 18:00,,
13/08/2021 18:30,,
13/08/2021 19:00,,
13/08/2021 19:30,,
13/08/2021 20:00,,
13/08/2021 20:30,,
13/08/2021 21:00,,
13/08/2021 21:30,,
13/08/2021 22:00,,
13/08/2021 22:30,,
13/08/2021 23:00,,
13/08/2021 23:30,,
14/08/2021 00:00,,
14/08/2021 00:30,,
14/08/2021 01:00,,
14/08/2021 01:30,,
14/08/2021 02:00,,
14/08/2021 02:30,,
14/08/2021 03:00,,
14/08/2021 03:30,,
14/08/2021 04:00,,
14/08/2021 04:30,,
14/08/2021 05:00,,
14/08/2021 05:30,,
14/08/2021 06:00,,
14/08/2021 06:30,,
14/08/2021 07:00,,
14/08/2021 07:30,,
14/08/2021 08:00,,
14/08/2021 08:30,,
14/08/2021 09:00,,
14/08/2021 09:30,,
14/08/2021 10:00,,
14/08/2021 10:30,,
14/08/2021 11:00,,
14/08/2021 11:30,,
14/08/2021 12:00,,
14/08/2021 12:30,,
14/08/2021 13:00,,
14/08/2021 13:30,,
14/08/2021 14:00,,
14/08/2021 14:30,,
14/08/2021 15:00,,
14/08/2021 15:30,,
14/08/2021 16:00,,
14/08/2021 16:30,,
14/08/2021 17:00,,
14/08/2021 17:30,,
14/08/2021 18:00,,
14/08/2021 18:30,,
14/08/2021 19:00,,
14/08/2021 19:30,,
14/08/2021 20:00,,
14/08/2021 20:30,,
14/08/2021 21:00,,
14/08/2021 21:30,,
14/08/2021 22:00,,
14/08/2021 22:30,,
14/08/2021 23:00,,
14/08/2021 23:30,,
15/08/2021 00:00,,
15/08/2021 00:30,,
15/08/2021 01:00,,
15/08/2021 01:30,,
15/08/2021 02:00,,
15/08/2021 02:30,,
15/08/2021 03:00,,
15/08/2021 03:30,,
15/08/2021 04:00,,
15/08/2021 04:30,,
15/08/2021 05:00,,
15/08/2021 05:30,,
15/08/2021 06:00,,
15/08/2021 06:30,,
15/08/2021 07:00,,
15/08/2021 07:30,,
15/08/2021 08:00,,
15/08/2021 08:30,,
15/08/2021 09:00,,
15/08/2021 09:30,,
15/08/2021 10:00,,
15/08/2021 10:30,,
15/08/2021 11:00,,
15/08/2021 11:30,,
15/08/2021 12:00,,
15/08/2021 12:30,,
15/08/2021 13:00,,
15/08/2021 13:30,,
15/08/2021 14:00,,
15/08/2021 14:30,,
15/08/2021 15:00,,
15/08/2021 15:30,,
15/08/2021 16:00,,
15/08/2021 16:30,,
15/08/2021 17:00,,
15/08/2021 17:30,,
15/08/2021 18:00,,
15/08/2021 18:30,,
15/08/2021 19:00,,
15/08/2021 19:30,,
15/08/2021 20:00,,
15/08/2021 20:30,,
15/08/2021 21:00,,
15/08/2021 21:30,,
15/08/2021 22:00,,
15/08/2021 22:30,,
15/08/2021 23:00,,
15/08/2021 23:30,,
16/08/2021 00:00,,
16/08/2021 00:30,,
16/08/2021 01:00,,
16/08/2021 01:30,,
16/08/2021 02:00,,
16/08/2021 02:30,,
16/08/2021 03:00,,
16/08/2021 03:30,,
16/08/2021 04:00,,
16/08/2021 04:30,,
16/08/2021 05:00,,
16/08/2021 05:30,,
16/08/2021 06:00,,
16/08/2021 06:30,,
16/08/2021 07:00,,
16/08/2021 07:30,,
16/08/2021 08:00,,
16/08/2021 08:30,,
16/08/2021 09:00,,
16/08/2021 09:30,,
16/08/2021 10:00,,
16/08/2021 10:30,,
16/08/2021 11:00,,
16/08/2021 11:30,,
16/08/2021 12:00,,
16/08/2021 12:30,,
16/08/2021 13:00,,
16/08/2021 13:30,,
16/08/2021 14:00,,
16/08/2021 14:30,,
16/08/2021 15:00,,
16/08/2021 15:30,,
16/08/2021 16:00,,
16/08/2021 16:30,,
16/08/2021 17:00,,
16/08/2021 17:30,,
16/08/2021 18:00,,
16/08/2021 18:30,,
16/08/2021 19:00,,
16/08/2021 19:30,,
16/08/2021 20:00,,
16/08/2021 20:30,,
16/08/2021 21:00,,
16/08/2021 21:30,,
16/08/2021 22:00,,
16/08/2021 22:30,,
16/08/2021 23:00,,
16/08/2021 23:30,,
17/08/2021 00:00,,
17/08/2021 00:30,,
17/08/2021 01:00,,
17/08/2021 01:30,,
17/08/2021 02:00,,
17/08/2021 02:30,,
17/08/2021 03:00,,
17/08/2021 03:30,,
17/08/2021 04:00,,
17/08/2021 04:30,,
17/08/2021 05:00,,
17/08/2021 05:30,,
17/08/2021 06:00,,
17/08/2021 06:30,,
17/08/2021 07:00,,
17/08/2021 07:30,,
17/08/2021 08:00,,
17/08/2021 08:30,,
17/08/2021 09:00,,
17/08/2021 09:30,,
17/08/2021 10:00,,
17/08/2021 10:30,,
17/08/2021 11:00,,
17/08/2021 11:30,,
17/08/2021 12:00,,
17/08/2021 12:30,,
17/08/2021 13:00,,
17/08/2021 13:30,,
17/08/2021 14:00,,
17/08/2021 14:30,,
17/08/2021 15:00,,
17/08/2021 15:30,,
17/08/2021 16:00,,
17/08/2021 16:30,,
17/08/2021 17:00,,
17/08/2021 17:30,,
17/08/2021 18:00,,
17/08/2021 18:30,,
17/08/2021 19:00,,
17/08/2021 19:30,,
17/08/2021 20:00,,
17/08/2021 20:30,,
17/08/2021 21:00,,
17/08/2021 21:30,,
17/08/2021 22:00,,
17/08/2021 22:30,,
17/08/2021 23:00,,
17/08/2021 23:30,,
18/08/2021 00:00,,
18/08/2021 00:30,,
18/08/2021 01:00,,
18/08/2021 01:30,,
18/08/2021 02:00,,
18/08/2021 02:30,,
18/08/2021 03:00,,
18/08/2021 03:30,,
18/08/2021 04:00,,
18/08/2021 04:30,,
18/08/2021 05:00,,
18/08/2021 05:30,,
18/08/2021 06:00,,
18/08/2021 06:30,,
18/08/2021 07:00,,
18/08/2021 07:30,,
18/08/2021 08:00,,
18/08/2021 08:30,,
18/08/2021 09:00,,
18/08/2021 09:30,,
18/08/2021 10:00,,
18/08/2021 10:30,,
18/08/2021 11:00,,
18/08/2021 11:30,,
18/08/2021 12:00,,
18/08/2021 12:30,,
18/08/2021 13:00,,
18/08/2021 13:30,,
18/08/2021 14:00,,
18/08/2021 14:30,,
18/08/2021 15:00,,
18/08/2021 15:30,,
18/08/2021 16:00,,
18/08/2021 16:30,,
18/08/2021 17:00,,
18/08/2021 17:30,,
18/08/2021 18:00,,
18/08/2021 18:30,,
18/08/2021 19:00,,
18/08/2021 19:30,,
18/08/2021 20:00,,
18/08/2021 20:30,,
18/08/2021 21:00,,
18/08/2021 21:30,,
18/08/2021 22:00,,
18/08/2021 22:30,,
18/08/2021 23:00,,
18/08/2021 23:30,,
19/08/2021 00:00,,
19/08/2021 00:30,,
19/08/2021 01:00,,
19/08/2021 01:30,,
19/08/2021 02:00,,
19/08/2021 02:30,,
19/08/2021 03:00,,
19/08/2021 03:30,,
19/08/2021 04:00,,
19/08/2021 04:30,,
19/08/2021 05:00,,
19/08/2021 05:30,,
19/08/2021 06:00,,
19/08/2021 06:30,,
19/08/2021 07:00,,
19/08/2021 07:30,,
19/08/2021 08:00,,
19/08/2021 08:30,,
19/08/2021 09:00,,
19/08/2021 09:30,,
19/08/2021 10:00,,
19/08/2021 10:30,,
19/08/2021 11:00,,
19/08/2021 11:30,,
19/08/2021 12:00,,
19/08/2021 12:30,,
19/08/2021 13:00,,
19/08/2021 13:30,,
19/08/2021 14:00,,
19/08/2021 14:30,,
19/08/2021 15:00,,
19/08/2021 15:30,,
19/08/2021 16:00,,
19/08/2021 16:30,,
19/08/2021 17:00,,
19/08/2021 17:30,,
19/08/2021 18:00,,
19/08/2021 18:30,,
19/08/2021 19:00,,
19/08/2021 19:30,,
19/08/2021 20:00,,
19/08/2021 20:30,,
19/08/2021 21:00,,
19/08/2021 21:30,,
19/08/2021 22:00,,
19/08/2021 22:30,,
19/08/2021 23:00,,
19/08/2021 23:30,,
20/08/2021 00:00,,
20/08/2021 00:30,,
20/08/2021 01:00,,
20/08/2021 01:30,,
20/08/2021 02:00,,
20/08/2021 02:30,,
20/08/2021 03:00,,
20/08/2021 03:30,,
20/08/2021 04:00,,
20/08/2021 04:30,,
20/08/2021 05:00,,
20/08/2021 05:30,,
20/08/2021 06:00,,
20/08/2021 06:30,,
20/08/2021 07:00,,
20/08/2021 07:30,,
20/08/2021 08:00,,
20/08/2021 08:30,,
20/08/2021 09:00,,
20/08/2021 09:30,,
20/08/2021 10:00,,
20/08/2021 10:30,,
20/08/2021 11:00,,
20/08/2021 11:30,,
20/08/2021 12:00,,
20/08/2021 12:30,,
20/08/2021 13:00,,
20/08/2021 13:30,,
20/08/2021 14:00,,
20/08/2021 14:30,,
20/08/2021 15:00,,
20/08/2021 15:30,,
20/08/2021 16:00,,
20/08/2021 16:30,,
20/08/2021 17:00,,
20/08/2021 17:30,,
20/08/2021 18:00,,
20/08/2021 18:30,,
20/08/2021 19:00,,
20/08/2021 19:30,,
20/08/2021 20:00,,
20/08/2021 20:30,,
20/08/2021 21:00,,
20/08/2021 21:30,,
20/08/2021 22:00,,
20/08/2021 22:30,,
20/08/2021 23:00,,
20/08/2021 23:30,,
21/08/2021 00:00,,
21/08/2021 00:30,,
21/08/2021 01:00,,
21/08/2021 01:30,,
21/08/2021 02:00,,
21/08/2021 02:30,,
21/08/2021 03:00,,
21/08/2021 03:30,,
21/08/2021 04:00,,
21/08/2021 04:30,,
21/08/2021 05:00,,
21/08/2021 05:30,,
21/08/2021 06:00,,
21/08/2021 06:30,,
21/08/2021 07:00,,
21/08/2021 07:30,,
21/08/2021 08:00,,
21/08/2021 08:30,,
21/08/2021 09:00,,
21/08/2021 09:30,,
21/08/2021 10:00,,
21/08/2021 10:30,,
21/08/2021 11:00,,
21/08/2021 11:30,,
21/08/2021 12:00,,
21/08/2021 12:30,,
21/08/2021 13:00,,
21/08/2021 13:30,,
21/08/2021 14:00,,
21/08/2021 14:30,,
21/08/2021 15:00,,
21/08/2021 15:30,,
21/08/2021 16:00,,
21/08/2021 16:30,,
21/08/2021 17:00,,
21/08/2021 17:30,,
21/08/2021 18:00,,
21/08/2021 18:30,,
21/08/2021 19:00,,
21/08/2021 19:30,,
21/08/2021 20:00,,
21/08/2021 20:30,,
21/08/2021 21:00,,
21/08/2021 21:30,,
21/08/2021 22:00,,
21/08/2021 22:30,,
21/08/2021 23:00,,
21/08/2021 23:30,,
22/08/2021 00:00,,
22/08/2021 00:30,,
22/08/2021 01:00,,
22/08/2021 01:30,,
22/08/2021 02:00,,
22/08/2021 02:30,,
22/08/2021 03:00,,
22/08/2021 03:30,,
22/08/2021 04:00,,
22/08/2021 04:30,,
22/08/2021 05:00,,
22/08/2021 05:30,,
22/08/2021 06:00,,
22/08/2021 06:30,,
22/08/2021 07:00,,
22/08/2021 07:30,,
22/08/2021 08:00,,
22/08/2021 08:30,,
22/08/2021 09:00,,
22/08/2021 09:30,,
22/08/2021 10:00,,
22/08/2021 10:30,,
22/08/2021 11:00,,
22/08/2021 11:30,,
22/08/2021 12:00,,
22/08/2021 12:30,,
22/08/2021 13:00,,
22/08/2021 13:30,,
22/08/2021 14:00,,
22/08/2021 14:30,,
22/08/2021 15:00,,
22/08/2021 15:30,,
22/08/2021 16:00,,
22/08/2021 16:30,,
22/08/2021 17:00,,
22/08/2021 17:30,,
22/08/2021 18:00,,
22/08/2021 18:30,,
22/08/2021 19:00,,
22/08/2021 19:30,,
22/08/2021 20:00,,
22/08/2021 20:30,,
22/08/2021 21:00,,
22/08/2021 21:30,,
22/08/2021 22:00,,
22/08/2021 22:30,,
22/08/2021 23:00,,
22/08/2021 23:30,,
23/08/2021 00:00,,
23/08/2021 00:30,,
23/08/2021 01:00,,
23/08/2021 01:30,,
23/08/2021 02:00,,
23/08/2021 02:30,,
23/08/2021 03:00,,
23/08/2021 03:30,,
23/08/2021 04:00,,
23/08/2021 04:30,,
23/08/2021 05:00,,
23/08/2021 05:30,,
23/08/2021 06:00,,
23/08/2021 06:30,,
23/08/2021 07:00,,
23/08/2021 07:30,,
23/08/2021 08:00,,
23/08/2021 08:30,,
23/08/2021 09:00,,
23/08/2021 09:30,,
23/08/2021 10:00,,
23/08/2021 10:30,,
23/08/2021 11:00,,
23/08/2021 11:30,,
23/08/2021 12:00,,
23/08/2021 12:30,,
23/08/2021 13:00,,
23/08/2021 13:30,,
23/08/2021 14:00,,
23/08/2021 14:30,,
23/08/2021 15:00,,
23/08/2021 15:30,,
23/08/2021 16:00,,
23/08/2021 16:30,,
23/08/2021 17:00,,
23/08/2021 17:30,,
23/08/2021 18:00,,
23/08/2021 18:30,,
23/08/2021 19:00,,
23/08/2021 19:30,,
23/08/2021 20:00,,
23/08/2021 20:30,,
23/08/2021 21:00,,
23/08/2021 21:30,,
23/08/2021 22:00,,
23/08/2021 22:30,,
23/08/2021 23:00,,
23/08/2021 23:30,,
24/08/2021 00:00,,
24/08/2021 00:30,,
24/08/2021 01:00,,
24/08/2021 01:30,,
24/08/2021 02:00,,
24/08/2021 02:30,,
24/08/2021 03:00,,
24/08/2021 03:30,,
24/08/2021 04:00,,
24/08/2021 04:30,,
24/08/2021 05:00,,
24/08/2021 05:30,,
24/08/2021 06:00,,
24/08/2021 06:30,,
24/08/2021 07:00,,
24/08/2021 07:30,,
24/08/2021 08:00,,
24/08/2021 08:30,,
24/08/2021 09:00,,
24/08/2021 09:30,,
24/08/2021 10:00,,
24/08/2021 10:30,,
24/08/2021 11:00,,
24/08/2021 11:30,,
24/08/2021 12:00,,
24/08/2021 12:30,,
24/08/2021 13:00,,
24/08/2021 13:30,,
24/08/2021 14:00,,
24/08/2021 14:30,,
24/08/2021 15:00,,
24/08/2021 15:30,,
24/08/2021 16:00,,
24/08/2021 16:30,,
24/08/2021 17:00,,
24/08/2021 17:30,,
24/08/2021 18:00,,
24/08/2021 18:30,,
24/08/2021 19:00,,
24/08/2021 19:30,,
24/08/2021 20:00,,
24/08/2021 20:30,,
24/08/2021 21:00,,
24/08/2021 21:30,,
24/08/2021 22:00,,
24/08/2021 22:30,,
24/08/2021 23:00,,
24/08/2021 23:30,,
25/08/2021 00:00,,
25/08/2021 00:30,,
25/08/2021 01:00,,
25/08/2021 01:30,,
25/08/2021 02:00,,
25/08/2021 02:30,,
25/08/2021 03:00,,
25/08/2021 03:30,,
25/08/2021 04:00,,
25/08/2021 04:30,,
25/08/2021 05:00,,
25/08/2021 05:30,,
25/08/2021 06:00,,
25/08/2021 06:30,,
25/08/2021 07:00,,
25/08/2021 07:30,,
25/08/2021 08:00,,
25/08/2021 08:30,,
25/08/2021 09:00,,
25/08/2021 09:30,,
25/08/2021 10:00,,
25/08/2021 10:30,,
25/08/2021 11:00,,
25/08/2021 11:30,,
25/08/2021 12:00,,
25/08/2021 12:30,,
25/08/2021 13:00,,
25/08/2021 13:30,,
25/08/2021 14:00,,
25/08/2021 14:30,,
25/08/2021 15:00,,
25/08/2021 15:30,,
25/08/2021 16:00,,
25/08/2021 16:30,,
25/08/2021 17:00,,
25/08/2021 17:30,,
25/08/2021 18:00,,
25/08/2021 18:30,,
25/08/2021 19:00,,
25/08/2021 19:30,,
25/08/2021 20:00,,
25/08/2021 20:30,,
25/08/2021 21:00,,
25/08/2021 21:30,,
25/08/2021 22:00,,
25/08/2021 22:30,,
25/08/2021 23:00,,
25/08/2021 23:30,,
26/08/2021 00:00,,
26/08/2021 00:30,,
26/08/2021 01:00,,
26/08/2021 01:30,,
26/08/2021 02:00,,
26/08/2021 02:30,,
26/08/2021 03:00,,
26/08/2021 03:30,,
26/08/2021 04:00,,
26/08/2021 04:30,,
26/08/2021 05:00,,
26/08/2021 05:30,,
26/08/2021 06:00,,
26/08/2021 06:30,,
26/08/2021 07:00,,
26/08/2021 07:30,,
26/08/2021 08:00,,
26/08/2021 08:30,,
26/08/2021 09:00,,
26/08/2021 09:30,,
26/08/2021 10:00,,
26/08/2021 10:30,,
26/08/2021 11:00,,
26/08/2021 11:30,,
26/08/2021 12:00,,
26/08/2021 12:30,,
26/08/2021 13:00,,
26/08/2021 13:30,,
26/08/2021 14:00,,
26/08/2021 14:30,,
26/08/2021 15:00,,
26/08/2021 15:30,,
26/08/2021 16:00,,
26/08/2021 16:30,,
26/08/2021 17:00,,
26/08/2021 17:30,,
26/08/2021 18:00,,
26/08/2021 18:30,,
26/08/2021 19:00,,
26/08/2021 19:30,,
26/08/2021 20:00,,
26/08/2021 20:30,,
26/08/2021 21:00,,
26/08/2021 21:30,,
26/08/2021 22:00,,
26/08/2021 22:30,,
26/08/2021 23:00,,
26/08/2021 23:30,,
27/08/2021 00:00,,
27/08/2021 00:30,,
27/08/2021 01:00,,
27/08/2021 01:30,,
27/08/2021 02:00,,
27/08/2021 02:30,,
27/08/2021 03:00,,
27/08/2021 03:30,,
27/08/2021 04:00,,
27/08/2021 04:30,,
27/08/2021 05:00,,
27/08/2021 05:30,,
27/08/2021 06:00,,
27/08/2021 06:30,,
27/08/2021 07:00,,
27/08/2021 07:30,,
27/08/2021 08:00,,
27/08/2021 08:30,,
27/08/2021 09:00,,
27/08/2021 09:30,,
27/08/2021 10:00,,
27/08/2021 10:30,,
27/08/2021 11:00,,
27/08/2021 11:30,,
27/08/2021 12:00,,
27/08/2021 12:30,,
27/08/2021 13:00,,
27/08/2021 13:30,,
27/08/2021 14:00,,
27/08/2021 14:30,,
27/08/2021 15:00,,
27/08/2021 15:30,,
27/08/2021 16:00,,
27/08/2021 16:30,,
27/08/2021 17:00,,
27/08/2021 17:30,,
27/08/2021 18:00,,
27/08/2021 18:30,,
27/08/2021 19:00,,
27/08/2021 19:30,,
27/08/2021 20:00,,
27/08/2021 20:30,,
27/08/2021 21:00,,
27/08/2021 21:30,,
27/08/2021 22:00,,
27/08/2021 22:30,,
27/08/2021 23:00,,
27/08/2021 23:30,,
28/08/2021 00:00,,
28/08/2021 00:30,,
28/08/2021 01:00,,
28/08/2021 01:30,,
28/08/2021 02:00,,
28/08/2021 02:30,,
28/08/2021 03:00,,
28/08/2021 03:30,,
28/08/2021 04:00,,
28/08/2021 04:30,,
28/08/2021 05:00,,
28/08/2021 05:30,,
28/08/2021 06:00,,
28/08/2021 06:30,,
28/08/2021 07:00,,
28/08/2021 07:30,,
28/08/2021 08:00,,
28/08/2021 08:30,,
28/08/2021 09:00,,
28/08/2021 09:30,,
28/08/2021 10:00,,
28/08/2021 10:30,,
28/08/2021 11:00,,
28/08/2021 11:30,,
28/08/2021 12:00,,
28/08/2021 12:30,,
28/08/2021 13:00,,
28/08/2021 13:30,,
28/08/2021 14:00,,
28/08/2021 14:30,,
28/08/2021 15:00,,
28/08/2021 15:30,,
28/08/2021 16:00,,
28/08/2021 16:30,,
28/08/2021 17:00,,
28/08/2021 17:30,,
28/08/2021 18:00,,
28/08/2021 18:30,,
28/08/2021 19:00,,
28/08/2021 19:30,,
28/08/2021 20:00,,
28/08/2021 20:30,,
28/08/2021 21:00,,
28/08/2021 21:30,,
28/08/2021 22:00,,
28/08/2021 22:30,,
28/08/2021 23:00,,
28/08/2021 23:30,,
29/08/2021 00:00,,
29/08/2021 00:30,,
29/08/2021 01:00,,
29/08/2021 01:30,,
29/08/2021 02:00,,
29/08/2021 02:30,,
29/08/2021 03:00,,
29/08/2021 03:30,,
29/08/2021 04:00,,
29/08/2021 04:30,,
29/08/2021 05:00,,
29/08/2021 05:30,,
29/08/2021 06:00,,
29/08/2021 06:30,,
29/08/2021 07:00,,
29/08/2021 07:30,,
29/08/2021 08:00,,
29/08/2021 08:30,,
29/08/2021 09:00,,
29/08/2021 09:30,,
29/08/2021 10:00,,
29/08/2021 10:30,,
29/08/2021 11:00,,
29/08/2021 11:30,,
29/08/2021 12:00,,
29/08/2021 12:30,,
29/08/2021 13:00,,
29/08/2021 13:30,,
29/08/2021 14:00,,
29/08/2021 14:30,,
29/08/2021 15:00,,
29/08/2021 15:30,,
29/08/2021 16:00,,
29/08/2021 16:30,,
29/08/2021 17:00,,
29/08/2021 17:30,,
29/08/2021 18:00,,
29/08/2021 18:30,,
29/08/2021 19:00,,
29/08/2021 19:30,,
29/08/2021 20:00,,
29/08/2021 20:30,,
29/08/2021 21:00,,
29/08/2021 21:30,,
29/08/2021 22:00,,
29/08/2021 22:30,,
29/08/2021 23:00,,
29/08/2021 23:30,,
30/08/2021 00:00,,
30/08/2021 00:30,,
30/08/2021 01:00,,
30/08/2021 01:30,,
30/08/2021 02:00,,
30/08/2021 02:30,,
30/08/2021 03:00,,
30/08/2021 03:30,,
30/08/2021 04:00,,
30/08/2021 04:30,,
30/08/2021 05:00,,
30/08/2021 05:30,,
30/08/2021 06:00,,
30/08/2021 06:30,,
30/08/2021 07:00,,
30/08/2021 07:30,,
30/08/2021 08:00,,
30/08/2021 08:30,,
30/08/2021 09:00,,
30/08/2021 09:30,,
30/08/2021 10:00,,
30/08/2021 10:30,,
30/08/2021 11:00,,
30/08/2021 11:30,,
30/08/2021 12:00,,
30/08/2021 12:30,,
30/08/2021 13:00,,
30/08/2021 13:30,,
30/08/2021 14:00,,
30/08/2021 14:30,,
30/08/2021 15:00,,
30/08/2021 15:30,,
30/08/2021 16:00,,
30/08/2021 16:30,,
30/08/2021 17:00,,
30/08/2021 17:30,,
30/08/2021 18:00,,
30/08/2021 18:30,,
30/08/2021 19:00,,
30/08/2021 19:30,,
30/08/2021 20:00,,
30/08/2021 20:30,,
30/08/2021 21:00,,
30/08/2021 21:30,,
30/08/2021 22:00,,
30/08/2021 22:30,,
30/08/2021 23:00,,
30/08/2021 23:30,,
31/08/2021 00:00,,
31/08/2021 00:30,,
31/08/2021 01:00,,
31/08/2021 01:30,,
31/08/2021 02:00,,
31/08/2021 02:30,,
31/08/2021 03:00,,
31/08/2021 03:30,,
31/08/2021 04:00,,
31/08/2021 04:30,,
31/08/2021 05:00,,
31/08/2021 05:30,,
31/08/2021 06:00,,
31/08/2021 06:30,,
31/08/2021 07:00,,
31/08/2021 07:30,,
31/08/2021 08:00,,
31/08/2021 08:30,,
31/08/2021 09:00,,
31/08/2021 09:30,,
31/08/2021 10:00,,
31/08/2021 10:30,,
31/08/2021 11:00,,
31/08/2021 11:30,,
31/08/2021 12:00,,
31/08/2021 12:30,,
31/08/2021 13:00,,
31/08/2021 13:30,,
31/08/2021 14:00,,
31/08/2021 14:30,,
31/08/2021 15:00,,
31/08/2021 15:30,,
31/08/2021 16:00,,
31/08/2021 16:30,,
31/08/2021 17:00,,
31/08/2021 17:30,,
31/08/2021 18:00,,
31/08/2021 18:30,,
31/08/2021 19:00,,
31/08/2021 19:30,,
31/08/2021 20:00,,
31/08/2021 20:30,,
31/08/2021 21:00,,
31/08/2021 21:30,,
31/08/2021 22:00,,
31/08/2021 22:30,,
31/08/2021 23:00,,
31/08/2021 23:30,,
01/09/2021 00:00,,
01/09/2021 00:30,,
01/09/2021 01:00,,
01/09/2021 01:30,,
01/09/2021 02:00,,
01/09/2021 02:30,,
01/09/2021 03:00,,
01/09/2021 03:30,,
01/09/2021 04:00,,
01/09/2021 04:30,,
01/09/2021 05:00,,
01/09/2021 05:30,,
01/09/2021 06:00,,
01/09/2021 06:30,,
01/09/2021 07:00,,
01/09/2021 07:30,,
01/09/2021 08:00,,
01/09/2021 08:30,,
01/09/2021 09:00,,
01/09/2021 09:30,,
01/09/2021 10:00,,
01/09/2021 10:30,,
01/09/2021 11:00,,
01/09/2021 11:30,,
01/09/2021 12:00,,
01/09/2021 12:30,,
01/09/2021 13:00,,
01/09/2021 13:30,,
01/09/2021 14:00,,
01/09/2021 14:30,,
01/09/2021 15:00,,
01/09/2021 15:30,,
01/09/2021 16:00,,
01/09/2021 16:30,,
01/09/2021 17:00,,
01/09/2021 17:30,,
01/09/2021 18:00,,
01/09/2021 18:30,,
01/09/2021 19:00,,
01/09/2021 19:30,,
01/09/2021 20:00,,
01/09/2021 20:30,,
01/09/2021 21:00,,
01/09/2021 21:30,,
01/09/2021 22:00,,
01/09/2021 22:30,,
01/09/2021 23:00,,
01/09/2021 23:30,,
02/09/2021 00:00,,
02/09/2021 00:30,,
02/09/2021 01:00,,
02/09/2021 01:30,,
02/09/2021 02:00,,
02/09/2021 02:30,,
02/09/2021 03:00,,
02/09/2021 03:30,,
02/09/2021 04:00,,
02/09/2021 04:30,,
02/09/2021 05:00,,
02/09/2021 05:30,,
02/09/2021 06:00,,
02/09/2021 06:30,,
02/09/2021 07:00,,
02/09/2021 07:30,,
02/09/2021 08:00,,
02/09/2021 08:30,,
02/09/2021 09:00,,
02/09/2021 09:30,,
02/09/2021 10:00,,
02/09/2021 10:30,,
02/09/2021 11:00,,
02/09/2021 11:30,,
02/09/2021 12:00,,
02/09/2021 12:30,,
02/09/2021 13:00,,
02/09/2021 13:30,,
02/09/2021 14:00,,
02/09/2021 14:30,,
02/09/2021 15:00,,
02/09/2021 15:30,,
02/09/2021 16:00,,
02/09/2021 16:30,,
02/09/2021 17:00,,
02/09/2021 17:30,,
02/09/2021 18:00,,
02/09/2021 18:30,,
02/09/2021 19:00,,
02/09/2021 19:30,,
02/09/2021 20:00,,
02/09/2021 20:30,,
02/09/2021 21:00,,
02/09/2021 21:30,,
02/09/2021 22:00,,
02/09/2021 22:30,,
02/09/2021 23:00,,
02/09/2021 23:30,,
03/09/2021 00:00,,
03/09/2021 00:30,,
03/09/2021 01:00,,
03/09/2021 01:30,,
03/09/2021 02:00,,
03/09/2021 02:30,,
03/09/2021 03:00,,
03/09/2021 03:30,,
03/09/2021 04:00,,
03/09/2021 04:30,,
03/09/2021 05:00,,
03/09/2021 05:30,,
03/09/2021 06:00,,
03/09/2021 06:30,,
03/09/2021 07:00,,
03/09/2021 07:30,,
03/09/2021 08:00,,
03/09/2021 08:30,,
03/09/2021 09:00,,
03/09/2021 09:30,,
03/09/2021 10:00,,
03/09/2021 10:30,,
03/09/2021 11:00,,
03/09/2021 11:30,,
03/09/2021 12:00,,
03/09/2021 12:30,,
03/09/2021 13:00,,
03/09/2021 13:30,,
03/09/2021 14:00,,
03/09/2021 14:30,,
03/09/2021 15:00,,
03/09/2021 15:30,,
03/09/2021 16:00,,
03/09/2021 16:30,,
03/09/2021 17:00,,
03/09/2021 17:30,,
03/09/2021 18:00,,
03/09/2021 18:30,,
03/09/2021 19:00,,
03/09/2021 19:30,,
03/09/2021 20:00,,
03/09/2021 20:30,,
03/09/2021 21:00,,
03/09/2021 21:30,,
03/09/2021 22:00,,
03/09/2021 22:30,,
03/09/2021 23:00,,
03/09/2021 23:30,,
04/09/2021 00:00,,
04/09/2021 00:30,,
04/09/2021 01:00,,
04/09/2021 01:30,,
04/09/2021 02:00,,
04/09/2021 02:30,,
04/09/2021 03:00,,
04/09/2021 03:30,,
04/09/2021 04:00,,
04/09/2021 04:30,,
04/09/2021 05:00,,
04/09/2021 05:30,,
04/09/2021 06:00,,
04/09/2021 06:30,,
04/09/2021 07:00,,
04/09/2021 07:30,,
04/09/2021 08:00,,
04/09/2021 08:30,,
04/09/2021 09:00,,
04/09/2021 09:30,,
04/09/2021 10:00,,
04/09/2021 10:30,,
04/09/2021 11:00,,
04/09/2021 11:30,,
04/09/2021 12:00,,
04/09/2021 12:30,,
04/09/2021 13:00,,
04/09/2021 13:30,,
04/09/2021 14:00,,
04/09/2021 14:30,,
04/09/2021 15:00,,
04/09/2021 15:30,,
04/09/2021 16:00,,
04/09/2021 16:30,,
04/09/2021 17:00,,
04/09/2021 17:30,,
04/09/2021 18:00,,
04/09/2021 18:30,,
04/09/2021 19:00,,
04/09/2021 19:30,,
04/09/2021 20:00,,
04/09/2021 20:30,,
04/09/2021 21:00,,
04/09/2021 21:30,,
04/09/2021 22:00,,
04/09/2021 22:30,,
04/09/2021 23:00,,
04/09/2021 23:30,,
05/09/2021 00:00,,
05/09/2021 00:30,,
05/09/2021 01:00,,
05/09/2021 01:30,,
05/09/2021 02:00,,
05/09/2021 02:30,,
05/09/2021 03:00,,
05/09/2021 03:30,,
05/09/2021 04:00,,
05/09/2021 04:30,,
05/09/2021 05:00,,
05/09/2021 05:30,,
05/09/2021 06:00,,
05/09/2021 06:30,,
05/09/2021 07:00,,
05/09/2021 07:30,,
05/09/2021 08:00,,
05/09/2021 08:30,,
05/09/2021 09:00,,
05/09/2021 09:30,,
05/09/2021 10:00,,
05/09/2021 10:30,,
05/09/2021 11:00,,
05/09/2021 11:30,,
05/09/2021 12:00,,
05/09/2021 12:30,,
05/09/2021 13:00,,
05/09/2021 13:30,,
05/09/2021 14:00,,
05/09/2021 14:30,,
05/09/2021 15:00,,
05/09/2021 15:30,,
05/09/2021 16:00,,
05/09/2021 16:30,,
05/09/2021 17:00,,
05/09/2021 17:30,,
05/09/2021 18:00,,
05/09/2021 18:30,,
05/09/2021 19:00,,
05/09/2021 19:30,,
05/09/2021 20:00,,
05/09/2021 20:30,,
05/09/2021 21:00,,
05/09/2021 21:30,,
05/09/2021 22:00,,
05/09/2021 22:30,,
05/09/2021 23:00,,
05/09/2021 23:30,,
06/09/2021 00:00,,
06/09/2021 00:30,,
06/09/2021 01:00,,
06/09/2021 01:30,,
06/09/2021 02:00,,
06/09/2021 02:30,,
06/09/2021 03:00,,
06/09/2021 03:30,,
06/09/2021 04:00,,
06/09/2021 04:30,,
06/09/2021 05:00,,
06/09/2021 05:30,,
06/09/2021 06:00,,
06/09/2021 06:30,,
06/09/2021 07:00,,
06/09/2021 07:30,,
06/09/2021 08:00,,
06/09/2021 08:30,,
06/09/2021 09:00,,
06/09/2021 09:30,,
06/09/2021 10:00,,
06/09/2021 10:30,,
06/09/2021 11:00,,
06/09/2021 11:30,,
06/09/2021 12:00,,
06/09/2021 12:30,,
06/09/2021 13:00,,
06/09/2021 13:30,,
06/09/2021 14:00,,
06/09/2021 14:30,,
06/09/2021 15:00,,
06/09/2021 15:30,,
06/09/2021 16:00,,
06/09/2021 16:30,,
06/09/2021 17:00,,
06/09/2021 17:30,,
06/09/2021 18:00,,
06/09/2021 18:30,,
06/09/2021 19:00,,
06/09/2021 19:30,,
06/09/2021 20:00,,
06/09/2021 20:30,,
06/09/2021 21:00,,
06/09/2021 21:30,,
06/09/2021 22:00,,
06/09/2021 22:30,,
06/09/2021 23:00,,
06/09/2021 23:30,,
07/09/2021 00:00,,
07/09/2021 00:30,,
07/09/2021 01:00,,
07/09/2021 01:30,,
07/09/2021 02:00,,
07/09/2021 02:30,,
07/09/2021 03:00,,
07/09/2021 03:30,,
07/09/2021 04:00,,
07/09/2021 04:30,,
07/09/2021 05:00,,
07/09/2021 05:30,,
07/09/2021 06:00,,
07/09/2021 06:30,,
07/09/2021 07:00,,
07/09/2021 07:30,,
07/09/2021 08:00,,
07/09/2021 08:30,,
07/09/2021 09:00,,
07/09/2021 09:30,,
07/09/2021 10:00,,
07/09/2021 10:30,,
07/09/2021 11:00,,
07/09/2021 11:30,,
07/09/2021 12:00,,
07/09/2021 12:30,,
07/09/2021 13:00,,
07/09/2021 13:30,,
07/09/2021 14:00,,
07/09/2021 14:30,,
07/09/2021 15:00,,
07/09/2021 15:30,,
07/09/2021 16:00,,
07/09/2021 16:30,,
07/09/2021 17:00,,
07/09/2021 17:30,,
07/09/2021 18:00,,
07/09/2021 18:30,,
07/09/2021 19:00,,
07/09/2021 19:30,,
07/09/2021 20:00,,
07/09/2021 20:30,,
07/09/2021 21:00,,
07/09/2021 21:30,,
07/09/2021 22:00,,
07/09/2021 22:30,,
07/09/2021 23:00,,
07/09/2021 23:30,,
08/09/2021 00:00,,
08/09/2021 00:30,,
08/09/2021 01:00,,
08/09/2021 01:30,,
08/09/2021 02:00,,
08/09/2021 02:30,,
08/09/2021 03:00,,
08/09/2021 03:30,,
08/09/2021 04:00,,
08/09/2021 04:30,,
08/09/2021 05:00,,
08/09/2021 05:30,,
08/09/2021 06:00,,
08/09/2021 06:30,,
08/09/2021 07:00,,
08/09/2021 07:30,,
08/09/2021 08:00,,
08/09/2021 08:30,,
08/09/2021 09:00,,
08/09/2021 09:30,,
08/09/2021 10:00,,
08/09/2021 10:30,,
08/09/2021 11:00,,
08/09/2021 11:30,,
08/09/2021 12:00,,
08/09/2021 12:30,,
08/09/2021 13:00,,
08/09/2021 13:30,,
08/09/2021 14:00,,
08/09/2021 14:30,,
08/09/2021 15:00,,
08/09/2021 15:30,,
08/09/2021 16:00,,
08/09/2021 16:30,,
08/09/2021 17:00,,
08/09/2021 17:30,,
08/09/2021 18:00,,
08/09/2021 18:30,,
08/09/2021 19:00,,
08/09/2021 19:30,,
08/09/2021 20:00,,
08/09/2021 20:30,,
08/09/2021 21:00,,
08/09/2021 21:30,,
08/09/2021 22:00,,
08/09/2021 22:30,,
08/09/2021 23:00,,
08/09/2021 23:30,,
09/09/2021 00:00,,
09/09/2021 00:30,,
09/09/2021 01:00,,
09/09/2021 01:30,,
09/09/2021 02:00,,
09/09/2021 02:30,,
09/09/2021 03:00,,
09/09/2021 03:30,,
09/09/2021 04:00,,
09/09/2021 04:30,,
09/09/2021 05:00,,
09/09/2021 05:30,,
09/09/2021 06:00,,
09/09/2021 06:30,,
09/09/2021 07:00,,
09/09/2021 07:30,,
09/09/2021 08:00,,
09/09/2021 08:30,,
09/09/2021 09:00,,
09/09/2021 09:30,,
09/09/2021 10:00,,
09/09/2021 10:30,,
09/09/2021 11:00,,
09/09/2021 11:30,,
09/09/2021 12:00,,
09/09/2021 12:30,,
09/09/2021 13:00,,
09/09/2021 13:30,,
09/09/2021 14:00,,
09/09/2021 14:30,,
09/09/2021 15:00,,
09/09/2021 15:30,,
09/09/2021 16:00,,
09/09/2021 16:30,,
09/09/2021 17:00,,
09/09/2021 17:30,,
09/09/2021 18:00,,
09/09/2021 18:30,,
09/09/2021 19:00,,
09/09/2021 19:30,,
09/09/2021 20:00,,
09/09/2021 20:30,,
09/09/2021 21:00,,
09/09/2021 21:30,,
09/09/2021 22:00,,
09/09/2021 22:30,,
09/09/2021 23:00,,
09/09/2021 23:30,,
10/09/2021 00:00,,
10/09/2021 00:30,,
10/09/2021 01:00,,
10/09/2021 01:30,,
10/09/2021 02:00,,
10/09/2021 02:30,,
10/09/2021 03:00,,
10/09/2021 03:30,,
10/09/2021 04:00,,
10/09/2021 04:30,,
10/09/2021 05:00,,
10/09/2021 05:30,,
10/09/2021 06:00,,
10/09/2021 06:30,,
10/09/2021 07:00,,
10/09/2021 07:30,,
10/09/2021 08:00,,
10/09/2021 08:30,,
10/09/2021 09:00,,
10/09/2021 09:30,,
10/09/2021 10:00,,
10/09/2021 10:30,,
10/09/2021 11:00,,
10/09/2021 11:30,,
10/09/2021 12:00,,
10/09/2021 12:30,,
10/09/2021 13:00,,
10/09/2021 13:30,,
10/09/2021 14:00,,
10/09/2021 14:30,,
10/09/2021 15:00,,
10/09/2021 15:30,,
10/09/2021 16:00,,
10/09/2021 16:30,,
10/09/2021 17:00,,
10/09/2021 17:30,,
10/09/2021 18:00,,
10/09/2021 18:30,,
10/09/2021 19:00,,
10/09/2021 19:30,,
10/09/2021 20:00,,
10/09/2021 20:30,,
10/09/2021 21:00,,
10/09/2021 21:30,,
10/09/2021 22:00,,
10/09/2021 22:30,,
10/09/2021 23:00,,
10/09/2021 23:30,,
11/09/2021 00:00,,
11/09/2021 00:30,,
11/09/2021 01:00,,
11/09/2021 01:30,,
11/09/2021 02:00,,
11/09/2021 02:30,,
11/09/2021 03:00,,
11/09/2021 03:30,,
11/09/2021 04:00,,
11/09/2021 04:30,,
11/09/2021 05:00,,
11/09/2021 05:30,,
11/09/2021 06:00,,
11/09/2021 06:30,,
11/09/2021 07:00,,
11/09/2021 07:30,,
11/09/2021 08:00,,
11/09/2021 08:30,,
11/09/2021 09:00,,
11/09/2021 09:30,,
11/09/2021 10:00,,
11/09/2021 10:30,,
11/09/2021 11:00,,
11/09/2021 11:30,,
11/09/2021 12:00,,
11/09/2021 12:30,,
11/09/2021 13:00,,
11/09/2021 13:30,,
11/09/2021 14:00,,
11/09/2021 14:30,,
11/09/2021 15:00,,
11/09/2021 15:30,,
11/09/2021 16:00,,
11/09/2021 16:30,,
11/09/2021 17:00,,
11/09/2021 17:30,,
11/09/2021 18:00,,
11/09/2021 18:30,,
11/09/2021 19:00,,
11/09/2021 19:30,,
11/09/2021 20:00,,
11/09/2021 20:30,,
11/09/2021 21:00,,
11/09/2021 21:30,,
11/09/2021 22:00,,
11/09/2021 22:30,,
11/09/2021 23:00,,
11/09/2021 23:30,,
12/09/2021 00:00,,
12/09/2021 00:30,,
12/09/2021 01:00,,
12/09/2021 01:30,,
12/09/2021 02:00,,
12/09/2021 02:30,,
12/09/2021 03:00,,
12/09/2021 03:30,,
12/09/2021 04:00,,
12/09/2021 04:30,,
12/09/2021 05:00,,
12/09/2021 05:30,,
12/09/2021 06:00,,
12/09/2021 06:30,,
12/09/2021 07:00,,
12/09/2021 07:30,,
12/09/2021 08:00,,
12/09/2021 08:30,,
12/09/2021 09:00,,
12/09/2021 09:30,,
12/09/2021 10:00,,
12/09/2021 10:30,,
12/09/2021 11:00,,
12/09/2021 11:30,,
12/09/2021 12:00,,
12/09/2021 12:30,,
12/09/2021 13:00,,
12/09/2021 13:30,,
12/09/2021 14:00,,
12/09/2021 14:30,,
12/09/2021 15:00,,
12/09/2021 15:30,,
12/09/2021 16:00,,
12/09/2021 16:30,,
12/09/2021 17:00,,
12/09/2021 17:30,,
12/09/2021 18:00,,
12/09/2021 18:30,,
12/09/2021 19:00,,
12/09/2021 19:30,,
12/09/2021 20:00,,
12/09/2021 20:30,,
12/09/2021 21:00,,
12/09/2021 21:30,,
12/09/2021 22:00,,
12/09/2021 22:30,,
12/09/2021 23:00,,
12/09/2021 23:30,,
13/09/2021 00:00,,
13/09/2021 00:30,,
13/09/2021 01:00,,
13/09/2021 01:30,,
13/09/2021 02:00,,
13/09/2021 02:30,,
13/09/2021 03:00,,
13/09/2021 03:30,,
13/09/2021 04:00,,
13/09/2021 04:30,,
13/09/2021 05:00,,
13/09/2021 05:30,,
13/09/2021 06:00,,
13/09/2021 06:30,,
13/09/2021 07:00,,
13/09/2021 07:30,,
13/09/2021 08:00,,
13/09/2021 08:30,,
13/09/2021 09:00,,
13/09/2021 09:30,,
13/09/2021 10:00,,
13/09/2021 10:30,,
13/09/2021 11:00,,
13/09/2021 11:30,,
13/09/2021 12:00,,
13/09/2021 12:30,,
13/09/2021 13:00,,
13/09/2021 13:30,,
13/09/2021 14:00,,
13/09/2021 14:30,,
13/09/2021 15:00,,
13/09/2021 15:30,,
13/09/2021 16:00,,
13/09/2021 16:30,,
13/09/2021 17:00,,
13/09/2021 17:30,,
13/09/2021 18:00,,
13/09/2021 18:30,,
13/09/2021 19:00,,
13/09/2021 19:30,,
13/09/2021 20:00,,
13/09/2021 20:30,,
13/09/2021 21:00,,
13/09/2021 21:30,,
13/09/2021 22:00,,
13/09/2021 22:30,,
13/09/2021 23:00,,
13/09/2021 23:30,,
14/09/2021 00:00,,
14/09/2021 00:30,,
14/09/2021 01:00,,
14/09/2021 01:30,,
14/09/2021 02:00,,
14/09/2021 02:30,,
14/09/2021 03:00,,
14/09/2021 03:30,,
14/09/2021 04:00,,
14/09/2021 04:30,,
14/09/2021 05:00,,
14/09/2021 05:30,,
14/09/2021 06:00,,
14/09/2021 06:30,,
14/09/2021 07:00,,
14/09/2021 07:30,,
14/09/2021 08:00,,
14/09/2021 08:30,,
14/09/2021 09:00,,
14/09/2021 09:30,,
14/09/2021 10:00,,
14/09/2021 10:30,,
14/09/2021 11:00,,
14/09/2021 11:30,,
14/09/2021 12:00,,
14/09/2021 12:30,,
14/09/2021 13:00,,
14/09/2021 13:30,,
14/09/2021 14:00,,
14/09/2021 14:30,,
14/09/2021 15:00,,
14/09/2021 15:30,,
14/09/2021 16:00,,
14/09/2021 16:30,,
14/09/2021 17:00,,
14/09/2021 17:30,,
14/09/2021 18:00,,
14/09/2021 18:30,,
14/09/2021 19:00,,
14/09/2021 19:30,,
14/09/2021 20:00,,
14/09/2021 20:30,,
14/09/2021 21:00,,
14/09/2021 21:30,,
14/09/2021 22:00,,
14/09/2021 22:30,,
14/09/2021 23:00,,
14/09/2021 23:30,,
15/09/2021 00:00,,
15/09/2021 00:30,,
15/09/2021 01:00,,
15/09/2021 01:30,,
15/09/2021 02:00,,
15/09/2021 02:30,,
15/09/2021 03:00,,
15/09/2021 03:30,,
15/09/2021 04:00,,
15/09/2021 04:30,,
15/09/2021 05:00,,
15/09/2021 05:30,,
15/09/2021 06:00,,
15/09/2021 06:30,,
15/09/2021 07:00,,
15/09/2021 07:30,,
15/09/2021 08:00,,
15/09/2021 08:30,,
15/09/2021 09:00,,
15/09/2021 09:30,,
15/09/2021 10:00,,
15/09/2021 10:30,,
15/09/2021 11:00,,
15/09/2021 11:30,,
15/09/2021 12:00,,
15/09/2021 12:30,,
15/09/2021 13:00,,
15/09/2021 13:30,,
15/09/2021 14:00,,
15/09/2021 14:30,,
15/09/2021 15:00,,
15/09/2021 15:30,,
15/09/2021 16:00,,
15/09/2021 16:30,,
15/09/2021 17:00,,
15/09/2021 17:30,,
15/09/2021 18:00,,
15/09/2021 18:30,,
15/09/2021 19:00,,
15/09/2021 19:30,,
15/09/2021 20:00,,
15/09/2021 20:30,,
15/09/2021 21:00,,
15/09/2021 21:30,,
15/09/2021 22:00,,
15/09/2021 22:30,,
15/09/2021 23:00,,
15/09/2021 23:30,,
16/09/2021 00:00,,
16/09/2021 00:30,,
16/09/2021 01:00,,
16/09/2021 01:30,,
16/09/2021 02:00,,
16/09/2021 02:30,,
16/09/2021 03:00,,
16/09/2021 03:30,,
16/09/2021 04:00,,
16/09/2021 04:30,,
16/09/2021 05:00,,
16/09/2021 05:30,,
16/09/2021 06:00,,
16/09/2021 06:30,,
16/09/2021 07:00,,
16/09/2021 07:30,,
16/09/2021 08:00,,
16/09/2021 08:30,,
16/09/2021 09:00,,
16/09/2021 09:30,,
16/09/2021 10:00,,
16/09/2021 10:30,,
16/09/2021 11:00,,
16/09/2021 11:30,,
16/09/2021 12:00,,
16/09/2021 12:30,,
16/09/2021 13:00,,
16/09/2021 13:30,,
16/09/2021 14:00,,
16/09/2021 14:30,,
16/09/2021 15:00,,
16/09/2021 15:30,,
16/09/2021 16:00,,
16/09/2021 16:30,,
16/09/2021 17:00,,
16/09/2021 17:30,,
16/09/2021 18:00,,
16/09/2021 18:30,,
16/09/2021 19:00,,
16/09/2021 19:30,,
16/09/2021 20:00,,
16/09/2021 20:30,,
16/09/2021 21:00,,
16/09/2021 21:30,,
16/09/2021 22:00,,
16/09/2021 22:30,,
16/09/2021 23:00,,
16/09/2021 23:30,,
17/09/2021 00:00,,
17/09/2021 00:30,,
17/09/2021 01:00,,
17/09/2021 01:30,,
17/09/2021 02:00,,
17/09/2021 02:30,,
17/09/2021 03:00,,
17/09/2021 03:30,,
17/09/2021 04:00,,
17/09/2021 04:30,,
17/09/2021 05:00,,
17/09/2021 05:30,,
17/09/2021 06:00,,
17/09/2021 06:30,,
17/09/2021 07:00,,
17/09/2021 07:30,,
17/09/2021 08:00,,
17/09/2021 08:30,,
17/09/2021 09:00,,
17/09/2021 09:30,,
17/09/2021 10:00,,
17/09/2021 10:30,,
17/09/2021 11:00,,
17/09/2021 11:30,,
17/09/2021 12:00,,
17/09/2021 12:30,,
17/09/2021 13:00,,
17/09/2021 13:30,,
17/09/2021 14:00,,
17/09/2021 14:30,,
17/09/2021 15:00,,
17/09/2021 15:30,,
17/09/2021 16:00,,
17/09/2021 16:30,,
17/09/2021 17:00,,
17/09/2021 17:30,,
17/09/2021 18:00,,
17/09/2021 18:30,,
17/09/2021 19:00,,
17/09/2021 19:30,,
17/09/2021 20:00,,
17/09/2021 20:30,,
17/09/2021 21:00,,
17/09/2021 21:30,,
17/09/2021 22:00,,
17/09/2021 22:30,,
17/09/2021 23:00,,
17/09/2021 23:30,,
18/09/2021 00:00,,
18/09/2021 00:30,,
18/09/2021 01:00,,
18/09/2021 01:30,,
18/09/2021 02:00,,
18/09/2021 02:30,,
18/09/2021 03:00,,
18/09/2021 03:30,,
18/09/2021 04:00,,
18/09/2021 04:30,,
18/09/2021 05:00,,
18/09/2021 05:30,,
18/09/2021 06:00,,
18/09/2021 06:30,,
18/09/2021 07:00,,
18/09/2021 07:30,,
18/09/2021 08:00,,
18/09/2021 08:30,,
18/09/2021 09:00,,
18/09/2021 09:30,,
18/09/2021 10:00,,
18/09/2021 10:30,,
18/09/2021 11:00,,
18/09/2021 11:30,,
18/09/2021 12:00,,
18/09/2021 12:30,,
18/09/2021 13:00,,
18/09/2021 13:30,,
18/09/2021 14:00,,
18/09/2021 14:30,,
18/09/2021 15:00,,
18/09/2021 15:30,,
18/09/2021 16:00,,
18/09/2021 16:30,,
18/09/2021 17:00,,
18/09/2021 17:30,,
18/09/2021 18:00,,
18/09/2021 18:30,,
18/09/2021 19:00,,
18/09/2021 19:30,,
18/09/2021 20:00,,
18/09/2021 20:30,,
18/09/2021 21:00,,
18/09/2021 21:30,,
18/09/2021 22:00,,
18/09/2021 22:30,,
18/09/2021 23:00,,
18/09/2021 23:30,,
19/09/2021 00:00,,
19/09/2021 00:30,,
19/09/2021 01:00,,
19/09/2021 01:30,,
19/09/2021 02:00,,
19/09/2021 02:30,,
19/09/2021 03:00,,
19/09/2021 03:30,,
19/09/2021 04:00,,
19/09/2021 04:30,,
19/09/2021 05:00,,
19/09/2021 05:30,,
19/09/2021 06:00,,
19/09/2021 06:30,,
19/09/2021 07:00,,
19/09/2021 07:30,,
19/09/2021 08:00,,
19/09/2021 08:30,,
19/09/2021 09:00,,
19/09/2021 09:30,,
19/09/2021 10:00,,
19/09/2021 10:30,,
19/09/2021 11:00,,
19/09/2021 11:30,,
19/09/2021 12:00,,
19/09/2021 12:30,,
19/09/2021 13:00,,
19/09/2021 13:30,,
19/09/2021 14:00,,
19/09/2021 14:30,,
19/09/2021 15:00,,
19/09/2021 15:30,,
19/09/2021 16:00,,
19/09/2021 16:30,,
19/09/2021 17:00,,
19/09/2021 17:30,,
19/09/2021 18:00,,
19/09/2021 18:30,,
19/09/2021 19:00,,
19/09/2021 19:30,,
19/09/2021 20:00,,
19/09/2021 20:30,,
19/09/2021 21:00,,
19/09/2021 21:30,,
19/09/2021 22:00,,
19/09/2021 22:30,,
19/09/2021 23:00,,
19/09/2021 23:30,,
20/09/2021 00:00,,
20/09/2021 00:30,,
20/09/2021 01:00,,
20/09/2021 01:30,,
20/09/2021 02:00,,
20/09/2021 02:30,,
20/09/2021 03:00,,
20/09/2021 03:30,,
20/09/2021 04:00,,
20/09/2021 04:30,,
20/09/2021 05:00,,
20/09/2021 05:30,,
20/09/2021 06:00,,
20/09/2021 06:30,,
20/09/2021 07:00,,
20/09/2021 07:30,,
20/09/2021 08:00,,
20/09/2021 08:30,,
20/09/2021 09:00,,
20/09/2021 09:30,,
20/09/2021 10:00,,
20/09/2021 10:30,,
20/09/2021 11:00,,
20/09/2021 11:30,,
20/09/2021 12:00,,
20/09/2021 12:30,,
20/09/2021 13:00,,
20/09/2021 13:30,,
20/09/2021 14:00,,
20/09/2021 14:30,,
20/09/2021 15:00,,
20/09/2021 15:30,,
20/09/2021 16:00,,
20/09/2021 16:30,,
20/09/2021 17:00,,
20/09/2021 17:30,,
20/09/2021 18:00,,
20/09/2021 18:30,,
20/09/2021 19:00,,
20/09/2021 19:30,,
20/09/2021 20:00,,
20/09/2021 20:30,,
20/09/2021 21:00,,
20/09/2021 21:30,,
20/09/2021 22:00,,
20/09/2021 22:30,,
20/09/2021 23:00,,
20/09/2021 23:30,,
21/09/2021 00:00,,
21/09/2021 00:30,,
21/09/2021 01:00,,
21/09/2021 01:30,,
21/09/2021 02:00,,
21/09/2021 02:30,,
21/09/2021 03:00,,
21/09/2021 03:30,,
21/09/2021 04:00,,
21/09/2021 04:30,,
21/09/2021 05:00,,
21/09/2021 05:30,,
21/09/2021 06:00,,
21/09/2021 06:30,,
21/09/2021 07:00,,
21/09/2021 07:30,,
21/09/2021 08:00,,
21/09/2021 08:30,,
21/09/2021 09:00,,
21/09/2021 09:30,,
21/09/2021 10:00,,
21/09/2021 10:30,,
21/09/2021 11:00,,
21/09/2021 11:30,,
21/09/2021 12:00,,
21/09/2021 12:30,,
21/09/2021 13:00,,
21/09/2021 13:30,,
21/09/2021 14:00,,
21/09/2021 14:30,,
21/09/2021 15:00,,
21/09/2021 15:30,,
21/09/2021 16:00,,
21/09/2021 16:30,,
21/09/2021 17:00,,
21/09/2021 17:30,,
21/09/2021 18:00,,
21/09/2021 18:30,,
21/09/2021 19:00,,
21/09/2021 19:30,,
21/09/2021 20:00,,
21/09/2021 20:30,,
21/09/2021 21:00,,
21/09/2021 21:30,,
21/09/2021 22:00,,
21/09/2021 22:30,,
21/09/2021 23:00,,
21/09/2021 23:30,,
22/09/2021 00:00,,
22/09/2021 00:30,,
22/09/2021 01:00,,
22/09/2021 01:30,,
22/09/2021 02:00,,
22/09/2021 02:30,,
22/09/2021 03:00,,
22/09/2021 03:30,,
22/09/2021 04:00,,
22/09/2021 04:30,,
22/09/2021 05:00,,
22/09/2021 05:30,,
22/09/2021 06:00,,
22/09/2021 06:30,,
22/09/2021 07:00,,
22/09/2021 07:30,,
22/09/2021 08:00,,
22/09/2021 08:30,,
22/09/2021 09:00,,
22/09/2021 09:30,,
22/09/2021 10:00,,
22/09/2021 10:30,,
22/09/2021 11:00,,
22/09/2021 11:30,,
22/09/2021 12:00,,
22/09/2021 12:30,,
22/09/2021 13:00,,
22/09/2021 13:30,,
22/09/2021 14:00,,
22/09/2021 14:30,,
22/09/2021 15:00,,
22/09/2021 15:30,,
22/09/2021 16:00,,
22/09/2021 16:30,,
22/09/2021 17:00,,
22/09/2021 17:30,,
22/09/2021 18:00,,
22/09/2021 18:30,,
22/09/2021 19:00,,
22/09/2021 19:30,,
22/09/2021 20:00,,
22/09/2021 20:30,,
22/09/2021 21:00,,
22/09/2021 21:30,,
22/09/2021 22:00,,
22/09/2021 22:30,,
22/09/2021 23:00,,
22/09/2021 23:30,,
23/09/2021 00:00,,
23/09/2021 00:30,,
23/09/2021 01:00,,
23/09/2021 01:30,,
23/09/2021 02:00,,
23/09/2021 02:30,,
23/09/2021 03:00,,
23/09/2021 03:30,,
23/09/2021 04:00,,
23/09/2021 04:30,,
23/09/2021 05:00,,
23/09/2021 05:30,,
23/09/2021 06:00,,
23/09/2021 06:30,,
23/09/2021 07:00,,
23/09/2021 07:30,,
23/09/2021 08:00,,
23/09/2021 08:30,,
23/09/2021 09:00,,
23/09/2021 09:30,,
23/09/2021 10:00,,
23/09/2021 10:30,,
23/09/2021 11:00,,
23/09/2021 11:30,,
23/09/2021 12:00,,
23/09/2021 12:30,,
23/09/2021 13:00,,
23/09/2021 13:30,,
23/09/2021 14:00,,
23/09/2021 14:30,,
23/09/2021 15:00,,
23/09/2021 15:30,,
23/09/2021 16:00,,
23/09/2021 16:30,,
23/09/2021 17:00,,
23/09/2021 17:30,,
23/09/2021 18:00,,
23/09/2021 18:30,,
23/09/2021 19:00,,
23/09/2021 19:30,,
23/09/2021 20:00,,
23/09/2021 20:30,,
23/09/2021 21:00,,
23/09/2021 21:30,,
23/09/2021 22:00,,
23/09/2021 22:30,,
23/09/2021 23:00,,
23/09/2021 23:30,,
24/09/2021 00:00,,
24/09/2021 00:30,,
24/09/2021 01:00,,
24/09/2021 01:30,,
24/09/2021 02:00,,
24/09/2021 02:30,,
24/09/2021 03:00,,
24/09/2021 03:30,,
24/09/2021 04:00,,
24/09/2021 04:30,,
24/09/2021 05:00,,
24/09/2021 05:30,,
24/09/2021 06:00,,
24/09/2021 06:30,,
24/09/2021 07:00,,
24/09/2021 07:30,,
24/09/2021 08:00,,
24/09/2021 08:30,,
24/09/2021 09:00,,
24/09/2021 09:30,,
24/09/2021 10:00,,
24/09/2021 10:30,,
24/09/2021 11:00,,
24/09/2021 11:30,,
24/09/2021 12:00,,
24/09/2021 12:30,,
24/09/2021 13:00,,
24/09/2021 13:30,,
24/09/2021 14:00,,
24/09/2021 14:30,,
24/09/2021 15:00,,
24/09/2021 15:30,,
24/09/2021 16:00,,
24/09/2021 16:30,,
24/09/2021 17:00,,
24/09/2021 17:30,,
24/09/2021 18:00,,
24/09/2021 18:30,,
24/09/2021 19:00,,
24/09/2021 19:30,,
24/09/2021 20:00,,
24/09/2021 20:30,,
24/09/2021 21:00,,
24/09/2021 21:30,,
24/09/2021 22:00,,
24/09/2021 22:30,,
24/09/2021 23:00,,
24/09/2021 23:30,,
25/09/2021 00:00,,
25/09/2021 00:30,,
25/09/2021 01:00,,
25/09/2021 01:30,,
25/09/2021 02:00,,
25/09/2021 02:30,,
25/09/2021 03:00,,
25/09/2021 03:30,,
25/09/2021 04:00,,
25/09/2021 04:30,,
25/09/2021 05:00,,
25/09/2021 05:30,,
25/09/2021 06:00,,
25/09/2021 06:30,,
25/09/2021 07:00,,
25/09/2021 07:30,,
25/09/2021 08:00,,
25/09/2021 08:30,,
25/09/2021 09:00,,
25/09/2021 09:30,,
25/09/2021 10:00,,
25/09/2021 10:30,,
25/09/2021 11:00,,
25/09/2021 11:30,,
25/09/2021 12:00,,
25/09/2021 12:30,,
25/09/2021 13:00,,
25/09/2021 13:30,,
25/09/2021 14:00,,
25/09/2021 14:30,,
25/09/2021 15:00,,
25/09/2021 15:30,,
25/09/2021 16:00,,
25/09/2021 16:30,,
25/09/2021 17:00,,
25/09/2021 17:30,,
25/09/2021 18:00,,
25/09/2021 18:30,,
25/09/2021 19:00,,
25/09/2021 19:30,,
25/09/2021 20:00,,
25/09/2021 20:30,,
25/09/2021 21:00,,
25/09/2021 21:30,,
25/09/2021 22:00,,
25/09/2021 22:30,,
25/09/2021 23:00,,
25/09/2021 23:30,,
26/09/2021 00:00,,
26/09/2021 00:30,,
26/09/2021 01:00,,
26/09/2021 01:30,,
26/09/2021 02:00,,
26/09/2021 02:30,,
26/09/2021 03:00,,
26/09/2021 03:30,,
26/09/2021 04:00,,
26/09/2021 04:30,,
26/09/2021 05:00,,
26/09/2021 05:30,,
26/09/2021 06:00,,
26/09/2021 06:30,,
26/09/2021 07:00,,
26/09/2021 07:30,,
26/09/2021 08:00,,
26/09/2021 08:30,,
26/09/2021 09:00,,
26/09/2021 09:30,,
26/09/2021 10:00,,
26/09/2021 10:30,,
26/09/2021 11:00,,
26/09/2021 11:30,,
26/09/2021 12:00,,
26/09/2021 12:30,,
26/09/2021 13:00,,
26/09/2021 13:30,,
26/09/2021 14:00,,
26/09/2021 14:30,,
26/09/2021 15:00,,
26/09/2021 15:30,,
26/09/2021 16:00,,
26/09/2021 16:30,,
26/09/2021 17:00,,
26/09/2021 17:30,,
26/09/2021 18:00,,
26/09/2021 18:30,,
26/09/2021 19:00,,
26/09/2021 19:30,,
26/09/2021 20:00,,
26/09/2021 20:30,,
26/09/2021 21:00,,
26/09/2021 21:30,,
26/09/2021 22:00,,
26/09/2021 22:30,,
26/09/2021 23:00,,
26/09/2021 23:30,,
27/09/2021 00:00,,
27/09/2021 00:30,,
27/09/2021 01:00,,
27/09/2021 01:30,,
27/09/2021 02:00,,
27/09/2021 02:30,,
27/09/2021 03:00,,
27/09/2021 03:30,,
27/09/2021 04:00,,
27/09/2021 04:30,,
27/09/2021 05:00,,
27/09/2021 05:30,,
27/09/2021 06:00,,
27/09/2021 06:30,,
27/09/2021 07:00,,
27/09/2021 07:30,,
27/09/2021 08:00,,
27/09/2021 08:30,,
27/09/2021 09:00,,
27/09/2021 09:30,,
27/09/2021 10:00,,
27/09/2021 10:30,,
27/09/2021 11:00,,
27/09/2021 11:30,,
27/09/2021 12:00,,
27/09/2021 12:30,,
27/09/2021 13:00,,
27/09/2021 13:30,,
27/09/2021 14:00,,
27/09/2021 14:30,,
27/09/2021 15:00,,
27/09/2021 15:30,,
27/09/2021 16:00,,
27/09/2021 16:30,,
27/09/2021 17:00,,
27/09/2021 17:30,,
27/09/2021 18:00,,
27/09/2021 18:30,,
27/09/2021 19:00,,
27/09/2021 19:30,,
27/09/2021 20:00,,
27/09/2021 20:30,,
27/09/2021 21:00,,
27/09/2021 21:30,,
27/09/2021 22:00,,
27/09/2021 22:30,,
27/09/2021 23:00,,
27/09/2021 23:30,,
28/09/2021 00:00,,
28/09/2021 00:30,,
28/09/2021 01:00,,
28/09/2021 01:30,,
28/09/2021 02:00,,
28/09/2021 02:30,,
28/09/2021 03:00,,
28/09/2021 03:30,,
28/09/2021 04:00,,
28/09/2021 04:30,,
28/09/2021 05:00,,
28/09/2021 05:30,,
28/09/2021 06:00,,
28/09/2021 06:30,,
28/09/2021 07:00,,
28/09/2021 07:30,,
28/09/2021 08:00,,
28/09/2021 08:30,,
28/09/2021 09:00,,
28/09/2021 09:30,,
28/09/2021 10:00,,
28/09/2021 10:30,,
28/09/2021 11:00,,
28/09/2021 11:30,,
28/09/2021 12:00,,
28/09/2021 12:30,,
28/09/2021 13:00,,
28/09/2021 13:30,,
28/09/2021 14:00,,
28/09/2021 14:30,,
28/09/2021 15:00,,
28/09/2021 15:30,,
28/09/2021 16:00,,
28/09/2021 16:30,,
28/09/2021 17:00,,
28/09/2021 17:30,,
28/09/2021 18:00,,
28/09/2021 18:30,,
28/09/2021 19:00,,
28/09/2021 19:30,,
28/09/2021 20:00,,
28/09/2021 20:30,,
28/09/2021 21:00,,
28/09/2021 21:30,,
28/09/2021 22:00,,
28/09/2021 22:30,,
28/09/2021 23:00,,
28/09/2021 23:30,,
29/09/2021 00:00,,
29/09/2021 00:30,,
29/09/2021 01:00,,
29/09/2021 01:30,,
29/09/2021 02:00,,
29/09/2021 02:30,,
29/09/2021 03:00,,
29/09/2021 03:30,,
29/09/2021 04:00,,
29/09/2021 04:30,,
29/09/2021 05:00,,
29/09/2021 05:30,,
29/09/2021 06:00,,
29/09/2021 06:30,,
29/09/2021 07:00,,
29/09/2021 07:30,,
29/09/2021 08:00,,
29/09/2021 08:30,,
29/09/2021 09:00,,
29/09/2021 09:30,,
29/09/2021 10:00,,
29/09/2021 10:30,,
29/09/2021 11:00,,
29/09/2021 11:30,,
29/09/2021 12:00,,
29/09/2021 12:30,,
29/09/2021 13:00,,
29/09/2021 13:30,,
29/09/2021 14:00,,
29/09/2021 14:30,,
29/09/2021 15:00,,
29/09/2021 15:30,,
29/09/2021 16:00,,
29/09/2021 16:30,,
29/09/2021 17:00,,
29/09/2021 17:30,,
29/09/2021 18:00,,
29/09/2021 18:30,,
29/09/2021 19:00,,
29/09/2021 19:30,,
29/09/2021 20:00,,
29/09/2021 20:30,,
29/09/2021 21:00,,
29/09/2021 21:30,,
29/09/2021 22:00,,
29/09/2021 22:30,,
29/09/2021 23:00,,
29/09/2021 23:30,,
30/09/2021 00:00,,
30/09/2021 00:30,,
30/09/2021 01:00,,
30/09/2021 01:30,,
30/09/2021 02:00,,
30/09/2021 02:30,,
30/09/2021 03:00,,
30/09/2021 03:30,,
30/09/2021 04:00,,
30/09/2021 04:30,,
30/09/2021 05:00,,
30/09/2021 05:30,,
30/09/2021 06:00,,
30/09/2021 06:30,,
30/09/2021 07:00,,
30/09/2021 07:30,,
30/09/2021 08:00,,
30/09/2021 08:30,,
30/09/2021 09:00,,
30/09/2021 09:30,,
30/09/2021 10:00,,
30/09/2021 10:30,,
30/09/2021 11:00,,
30/09/2021 11:30,,
30/09/2021 12:00,,
30/09/2021 12:30,,
30/09/2021 13:00,,
30/09/2021 13:30,,
30/09/2021 14:00,,
30/09/2021 14:30,,
30/09/2021 15:00,,
30/09/2021 15:30,,
30/09/2021 16:00,,
30/09/2021 16:30,,
30/09/2021 17:00,,
30/09/2021 17:30,,
30/09/2021 18:00,,
30/09/2021 18:30,,
30/09/2021 19:00,,
30/09/2021 19:30,,
30/09/2021 20:00,,
30/09/2021 20:30,,
30/09/2021 21:00,,
30/09/2021 21:30,,
30/09/2021 22:00,,
30/09/2021 22:30,,
30/09/2021 23:00,,
30/09/2021 23:30,,
01/10/2021 00:00,,
01/10/2021 00:30,,
01/10/2021 01:00,,
01/10/2021 01:30,,
01/10/2021 02:00,,
01/10/2021 02:30,,
01/10/2021 03:00,,
01/10/2021 03:30,,
01/10/2021 04:00,,
01/10/2021 04:30,,
01/10/2021 05:00,,
01/10/2021 05:30,,
01/10/2021 06:00,,
01/10/2021 06:30,,
01/10/2021 07:00,,
01/10/2021 07:30,,
01/10/2021 08:00,,
01/10/2021 08:30,,
01/10/2021 09:00,,
01/10/2021 09:30,,
01/10/2021 10:00,,
01/10/2021 10:30,,
01/10/2021 11:00,,
01/10/2021 11:30,,
01/10/2021 12:00,,
01/10/2021 12:30,,
01/10/2021 13:00,,
01/10/2021 13:30,,
01/10/2021 14:00,,
01/10/2021 14:30,,
01/10/2021 15:00,,
01/10/2021 15:30,,
01/10/2021 16:00,,
01/10/2021 16:30,,
01/10/2021 17:00,,
01/10/2021 17:30,,
01/10/2021 18:00,,
01/10/2021 18:30,,
01/10/2021 19:00,,
01/10/2021 19:30,,
01/10/2021 20:00,,
01/10/2021 20:30,,
01/10/2021 21:00,,
01/10/2021 21:30,,
01/10/2021 22:00,,
01/10/2021 22:30,,
01/10/2021 23:00,,
01/10/2021 23:30,,
02/10/2021 00:00,,
02/10/2021 00:30,,
02/10/2021 01:00,,
02/10/2021 01:30,,
02/10/2021 02:00,,
02/10/2021 02:30,,
02/10/2021 03:00,,
02/10/2021 03:30,,
02/10/2021 04:00,,
02/10/2021 04:30,,
02/10/2021 05:00,,
02/10/2021 05:30,,
02/10/2021 06:00,,
02/10/2021 06:30,,
02/10/2021 07:00,,
02/10/2021 07:30,,
02/10/2021 08:00,,
02/10/2021 08:30,,
02/10/2021 09:00,,
02/10/2021 09:30,,
02/10/2021 10:00,,
02/10/2021 10:30,,
02/10/2021 11:00,,
02/10/2021 11:30,,
02/10/2021 12:00,,
02/10/2021 12:30,,
02/10/2021 13:00,,
02/10/2021 13:30,,
02/10/2021 14:00,,
02/10/2021 14:30,,
02/10/2021 15:00,,
02/10/2021 15:30,,
02/10/2021 16:00,,
02/10/2021 16:30,,
02/10/2021 17:00,,
02/10/2021 17:30,,
02/10/2021 18:00,,
02/10/2021 18:30,,
02/10/2021 19:00,,
02/10/2021 19:30,,
02/10/2021 20:00,,
02/10/2021 20:30,,
02/10/2021 21:00,,
02/10/2021 21:30,,
02/10/2021 22:00,,
02/10/2021 22:30,,
02/10/2021 23:00,,
02/10/2021 23:30,,
03/10/2021 00:00,,
03/10/2021 00:30,,
03/10/2021 01:00,,
03/10/2021 01:30,,
03/10/2021 02:00,,
03/10/2021 02:30,,
03/10/2021 03:00,,
03/10/2021 03:30,,
03/10/2021 04:00,,
03/10/2021 04:30,,
03/10/2021 05:00,,
03/10/2021 05:30,,
03/10/2021 06:00,,
03/10/2021 06:30,,
03/10/2021 07:00,,
03/10/2021 07:30,,
03/10/2021 08:00,,
03/10/2021 08:30,,
03/10/2021 09:00,,
03/10/2021 09:30,,
03/10/2021 10:00,,
03/10/2021 10:30,,
03/10/2021 11:00,,
03/10/2021 11:30,,
03/10/2021 12:00,,
03/10/2021 12:30,,
03/10/2021 13:00,,
03/10/2021 13:30,,
03/10/2021 14:00,,
03/10/2021 14:30,,
03/10/2021 15:00,,
03/10/2021 15:30,,
03/10/2021 16:00,,
03/10/2021 16:30,,
03/10/2021 17:00,,
03/10/2021 17:30,,
03/10/2021 18:00,,
03/10/2021 18:30,,
03/10/2021 19:00,,
03/10/2021 19:30,,
03/10/2021 20:00,,
03/10/2021 20:30,,
03/10/2021 21:00,,
03/10/2021 21:30,,
03/10/2021 22:00,,
03/10/2021 22:30,,
03/10/2021 23:00,,
03/10/2021 23:30,,
04/10/2021 00:00,,
04/10/2021 00:30,,
04/10/2021 01:00,,
04/10/2021 01:30,,
04/10/2021 02:00,,
04/10/2021 02:30,,
04/10/2021 03:00,,
04/10/2021 03:30,,
04/10/2021 04:00,,
04/10/2021 04:30,,
04/10/2021 05:00,,
04/10/2021 05:30,,
04/10/2021 06:00,,
04/10/2021 06:30,,
04/10/2021 07:00,,
04/10/2021 07:30,,
04/10/2021 08:00,,
04/10/2021 08:30,,
04/10/2021 09:00,,
04/10/2021 09:30,,
04/10/2021 10:00,,
04/10/2021 10:30,,
04/10/2021 11:00,,
04/10/2021 11:30,,
04/10/2021 12:00,,
04/10/2021 12:30,,
04/10/2021 13:00,,
04/10/2021 13:30,,
04/10/2021 14:00,,
04/10/2021 14:30,,
04/10/2021 15:00,,
04/10/2021 15:30,,
04/10/2021 16:00,,
04/10/2021 16:30,,
04/10/2021 17:00,,
04/10/2021 17:30,,
04/10/2021 18:00,,
04/10/2021 18:30,,
04/10/2021 19:00,,
04/10/2021 19:30,,
04/10/2021 20:00,,
04/10/2021 20:30,,
04/10/2021 21:00,,
04/10/2021 21:30,,
04/10/2021 22:00,,
04/10/2021 22:30,,
04/10/2021 23:00,,
04/10/2021 23:30,,
05/10/2021 00:00,,
05/10/2021 00:30,,
05/10/2021 01:00,,
05/10/2021 01:30,,
05/10/2021 02:00,,
05/10/2021 02:30,,
05/10/2021 03:00,,
05/10/2021 03:30,,
05/10/2021 04:00,,
05/10/2021 04:30,,
05/10/2021 05:00,,
05/10/2021 05:30,,
05/10/2021 06:00,,
05/10/2021 06:30,,
05/10/2021 07:00,,
05/10/2021 07:30,,
05/10/2021 08:00,,
05/10/2021 08:30,,
05/10/2021 09:00,,
05/10/2021 09:30,,
05/10/2021 10:00,,
05/10/2021 10:30,,
05/10/2021 11:00,,
05/10/2021 11:30,,
05/10/2021 12:00,,
05/10/2021 12:30,,
05/10/2021 13:00,,
05/10/2021 13:30,,
05/10/2021 14:00,,
05/10/2021 14:30,,
05/10/2021 15:00,,
05/10/2021 15:30,,
05/10/2021 16:00,,
05/10/2021 16:30,,
05/10/2021 17:00,,
05/10/2021 17:30,,
05/10/2021 18:00,,
05/10/2021 18:30,,
05/10/2021 19:00,,
05/10/2021 19:30,,
05/10/2021 20:00,,
05/10/2021 20:30,,
05/10/2021 21:00,,
05/10/2021 21:30,,
05/10/2021 22:00,,
05/10/2021 22:30,,
05/10/2021 23:00,,
05/10/2021 23:30,,
06/10/2021 00:00,,
06/10/2021 00:30,,
06/10/2021 01:00,,
06/10/2021 01:30,,
06/10/2021 02:00,,
06/10/2021 02:30,,
06/10/2021 03:00,,
06/10/2021 03:30,,
06/10/2021 04:00,,
06/10/2021 04:30,,
06/10/2021 05:00,,
06/10/2021 05:30,,
06/10/2021 06:00,,
06/10/2021 06:30,,
06/10/2021 07:00,,
06/10/2021 07:30,,
06/10/2021 08:00,,
06/10/2021 08:30,,
06/10/2021 09:00,,
06/10/2021 09:30,,
06/10/2021 10:00,,
06/10/2021 10:30,,
06/10/2021 11:00,,
06/10/2021 11:30,,
06/10/2021 12:00,,
06/10/2021 12:30,,
06/10/2021 13:00,,
06/10/2021 13:30,,
06/10/2021 14:00,,
06/10/2021 14:30,,
06/10/2021 15:00,,
06/10/2021 15:30,,
06/10/2021 16:00,,
06/10/2021 16:30,,
06/10/2021 17:00,,
06/10/2021 17:30,,
06/10/2021 18:00,,
06/10/2021 18:30,,
06/10/2021 19:00,,
06/10/2021 19:30,,
06/10/2021 20:00,,
06/10/2021 20:30,,
06/10/2021 21:00,,
06/10/2021 21:30,,
06/10/2021 22:00,,
06/10/2021 22:30,,
06/10/2021 23:00,,
06/10/2021 23:30,,
07/10/2021 00:00,,
07/10/2021 00:30,,
07/10/2021 01:00,,
07/10/2021 01:30,,
07/10/2021 02:00,,
07/10/2021 02:30,,
07/10/2021 03:00,,
07/10/2021 03:30,,
07/10/2021 04:00,,
07/10/2021 04:30,,
07/10/2021 05:00,,
07/10/2021 05:30,,
07/10/2021 06:00,,
07/10/2021 06:30,,
07/10/2021 07:00,,
07/10/2021 07:30,,
07/10/2021 08:00,,
07/10/2021 08:30,,
07/10/2021 09:00,,
07/10/2021 09:30,,
07/10/2021 10:00,,
07/10/2021 10:30,,
07/10/2021 11:00,,
07/10/2021 11:30,,
07/10/2021 12:00,,
07/10/2021 12:30,,
07/10/2021 13:00,,
07/10/2021 13:30,,
07/10/2021 14:00,,
07/10/2021 14:30,,
07/10/2021 15:00,,
07/10/2021 15:30,,
07/10/2021 16:00,,
07/10/2021 16:30,,
07/10/2021 17:00,,
07/10/2021 17:30,,
07/10/2021 18:00,,
07/10/2021 18:30,,
07/10/2021 19:00,,
07/10/2021 19:30,,
07/10/2021 20:00,,
07/10/2021 20:30,,
07/10/2021 21:00,,
07/10/2021 21:30,,
07/10/2021 22:00,,
07/10/2021 22:30,,
07/10/2021 23:00,,
07/10/2021 23:30,,
08/10/2021 00:00,,
08/10/2021 00:30,,
08/10/2021 01:00,,
08/10/2021 01:30,,
08/10/2021 02:00,,
08/10/2021 02:30,,
08/10/2021 03:00,,
08/10/2021 03:30,,
08/10/2021 04:00,,
08/10/2021 04:30,,
08/10/2021 05:00,,
08/10/2021 05:30,,
08/10/2021 06:00,,
08/10/2021 06:30,,
08/10/2021 07:00,,
08/10/2021 07:30,,
08/10/2021 08:00,,
08/10/2021 08:30,,
08/10/2021 09:00,,
08/10/2021 09:30,,
08/10/2021 10:00,,
08/10/2021 10:30,,
08/10/2021 11:00,,
08/10/2021 11:30,,
08/10/2021 12:00,,
08/10/2021 12:30,,
08/10/2021 13:00,,
08/10/2021 13:30,,
08/10/2021 14:00,,
08/10/2021 14:30,,
08/10/2021 15:00,,
08/10/2021 15:30,,
08/10/2021 16:00,,
08/10/2021 16:30,,
08/10/2021 17:00,,
08/10/2021 17:30,,
08/10/2021 18:00,,
08/10/2021 18:30,,
08/10/2021 19:00,,
08/10/2021 19:30,,
08/10/2021 20:00,,
08/10/2021 20:30,,
08/10/2021 21:00,,
08/10/2021 21:30,,
08/10/2021 22:00,,
08/10/2021 22:30,,
08/10/2021 23:00,,
08/10/2021 23:30,,
09/10/2021 00:00,,
09/10/2021 00:30,,
09/10/2021 01:00,,
09/10/2021 01:30,,
09/10/2021 02:00,,
09/10/2021 02:30,,
09/10/2021 03:00,,
09/10/2021 03:30,,
09/10/2021 04:00,,
09/10/2021 04:30,,
09/10/2021 05:00,,
09/10/2021 05:30,,
09/10/2021 06:00,,
09/10/2021 06:30,,
09/10/2021 07:00,,
09/10/2021 07:30,,
09/10/2021 08:00,,
09/10/2021 08:30,,
09/10/2021 09:00,,
09/10/2021 09:30,,
09/10/2021 10:00,,
09/10/2021 10:30,,
09/10/2021 11:00,,
09/10/2021 11:30,,
09/10/2021 12:00,,
09/10/2021 12:30,,
09/10/2021 13:00,,
09/10/2021 13:30,,
09/10/2021 14:00,,
09/10/2021 14:30,,
09/10/2021 15:00,,
09/10/2021 15:30,,
09/10/2021 16:00,,
09/10/2021 16:30,,
09/10/2021 17:00,,
09/10/2021 17:30,,
09/10/2021 18:00,,
09/10/2021 18:30,,
09/10/2021 19:00,,
09/10/2021 19:30,,
09/10/2021 20:00,,
09/10/2021 20:30,,
09/10/2021 21:00,,
09/10/2021 21:30,,
09/10/2021 22:00,,
09/10/2021 22:30,,
09/10/2021 23:00,,
09/10/2021 23:30,,
10/10/2021 00:00,,
10/10/2021 00:30,,
10/10/2021 01:00,,
10/10/2021 01:30,,
10/10/2021 02:00,,
10/10/2021 02:30,,
10/10/2021 03:00,,
10/10/2021 03:30,,
10/10/2021 04:00,,
10/10/2021 04:30,,
10/10/2021 05:00,,
10/10/2021 05:30,,
10/10/2021 06:00,,
10/10/2021 06:30,,
10/10/2021 07:00,,
10/10/2021 07:30,,
10/10/2021 08:00,,
10/10/2021 08:30,,
10/10/2021 09:00,,
10/10/2021 09:30,,
10/10/2021 10:00,,
10/10/2021 10:30,,
10/10/2021 11:00,,
10/10/2021 11:30,,
10/10/2021 12:00,,
10/10/2021 12:30,,
10/10/2021 13:00,,
10/10/2021 13:30,,
10/10/2021 14:00,,
10/10/2021 14:30,,
10/10/2021 15:00,,
10/10/2021 15:30,,
10/10/2021 16:00,,
10/10/2021 16:30,,
10/10/2021 17:00,,
10/10/2021 17:30,,
10/10/2021 18:00,,
10/10/2021 18:30,,
10/10/2021 19:00,,
10/10/2021 19:30,,
10/10/2021 20:00,,
10/10/2021 20:30,,
10/10/2021 21:00,,
10/10/2021 21:30,,
10/10/2021 22:00,,
10/10/2021 22:30,,
10/10/2021 23:00,,
10/10/2021 23:30,,
11/10/2021 00:00,,
11/10/2021 00:30,,
11/10/2021 01:00,,
11/10/2021 01:30,,
11/10/2021 02:00,,
11/10/2021 02:30,,
11/10/2021 03:00,,
11/10/2021 03:30,,
11/10/2021 04:00,,
11/10/2021 04:30,,
11/10/2021 05:00,,
11/10/2021 05:30,,
11/10/2021 06:00,,
11/10/2021 06:30,,
11/10/2021 07:00,,
11/10/2021 07:30,,
11/10/2021 08:00,,
11/10/2021 08:30,,
11/10/2021 09:00,,
11/10/2021 09:30,,
11/10/2021 10:00,,
11/10/2021 10:30,,
11/10/2021 11:00,,
11/10/2021 11:30,,
11/10/2021 12:00,,
11/10/2021 12:30,,
11/10/2021 13:00,,
11/10/2021 13:30,,
11/10/2021 14:00,,
11/10/2021 14:30,,
11/10/2021 15:00,,
11/10/2021 15:30,,
11/10/2021 16:00,,
11/10/2021 16:30,,
11/10/2021 17:00,,
11/10/2021 17:30,,
11/10/2021 18:00,,
11/10/2021 18:30,,
11/10/2021 19:00,,
11/10/2021 19:30,,
11/10/2021 20:00,,
11/10/2021 20:30,,
11/10/2021 21:00,,
11/10/2021 21:30,,
11/10/2021 22:00,,
11/10/2021 22:30,,
11/10/2021 23:00,,
11/10/2021 23:30,,
12/10/2021 00:00,,
12/10/2021 00:30,,
12/10/2021 01:00,,
12/10/2021 01:30,,
12/10/2021 02:00,,
12/10/2021 02:30,,
12/10/2021 03:00,,
12/10/2021 03:30,,
12/10/2021 04:00,,
12/10/2021 04:30,,
12/10/2021 05:00,,
12/10/2021 05:30,,
12/10/2021 06:00,,
12/10/2021 06:30,,
12/10/2021 07:00,,
12/10/2021 07:30,,
12/10/2021 08:00,,
12/10/2021 08:30,,
12/10/2021 09:00,,
12/10/2021 09:30,,
12/10/2021 10:00,,
12/10/2021 10:30,,
12/10/2021 11:00,,
12/10/2021 11:30,,
12/10/2021 12:00,,
12/10/2021 12:30,,
12/10/2021 13:00,,
12/10/2021 13:30,,
12/10/2021 14:00,,
12/10/2021 14:30,,
12/10/2021 15:00,,
12/10/2021 15:30,,
12/10/2021 16:00,,
12/10/2021 16:30,,
12/10/2021 17:00,,
12/10/2021 17:30,,
12/10/2021 18:00,,
12/10/2021 18:30,,
12/10/2021 19:00,,
12/10/2021 19:30,,
12/10/2021 20:00,,
12/10/2021 20:30,,
12/10/2021 21:00,,
12/10/2021 21:30,,
12/10/2021 22:00,,
12/10/2021 22:30,,
12/10/2021 23:00,,
12/10/2021 23:30,,
13/10/2021 00:00,,
13/10/2021 00:30,,
13/10/2021 01:00,,
13/10/2021 01:30,,
13/10/2021 02:00,,
13/10/2021 02:30,,
13/10/2021 03:00,,
13/10/2021 03:30,,
13/10/2021 04:00,,
13/10/2021 04:30,,
13/10/2021 05:00,,
13/10/2021 05:30,,
13/10/2021 06:00,,
13/10/2021 06:30,,
13/10/2021 07:00,,
13/10/2021 07:30,,
13/10/2021 08:00,,
13/10/2021 08:30,,
13/10/2021 09:00,,
13/10/2021 09:30,,
13/10/2021 10:00,,
13/10/2021 10:30,,
13/10/2021 11:00,,
13/10/2021 11:30,,
13/10/2021 12:00,,
13/10/2021 12:30,,
13/10/2021 13:00,,
13/10/2021 13:30,,
13/10/2021 14:00,,
13/10/2021 14:30,,
13/10/2021 15:00,,
13/10/2021 15:30,,
13/10/2021 16:00,,
13/10/2021 16:30,,
13/10/2021 17:00,,
13/10/2021 17:30,,
13/10/2021 18:00,,
13/10/2021 18:30,,
13/10/2021 19:00,,
13/10/2021 19:30,,
13/10/2021 20:00,,
13/10/2021 20:30,,
13/10/2021 21:00,,
13/10/2021 21:30,,
13/10/2021 22:00,,
13/10/2021 22:30,,
13/10/2021 23:00,,
13/10/2021 23:30,,
14/10/2021 00:00,,
14/10/2021 00:30,,
14/10/2021 01:00,,
14/10/2021 01:30,,
14/10/2021 02:00,,
14/10/2021 02:30,,
14/10/2021 03:00,,
14/10/2021 03:30,,
14/10/2021 04:00,,
14/10/2021 04:30,,
14/10/2021 05:00,,
14/10/2021 05:30,,
14/10/2021 06:00,,
14/10/2021 06:30,,
14/10/2021 07:00,,
14/10/2021 07:30,,
14/10/2021 08:00,,
14/10/2021 08:30,,
14/10/2021 09:00,,
14/10/2021 09:30,,
14/10/2021 10:00,,
14/10/2021 10:30,,
14/10/2021 11:00,,
14/10/2021 11:30,,
14/10/2021 12:00,,
14/10/2021 12:30,,
14/10/2021 13:00,,
14/10/2021 13:30,,
14/10/2021 14:00,,
14/10/2021 14:30,,
14/10/2021 15:00,,
14/10/2021 15:30,,
14/10/2021 16:00,,
14/10/2021 16:30,,
14/10/2021 17:00,,
14/10/2021 17:30,,
14/10/2021 18:00,,
14/10/2021 18:30,,
14/10/2021 19:00,,
14/10/2021 19:30,,
14/10/2021 20:00,,
14/10/2021 20:30,,
14/10/2021 21:00,,
14/10/2021 21:30,,
14/10/2021 22:00,,
14/10/2021 22:30,,
14/10/2021 23:00,,
14/10/2021 23:30,,
15/10/2021 00:00,,
15/10/2021 00:30,,
15/10/2021 01:00,,
15/10/2021 01:30,,
15/10/2021 02:00,,
15/10/2021 02:30,,
15/10/2021 03:00,,
15/10/2021 03:30,,
15/10/2021 04:00,,
15/10/2021 04:30,,
15/10/2021 05:00,,
15/10/2021 05:30,,
15/10/2021 06:00,,
15/10/2021 06:30,,
15/10/2021 07:00,,
15/10/2021 07:30,,
15/10/2021 08:00,,
15/10/2021 08:30,,
15/10/2021 09:00,,
15/10/2021 09:30,,
15/10/2021 10:00,,
15/10/2021 10:30,,
15/10/2021 11:00,,
15/10/2021 11:30,,
15/10/2021 12:00,,
15/10/2021 12:30,,
15/10/2021 13:00,,
15/10/2021 13:30,,
15/10/2021 14:00,,
15/10/2021 14:30,,
15/10/2021 15:00,,
15/10/2021 15:30,,
15/10/2021 16:00,,
15/10/2021 16:30,,
15/10/2021 17:00,,
15/10/2021 17:30,,
15/10/2021 18:00,,
15/10/2021 18:30,,
15/10/2021 19:00,,
15/10/2021 19:30,,
15/10/2021 20:00,,
15/10/2021 20:30,,
15/10/2021 21:00,,
15/10/2021 21:30,,
15/10/2021 22:00,,
15/10/2021 22:30,,
15/10/2021 23:00,,
15/10/2021 23:30,,
16/10/2021 00:00,,
16/10/2021 00:30,,
16/10/2021 01:00,,
16/10/2021 01:30,,
16/10/2021 02:00,,
16/10/2021 02:30,,
16/10/2021 03:00,,
16/10/2021 03:30,,
16/10/2021 04:00,,
16/10/2021 04:30,,
16/10/2021 05:00,,
16/10/2021 05:30,,
16/10/2021 06:00,,
16/10/2021 06:30,,
16/10/2021 07:00,,
16/10/2021 07:30,,
16/10/2021 08:00,,
16/10/2021 08:30,,
16/10/2021 09:00,,
16/10/2021 09:30,,
16/10/2021 10:00,,
16/10/2021 10:30,,
16/10/2021 11:00,,
16/10/2021 11:30,,
16/10/2021 12:00,,
16/10/2021 12:30,,
16/10/2021 13:00,,
16/10/2021 13:30,,
16/10/2021 14:00,,
16/10/2021 14:30,,
16/10/2021 15:00,,
16/10/2021 15:30,,
16/10/2021 16:00,,
16/10/2021 16:30,,
16/10/2021 17:00,,
16/10/2021 17:30,,
16/10/2021 18:00,,
16/10/2021 18:30,,
16/10/2021 19:00,,
16/10/2021 19:30,,
16/10/2021 20:00,,
16/10/2021 20:30,,
16/10/2021 21:00,,
16/10/2021 21:30,,
16/10/2021 22:00,,
16/10/2021 22:30,,
16/10/2021 23:00,,
16/10/2021 23:30,,
17/10/2021 00:00,,
17/10/2021 00:30,,
17/10/2021 01:00,,
17/10/2021 01:30,,
17/10/2021 02:00,,
17/10/2021 02:30,,
17/10/2021 03:00,,
17/10/2021 03:30,,
17/10/2021 04:00,,
17/10/2021 04:30,,
17/10/2021 05:00,,
17/10/2021 05:30,,
17/10/2021 06:00,,
17/10/2021 06:30,,
17/10/2021 07:00,,
17/10/2021 07:30,,
17/10/2021 08:00,,
17/10/2021 08:30,,
17/10/2021 09:00,,
17/10/2021 09:30,,
17/10/2021 10:00,,
17/10/2021 10:30,,
17/10/2021 11:00,,
17/10/2021 11:30,,
17/10/2021 12:00,,
17/10/2021 12:30,,
17/10/2021 13:00,,
17/10/2021 13:30,,
17/10/2021 14:00,,
17/10/2021 14:30,,
17/10/2021 15:00,,
17/10/2021 15:30,,
17/10/2021 16:00,,
17/10/2021 16:30,,
17/10/2021 17:00,,
17/10/2021 17:30,,
17/10/2021 18:00,,
17/10/2021 18:30,,
17/10/2021 19:00,,
17/10/2021 19:30,,
17/10/2021 20:00,,
17/10/2021 20:30,,
17/10/2021 21:00,,
17/10/2021 21:30,,
17/10/2021 22:00,,
17/10/2021 22:30,,
17/10/2021 23:00,,
17/10/2021 23:30,,
18/10/2021 00:00,,
18/10/2021 00:30,,
18/10/2021 01:00,,
18/10/2021 01:30,,
18/10/2021 02:00,,
18/10/2021 02:30,,
18/10/2021 03:00,,
18/10/2021 03:30,,
18/10/2021 04:00,,
18/10/2021 04:30,,
18/10/2021 05:00,,
18/10/2021 05:30,,
18/10/2021 06:00,,
18/10/2021 06:30,,
18/10/2021 07:00,,
18/10/2021 07:30,,
18/10/2021 08:00,,
18/10/2021 08:30,,
18/10/2021 09:00,,
18/10/2021 09:30,,
18/10/2021 10:00,,
18/10/2021 10:30,,
18/10/2021 11:00,,
18/10/2021 11:30,,
18/10/2021 12:00,,
18/10/2021 12:30,,
18/10/2021 13:00,,
18/10/2021 13:30,,
18/10/2021 14:00,,
18/10/2021 14:30,,
18/10/2021 15:00,,
18/10/2021 15:30,,
18/10/2021 16:00,,
18/10/2021 16:30,,
18/10/2021 17:00,,
18/10/2021 17:30,,
18/10/2021 18:00,,
18/10/2021 18:30,,
18/10/2021 19:00,,
18/10/2021 19:30,,
18/10/2021 20:00,,
18/10/2021 20:30,,
18/10/2021 21:00,,
18/10/2021 21:30,,
18/10/2021 22:00,,
18/10/2021 22:30,,
18/10/2021 23:00,,
18/10/2021 23:30,,
19/10/2021 00:00,,
19/10/2021 00:30,,
19/10/2021 01:00,,
19/10/2021 01:30,,
19/10/2021 02:00,,
19/10/2021 02:30,,
19/10/2021 03:00,,
19/10/2021 03:30,,
19/10/2021 04:00,,
19/10/2021 04:30,,
19/10/2021 05:00,,
19/10/2021 05:30,,
19/10/2021 06:00,,
19/10/2021 06:30,,
19/10/2021 07:00,,
19/10/2021 07:30,,
19/10/2021 08:00,,
19/10/2021 08:30,,
19/10/2021 09:00,,
19/10/2021 09:30,,
19/10/2021 10:00,,
19/10/2021 10:30,,
19/10/2021 11:00,,
19/10/2021 11:30,,
19/10/2021 12:00,,
19/10/2021 12:30,,
19/10/2021 13:00,,
19/10/2021 13:30,,
19/10/2021 14:00,,
19/10/2021 14:30,,
19/10/2021 15:00,,
19/10/2021 15:30,,
19/10/2021 16:00,,
19/10/2021 16:30,,
19/10/2021 17:00,,
19/10/2021 17:30,,
19/10/2021 18:00,,
19/10/2021 18:30,,
19/10/2021 19:00,,
19/10/2021 19:30,,
19/10/2021 20:00,,
19/10/2021 20:30,,
19/10/2021 21:00,,
19/10/2021 21:30,,
19/10/2021 22:00,,
19/10/2021 22:30,,
19/10/2021 23:00,,
19/10/2021 23:30,,
20/10/2021 00:00,,
20/10/2021 00:30,,
20/10/2021 01:00,,
20/10/2021 01:30,,
20/10/2021 02:00,,
20/10/2021 02:30,,
20/10/2021 03:00,,
20/10/2021 03:30,,
20/10/2021 04:00,,
20/10/2021 04:30,,
20/10/2021 05:00,,
20/10/2021 05:30,,
20/10/2021 06:00,,
20/10/2021 06:30,,
20/10/2021 07:00,,
20/10/2021 07:30,,
20/10/2021 08:00,,
20/10/2021 08:30,,
20/10/2021 09:00,,
20/10/2021 09:30,,
20/10/2021 10:00,,
20/10/2021 10:30,,
20/10/2021 11:00,,
20/10/2021 11:30,,
20/10/2021 12:00,,
20/10/2021 12:30,,
20/10/2021 13:00,,
20/10/2021 13:30,,
20/10/2021 14:00,,
20/10/2021 14:30,,
20/10/2021 15:00,,
20/10/2021 15:30,,
20/10/2021 16:00,,
20/10/2021 16:30,,
20/10/2021 17:00,,
20/10/2021 17:30,,
20/10/2021 18:00,,
20/10/2021 18:30,,
20/10/2021 19:00,,
20/10/2021 19:30,,
20/10/2021 20:00,,
20/10/2021 20:30,,
20/10/2021 21:00,,
20/10/2021 21:30,,
20/10/2021 22:00,,
20/10/2021 22:30,,
20/10/2021 23:00,,
20/10/2021 23:30,,
21/10/2021 00:00,,
21/10/2021 00:30,,
21/10/2021 01:00,,
21/10/2021 01:30,,
21/10/2021 02:00,,
21/10/2021 02:30,,
21/10/2021 03:00,,
21/10/2021 03:30,,
21/10/2021 04:00,,
21/10/2021 04:30,,
21/10/2021 05:00,,
21/10/2021 05:30,,
21/10/2021 06:00,,
21/10/2021 06:30,,
21/10/2021 07:00,,
21/10/2021 07:30,,
21/10/2021 08:00,,
21/10/2021 08:30,,
21/10/2021 09:00,,
21/10/2021 09:30,,
21/10/2021 10:00,,
21/10/2021 10:30,,
21/10/2021 11:00,,
21/10/2021 11:30,,
21/10/2021 12:00,,
21/10/2021 12:30,,
21/10/2021 13:00,,
21/10/2021 13:30,,
21/10/2021 14:00,,
21/10/2021 14:30,,
21/10/2021 15:00,,
21/10/2021 15:30,,
21/10/2021 16:00,,
21/10/2021 16:30,,
21/10/2021 17:00,,
21/10/2021 17:30,,
21/10/2021 18:00,,
21/10/2021 18:30,,
21/10/2021 19:00,,
21/10/2021 19:30,,
21/10/2021 20:00,,
21/10/2021 20:30,,
21/10/2021 21:00,,
21/10/2021 21:30,,
21/10/2021 22:00,,
21/10/2021 22:30,,
21/10/2021 23:00,,
21/10/2021 23:30,,
22/10/2021 00:00,,
22/10/2021 00:30,,
22/10/2021 01:00,,
22/10/2021 01:30,,
22/10/2021 02:00,,
22/10/2021 02:30,,
22/10/2021 03:00,,
22/10/2021 03:30,,
22/10/2021 04:00,,
22/10/2021 04:30,,
22/10/2021 05:00,,
22/10/2021 05:30,,
22/10/2021 06:00,,
22/10/2021 06:30,,
22/10/2021 07:00,,
22/10/2021 07:30,,
22/10/2021 08:00,,
22/10/2021 08:30,,
22/10/2021 09:00,,
22/10/2021 09:30,,
22/10/2021 10:00,,
22/10/2021 10:30,,
22/10/2021 11:00,,
22/10/2021 11:30,,
22/10/2021 12:00,,
22/10/2021 12:30,,
22/10/2021 13:00,,
22/10/2021 13:30,,
22/10/2021 14:00,,
22/10/2021 14:30,,
22/10/2021 15:00,,
22/10/2021 15:30,,
22/10/2021 16:00,,
22/10/2021 16:30,,
22/10/2021 17:00,,
22/10/2021 17:30,,
22/10/2021 18:00,,
22/10/2021 18:30,,
22/10/2021 19:00,,
22/10/2021 19:30,,
22/10/2021 20:00,,
22/10/2021 20:30,,
22/10/2021 21:00,,
22/10/2021 21:30,,
22/10/2021 22:00,,
22/10/2021 22:30,,
22/10/2021 23:00,,
22/10/2021 23:30,,
23/10/2021 00:00,,
23/10/2021 00:30,,
23/10/2021 01:00,,
23/10/2021 01:30,,
23/10/2021 02:00,,
23/10/2021 02:30,,
23/10/2021 03:00,,
23/10/2021 03:30,,
23/10/2021 04:00,,
23/10/2021 04:30,,
23/10/2021 05:00,,
23/10/2021 05:30,,
23/10/2021 06:00,,
23/10/2021 06:30,,
23/10/2021 07:00,,
23/10/2021 07:30,,
23/10/2021 08:00,,
23/10/2021 08:30,,
23/10/2021 09:00,,
23/10/2021 09:30,,
23/10/2021 10:00,,
23/10/2021 10:30,,
23/10/2021 11:00,,
23/10/2021 11:30,,
23/10/2021 12:00,,
23/10/2021 12:30,,
23/10/2021 13:00,,
23/10/2021 13:30,,
23/10/2021 14:00,,
23/10/2021 14:30,,
23/10/2021 15:00,,
23/10/2021 15:30,,
23/10/2021 16:00,,
23/10/2021 16:30,,
23/10/2021 17:00,,
23/10/2021 17:30,,
23/10/2021 18:00,,
23/10/2021 18:30,,
23/10/2021 19:00,,
23/10/2021 19:30,,
23/10/2021 20:00,,
23/10/2021 20:30,,
23/10/2021 21:00,,
23/10/2021 21:30,,
23/10/2021 22:00,,
23/10/2021 22:30,,
23/10/2021 23:00,,
23/10/2021 23:30,,
24/10/2021 00:00,,
24/10/2021 00:30,,
24/10/2021 01:00,,
24/10/2021 01:30,,
24/10/2021 02:00,,
24/10/2021 02:30,,
24/10/2021 03:00,,
24/10/2021 03:30,,
24/10/2021 04:00,,
24/10/2021 04:30,,
24/10/2021 05:00,,
24/10/2021 05:30,,
24/10/2021 06:00,,
24/10/2021 06:30,,
24/10/2021 07:00,,
24/10/2021 07:30,,
24/10/2021 08:00,,
24/10/2021 08:30,,
24/10/2021 09:00,,
24/10/2021 09:30,,
24/10/2021 10:00,,
24/10/2021 10:30,,
24/10/2021 11:00,,
24/10/2021 11:30,,
24/10/2021 12:00,,
24/10/2021 12:30,,
24/10/2021 13:00,,
24/10/2021 13:30,,
24/10/2021 14:00,,
24/10/2021 14:30,,
24/10/2021 15:00,,
24/10/2021 15:30,,
24/10/2021 16:00,,
24/10/2021 16:30,,
24/10/2021 17:00,,
24/10/2021 17:30,,
24/10/2021 18:00,,
24/10/2021 18:30,,
24/10/2021 19:00,,
24/10/2021 19:30,,
24/10/2021 20:00,,
24/10/2021 20:30,,
24/10/2021 21:00,,
24/10/2021 21:30,,
24/10/2021 22:00,,
24/10/2021 22:30,,
24/10/2021 23:00,,
24/10/2021 23:30,,
25/10/2021 00:00,,
25/10/2021 00:30,,
25/10/2021 01:00,,
25/10/2021 01:30,,
25/10/2021 02:00,,
25/10/2021 02:30,,
25/10/2021 03:00,,
25/10/2021 03:30,,
25/10/2021 04:00,,
25/10/2021 04:30,,
25/10/2021 05:00,,
25/10/2021 05:30,,
25/10/2021 06:00,,
25/10/2021 06:30,,
25/10/2021 07:00,,
25/10/2021 07:30,,
25/10/2021 08:00,,
25/10/2021 08:30,,
25/10/2021 09:00,,
25/10/2021 09:30,,
25/10/2021 10:00,,
25/10/2021 10:30,,
25/10/2021 11:00,,
25/10/2021 11:30,,
25/10/2021 12:00,,
25/10/2021 12:30,,
25/10/2021 13:00,,
25/10/2021 13:30,,
25/10/2021 14:00,,
25/10/2021 14:30,,
25/10/2021 15:00,,
25/10/2021 15:30,,
25/10/2021 16:00,,
25/10/2021 16:30,,
25/10/2021 17:00,,
25/10/2021 17:30,,
25/10/2021 18:00,,
25/10/2021 18:30,,
25/10/2021 19:00,,
25/10/2021 19:30,,
25/10/2021 20:00,,
25/10/2021 20:30,,
25/10/2021 21:00,,
25/10/2021 21:30,,
25/10/2021 22:00,,
25/10/2021 22:30,,
25/10/2021 23:00,,
25/10/2021 23:30,,
26/10/2021 00:00,,
26/10/2021 00:30,,
26/10/2021 01:00,,
26/10/2021 01:30,,
26/10/2021 02:00,,
26/10/2021 02:30,,
26/10/2021 03:00,,
26/10/2021 03:30,,
26/10/2021 04:00,,
26/10/2021 04:30,,
26/10/2021 05:00,,
26/10/2021 05:30,,
26/10/2021 06:00,,
26/10/2021 06:30,,
26/10/2021 07:00,,
26/10/2021 07:30,,
26/10/2021 08:00,,
26/10/2021 08:30,,
26/10/2021 09:00,,
26/10/2021 09:30,,
26/10/2021 10:00,,
26/10/2021 10:30,,
26/10/2021 11:00,,
26/10/2021 11:30,,
26/10/2021 12:00,,
26/10/2021 12:30,,
26/10/2021 13:00,,
26/10/2021 13:30,,
26/10/2021 14:00,,
26/10/2021 14:30,,
26/10/2021 15:00,,
26/10/2021 15:30,,
26/10/2021 16:00,,
26/10/2021 16:30,,
26/10/2021 17:00,,
26/10/2021 17:30,,
26/10/2021 18:00,,
26/10/2021 18:30,,
26/10/2021 19:00,,
26/10/2021 19:30,,
26/10/2021 20:00,,
26/10/2021 20:30,,
26/10/2021 21:00,,
26/10/2021 21:30,,
26/10/2021 22:00,,
26/10/2021 22:30,,
26/10/2021 23:00,,
26/10/2021 23:30,,
27/10/2021 00:00,,
27/10/2021 00:30,,
27/10/2021 01:00,,
27/10/2021 01:30,,
27/10/2021 02:00,,
27/10/2021 02:30,,
27/10/2021 03:00,,
27/10/2021 03:30,,
27/10/2021 04:00,,
27/10/2021 04:30,,
27/10/2021 05:00,,
27/10/2021 05:30,,
27/10/2021 06:00,,
27/10/2021 06:30,,
27/10/2021 07:00,,
27/10/2021 07:30,,
27/10/2021 08:00,,
27/10/2021 08:30,,
27/10/2021 09:00,,
27/10/2021 09:30,,
27/10/2021 10:00,,
27/10/2021 10:30,,
27/10/2021 11:00,,
27/10/2021 11:30,,
27/10/2021 12:00,,
27/10/2021 12:30,,
27/10/2021 13:00,,
27/10/2021 13:30,,
27/10/2021 14:00,,
27/10/2021 14:30,,
27/10/2021 15:00,,
27/10/2021 15:30,,
27/10/2021 16:00,,
27/10/2021 16:30,,
27/10/2021 17:00,,
27/10/2021 17:30,,
27/10/2021 18:00,,
27/10/2021 18:30,,
27/10/2021 19:00,,
27/10/2021 19:30,,
27/10/2021 20:00,,
27/10/2021 20:30,,
27/10/2021 21:00,,
27/10/2021 21:30,,
27/10/2021 22:00,,
27/10/2021 22:30,,
27/10/2021 23:00,,
27/10/2021 23:30,,
28/10/2021 00:00,,
28/10/2021 00:30,,
28/10/2021 01:00,,
28/10/2021 01:30,,
28/10/2021 02:00,,
28/10/2021 02:30,,
28/10/2021 03:00,,
28/10/2021 03:30,,
28/10/2021 04:00,,
28/10/2021 04:30,,
28/10/2021 05:00,,
28/10/2021 05:30,,
28/10/2021 06:00,,
28/10/2021 06:30,,
28/10/2021 07:00,,
28/10/2021 07:30,,
28/10/2021 08:00,,
28/10/2021 08:30,,
28/10/2021 09:00,,
28/10/2021 09:30,,
28/10/2021 10:00,,
28/10/2021 10:30,,
28/10/2021 11:00,,
28/10/2021 11:30,,
28/10/2021 12:00,,
28/10/2021 12:30,,
28/10/2021 13:00,,
28/10/2021 13:30,,
28/10/2021 14:00,,
28/10/2021 14:30,,
28/10/2021 15:00,,
28/10/2021 15:30,,
28/10/2021 16:00,,
28/10/2021 16:30,,
28/10/2021 17:00,,
28/10/2021 17:30,,
28/10/2021 18:00,,
28/10/2021 18:30,,
28/10/2021 19:00,,
28/10/2021 19:30,,
28/10/2021 20:00,,
28/10/2021 20:30,,
28/10/2021 21:00,,
28/10/2021 21:30,,
28/10/2021 22:00,,
28/10/2021 22:30,,
28/10/2021 23:00,,
28/10/2021 23:30,,
29/10/2021 00:00,,
29/10/2021 00:30,,
29/10/2021 01:00,,
29/10/2021 01:30,,
29/10/2021 02:00,,
29/10/2021 02:30,,
29/10/2021 03:00,,
29/10/2021 03:30,,
29/10/2021 04:00,,
29/10/2021 04:30,,
29/10/2021 05:00,,
29/10/2021 05:30,,
29/10/2021 06:00,,
29/10/2021 06:30,,
29/10/2021 07:00,,
29/10/2021 07:30,,
29/10/2021 08:00,,
29/10/2021 08:30,,
29/10/2021 09:00,,
29/10/2021 09:30,,
29/10/2021 10:00,,
29/10/2021 10:30,,
29/10/2021 11:00,,
29/10/2021 11:30,,
29/10/2021 12:00,,
29/10/2021 12:30,,
29/10/2021 13:00,,
29/10/2021 13:30,,
29/10/2021 14:00,,
29/10/2021 14:30,,
29/10/2021 15:00,,
29/10/2021 15:30,,
29/10/2021 16:00,,
29/10/2021 16:30,,
29/10/2021 17:00,,
29/10/2021 17:30,,
29/10/2021 18:00,,
29/10/2021 18:30,,
29/10/2021 19:00,,
29/10/2021 19:30,,
29/10/2021 20:00,,
29/10/2021 20:30,,
29/10/2021 21:00,,
29/10/2021 21:30,,
29/10/2021 22:00,,
29/10/2021 22:30,,
29/10/2021 23:00,,
29/10/2021 23:30,,
30/10/2021 00:00,,
30/10/2021 00:30,,
30/10/2021 01:00,,
30/10/2021 01:30,,
30/10/2021 02:00,,
30/10/2021 02:30,,
30/10/2021 03:00,,
30/10/2021 03:30,,
30/10/2021 04:00,,
30/10/2021 04:30,,
30/10/2021 05:00,,
30/10/2021 05:30,,
30/10/2021 06:00,,
30/10/2021 06:30,,
30/10/2021 07:00,,
30/10/2021 07:30,,
30/10/2021 08:00,,
30/10/2021 08:30,,
30/10/2021 09:00,,
30/10/2021 09:30,,
30/10/2021 10:00,,
30/10/2021 10:30,,
30/10/2021 11:00,,
30/10/2021 11:30,,
30/10/2021 12:00,,
30/10/2021 12:30,,
30/10/2021 13:00,,
30/10/2021 13:30,,
30/10/2021 14:00,,
30/10/2021 14:30,,
30/10/2021 15:00,,
30/10/2021 15:30,,
30/10/2021 16:00,,
30/10/2021 16:30,,
30/10/2021 17:00,,
30/10/2021 17:30,,
30/10/2021 18:00,,
30/10/2021 18:30,,
30/10/2021 19:00,,
30/10/2021 19:30,,
30/10/2021 20:00,,
30/10/2021 20:30,,
30/10/2021 21:00,,
30/10/2021 21:30,,
30/10/2021 22:00,,
30/10/2021 22:30,,
30/10/2021 23:00,,
30/10/2021 23:30,,
31/10/2021 00:00,,
31/10/2021 00:30,,
31/10/2021 01:00,,
31/10/2021 01:30,,
31/10/2021 02:00,,
31/10/2021 02:30,,
31/10/2021 03:00,,
31/10/2021 03:30,,
31/10/2021 04:00,,
31/10/2021 04:30,,
31/10/2021 05:00,,
31/10/2021 05:30,,
31/10/2021 06:00,,
31/10/2021 06:30,,
31/10/2021 07:00,,
31/10/2021 07:30,,
31/10/2021 08:00,,
31/10/2021 08:30,,
31/10/2021 09:00,,
31/10/2021 09:30,,
31/10/2021 10:00,,
31/10/2021 10:30,,
31/10/2021 11:00,,
31/10/2021 11:30,,
31/10/2021 12:00,,
31/10/2021 12:30,,
31/10/2021 13:00,,
31/10/2021 13:30,,
31/10/2021 14:00,,
31/10/2021 14:30,,
31/10/2021 15:00,,
31/10/2021 15:30,,
31/10/2021 16:00,,
31/10/2021 16:30,,
31/10/2021 17:00,,
31/10/2021 17:30,,
31/10/2021 18:00,,
31/10/2021 18:30,,
31/10/2021 19:00,,
31/10/2021 19:30,,
31/10/2021 20:00,,
31/10/2021 20:30,,
31/10/2021 21:00,,
31/10/2021 21:30,,
31/10/2021 22:00,,
31/10/2021 22:30,,
31/10/2021 23:00,,
31/10/2021 23:30,,
01/11/2021 00:00,,
01/11/2021 00:30,,
01/11/2021 01:00,,
01/11/2021 01:30,,
01/11/2021 02:00,,
01/11/2021 02:30,,
01/11/2021 03:00,,
01/11/2021 03:30,,
01/11/2021 04:00,,
01/11/2021 04:30,,
01/11/2021 05:00,,
01/11/2021 05:30,,
01/11/2021 06:00,,
01/11/2021 06:30,,
01/11/2021 07:00,,
01/11/2021 07:30,,
01/11/2021 08:00,,
01/11/2021 08:30,,
01/11/2021 09:00,,
01/11/2021 09:30,,
01/11/2021 10:00,,
01/11/2021 10:30,,
01/11/2021 11:00,,
01/11/2021 11:30,,
01/11/2021 12:00,,
01/11/2021 12:30,,
01/11/2021 13:00,,
01/11/2021 13:30,,
01/11/2021 14:00,,
01/11/2021 14:30,,
01/11/2021 15:00,,
01/11/2021 15:30,,
01/11/2021 16:00,,
01/11/2021 16:30,,
01/11/2021 17:00,,
01/11/2021 17:30,,
01/11/2021 18:00,,
01/11/2021 18:30,,
01/11/2021 19:00,,
01/11/2021 19:30,,
01/11/2021 20:00,,
01/11/2021 20:30,,
01/11/2021 21:00,,
01/11/2021 21:30,,
01/11/2021 22:00,,
01/11/2021 22:30,,
01/11/2021 23:00,,
01/11/2021 23:30,,
02/11/2021 00:00,,
02/11/2021 00:30,,
02/11/2021 01:00,,
02/11/2021 01:30,,
02/11/2021 02:00,,
02/11/2021 02:30,,
02/11/2021 03:00,,
02/11/2021 03:30,,
02/11/2021 04:00,,
02/11/2021 04:30,,
02/11/2021 05:00,,
02/11/2021 05:30,,
02/11/2021 06:00,,
02/11/2021 06:30,,
02/11/2021 07:00,,
02/11/2021 07:30,,
02/11/2021 08:00,,
02/11/2021 08:30,,
02/11/2021 09:00,,
02/11/2021 09:30,,
02/11/2021 10:00,,
02/11/2021 10:30,,
02/11/2021 11:00,,
02/11/2021 11:30,,
02/11/2021 12:00,,
02/11/2021 12:30,,
02/11/2021 13:00,,
02/11/2021 13:30,,
02/11/2021 14:00,,
02/11/2021 14:30,,
02/11/2021 15:00,,
02/11/2021 15:30,,
02/11/2021 16:00,,
02/11/2021 16:30,,
02/11/2021 17:00,,
02/11/2021 17:30,,
02/11/2021 18:00,,
02/11/2021 18:30,,
02/11/2021 19:00,,
02/11/2021 19:30,,
02/11/2021 20:00,,
02/11/2021 20:30,,
02/11/2021 21:00,,
02/11/2021 21:30,,
02/11/2021 22:00,,
02/11/2021 22:30,,
02/11/2021 23:00,,
02/11/2021 23:30,,
03/11/2021 00:00,,
03/11/2021 00:30,,
03/11/2021 01:00,,
03/11/2021 01:30,,
03/11/2021 02:00,,
03/11/2021 02:30,,
03/11/2021 03:00,,
03/11/2021 03:30,,
03/11/2021 04:00,,
03/11/2021 04:30,,
03/11/2021 05:00,,
03/11/2021 05:30,,
03/11/2021 06:00,,
03/11/2021 06:30,,
03/11/2021 07:00,,
03/11/2021 07:30,,
03/11/2021 08:00,,
03/11/2021 08:30,,
03/11/2021 09:00,,
03/11/2021 09:30,,
03/11/2021 10:00,,
03/11/2021 10:30,,
03/11/2021 11:00,,
03/11/2021 11:30,,
03/11/2021 12:00,,
03/11/2021 12:30,,
03/11/2021 13:00,,
03/11/2021 13:30,,
03/11/2021 14:00,,
03/11/2021 14:30,,
03/11/2021 15:00,,
03/11/2021 15:30,,
03/11/2021 16:00,,
03/11/2021 16:30,,
03/11/2021 17:00,,
03/11/2021 17:30,,
03/11/2021 18:00,,
03/11/2021 18:30,,
03/11/2021 19:00,,
03/11/2021 19:30,,
03/11/2021 20:00,,
03/11/2021 20:30,,
03/11/2021 21:00,,
03/11/2021 21:30,,
03/11/2021 22:00,,
03/11/2021 22:30,,
03/11/2021 23:00,,
03/11/2021 23:30,,
04/11/2021 00:00,,
04/11/2021 00:30,,
04/11/2021 01:00,,
04/11/2021 01:30,,
04/11/2021 02:00,,
04/11/2021 02:30,,
04/11/2021 03:00,,
04/11/2021 03:30,,
04/11/2021 04:00,,
04/11/2021 04:30,,
04/11/2021 05:00,,
04/11/2021 05:30,,
04/11/2021 06:00,,
04/11/2021 06:30,,
04/11/2021 07:00,,
04/11/2021 07:30,,
04/11/2021 08:00,,
04/11/2021 08:30,,
04/11/2021 09:00,,
04/11/2021 09:30,,
04/11/2021 10:00,,
04/11/2021 10:30,,
04/11/2021 11:00,,
04/11/2021 11:30,,
04/11/2021 12:00,,
04/11/2021 12:30,,
04/11/2021 13:00,,
04/11/2021 13:30,,
04/11/2021 14:00,,
04/11/2021 14:30,,
04/11/2021 15:00,,
04/11/2021 15:30,,
04/11/2021 16:00,,
04/11/2021 16:30,,
04/11/2021 17:00,,
04/11/2021 17:30,,
04/11/2021 18:00,,
04/11/2021 18:30,,
04/11/2021 19:00,,
04/11/2021 19:30,,
04/11/2021 20:00,,
04/11/2021 20:30,,
04/11/2021 21:00,,
04/11/2021 21:30,,
04/11/2021 22:00,,
04/11/2021 22:30,,
04/11/2021 23:00,,
04/11/2021 23:30,,
05/11/2021 00:00,,
05/11/2021 00:30,,
05/11/2021 01:00,,
05/11/2021 01:30,,
05/11/2021 02:00,,
05/11/2021 02:30,,
05/11/2021 03:00,,
05/11/2021 03:30,,
05/11/2021 04:00,,
05/11/2021 04:30,,
05/11/2021 05:00,,
05/11/2021 05:30,,
05/11/2021 06:00,,
05/11/2021 06:30,,
05/11/2021 07:00,,
05/11/2021 07:30,,
05/11/2021 08:00,,
05/11/2021 08:30,,
05/11/2021 09:00,,
05/11/2021 09:30,,
05/11/2021 10:00,,
05/11/2021 10:30,,
05/11/2021 11:00,,
05/11/2021 11:30,,
05/11/2021 12:00,,
05/11/2021 12:30,,
05/11/2021 13:00,,
05/11/2021 13:30,,
05/11/2021 14:00,,
05/11/2021 14:30,,
05/11/2021 15:00,,
05/11/2021 15:30,,
05/11/2021 16:00,,
05/11/2021 16:30,,
05/11/2021 17:00,,
05/11/2021 17:30,,
05/11/2021 18:00,,
05/11/2021 18:30,,
05/11/2021 19:00,,
05/11/2021 19:30,,
05/11/2021 20:00,,
05/11/2021 20:30,,
05/11/2021 21:00,,
05/11/2021 21:30,,
05/11/2021 22:00,,
05/11/2021 22:30,,
05/11/2021 23:00,,
05/11/2021 23:30,,
06/11/2021 00:00,,
06/11/2021 00:30,,
06/11/2021 01:00,,
06/11/2021 01:30,,
06/11/2021 02:00,,
06/11/2021 02:30,,
06/11/2021 03:00,,
06/11/2021 03:30,,
06/11/2021 04:00,,
06/11/2021 04:30,,
06/11/2021 05:00,,
06/11/2021 05:30,,
06/11/2021 06:00,,
06/11/2021 06:30,,
06/11/2021 07:00,,
06/11/2021 07:30,,
06/11/2021 08:00,,
06/11/2021 08:30,,
06/11/2021 09:00,,
06/11/2021 09:30,,
06/11/2021 10:00,,
06/11/2021 10:30,,
06/11/2021 11:00,,
06/11/2021 11:30,,
06/11/2021 12:00,,
06/11/2021 12:30,,
06/11/2021 13:00,,
06/11/2021 13:30,,
06/11/2021 14:00,,
06/11/2021 14:30,,
06/11/2021 15:00,,
06/11/2021 15:30,,
06/11/2021 16:00,,
06/11/2021 16:30,,
06/11/2021 17:00,,
06/11/2021 17:30,,
06/11/2021 18:00,,
06/11/2021 18:30,,
06/11/2021 19:00,,
06/11/2021 19:30,,
06/11/2021 20:00,,
06/11/2021 20:30,,
06/11/2021 21:00,,
06/11/2021 21:30,,
06/11/2021 22:00,,
06/11/2021 22:30,,
06/11/2021 23:00,,
06/11/2021 23:30,,
07/11/2021 00:00,,
07/11/2021 00:30,,
07/11/2021 01:00,,
07/11/2021 01:30,,
07/11/2021 02:00,,
07/11/2021 02:30,,
07/11/2021 03:00,,
07/11/2021 03:30,,
07/11/2021 04:00,,
07/11/2021 04:30,,
07/11/2021 05:00,,
07/11/2021 05:30,,
07/11/2021 06:00,,
07/11/2021 06:30,,
07/11/2021 07:00,,
07/11/2021 07:30,,
07/11/2021 08:00,,
07/11/2021 08:30,,
07/11/2021 09:00,,
07/11/2021 09:30,,
07/11/2021 10:00,,
07/11/2021 10:30,,
07/11/2021 11:00,,
07/11/2021 11:30,,
07/11/2021 12:00,,
07/11/2021 12:30,,
07/11/2021 13:00,,
07/11/2021 13:30,,
07/11/2021 14:00,,
07/11/2021 14:30,,
07/11/2021 15:00,,
07/11/2021 15:30,,
07/11/2021 16:00,,
07/11/2021 16:30,,
07/11/2021 17:00,,
07/11/2021 17:30,,
07/11/2021 18:00,,
07/11/2021 18:30,,
07/11/2021 19:00,,
07/11/2021 19:30,,
07/11/2021 20:00,,
07/11/2021 20:30,,
07/11/2021 21:00,,
07/11/2021 21:30,,
07/11/2021 22:00,,
07/11/2021 22:30,,
07/11/2021 23:00,,
07/11/2021 23:30,,
08/11/2021 00:00,,
08/11/2021 00:30,,
08/11/2021 01:00,,
08/11/2021 01:30,,
08/11/2021 02:00,,
08/11/2021 02:30,,
08/11/2021 03:00,,
08/11/2021 03:30,,
08/11/2021 04:00,,
08/11/2021 04:30,,
08/11/2021 05:00,,
08/11/2021 05:30,,
08/11/2021 06:00,,
08/11/2021 06:30,,
08/11/2021 07:00,,
08/11/2021 07:30,,
08/11/2021 08:00,,
08/11/2021 08:30,,
08/11/2021 09:00,,
08/11/2021 09:30,,
08/11/2021 10:00,,
08/11/2021 10:30,,
08/11/2021 11:00,,
08/11/2021 11:30,,
08/11/2021 12:00,,
08/11/2021 12:30,,
08/11/2021 13:00,,
08/11/2021 13:30,,
08/11/2021 14:00,,
08/11/2021 14:30,,
08/11/2021 15:00,,
08/11/2021 15:30,,
08/11/2021 16:00,,
08/11/2021 16:30,,
08/11/2021 17:00,,
08/11/2021 17:30,,
08/11/2021 18:00,,
08/11/2021 18:30,,
08/11/2021 19:00,,
08/11/2021 19:30,,
08/11/2021 20:00,,
08/11/2021 20:30,,
08/11/2021 21:00,,
08/11/2021 21:30,,
08/11/2021 22:00,,
08/11/2021 22:30,,
08/11/2021 23:00,,
08/11/2021 23:30,,
09/11/2021 00:00,,
09/11/2021 00:30,,
09/11/2021 01:00,,
09/11/2021 01:30,,
09/11/2021 02:00,,
09/11/2021 02:30,,
09/11/2021 03:00,,
09/11/2021 03:30,,
09/11/2021 04:00,,
09/11/2021 04:30,,
09/11/2021 05:00,,
09/11/2021 05:30,,
09/11/2021 06:00,,
09/11/2021 06:30,,
09/11/2021 07:00,,
09/11/2021 07:30,,
09/11/2021 08:00,,
09/11/2021 08:30,,
09/11/2021 09:00,,
09/11/2021 09:30,,
09/11/2021 10:00,,
09/11/2021 10:30,,
09/11/2021 11:00,,
09/11/2021 11:30,,
09/11/2021 12:00,,
09/11/2021 12:30,,
09/11/2021 13:00,,
09/11/2021 13:30,,
09/11/2021 14:00,,
09/11/2021 14:30,,
09/11/2021 15:00,,
09/11/2021 15:30,,
09/11/2021 16:00,,
09/11/2021 16:30,,
09/11/2021 17:00,,
09/11/2021 17:30,,
09/11/2021 18:00,,
09/11/2021 18:30,,
09/11/2021 19:00,,
09/11/2021 19:30,,
09/11/2021 20:00,,
09/11/2021 20:30,,
09/11/2021 21:00,,
09/11/2021 21:30,,
09/11/2021 22:00,,
09/11/2021 22:30,,
09/11/2021 23:00,,
09/11/2021 23:30,,
10/11/2021 00:00,,
10/11/2021 00:30,,
10/11/2021 01:00,,
10/11/2021 01:30,,
10/11/2021 02:00,,
10/11/2021 02:30,,
10/11/2021 03:00,,
10/11/2021 03:30,,
10/11/2021 04:00,,
10/11/2021 04:30,,
10/11/2021 05:00,,
10/11/2021 05:30,,
10/11/2021 06:00,,
10/11/2021 06:30,,
10/11/2021 07:00,,
10/11/2021 07:30,,
10/11/2021 08:00,,
10/11/2021 08:30,,
10/11/2021 09:00,,
10/11/2021 09:30,,
10/11/2021 10:00,,
10/11/2021 10:30,,
10/11/2021 11:00,,
10/11/2021 11:30,,
10/11/2021 12:00,,
10/11/2021 12:30,,
10/11/2021 13:00,,
10/11/2021 13:30,,
10/11/2021 14:00,,
10/11/2021 14:30,,
10/11/2021 15:00,,
10/11/2021 15:30,,
10/11/2021 16:00,,
10/11/2021 16:30,,
10/11/2021 17:00,,
10/11/2021 17:30,,
10/11/2021 18:00,,
10/11/2021 18:30,,
10/11/2021 19:00,,
10/11/2021 19:30,,
10/11/2021 20:00,,
10/11/2021 20:30,,
10/11/2021 21:00,,
10/11/2021 21:30,,
10/11/2021 22:00,,
10/11/2021 22:30,,
10/11/2021 23:00,,
10/11/2021 23:30,,
11/11/2021 00:00,,
11/11/2021 00:30,,
11/11/2021 01:00,,
11/11/2021 01:30,,
11/11/2021 02:00,,
11/11/2021 02:30,,
11/11/2021 03:00,,
11/11/2021 03:30,,
11/11/2021 04:00,,
11/11/2021 04:30,,
11/11/2021 05:00,,
11/11/2021 05:30,,
11/11/2021 06:00,,
11/11/2021 06:30,,
11/11/2021 07:00,,
11/11/2021 07:30,,
11/11/2021 08:00,,
11/11/2021 08:30,,
11/11/2021 09:00,,
11/11/2021 09:30,,
11/11/2021 10:00,,
11/11/2021 10:30,,
11/11/2021 11:00,,
11/11/2021 11:30,,
11/11/2021 12:00,,
11/11/2021 12:30,,
11/11/2021 13:00,,
11/11/2021 13:30,,
11/11/2021 14:00,,
11/11/2021 14:30,,
11/11/2021 15:00,,
11/11/2021 15:30,,
11/11/2021 16:00,,
11/11/2021 16:30,,
11/11/2021 17:00,,
11/11/2021 17:30,,
11/11/2021 18:00,,
11/11/2021 18:30,,
11/11/2021 19:00,,
11/11/2021 19:30,,
11/11/2021 20:00,,
11/11/2021 20:30,,
11/11/2021 21:00,,
11/11/2021 21:30,,
11/11/2021 22:00,,
11/11/2021 22:30,,
11/11/2021 23:00,,
11/11/2021 23:30,,
12/11/2021 00:00,,
12/11/2021 00:30,,
12/11/2021 01:00,,
12/11/2021 01:30,,
12/11/2021 02:00,,
12/11/2021 02:30,,
12/11/2021 03:00,,
12/11/2021 03:30,,
12/11/2021 04:00,,
12/11/2021 04:30,,
12/11/2021 05:00,,
12/11/2021 05:30,,
12/11/2021 06:00,,
12/11/2021 06:30,,
12/11/2021 07:00,,
12/11/2021 07:30,,
12/11/2021 08:00,,
12/11/2021 08:30,,
12/11/2021 09:00,,
12/11/2021 09:30,,
12/11/2021 10:00,,
12/11/2021 10:30,,
12/11/2021 11:00,,
12/11/2021 11:30,,
12/11/2021 12:00,,
12/11/2021 12:30,,
12/11/2021 13:00,,
12/11/2021 13:30,,
12/11/2021 14:00,,
12/11/2021 14:30,,
12/11/2021 15:00,,
12/11/2021 15:30,,
12/11/2021 16:00,,
12/11/2021 16:30,,
12/11/2021 17:00,,
12/11/2021 17:30,,
12/11/2021 18:00,,
12/11/2021 18:30,,
12/11/2021 19:00,,
12/11/2021 19:30,,
12/11/2021 20:00,,
12/11/2021 20:30,,
12/11/2021 21:00,,
12/11/2021 21:30,,
12/11/2021 22:00,,
12/11/2021 22:30,,
12/11/2021 23:00,,
12/11/2021 23:30,,
13/11/2021 00:00,,
13/11/2021 00:30,,
13/11/2021 01:00,,
13/11/2021 01:30,,
13/11/2021 02:00,,
13/11/2021 02:30,,
13/11/2021 03:00,,
13/11/2021 03:30,,
13/11/2021 04:00,,
13/11/2021 04:30,,
13/11/2021 05:00,,
13/11/2021 05:30,,
13/11/2021 06:00,,
13/11/2021 06:30,,
13/11/2021 07:00,,
13/11/2021 07:30,,
13/11/2021 08:00,,
13/11/2021 08:30,,
13/11/2021 09:00,,
13/11/2021 09:30,,
13/11/2021 10:00,,
13/11/2021 10:30,,
13/11/2021 11:00,,
13/11/2021 11:30,,
13/11/2021 12:00,,
13/11/2021 12:30,,
13/11/2021 13:00,,
13/11/2021 13:30,,
13/11/2021 14:00,,
13/11/2021 14:30,,
13/11/2021 15:00,,
13/11/2021 15:30,,
13/11/2021 16:00,,
13/11/2021 16:30,,
13/11/2021 17:00,,
13/11/2021 17:30,,
13/11/2021 18:00,,
13/11/2021 18:30,,
13/11/2021 19:00,,
13/11/2021 19:30,,
13/11/2021 20:00,,
13/11/2021 20:30,,
13/11/2021 21:00,,
13/11/2021 21:30,,
13/11/2021 22:00,,
13/11/2021 22:30,,
13/11/2021 23:00,,
13/11/2021 23:30,,
14/11/2021 00:00,,
14/11/2021 00:30,,
14/11/2021 01:00,,
14/11/2021 01:30,,
14/11/2021 02:00,,
14/11/2021 02:30,,
14/11/2021 03:00,,
14/11/2021 03:30,,
14/11/2021 04:00,,
14/11/2021 04:30,,
14/11/2021 05:00,,
14/11/2021 05:30,,
14/11/2021 06:00,,
14/11/2021 06:30,,
14/11/2021 07:00,,
14/11/2021 07:30,,
14/11/2021 08:00,,
14/11/2021 08:30,,
14/11/2021 09:00,,
14/11/2021 09:30,,
14/11/2021 10:00,,
14/11/2021 10:30,,
14/11/2021 11:00,,
14/11/2021 11:30,,
14/11/2021 12:00,,
14/11/2021 12:30,,
14/11/2021 13:00,,
14/11/2021 13:30,,
14/11/2021 14:00,,
14/11/2021 14:30,,
14/11/2021 15:00,,
14/11/2021 15:30,,
14/11/2021 16:00,,
14/11/2021 16:30,,
14/11/2021 17:00,,
14/11/2021 17:30,,
14/11/2021 18:00,,
14/11/2021 18:30,,
14/11/2021 19:00,,
14/11/2021 19:30,,
14/11/2021 20:00,,
14/11/2021 20:30,,
14/11/2021 21:00,,
14/11/2021 21:30,,
14/11/2021 22:00,,
14/11/2021 22:30,,
14/11/2021 23:00,,
14/11/2021 23:30,,
15/11/2021 00:00,,
15/11/2021 00:30,,
15/11/2021 01:00,,
15/11/2021 01:30,,
15/11/2021 02:00,,
15/11/2021 02:30,,
15/11/2021 03:00,,
15/11/2021 03:30,,
15/11/2021 04:00,,
15/11/2021 04:30,,
15/11/2021 05:00,,
15/11/2021 05:30,,
15/11/2021 06:00,,
15/11/2021 06:30,,
15/11/2021 07:00,,
15/11/2021 07:30,,
15/11/2021 08:00,,
15/11/2021 08:30,,
15/11/2021 09:00,,
15/11/2021 09:30,,
15/11/2021 10:00,,
15/11/2021 10:30,,
15/11/2021 11:00,,
15/11/2021 11:30,,
15/11/2021 12:00,,
15/11/2021 12:30,,
15/11/2021 13:00,,
15/11/2021 13:30,,
15/11/2021 14:00,,
15/11/2021 14:30,,
15/11/2021 15:00,,
15/11/2021 15:30,,
15/11/2021 16:00,,
15/11/2021 16:30,,
15/11/2021 17:00,,
15/11/2021 17:30,,
15/11/2021 18:00,,
15/11/2021 18:30,,
15/11/2021 19:00,,
15/11/2021 19:30,,
15/11/2021 20:00,,
15/11/2021 20:30,,
15/11/2021 21:00,,
15/11/2021 21:30,,
15/11/2021 22:00,,
15/11/2021 22:30,,
15/11/2021 23:00,,
15/11/2021 23:30,,
16/11/2021 00:00,,
16/11/2021 00:30,,
16/11/2021 01:00,,
16/11/2021 01:30,,
16/11/2021 02:00,,
16/11/2021 02:30,,
16/11/2021 03:00,,
16/11/2021 03:30,,
16/11/2021 04:00,,
16/11/2021 04:30,,
16/11/2021 05:00,,
16/11/2021 05:30,,
16/11/2021 06:00,,
16/11/2021 06:30,,
16/11/2021 07:00,,
16/11/2021 07:30,,
16/11/2021 08:00,,
16/11/2021 08:30,,
16/11/2021 09:00,,
16/11/2021 09:30,,
16/11/2021 10:00,,
16/11/2021 10:30,,
16/11/2021 11:00,,
16/11/2021 11:30,,
16/11/2021 12:00,,
16/11/2021 12:30,,
16/11/2021 13:00,,
16/11/2021 13:30,,
16/11/2021 14:00,,
16/11/2021 14:30,,
16/11/2021 15:00,,
16/11/2021 15:30,,
16/11/2021 16:00,,
16/11/2021 16:30,,
16/11/2021 17:00,,
16/11/2021 17:30,,
16/11/2021 18:00,,
16/11/2021 18:30,,
16/11/2021 19:00,,
16/11/2021 19:30,,
16/11/2021 20:00,,
16/11/2021 20:30,,
16/11/2021 21:00,,
16/11/2021 21:30,,
16/11/2021 22:00,,
16/11/2021 22:30,,
16/11/2021 23:00,,
16/11/2021 23:30,,
17/11/2021 00:00,,
17/11/2021 00:30,,
17/11/2021 01:00,,
17/11/2021 01:30,,
17/11/2021 02:00,,
17/11/2021 02:30,,
17/11/2021 03:00,,
17/11/2021 03:30,,
17/11/2021 04:00,,
17/11/2021 04:30,,
17/11/2021 05:00,,
17/11/2021 05:30,,
17/11/2021 06:00,,
17/11/2021 06:30,,
17/11/2021 07:00,,
17/11/2021 07:30,,
17/11/2021 08:00,,
17/11/2021 08:30,,
17/11/2021 09:00,,
17/11/2021 09:30,,
17/11/2021 10:00,,
17/11/2021 10:30,,
17/11/2021 11:00,,
17/11/2021 11:30,,
17/11/2021 12:00,,
17/11/2021 12:30,,
17/11/2021 13:00,,
17/11/2021 13:30,,
17/11/2021 14:00,,
17/11/2021 14:30,,
17/11/2021 15:00,,
17/11/2021 15:30,,
17/11/2021 16:00,,
17/11/2021 16:30,,
17/11/2021 17:00,,
17/11/2021 17:30,,
17/11/2021 18:00,,
17/11/2021 18:30,,
17/11/2021 19:00,,
17/11/2021 19:30,,
17/11/2021 20:00,,
17/11/2021 20:30,,
17/11/2021 21:00,,
17/11/2021 21:30,,
17/11/2021 22:00,,
17/11/2021 22:30,,
17/11/2021 23:00,,
17/11/2021 23:30,,
18/11/2021 00:00,,
18/11/2021 00:30,,
18/11/2021 01:00,,
18/11/2021 01:30,,
18/11/2021 02:00,,
18/11/2021 02:30,,
18/11/2021 03:00,,
18/11/2021 03:30,,
18/11/2021 04:00,,
18/11/2021 04:30,,
18/11/2021 05:00,,
18/11/2021 05:30,,
18/11/2021 06:00,,
18/11/2021 06:30,,
18/11/2021 07:00,,
18/11/2021 07:30,,
18/11/2021 08:00,,
18/11/2021 08:30,,
18/11/2021 09:00,,
18/11/2021 09:30,,
18/11/2021 10:00,,
18/11/2021 10:30,,
18/11/2021 11:00,,
18/11/2021 11:30,,
18/11/2021 12:00,,
18/11/2021 12:30,,
18/11/2021 13:00,,
18/11/2021 13:30,,
18/11/2021 14:00,,
18/11/2021 14:30,,
18/11/2021 15:00,,
18/11/2021 15:30,,
18/11/2021 16:00,,
18/11/2021 16:30,,
18/11/2021 17:00,,
18/11/2021 17:30,,
18/11/2021 18:00,,
18/11/2021 18:30,,
18/11/2021 19:00,,
18/11/2021 19:30,,
18/11/2021 20:00,,
18/11/2021 20:30,,
18/11/2021 21:00,,
18/11/2021 21:30,,
18/11/2021 22:00,,
18/11/2021 22:30,,
18/11/2021 23:00,,
18/11/2021 23:30,,
19/11/2021 00:00,,
19/11/2021 00:30,,
19/11/2021 01:00,,
19/11/2021 01:30,,
19/11/2021 02:00,,
19/11/2021 02:30,,
19/11/2021 03:00,,
19/11/2021 03:30,,
19/11/2021 04:00,,
19/11/2021 04:30,,
19/11/2021 05:00,,
19/11/2021 05:30,,
19/11/2021 06:00,,
19/11/2021 06:30,,
19/11/2021 07:00,,
19/11/2021 07:30,,
19/11/2021 08:00,,
19/11/2021 08:30,,
19/11/2021 09:00,,
19/11/2021 09:30,,
19/11/2021 10:00,,
19/11/2021 10:30,,
19/11/2021 11:00,,
19/11/2021 11:30,,
19/11/2021 12:00,,
19/11/2021 12:30,,
19/11/2021 13:00,,
19/11/2021 13:30,,
19/11/2021 14:00,,
19/11/2021 14:30,,
19/11/2021 15:00,,
19/11/2021 15:30,,
19/11/2021 16:00,,
19/11/2021 16:30,,
19/11/2021 17:00,,
19/11/2021 17:30,,
19/11/2021 18:00,,
19/11/2021 18:30,,
19/11/2021 19:00,,
19/11/2021 19:30,,
19/11/2021 20:00,,
19/11/2021 20:30,,
19/11/2021 21:00,,
19/11/2021 21:30,,
19/11/2021 22:00,,
19/11/2021 22:30,,
19/11/2021 23:00,,
19/11/2021 23:30,,
20/11/2021 00:00,,
20/11/2021 00:30,,
20/11/2021 01:00,,
20/11/2021 01:30,,
20/11/2021 02:00,,
20/11/2021 02:30,,
20/11/2021 03:00,,
20/11/2021 03:30,,
20/11/2021 04:00,,
20/11/2021 04:30,,
20/11/2021 05:00,,
20/11/2021 05:30,,
20/11/2021 06:00,,
20/11/2021 06:30,,
20/11/2021 07:00,,
20/11/2021 07:30,,
20/11/2021 08:00,,
20/11/2021 08:30,,
20/11/2021 09:00,,
20/11/2021 09:30,,
20/11/2021 10:00,,
20/11/2021 10:30,,
20/11/2021 11:00,,
20/11/2021 11:30,,
20/11/2021 12:00,,
20/11/2021 12:30,,
20/11/2021 13:00,,
20/11/2021 13:30,,
20/11/2021 14:00,,
20/11/2021 14:30,,
20/11/2021 15:00,,
20/11/2021 15:30,,
20/11/2021 16:00,,
20/11/2021 16:30,,
20/11/2021 17:00,,
20/11/2021 17:30,,
20/11/2021 18:00,,
20/11/2021 18:30,,
20/11/2021 19:00,,
20/11/2021 19:30,,
20/11/2021 20:00,,
20/11/2021 20:30,,
20/11/2021 21:00,,
20/11/2021 21:30,,
20/11/2021 22:00,,
20/11/2021 22:30,,
20/11/2021 23:00,,
20/11/2021 23:30,,
21/11/2021 00:00,,
21/11/2021 00:30,,
21/11/2021 01:00,,
21/11/2021 01:30,,
21/11/2021 02:00,,
21/11/2021 02:30,,
21/11/2021 03:00,,
21/11/2021 03:30,,
21/11/2021 04:00,,
21/11/2021 04:30,,
21/11/2021 05:00,,
21/11/2021 05:30,,
21/11/2021 06:00,,
21/11/2021 06:30,,
21/11/2021 07:00,,
21/11/2021 07:30,,
21/11/2021 08:00,,
21/11/2021 08:30,,
21/11/2021 09:00,,
21/11/2021 09:30,,
21/11/2021 10:00,,
21/11/2021 10:30,,
21/11/2021 11:00,,
21/11/2021 11:30,,
21/11/2021 12:00,,
21/11/2021 12:30,,
21/11/2021 13:00,,
21/11/2021 13:30,,
21/11/2021 14:00,,
21/11/2021 14:30,,
21/11/2021 15:00,,
21/11/2021 15:30,,
21/11/2021 16:00,,
21/11/2021 16:30,,
21/11/2021 17:00,,
21/11/2021 17:30,,
21/11/2021 18:00,,
21/11/2021 18:30,,
21/11/2021 19:00,,
21/11/2021 19:30,,
21/11/2021 20:00,,
21/11/2021 20:30,,
21/11/2021 21:00,,
21/11/2021 21:30,,
21/11/2021 22:00,,
21/11/2021 22:30,,
21/11/2021 23:00,,
21/11/2021 23:30,,
22/11/2021 00:00,,
22/11/2021 00:30,,
22/11/2021 01:00,,
22/11/2021 01:30,,
22/11/2021 02:00,,
22/11/2021 02:30,,
22/11/2021 03:00,,
22/11/2021 03:30,,
22/11/2021 04:00,,
22/11/2021 04:30,,
22/11/2021 05:00,,
22/11/2021 05:30,,
22/11/2021 06:00,,
22/11/2021 06:30,,
22/11/2021 07:00,,
22/11/2021 07:30,,
22/11/2021 08:00,,
22/11/2021 08:30,,
22/11/2021 09:00,,
22/11/2021 09:30,,
22/11/2021 10:00,,
22/11/2021 10:30,,
22/11/2021 11:00,,
22/11/2021 11:30,,
22/11/2021 12:00,,
22/11/2021 12:30,,
22/11/2021 13:00,,
22/11/2021 13:30,,
22/11/2021 14:00,,
22/11/2021 14:30,,
22/11/2021 15:00,,
22/11/2021 15:30,,
22/11/2021 16:00,,
22/11/2021 16:30,,
22/11/2021 17:00,,
22/11/2021 17:30,,
22/11/2021 18:00,,
22/11/2021 18:30,,
22/11/2021 19:00,,
22/11/2021 19:30,,
22/11/2021 20:00,,
22/11/2021 20:30,,
22/11/2021 21:00,,
22/11/2021 21:30,,
22/11/2021 22:00,,
22/11/2021 22:30,,
22/11/2021 23:00,,
22/11/2021 23:30,,
23/11/2021 00:00,,
23/11/2021 00:30,,
23/11/2021 01:00,,
23/11/2021 01:30,,
23/11/2021 02:00,,
23/11/2021 02:30,,
23/11/2021 03:00,,
23/11/2021 03:30,,
23/11/2021 04:00,,
23/11/2021 04:30,,
23/11/2021 05:00,,
23/11/2021 05:30,,
23/11/2021 06:00,,
23/11/2021 06:30,,
23/11/2021 07:00,,
23/11/2021 07:30,,
23/11/2021 08:00,,
23/11/2021 08:30,,
23/11/2021 09:00,,
23/11/2021 09:30,,
23/11/2021 10:00,,
23/11/2021 10:30,,
23/11/2021 11:00,,
23/11/2021 11:30,,
23/11/2021 12:00,,
23/11/2021 12:30,,
23/11/2021 13:00,,
23/11/2021 13:30,,
23/11/2021 14:00,,
23/11/2021 14:30,,
23/11/2021 15:00,,
23/11/2021 15:30,,
23/11/2021 16:00,,
23/11/2021 16:30,,
23/11/2021 17:00,,
23/11/2021 17:30,,
23/11/2021 18:00,,
23/11/2021 18:30,,
23/11/2021 19:00,,
23/11/2021 19:30,,
23/11/2021 20:00,,
23/11/2021 20:30,,
23/11/2021 21:00,,
23/11/2021 21:30,,
23/11/2021 22:00,,
23/11/2021 22:30,,
23/11/2021 23:00,,
23/11/2021 23:30,,
24/11/2021 00:00,,
24/11/2021 00:30,,
24/11/2021 01:00,,
24/11/2021 01:30,,
24/11/2021 02:00,,
24/11/2021 02:30,,
24/11/2021 03:00,,
24/11/2021 03:30,,
24/11/2021 04:00,,
24/11/2021 04:30,,
24/11/2021 05:00,,
24/11/2021 05:30,,
24/11/2021 06:00,,
24/11/2021 06:30,,
24/11/2021 07:00,,
24/11/2021 07:30,,
24/11/2021 08:00,,
24/11/2021 08:30,,
24/11/2021 09:00,,
24/11/2021 09:30,,
24/11/2021 10:00,,
24/11/2021 10:30,,
24/11/2021 11:00,,
24/11/2021 11:30,,
24/11/2021 12:00,,
24/11/2021 12:30,,
24/11/2021 13:00,,
24/11/2021 13:30,,
24/11/2021 14:00,,
24/11/2021 14:30,,
24/11/2021 15:00,,
24/11/2021 15:30,,
24/11/2021 16:00,,
24/11/2021 16:30,,
24/11/2021 17:00,,
24/11/2021 17:30,,
24/11/2021 18:00,,
24/11/2021 18:30,,
24/11/2021 19:00,,
24/11/2021 19:30,,
24/11/2021 20:00,,
24/11/2021 20:30,,
24/11/2021 21:00,,
24/11/2021 21:30,,
24/11/2021 22:00,,
24/11/2021 22:30,,
24/11/2021 23:00,,
24/11/2021 23:30,,
25/11/2021 00:00,,
25/11/2021 00:30,,
25/11/2021 01:00,,
25/11/2021 01:30,,
25/11/2021 02:00,,
25/11/2021 02:30,,
25/11/2021 03:00,,
25/11/2021 03:30,,
25/11/2021 04:00,,
25/11/2021 04:30,,
25/11/2021 05:00,,
25/11/2021 05:30,,
25/11/2021 06:00,,
25/11/2021 06:30,,
25/11/2021 07:00,,
25/11/2021 07:30,,
25/11/2021 08:00,,
25/11/2021 08:30,,
25/11/2021 09:00,,
25/11/2021 09:30,,
25/11/2021 10:00,,
25/11/2021 10:30,,
25/11/2021 11:00,,
25/11/2021 11:30,,
25/11/2021 12:00,,
25/11/2021 12:30,,
25/11/2021 13:00,,
25/11/2021 13:30,,
25/11/2021 14:00,,
25/11/2021 14:30,,
25/11/2021 15:00,,
25/11/2021 15:30,,
25/11/2021 16:00,,
25/11/2021 16:30,,
25/11/2021 17:00,,
25/11/2021 17:30,,
25/11/2021 18:00,,
25/11/2021 18:30,,
25/11/2021 19:00,,
25/11/2021 19:30,,
25/11/2021 20:00,,
25/11/2021 20:30,,
25/11/2021 21:00,,
25/11/2021 21:30,,
25/11/2021 22:00,,
25/11/2021 22:30,,
25/11/2021 23:00,,
25/11/2021 23:30,,
26/11/2021 00:00,,
26/11/2021 00:30,,
26/11/2021 01:00,,
26/11/2021 01:30,,
26/11/2021 02:00,,
26/11/2021 02:30,,
26/11/2021 03:00,,
26/11/2021 03:30,,
26/11/2021 04:00,,
26/11/2021 04:30,,
26/11/2021 05:00,,
26/11/2021 05:30,,
26/11/2021 06:00,,
26/11/2021 06:30,,
26/11/2021 07:00,,
26/11/2021 07:30,,
26/11/2021 08:00,,
26/11/2021 08:30,,
26/11/2021 09:00,,
26/11/2021 09:30,,
26/11/2021 10:00,,
26/11/2021 10:30,,
26/11/2021 11:00,,
26/11/2021 11:30,,
26/11/2021 12:00,,
26/11/2021 12:30,,
26/11/2021 13:00,,
26/11/2021 13:30,,
26/11/2021 14:00,,
26/11/2021 14:30,,
26/11/2021 15:00,,
26/11/2021 15:30,,
26/11/2021 16:00,,
26/11/2021 16:30,,
26/11/2021 17:00,,
26/11/2021 17:30,,
26/11/2021 18:00,,
26/11/2021 18:30,,
26/11/2021 19:00,,
26/11/2021 19:30,,
26/11/2021 20:00,,
26/11/2021 20:30,,
26/11/2021 21:00,,
26/11/2021 21:30,,
26/11/2021 22:00,,
26/11/2021 22:30,,
26/11/2021 23:00,,
26/11/2021 23:30,,
27/11/2021 00:00,,
27/11/2021 00:30,,
27/11/2021 01:00,,
27/11/2021 01:30,,
27/11/2021 02:00,,
27/11/2021 02:30,,
27/11/2021 03:00,,
27/11/2021 03:30,,
27/11/2021 04:00,,
27/11/2021 04:30,,
27/11/2021 05:00,,
27/11/2021 05:30,,
27/11/2021 06:00,,
27/11/2021 06:30,,
27/11/2021 07:00,,
27/11/2021 07:30,,
27/11/2021 08:00,,
27/11/2021 08:30,,
27/11/2021 09:00,,
27/11/2021 09:30,,
27/11/2021 10:00,,
27/11/2021 10:30,,
27/11/2021 11:00,,
27/11/2021 11:30,,
27/11/2021 12:00,,
27/11/2021 12:30,,
27/11/2021 13:00,,
27/11/2021 13:30,,
27/11/2021 14:00,,
27/11/2021 14:30,,
27/11/2021 15:00,,
27/11/2021 15:30,,
27/11/2021 16:00,,
27/11/2021 16:30,,
27/11/2021 17:00,,
27/11/2021 17:30,,
27/11/2021 18:00,,
27/11/2021 18:30,,
27/11/2021 19:00,,
27/11/2021 19:30,,
27/11/2021 20:00,,
27/11/2021 20:30,,
27/11/2021 21:00,,
27/11/2021 21:30,,
27/11/2021 22:00,,
27/11/2021 22:30,,
27/11/2021 23:00,,
27/11/2021 23:30,,
28/11/2021 00:00,,
28/11/2021 00:30,,
28/11/2021 01:00,,
28/11/2021 01:30,,
28/11/2021 02:00,,
28/11/2021 02:30,,
28/11/2021 03:00,,
28/11/2021 03:30,,
28/11/2021 04:00,,
28/11/2021 04:30,,
28/11/2021 05:00,,
28/11/2021 05:30,,
28/11/2021 06:00,,
28/11/2021 06:30,,
28/11/2021 07:00,,
28/11/2021 07:30,,
28/11/2021 08:00,,
28/11/2021 08:30,,
28/11/2021 09:00,,
28/11/2021 09:30,,
28/11/2021 10:00,,
28/11/2021 10:30,,
28/11/2021 11:00,,
28/11/2021 11:30,,
28/11/2021 12:00,,
28/11/2021 12:30,,
28/11/2021 13:00,,
28/11/2021 13:30,,
28/11/2021 14:00,,
28/11/2021 14:30,,
28/11/2021 15:00,,
28/11/2021 15:30,,
28/11/2021 16:00,,
28/11/2021 16:30,,
28/11/2021 17:00,,
28/11/2021 17:30,,
28/11/2021 18:00,,
28/11/2021 18:30,,
28/11/2021 19:00,,
28/11/2021 19:30,,
28/11/2021 20:00,,
28/11/2021 20:30,,
28/11/2021 21:00,,
28/11/2021 21:30,,
28/11/2021 22:00,,
28/11/2021 22:30,,
28/11/2021 23:00,,
28/11/2021 23:30,,
29/11/2021 00:00,,
29/11/2021 00:30,,
29/11/2021 01:00,,
29/11/2021 01:30,,
29/11/2021 02:00,,
29/11/2021 02:30,,
29/11/2021 03:00,,
29/11/2021 03:30,,
29/11/2021 04:00,,
29/11/2021 04:30,,
29/11/2021 05:00,,
29/11/2021 05:30,,
29/11/2021 06:00,,
29/11/2021 06:30,,
29/11/2021 07:00,,
29/11/2021 07:30,,
29/11/2021 08:00,,
29/11/2021 08:30,,
29/11/2021 09:00,,
29/11/2021 09:30,,
29/11/2021 10:00,,
29/11/2021 10:30,,
29/11/2021 11:00,,
29/11/2021 11:30,,
29/11/2021 12:00,,
29/11/2021 12:30,,
29/11/2021 13:00,,
29/11/2021 13:30,,
29/11/2021 14:00,,
29/11/2021 14:30,,
29/11/2021 15:00,,
29/11/2021 15:30,,
29/11/2021 16:00,,
29/11/2021 16:30,,
29/11/2021 17:00,,
29/11/2021 17:30,,
29/11/2021 18:00,,
29/11/2021 18:30,,
29/11/2021 19:00,,
29/11/2021 19:30,,
29/11/2021 20:00,,
29/11/2021 20:30,,
29/11/2021 21:00,,
29/11/2021 21:30,,
29/11/2021 22:00,,
29/11/2021 22:30,,
29/11/2021 23:00,,
29/11/2021 23:30,,
30/11/2021 00:00,,
30/11/2021 00:30,,
30/11/2021 01:00,,
30/11/2021 01:30,,
30/11/2021 02:00,,
30/11/2021 02:30,,
30/11/2021 03:00,,
30/11/2021 03:30,,
30/11/2021 04:00,,
30/11/2021 04:30,,
30/11/2021 05:00,,
30/11/2021 05:30,,
30/11/2021 06:00,,
30/11/2021 06:30,,
30/11/2021 07:00,,
30/11/2021 07:30,,
30/11/2021 08:00,,
30/11/2021 08:30,,
30/11/2021 09:00,,
30/11/2021 09:30,,
30/11/2021 10:00,,
30/11/2021 10:30,,
30/11/2021 11:00,,
30/11/2021 11:30,,
30/11/2021 12:00,,
30/11/2021 12:30,,
30/11/2021 13:00,,
30/11/2021 13:30,,
30/11/2021 14:00,,
30/11/2021 14:30,,
30/11/2021 15:00,,
30/11/2021 15:30,,
30/11/2021 16:00,,
30/11/2021 16:30,,
30/11/2021 17:00,,
30/11/2021 17:30,,
30/11/2021 18:00,,
30/11/2021 18:30,,
30/11/2021 19:00,,
30/11/2021 19:30,,
30/11/2021 20:00,,
30/11/2021 20:30,,
30/11/2021 21:00,,
30/11/2021 21:30,,
30/11/2021 22:00,,
30/11/2021 22:30,,
30/11/2021 23:00,,
30/11/2021 23:30,,
01/12/2021 00:00,,
01/12/2021 00:30,,
01/12/2021 01:00,,
01/12/2021 01:30,,
01/12/2021 02:00,,
01/12/2021 02:30,,
01/12/2021 03:00,,
01/12/2021 03:30,,
01/12/2021 04:00,,
01/12/2021 04:30,,
01/12/2021 05:00,,
01/12/2021 05:30,,
01/12/2021 06:00,,
01/12/2021 06:30,,
01/12/2021 07:00,,
01/12/2021 07:30,,
01/12/2021 08:00,,
01/12/2021 08:30,,
01/12/2021 09:00,,
01/12/2021 09:30,,
01/12/2021 10:00,,
01/12/2021 10:30,,
01/12/2021 11:00,,
01/12/2021 11:30,,
01/12/2021 12:00,,
01/12/2021 12:30,,
01/12/2021 13:00,,
01/12/2021 13:30,,
01/12/2021 14:00,,
01/12/2021 14:30,,
01/12/2021 15:00,,
01/12/2021 15:30,,
01/12/2021 16:00,,
01/12/2021 16:30,,
01/12/2021 17:00,,
01/12/2021 17:30,,
01/12/2021 18:00,,
01/12/2021 18:30,,
01/12/2021 19:00,,
01/12/2021 19:30,,
01/12/2021 20:00,,
01/12/2021 20:30,,
01/12/2021 21:00,,
01/12/2021 21:30,,
01/12/2021 22:00,,
01/12/2021 22:30,,
01/12/2021 23:00,,
01/12/2021 23:30,,
02/12/2021 00:00,,
02/12/2021 00:30,,
02/12/2021 01:00,,
02/12/2021 01:30,,
02/12/2021 02:00,,
02/12/2021 02:30,,
02/12/2021 03:00,,
02/12/2021 03:30,,
02/12/2021 04:00,,
02/12/2021 04:30,,
02/12/2021 05:00,,
02/12/2021 05:30,,
02/12/2021 06:00,,
02/12/2021 06:30,,
02/12/2021 07:00,,
02/12/2021 07:30,,
02/12/2021 08:00,,
02/12/2021 08:30,,
02/12/2021 09:00,,
02/12/2021 09:30,,
02/12/2021 10:00,,
02/12/2021 10:30,,
02/12/2021 11:00,,
02/12/2021 11:30,,
02/12/2021 12:00,,
02/12/2021 12:30,,
02/12/2021 13:00,,
02/12/2021 13:30,,
02/12/2021 14:00,,
02/12/2021 14:30,,
02/12/2021 15:00,,
02/12/2021 15:30,,
02/12/2021 16:00,,
02/12/2021 16:30,,
02/12/2021 17:00,,
02/12/2021 17:30,,
02/12/2021 18:00,,
02/12/2021 18:30,,
02/12/2021 19:00,,
02/12/2021 19:30,,
02/12/2021 20:00,,
02/12/2021 20:30,,
02/12/2021 21:00,,
02/12/2021 21:30,,
02/12/2021 22:00,,
02/12/2021 22:30,,
02/12/2021 23:00,,
02/12/2021 23:30,,
03/12/2021 00:00,,
03/12/2021 00:30,,
03/12/2021 01:00,,
03/12/2021 01:30,,
03/12/2021 02:00,,
03/12/2021 02:30,,
03/12/2021 03:00,,
03/12/2021 03:30,,
03/12/2021 04:00,,
03/12/2021 04:30,,
03/12/2021 05:00,,
03/12/2021 05:30,,
03/12/2021 06:00,,
03/12/2021 06:30,,
03/12/2021 07:00,,
03/12/2021 07:30,,
03/12/2021 08:00,,
03/12/2021 08:30,,
03/12/2021 09:00,,
03/12/2021 09:30,,
03/12/2021 10:00,,
03/12/2021 10:30,,
03/12/2021 11:00,,
03/12/2021 11:30,,
03/12/2021 12:00,,
03/12/2021 12:30,,
03/12/2021 13:00,,
03/12/2021 13:30,,
03/12/2021 14:00,,
03/12/2021 14:30,,
03/12/2021 15:00,,
03/12/2021 15:30,,
03/12/2021 16:00,,
03/12/2021 16:30,,
03/12/2021 17:00,,
03/12/2021 17:30,,
03/12/2021 18:00,,
03/12/2021 18:30,,
03/12/2021 19:00,,
03/12/2021 19:30,,
03/12/2021 20:00,,
03/12/2021 20:30,,
03/12/2021 21:00,,
03/12/2021 21:30,,
03/12/2021 22:00,,
03/12/2021 22:30,,
03/12/2021 23:00,,
03/12/2021 23:30,,
04/12/2021 00:00,,
04/12/2021 00:30,,
04/12/2021 01:00,,
04/12/2021 01:30,,
04/12/2021 02:00,,
04/12/2021 02:30,,
04/12/2021 03:00,,
04/12/2021 03:30,,
04/12/2021 04:00,,
04/12/2021 04:30,,
04/12/2021 05:00,,
04/12/2021 05:30,,
04/12/2021 06:00,,
04/12/2021 06:30,,
04/12/2021 07:00,,
04/12/2021 07:30,,
04/12/2021 08:00,,
04/12/2021 08:30,,
04/12/2021 09:00,,
04/12/2021 09:30,,
04/12/2021 10:00,,
04/12/2021 10:30,,
04/12/2021 11:00,,
04/12/2021 11:30,,
04/12/2021 12:00,,
04/12/2021 12:30,,
04/12/2021 13:00,,
04/12/2021 13:30,,
04/12/2021 14:00,,
04/12/2021 14:30,,
04/12/2021 15:00,,
04/12/2021 15:30,,
04/12/2021 16:00,,
04/12/2021 16:30,,
04/12/2021 17:00,,
04/12/2021 17:30,,
04/12/2021 18:00,,
04/12/2021 18:30,,
04/12/2021 19:00,,
04/12/2021 19:30,,
04/12/2021 20:00,,
04/12/2021 20:30,,
04/12/2021 21:00,,
04/12/2021 21:30,,
04/12/2021 22:00,,
04/12/2021 22:30,,
04/12/2021 23:00,,
04/12/2021 23:30,,
05/12/2021 00:00,,
05/12/2021 00:30,,
05/12/2021 01:00,,
05/12/2021 01:30,,
05/12/2021 02:00,,
05/12/2021 02:30,,
05/12/2021 03:00,,
05/12/2021 03:30,,
05/12/2021 04:00,,
05/12/2021 04:30,,
05/12/2021 05:00,,
05/12/2021 05:30,,
05/12/2021 06:00,,
05/12/2021 06:30,,
05/12/2021 07:00,,
05/12/2021 07:30,,
05/12/2021 08:00,,
05/12/2021 08:30,,
05/12/2021 09:00,,
05/12/2021 09:30,,
05/12/2021 10:00,,
05/12/2021 10:30,,
05/12/2021 11:00,,
05/12/2021 11:30,,
05/12/2021 12:00,,
05/12/2021 12:30,,
05/12/2021 13:00,,
05/12/2021 13:30,,
05/12/2021 14:00,,
05/12/2021 14:30,,
05/12/2021 15:00,,
05/12/2021 15:30,,
05/12/2021 16:00,,
05/12/2021 16:30,,
05/12/2021 17:00,,
05/12/2021 17:30,,
05/12/2021 18:00,,
05/12/2021 18:30,,
05/12/2021 19:00,,
05/12/2021 19:30,,
05/12/2021 20:00,,
05/12/2021 20:30,,
05/12/2021 21:00,,
05/12/2021 21:30,,
05/12/2021 22:00,,
05/12/2021 22:30,,
05/12/2021 23:00,,
05/12/2021 23:30,,
06/12/2021 00:00,,
06/12/2021 00:30,,
06/12/2021 01:00,,
06/12/2021 01:30,,
06/12/2021 02:00,,
06/12/2021 02:30,,
06/12/2021 03:00,,
06/12/2021 03:30,,
06/12/2021 04:00,,
06/12/2021 04:30,,
06/12/2021 05:00,,
06/12/2021 05:30,,
06/12/2021 06:00,,
06/12/2021 06:30,,
06/12/2021 07:00,,
06/12/2021 07:30,,
06/12/2021 08:00,,
06/12/2021 08:30,,
06/12/2021 09:00,,
06/12/2021 09:30,,
06/12/2021 10:00,,
06/12/2021 10:30,,
06/12/2021 11:00,,
06/12/2021 11:30,,
06/12/2021 12:00,,
06/12/2021 12:30,,
06/12/2021 13:00,,
06/12/2021 13:30,,
06/12/2021 14:00,,
06/12/2021 14:30,,
06/12/2021 15:00,,
06/12/2021 15:30,,
06/12/2021 16:00,,
06/12/2021 16:30,,
06/12/2021 17:00,,
06/12/2021 17:30,,
06/12/2021 18:00,,
06/12/2021 18:30,,
06/12/2021 19:00,,
06/12/2021 19:30,,
06/12/2021 20:00,,
06/12/2021 20:30,,
06/12/2021 21:00,,
06/12/2021 21:30,,
06/12/2021 22:00,,
06/12/2021 22:30,,
06/12/2021 23:00,,
06/12/2021 23:30,,
07/12/2021 00:00,,
07/12/2021 00:30,,
07/12/2021 01:00,,
07/12/2021 01:30,,
07/12/2021 02:00,,
07/12/2021 02:30,,
07/12/2021 03:00,,
07/12/2021 03:30,,
07/12/2021 04:00,,
07/12/2021 04:30,,
07/12/2021 05:00,,
07/12/2021 05:30,,
07/12/2021 06:00,,
07/12/2021 06:30,,
07/12/2021 07:00,,
07/12/2021 07:30,,
07/12/2021 08:00,,
07/12/2021 08:30,,
07/12/2021 09:00,,
07/12/2021 09:30,,
07/12/2021 10:00,,
07/12/2021 10:30,,
07/12/2021 11:00,,
07/12/2021 11:30,,
07/12/2021 12:00,,
07/12/2021 12:30,,
07/12/2021 13:00,,
07/12/2021 13:30,,
07/12/2021 14:00,,
07/12/2021 14:30,,
07/12/2021 15:00,,
07/12/2021 15:30,,
07/12/2021 16:00,,
07/12/2021 16:30,,
07/12/2021 17:00,,
07/12/2021 17:30,,
07/12/2021 18:00,,
07/12/2021 18:30,,
07/12/2021 19:00,,
07/12/2021 19:30,,
07/12/2021 20:00,,
07/12/2021 20:30,,
07/12/2021 21:00,,
07/12/2021 21:30,,
07/12/2021 22:00,,
07/12/2021 22:30,,
07/12/2021 23:00,,
07/12/2021 23:30,,
08/12/2021 00:00,,
08/12/2021 00:30,,
08/12/2021 01:00,,
08/12/2021 01:30,,
08/12/2021 02:00,,
08/12/2021 02:30,,
08/12/2021 03:00,,
08/12/2021 03:30,,
08/12/2021 04:00,,
08/12/2021 04:30,,
08/12/2021 05:00,,
08/12/2021 05:30,,
08/12/2021 06:00,,
08/12/2021 06:30,,
08/12/2021 07:00,,
08/12/2021 07:30,,
08/12/2021 08:00,,
08/12/2021 08:30,,
08/12/2021 09:00,,
08/12/2021 09:30,,
08/12/2021 10:00,,
08/12/2021 10:30,,
08/12/2021 11:00,,
08/12/2021 11:30,,
08/12/2021 12:00,,
08/12/2021 12:30,,
08/12/2021 13:00,,
08/12/2021 13:30,,
08/12/2021 14:00,,
08/12/2021 14:30,,
08/12/2021 15:00,,
08/12/2021 15:30,,
08/12/2021 16:00,,
08/12/2021 16:30,,
08/12/2021 17:00,,
08/12/2021 17:30,,
08/12/2021 18:00,,
08/12/2021 18:30,,
08/12/2021 19:00,,
08/12/2021 19:30,,
08/12/2021 20:00,,
08/12/2021 20:30,,
08/12/2021 21:00,,
08/12/2021 21:30,,
08/12/2021 22:00,,
08/12/2021 22:30,,
08/12/2021 23:00,,
08/12/2021 23:30,,
09/12/2021 00:00,,
09/12/2021 00:30,,
09/12/2021 01:00,,
09/12/2021 01:30,,
09/12/2021 02:00,,
09/12/2021 02:30,,
09/12/2021 03:00,,
09/12/2021 03:30,,
09/12/2021 04:00,,
09/12/2021 04:30,,
09/12/2021 05:00,,
09/12/2021 05:30,,
09/12/2021 06:00,,
09/12/2021 06:30,,
09/12/2021 07:00,,
09/12/2021 07:30,,
09/12/2021 08:00,,
09/12/2021 08:30,,
09/12/2021 09:00,,
09/12/2021 09:30,,
09/12/2021 10:00,,
09/12/2021 10:30,,
09/12/2021 11:00,,
09/12/2021 11:30,,
09/12/2021 12:00,,
09/12/2021 12:30,,
09/12/2021 13:00,,
09/12/2021 13:30,,
09/12/2021 14:00,,
09/12/2021 14:30,,
09/12/2021 15:00,,
09/12/2021 15:30,,
09/12/2021 16:00,,
09/12/2021 16:30,,
09/12/2021 17:00,,
09/12/2021 17:30,,
09/12/2021 18:00,,
09/12/2021 18:30,,
09/12/2021 19:00,,
09/12/2021 19:30,,
09/12/2021 20:00,,
09/12/2021 20:30,,
09/12/2021 21:00,,
09/12/2021 21:30,,
09/12/2021 22:00,,
09/12/2021 22:30,,
09/12/2021 23:00,,
09/12/2021 23:30,,
10/12/2021 00:00,,
10/12/2021 00:30,,
10/12/2021 01:00,,
10/12/2021 01:30,,
10/12/2021 02:00,,
10/12/2021 02:30,,
10/12/2021 03:00,,
10/12/2021 03:30,,
10/12/2021 04:00,,
10/12/2021 04:30,,
10/12/2021 05:00,,
10/12/2021 05:30,,
10/12/2021 06:00,,
10/12/2021 06:30,,
10/12/2021 07:00,,
10/12/2021 07:30,,
10/12/2021 08:00,,
10/12/2021 08:30,,
10/12/2021 09:00,,
10/12/2021 09:30,,
10/12/2021 10:00,,
10/12/2021 10:30,,
10/12/2021 11:00,,
10/12/2021 11:30,,
10/12/2021 12:00,,
10/12/2021 12:30,,
10/12/2021 13:00,,
10/12/2021 13:30,,
10/12/2021 14:00,,
10/12/2021 14:30,,
10/12/2021 15:00,,
10/12/2021 15:30,,
10/12/2021 16:00,,
10/12/2021 16:30,,
10/12/2021 17:00,,
10/12/2021 17:30,,
10/12/2021 18:00,,
10/12/2021 18:30,,
10/12/2021 19:00,,
10/12/2021 19:30,,
10/12/2021 20:00,,
10/12/2021 20:30,,
10/12/2021 21:00,,
10/12/2021 21:30,,
10/12/2021 22:00,,
10/12/2021 22:30,,
10/12/2021 23:00,,
10/12/2021 23:30,,
11/12/2021 00:00,,
11/12/2021 00:30,,
11/12/2021 01:00,,
11/12/2021 01:30,,
11/12/2021 02:00,,
11/12/2021 02:30,,
11/12/2021 03:00,,
11/12/2021 03:30,,
11/12/2021 04:00,,
11/12/2021 04:30,,
11/12/2021 05:00,,
11/12/2021 05:30,,
11/12/2021 06:00,,
11/12/2021 06:30,,
11/12/2021 07:00,,
11/12/2021 07:30,,
11/12/2021 08:00,,
11/12/2021 08:30,,
11/12/2021 09:00,,
11/12/2021 09:30,,
11/12/2021 10:00,,
11/12/2021 10:30,,
11/12/2021 11:00,,
11/12/2021 11:30,,
11/12/2021 12:00,,
11/12/2021 12:30,,
11/12/2021 13:00,,
11/12/2021 13:30,,
11/12/2021 14:00,,
11/12/2021 14:30,,
11/12/2021 15:00,,
11/12/2021 15:30,,
11/12/2021 16:00,,
11/12/2021 16:30,,
11/12/2021 17:00,,
11/12/2021 17:30,,
11/12/2021 18:00,,
11/12/2021 18:30,,
11/12/2021 19:00,,
11/12/2021 19:30,,
11/12/2021 20:00,,
11/12/2021 20:30,,
11/12/2021 21:00,,
11/12/2021 21:30,,
11/12/2021 22:00,,
11/12/2021 22:30,,
11/12/2021 23:00,,
11/12/2021 23:30,,
12/12/2021 00:00,,
12/12/2021 00:30,,
12/12/2021 01:00,,
12/12/2021 01:30,,
12/12/2021 02:00,,
12/12/2021 02:30,,
12/12/2021 03:00,,
12/12/2021 03:30,,
12/12/2021 04:00,,
12/12/2021 04:30,,
12/12/2021 05:00,,
12/12/2021 05:30,,
12/12/2021 06:00,,
12/12/2021 06:30,,
12/12/2021 07:00,,
12/12/2021 07:30,,
12/12/2021 08:00,,
12/12/2021 08:30,,
12/12/2021 09:00,,
12/12/2021 09:30,,
12/12/2021 10:00,,
12/12/2021 10:30,,
12/12/2021 11:00,,
12/12/2021 11:30,,
12/12/2021 12:00,,
12/12/2021 12:30,,
12/12/2021 13:00,,
12/12/2021 13:30,,
12/12/2021 14:00,,
12/12/2021 14:30,,
12/12/2021 15:00,,
12/12/2021 15:30,,
12/12/2021 16:00,,
12/12/2021 16:30,,
12/12/2021 17:00,,
12/12/2021 17:30,,
12/12/2021 18:00,,
12/12/2021 18:30,,
12/12/2021 19:00,,
12/12/2021 19:30,,
12/12/2021 20:00,,
12/12/2021 20:30,,
12/12/2021 21:00,,
12/12/2021 21:30,,
12/12/2021 22:00,,
12/12/2021 22:30,,
12/12/2021 23:00,,
12/12/2021 23:30,,
13/12/2021 00:00,,
13/12/2021 00:30,,
13/12/2021 01:00,,
13/12/2021 01:30,,
13/12/2021 02:00,,
13/12/2021 02:30,,
13/12/2021 03:00,,
13/12/2021 03:30,,
13/12/2021 04:00,,
13/12/2021 04:30,,
13/12/2021 05:00,,
13/12/2021 05:30,,
13/12/2021 06:00,,
13/12/2021 06:30,,
13/12/2021 07:00,,
13/12/2021 07:30,,
13/12/2021 08:00,,
13/12/2021 08:30,,
13/12/2021 09:00,,
13/12/2021 09:30,,
13/12/2021 10:00,,
13/12/2021 10:30,,
13/12/2021 11:00,,
13/12/2021 11:30,,
13/12/2021 12:00,,
13/12/2021 12:30,,
13/12/2021 13:00,,
13/12/2021 13:30,,
13/12/2021 14:00,,
13/12/2021 14:30,,
13/12/2021 15:00,,
13/12/2021 15:30,,
13/12/2021 16:00,,
13/12/2021 16:30,,
13/12/2021 17:00,,
13/12/2021 17:30,,
13/12/2021 18:00,,
13/12/2021 18:30,,
13/12/2021 19:00,,
13/12/2021 19:30,,
13/12/2021 20:00,,
13/12/2021 20:30,,
13/12/2021 21:00,,
13/12/2021 21:30,,
13/12/2021 22:00,,
13/12/2021 22:30,,
13/12/2021 23:00,,
13/12/2021 23:30,,
14/12/2021 00:00,,
14/12/2021 00:30,,
14/12/2021 01:00,,
14/12/2021 01:30,,
14/12/2021 02:00,,
14/12/2021 02:30,,
14/12/2021 03:00,,
14/12/2021 03:30,,
14/12/2021 04:00,,
14/12/2021 04:30,,
14/12/2021 05:00,,
14/12/2021 05:30,,
14/12/2021 06:00,,
14/12/2021 06:30,,
14/12/2021 07:00,,
14/12/2021 07:30,,
14/12/2021 08:00,,
14/12/2021 08:30,,
14/12/2021 09:00,,
14/12/2021 09:30,,
14/12/2021 10:00,,
14/12/2021 10:30,,
14/12/2021 11:00,,
14/12/2021 11:30,,
14/12/2021 12:00,,
14/12/2021 12:30,,
14/12/2021 13:00,,
14/12/2021 13:30,,
14/12/2021 14:00,,
14/12/2021 14:30,,
14/12/2021 15:00,,
14/12/2021 15:30,,
14/12/2021 16:00,,
14/12/2021 16:30,,
14/12/2021 17:00,,
14/12/2021 17:30,,
14/12/2021 18:00,,
14/12/2021 18:30,,
14/12/2021 19:00,,
14/12/2021 19:30,,
14/12/2021 20:00,,
14/12/2021 20:30,,
14/12/2021 21:00,,
14/12/2021 21:30,,
14/12/2021 22:00,,
14/12/2021 22:30,,
14/12/2021 23:00,,
14/12/2021 23:30,,
15/12/2021 00:00,,
15/12/2021 00:30,,
15/12/2021 01:00,,
15/12/2021 01:30,,
15/12/2021 02:00,,
15/12/2021 02:30,,
15/12/2021 03:00,,
15/12/2021 03:30,,
15/12/2021 04:00,,
15/12/2021 04:30,,
15/12/2021 05:00,,
15/12/2021 05:30,,
15/12/2021 06:00,,
15/12/2021 06:30,,
15/12/2021 07:00,,
15/12/2021 07:30,,
15/12/2021 08:00,,
15/12/2021 08:30,,
15/12/2021 09:00,,
15/12/2021 09:30,,
15/12/2021 10:00,,
15/12/2021 10:30,,
15/12/2021 11:00,,
15/12/2021 11:30,,
15/12/2021 12:00,,
15/12/2021 12:30,,
15/12/2021 13:00,,
15/12/2021 13:30,,
15/12/2021 14:00,,
15/12/2021 14:30,,
15/12/2021 15:00,,
15/12/2021 15:30,,
15/12/2021 16:00,,
15/12/2021 16:30,,
15/12/2021 17:00,,
15/12/2021 17:30,,
15/12/2021 18:00,,
15/12/2021 18:30,,
15/12/2021 19:00,,
15/12/2021 19:30,,
15/12/2021 20:00,,
15/12/2021 20:30,,
15/12/2021 21:00,,
15/12/2021 21:30,,
15/12/2021 22:00,,
15/12/2021 22:30,,
15/12/2021 23:00,,
15/12/2021 23:30,,
16/12/2021 00:00,,
16/12/2021 00:30,,
16/12/2021 01:00,,
16/12/2021 01:30,,
16/12/2021 02:00,,
16/12/2021 02:30,,
16/12/2021 03:00,,
16/12/2021 03:30,,
16/12/2021 04:00,,
16/12/2021 04:30,,
16/12/2021 05:00,,
16/12/2021 05:30,,
16/12/2021 06:00,,
16/12/2021 06:30,,
16/12/2021 07:00,,
16/12/2021 07:30,,
16/12/2021 08:00,,
16/12/2021 08:30,,
16/12/2021 09:00,,
16/12/2021 09:30,,
16/12/2021 10:00,,
16/12/2021 10:30,,
16/12/2021 11:00,,
16/12/2021 11:30,,
16/12/2021 12:00,,
16/12/2021 12:30,,
16/12/2021 13:00,,
16/12/2021 13:30,,
16/12/2021 14:00,,
16/12/2021 14:30,,
16/12/2021 15:00,,
16/12/2021 15:30,,
16/12/2021 16:00,,
16/12/2021 16:30,,
16/12/2021 17:00,,
16/12/2021 17:30,,
16/12/2021 18:00,,
16/12/2021 18:30,,
16/12/2021 19:00,,
16/12/2021 19:30,,
16/12/2021 20:00,,
16/12/2021 20:30,,
16/12/2021 21:00,,
16/12/2021 21:30,,
16/12/2021 22:00,,
16/12/2021 22:30,,
16/12/2021 23:00,,
16/12/2021 23:30,,
17/12/2021 00:00,,
17/12/2021 00:30,,
17/12/2021 01:00,,
17/12/2021 01:30,,
17/12/2021 02:00,,
17/12/2021 02:30,,
17/12/2021 03:00,,
17/12/2021 03:30,,
17/12/2021 04:00,,
17/12/2021 04:30,,
17/12/2021 05:00,,
17/12/2021 05:30,,
17/12/2021 06:00,,
17/12/2021 06:30,,
17/12/2021 07:00,,
17/12/2021 07:30,,
17/12/2021 08:00,,
17/12/2021 08:30,,
17/12/2021 09:00,,
17/12/2021 09:30,,
17/12/2021 10:00,,
17/12/2021 10:30,,
17/12/2021 11:00,,
17/12/2021 11:30,,
17/12/2021 12:00,,
17/12/2021 12:30,,
17/12/2021 13:00,,
17/12/2021 13:30,,
17/12/2021 14:00,,
17/12/2021 14:30,,
17/12/2021 15:00,,
17/12/2021 15:30,,
17/12/2021 16:00,,
17/12/2021 16:30,,
17/12/2021 17:00,,
17/12/2021 17:30,,
17/12/2021 18:00,,
17/12/2021 18:30,,
17/12/2021 19:00,,
17/12/2021 19:30,,
17/12/2021 20:00,,
17/12/2021 20:30,,
17/12/2021 21:00,,
17/12/2021 21:30,,
17/12/2021 22:00,,
17/12/2021 22:30,,
17/12/2021 23:00,,
17/12/2021 23:30,,
18/12/2021 00:00,,
18/12/2021 00:30,,
18/12/2021 01:00,,
18/12/2021 01:30,,
18/12/2021 02:00,,
18/12/2021 02:30,,
18/12/2021 03:00,,
18/12/2021 03:30,,
18/12/2021 04:00,,
18/12/2021 04:30,,
18/12/2021 05:00,,
18/12/2021 05:30,,
18/12/2021 06:00,,
18/12/2021 06:30,,
18/12/2021 07:00,,
18/12/2021 07:30,,
18/12/2021 08:00,,
18/12/2021 08:30,,
18/12/2021 09:00,,
18/12/2021 09:30,,
18/12/2021 10:00,,
18/12/2021 10:30,,
18/12/2021 11:00,,
18/12/2021 11:30,,
18/12/2021 12:00,,
18/12/2021 12:30,,
18/12/2021 13:00,,
18/12/2021 13:30,,
18/12/2021 14:00,,
18/12/2021 14:30,,
18/12/2021 15:00,,
18/12/2021 15:30,,
18/12/2021 16:00,,
18/12/2021 16:30,,
18/12/2021 17:00,,
18/12/2021 17:30,,
18/12/2021 18:00,,
18/12/2021 18:30,,
18/12/2021 19:00,,
18/12/2021 19:30,,
18/12/2021 20:00,,
18/12/2021 20:30,,
18/12/2021 21:00,,
18/12/2021 21:30,,
18/12/2021 22:00,,
18/12/2021 22:30,,
18/12/2021 23:00,,
18/12/2021 23:30,,
19/12/2021 00:00,,
19/12/2021 00:30,,
19/12/2021 01:00,,
19/12/2021 01:30,,
19/12/2021 02:00,,
19/12/2021 02:30,,
19/12/2021 03:00,,
19/12/2021 03:30,,
19/12/2021 04:00,,
19/12/2021 04:30,,
19/12/2021 05:00,,
19/12/2021 05:30,,
19/12/2021 06:00,,
19/12/2021 06:30,,
19/12/2021 07:00,,
19/12/2021 07:30,,
19/12/2021 08:00,,
19/12/2021 08:30,,
19/12/2021 09:00,,
19/12/2021 09:30,,
19/12/2021 10:00,,
19/12/2021 10:30,,
19/12/2021 11:00,,
19/12/2021 11:30,,
19/12/2021 12:00,,
19/12/2021 12:30,,
19/12/2021 13:00,,
19/12/2021 13:30,,
19/12/2021 14:00,,
19/12/2021 14:30,,
19/12/2021 15:00,,
19/12/2021 15:30,,
19/12/2021 16:00,,
19/12/2021 16:30,,
19/12/2021 17:00,,
19/12/2021 17:30,,
19/12/2021 18:00,,
19/12/2021 18:30,,
19/12/2021 19:00,,
19/12/2021 19:30,,
19/12/2021 20:00,,
19/12/2021 20:30,,
19/12/2021 21:00,,
19/12/2021 21:30,,
19/12/2021 22:00,,
19/12/2021 22:30,,
19/12/2021 23:00,,
19/12/2021 23:30,,
20/12/2021 00:00,,
20/12/2021 00:30,,
20/12/2021 01:00,,
20/12/2021 01:30,,
20/12/2021 02:00,,
20/12/2021 02:30,,
20/12/2021 03:00,,
20/12/2021 03:30,,
20/12/2021 04:00,,
20/12/2021 04:30,,
20/12/2021 05:00,,
20/12/2021 05:30,,
20/12/2021 06:00,,
20/12/2021 06:30,,
20/12/2021 07:00,,
20/12/2021 07:30,,
20/12/2021 08:00,,
20/12/2021 08:30,,
20/12/2021 09:00,,
20/12/2021 09:30,,
20/12/2021 10:00,,
20/12/2021 10:30,,
20/12/2021 11:00,,
20/12/2021 11:30,,
20/12/2021 12:00,,
20/12/2021 12:30,,
20/12/2021 13:00,,
20/12/2021 13:30,,
20/12/2021 14:00,,
20/12/2021 14:30,,
20/12/2021 15:00,,
20/12/2021 15:30,,
20/12/2021 16:00,,
20/12/2021 16:30,,
20/12/2021 17:00,,
20/12/2021 17:30,,
20/12/2021 18:00,,
20/12/2021 18:30,,
20/12/2021 19:00,,
20/12/2021 19:30,,
20/12/2021 20:00,,
20/12/2021 20:30,,
20/12/2021 21:00,,
20/12/2021 21:30,,
20/12/2021 22:00,,
20/12/2021 22:30,,
20/12/2021 23:00,,
20/12/2021 23:30,,
21/12/2021 00:00,,
21/12/2021 00:30,,
21/12/2021 01:00,,
21/12/2021 01:30,,
21/12/2021 02:00,,
21/12/2021 02:30,,
21/12/2021 03:00,,
21/12/2021 03:30,,
21/12/2021 04:00,,
21/12/2021 04:30,,
21/12/2021 05:00,,
21/12/2021 05:30,,
21/12/2021 06:00,,
21/12/2021 06:30,,
21/12/2021 07:00,,
21/12/2021 07:30,,
21/12/2021 08:00,,
21/12/2021 08:30,,
21/12/2021 09:00,,
21/12/2021 09:30,,
21/12/2021 10:00,,
21/12/2021 10:30,,
21/12/2021 11:00,,
21/12/2021 11:30,,
21/12/2021 12:00,,
21/12/2021 12:30,,
21/12/2021 13:00,,
21/12/2021 13:30,,
21/12/2021 14:00,,
21/12/2021 14:30,,
21/12/2021 15:00,,
21/12/2021 15:30,,
21/12/2021 16:00,,
21/12/2021 16:30,,
21/12/2021 17:00,,
21/12/2021 17:30,,
21/12/2021 18:00,,
21/12/2021 18:30,,
21/12/2021 19:00,,
21/12/2021 19:30,,
21/12/2021 20:00,,
21/12/2021 20:30,,
21/12/2021 21:00,,
21/12/2021 21:30,,
21/12/2021 22:00,,
21/12/2021 22:30,,
21/12/2021 23:00,,
21/12/2021 23:30,,
22/12/2021 00:00,,
22/12/2021 00:30,,
22/12/2021 01:00,,
22/12/2021 01:30,,
22/12/2021 02:00,,
22/12/2021 02:30,,
22/12/2021 03:00,,
22/12/2021 03:30,,
22/12/2021 04:00,,
22/12/2021 04:30,,
22/12/2021 05:00,,
22/12/2021 05:30,,
22/12/2021 06:00,,
22/12/2021 06:30,,
22/12/2021 07:00,,
22/12/2021 07:30,,
22/12/2021 08:00,,
22/12/2021 08:30,,
22/12/2021 09:00,,
22/12/2021 09:30,,
22/12/2021 10:00,,
22/12/2021 10:30,,
22/12/2021 11:00,,
22/12/2021 11:30,,
22/12/2021 12:00,,
22/12/2021 12:30,,
22/12/2021 13:00,,
22/12/2021 13:30,,
22/12/2021 14:00,,
22/12/2021 14:30,,
22/12/2021 15:00,,
22/12/2021 15:30,,
22/12/2021 16:00,,
22/12/2021 16:30,,
22/12/2021 17:00,,
22/12/2021 17:30,,
22/12/2021 18:00,,
22/12/2021 18:30,,
22/12/2021 19:00,,
22/12/2021 19:30,,
22/12/2021 20:00,,
22/12/2021 20:30,,
22/12/2021 21:00,,
22/12/2021 21:30,,
22/12/2021 22:00,,
22/12/2021 22:30,,
22/12/2021 23:00,,
22/12/2021 23:30,,
23/12/2021 00:00,,
23/12/2021 00:30,,
23/12/2021 01:00,,
23/12/2021 01:30,,
23/12/2021 02:00,,
23/12/2021 02:30,,
23/12/2021 03:00,,
23/12/2021 03:30,,
23/12/2021 04:00,,
23/12/2021 04:30,,
23/12/2021 05:00,,
23/12/2021 05:30,,
23/12/2021 06:00,,
23/12/2021 06:30,,
23/12/2021 07:00,,
23/12/2021 07:30,,
23/12/2021 08:00,,
23/12/2021 08:30,,
23/12/2021 09:00,,
23/12/2021 09:30,,
23/12/2021 10:00,,
23/12/2021 10:30,,
23/12/2021 11:00,,
23/12/2021 11:30,,
23/12/2021 12:00,,
23/12/2021 12:30,,
23/12/2021 13:00,,
23/12/2021 13:30,,
23/12/2021 14:00,,
23/12/2021 14:30,,
23/12/2021 15:00,,
23/12/2021 15:30,,
23/12/2021 16:00,,
23/12/2021 16:30,,
23/12/2021 17:00,,
23/12/2021 17:30,,
23/12/2021 18:00,,
23/12/2021 18:30,,
23/12/2021 19:00,,
23/12/2021 19:30,,
23/12/2021 20:00,,
23/12/2021 20:30,,
23/12/2021 21:00,,
23/12/2021 21:30,,
23/12/2021 22:00,,
23/12/2021 22:30,,
23/12/2021 23:00,,
23/12/2021 23:30,,
24/12/2021 00:00,,
24/12/2021 00:30,,
24/12/2021 01:00,,
24/12/2021 01:30,,
24/12/2021 02:00,,
24/12/2021 02:30,,
24/12/2021 03:00,,
24/12/2021 03:30,,
24/12/2021 04:00,,
24/12/2021 04:30,,
24/12/2021 05:00,,
24/12/2021 05:30,,
24/12/2021 06:00,,
24/12/2021 06:30,,
24/12/2021 07:00,,
24/12/2021 07:30,,
24/12/2021 08:00,,
24/12/2021 08:30,,
24/12/2021 09:00,,
24/12/2021 09:30,,
24/12/2021 10:00,,
24/12/2021 10:30,,
24/12/2021 11:00,,
24/12/2021 11:30,,
24/12/2021 12:00,,
24/12/2021 12:30,,
24/12/2021 13:00,,
24/12/2021 13:30,,
24/12/2021 14:00,,
24/12/2021 14:30,,
24/12/2021 15:00,,
24/12/2021 15:30,,
24/12/2021 16:00,,
24/12/2021 16:30,,
24/12/2021 17:00,,
24/12/2021 17:30,,
24/12/2021 18:00,,
24/12/2021 18:30,,
24/12/2021 19:00,,
24/12/2021 19:30,,
24/12/2021 20:00,,
24/12/2021 20:30,,
24/12/2021 21:00,,
24/12/2021 21:30,,
24/12/2021 22:00,,
24/12/2021 22:30,,
24/12/2021 23:00,,
24/12/2021 23:30,,
25/12/2021 00:00,,
25/12/2021 00:30,,
25/12/2021 01:00,,
25/12/2021 01:30,,
25/12/2021 02:00,,
25/12/2021 02:30,,
25/12/2021 03:00,,
25/12/2021 03:30,,
25/12/2021 04:00,,
25/12/2021 04:30,,
25/12/2021 05:00,,
25/12/2021 05:30,,
25/12/2021 06:00,,
25/12/2021 06:30,,
25/12/2021 07:00,,
25/12/2021 07:30,,
25/12/2021 08:00,,
25/12/2021 08:30,,
25/12/2021 09:00,,
25/12/2021 09:30,,
25/12/2021 10:00,,
25/12/2021 10:30,,
25/12/2021 11:00,,
25/12/2021 11:30,,
25/12/2021 12:00,,
25/12/2021 12:30,,
25/12/2021 13:00,,
25/12/2021 13:30,,
25/12/2021 14:00,,
25/12/2021 14:30,,
25/12/2021 15:00,,
25/12/2021 15:30,,
25/12/2021 16:00,,
25/12/2021 16:30,,
25/12/2021 17:00,,
25/12/2021 17:30,,
25/12/2021 18:00,,
25/12/2021 18:30,,
25/12/2021 19:00,,
25/12/2021 19:30,,
25/12/2021 20:00,,
25/12/2021 20:30,,
25/12/2021 21:00,,
25/12/2021 21:30,,
25/12/2021 22:00,,
25/12/2021 22:30,,
25/12/2021 23:00,,
25/12/2021 23:30,,
26/12/2021 00:00,,
26/12/2021 00:30,,
26/12/2021 01:00,,
26/12/2021 01:30,,
26/12/2021 02:00,,
26/12/2021 02:30,,
26/12/2021 03:00,,
26/12/2021 03:30,,
26/12/2021 04:00,,
26/12/2021 04:30,,
26/12/2021 05:00,,
26/12/2021 05:30,,
26/12/2021 06:00,,
26/12/2021 06:30,,
26/12/2021 07:00,,
26/12/2021 07:30,,
26/12/2021 08:00,,
26/12/2021 08:30,,
26/12/2021 09:00,,
26/12/2021 09:30,,
26/12/2021 10:00,,
26/12/2021 10:30,,
26/12/2021 11:00,,
26/12/2021 11:30,,
26/12/2021 12:00,,
26/12/2021 12:30,,
26/12/2021 13:00,,
26/12/2021 13:30,,
26/12/2021 14:00,,
26/12/2021 14:30,,
26/12/2021 15:00,,
26/12/2021 15:30,,
26/12/2021 16:00,,
26/12/2021 16:30,,
26/12/2021 17:00,,
26/12/2021 17:30,,
26/12/2021 18:00,,
26/12/2021 18:30,,
26/12/2021 19:00,,
26/12/2021 19:30,,
26/12/2021 20:00,,
26/12/2021 20:30,,
26/12/2021 21:00,,
26/12/2021 21:30,,
26/12/2021 22:00,,
26/12/2021 22:30,,
26/12/2021 23:00,,
26/12/2021 23:30,,
27/12/2021 00:00,,
27/12/2021 00:30,,
27/12/2021 01:00,,
27/12/2021 01:30,,
27/12/2021 02:00,,
27/12/2021 02:30,,
27/12/2021 03:00,,
27/12/2021 03:30,,
27/12/2021 04:00,,
27/12/2021 04:30,,
27/12/2021 05:00,,
27/12/2021 05:30,,
27/12/2021 06:00,,
27/12/2021 06:30,,
27/12/2021 07:00,,
27/12/2021 07:30,,
27/12/2021 08:00,,
27/12/2021 08:30,,
27/12/2021 09:00,,
27/12/2021 09:30,,
27/12/2021 10:00,,
27/12/2021 10:30,,
27/12/2021 11:00,,
27/12/2021 11:30,,
27/12/2021 12:00,,
27/12/2021 12:30,,
27/12/2021 13:00,,
27/12/2021 13:30,,
27/12/2021 14:00,,
27/12/2021 14:30,,
27/12/2021 15:00,,
27/12/2021 15:30,,
27/12/2021 16:00,,
27/12/2021 16:30,,
27/12/2021 17:00,,
27/12/2021 17:30,,
27/12/2021 18:00,,
27/12/2021 18:30,,
27/12/2021 19:00,,
27/12/2021 19:30,,
27/12/2021 20:00,,
27/12/2021 20:30,,
27/12/2021 21:00,,
27/12/2021 21:30,,
27/12/2021 22:00,,
27/12/2021 22:30,,
27/12/2021 23:00,,
27/12/2021 23:30,,
28/12/2021 00:00,,
28/12/2021 00:30,,
28/12/2021 01:00,,
28/12/2021 01:30,,
28/12/2021 02:00,,
28/12/2021 02:30,,
28/12/2021 03:00,,
28/12/2021 03:30,,
28/12/2021 04:00,,
28/12/2021 04:30,,
28/12/2021 05:00,,
28/12/2021 05:30,,
28/12/2021 06:00,,
28/12/2021 06:30,,
28/12/2021 07:00,,
28/12/2021 07:30,,
28/12/2021 08:00,,
28/12/2021 08:30,,
28/12/2021 09:00,,
28/12/2021 09:30,,
28/12/2021 10:00,,
28/12/2021 10:30,,
28/12/2021 11:00,,
28/12/2021 11:30,,
28/12/2021 12:00,,
28/12/2021 12:30,,
28/12/2021 13:00,,
28/12/2021 13:30,,
28/12/2021 14:00,,
28/12/2021 14:30,,
28/12/2021 15:00,,
28/12/2021 15:30,,
28/12/2021 16:00,,
28/12/2021 16:30,,
28/12/2021 17:00,,
28/12/2021 17:30,,
28/12/2021 18:00,,
28/12/2021 18:30,,
28/12/2021 19:00,,
28/12/2021 19:30,,
28/12/2021 20:00,,
28/12/2021 20:30,,
28/12/2021 21:00,,
28/12/2021 21:30,,
28/12/2021 22:00,,
28/12/2021 22:30,,
28/12/2021 23:00,,
28/12/2021 23:30,,
29/12/2021 00:00,,
29/12/2021 00:30,,
29/12/2021 01:00,,
29/12/2021 01:30,,
29/12/2021 02:00,,
29/12/2021 02:30,,
29/12/2021 03:00,,
29/12/2021 03:30,,
29/12/2021 04:00,,
29/12/2021 04:30,,
29/12/2021 05:00,,
29/12/2021 05:30,,
29/12/2021 06:00,,
29/12/2021 06:30,,
29/12/2021 07:00,,
29/12/2021 07:30,,
29/12/2021 08:00,,
29/12/2021 08:30,,
29/12/2021 09:00,,
29/12/2021 09:30,,
29/12/2021 10:00,,
29/12/2021 10:30,,
29/12/2021 11:00,,
29/12/2021 11:30,,
29/12/2021 12:00,,
29/12/2021 12:30,,
29/12/2021 13:00,,
29/12/2021 13:30,,
29/12/2021 14:00,,
29/12/2021 14:30,,
29/12/2021 15:00,,
29/12/2021 15:30,,
29/12/2021 16:00,,
29/12/2021 16:30,,
29/12/2021 17:00,,
29/12/2021 17:30,,
29/12/2021 18:00,,
29/12/2021 18:30,,
29/12/2021 19:00,,
29/12/2021 19:30,,
29/12/2021 20:00,,
29/12/2021 20:30,,
29/12/2021 21:00,,
29/12/2021 21:30,,
29/12/2021 22:00,,
29/12/2021 22:30,,
29/12/2021 23:00,,
29/12/2021 23:30,,
30/12/2021 00:00,,
30/12/2021 00:30,,
30/12/2021 01:00,,
30/12/2021 01:30,,
30/12/2021 02:00,,
30/12/2021 02:30,,
30/12/2021 03:00,,
30/12/2021 03:30,,
30/12/2021 04:00,,
30/12/2021 04:30,,
30/12/2021 05:00,,
30/12/2021 05:30,,
30/12/2021 06:00,,
30/12/2021 06:30,,
30/12/2021 07:00,,
30/12/2021 07:30,,
30/12/2021 08:00,,
30/12/2021 08:30,,
30/12/2021 09:00,,
30/12/2021 09:30,,
30/12/2021 10:00,,
30/12/2021 10:30,,
30/12/2021 11:00,,
30/12/2021 11:30,,
30/12/2021 12:00,,
30/12/2021 12:30,,
30/12/2021 13:00,,
30/12/2021 13:30,,
30/12/2021 14:00,,
30/12/2021 14:30,,
30/12/2021 15:00,,
30/12/2021 15:30,,
30/12/2021 16:00,,
30/12/2021 16:30,,
30/12/2021 17:00,,
30/12/2021 17:30,,
30/12/2021 18:00,,
30/12/2021 18:30,,
30/12/2021 19:00,,
30/12/2021 19:30,,
30/12/2021 20:00,,
30/12/2021 20:30,,
30/12/2021 21:00,,
30/12/2021 21:30,,
30/12/2021 22:00,,
30/12/2021 22:30,,
30/12/2021 23:00,,
30/12/2021 23:30,,
31/12/2021 00:00,,
31/12/2021 00:30,,
31/12/2021 01:00,,
31/12/2021 01:30,,
31/12/2021 02:00,,
31/12/2021 02:30,,
31/12/2021 03:00,,
31/12/2021 03:30,,
31/12/2021 04:00,,
31/12/2021 04:30,,
31/12/2021 05:00,,
31/12/2021 05:30,,
31/12/2021 06:00,,
31/12/2021 06:30,,
31/12/2021 07:00,,
31/12/2021 07:30,,
31/12/2021 08:00,,
31/12/2021 08:30,,
31/12/2021 09:00,,
31/12/2021 09:30,,
31/12/2021 10:00,,
31/12/2021 10:30,,
31/12/2021 11:00,,
31/12/2021 11:30,,
31/12/2021 12:00,,
31/12/2021 12:30,,
31/12/2021 13:00,,
31/12/2021 13:30,,
31/12/2021 14:00,,
31/12/2021 14:30,,
31/12/2021 15:00,,
31/12/2021 15:30,,
31/12/2021 16:00,,
31/12/2021 16:30,,
31/12/2021 17:00,,
31/12/2021 17:30,,
31/12/2021 18:00,,
31/12/2021 18:30,,
31/12/2021 19:00,,
31/12/2021 19:30,,
31/12/2021 20:00,,
31/12/2021 20:30,,
31/12/2021 21:00,,
31/12/2021 21:30,,
31/12/2021 22:00,,
31/12/2021 22:30,,
31/12/2021 23:00,,
31/12/2021 23:30,,
01/01/2022 00:00,,
01/01/2022 00:30,,
01/01/2022 01:00,,
01/01/2022 01:30,,
01/01/2022 02:00,,
01/01/2022 02:30,,
01/01/2022 03:00,,
01/01/2022 03:30,,
01/01/2022 04:00,,
01/01/2022 04:30,,
01/01/2022 05:00,,
01/01/2022 05:30,,
01/01/2022 06:00,,
01/01/2022 06:30,,
01/01/2022 07:00,,
01/01/2022 07:30,,
01/01/2022 08:00,,
01/01/2022 08:30,,
01/01/2022 09:00,,
01/01/2022 09:30,,
01/01/2022 10:00,,
01/01/2022 10:30,,
01/01/2022 11:00,,
01/01/2022 11:30,,
01/01/2022 12:00,,
01/01/2022 12:30,,
01/01/2022 13:00,,
01/01/2022 13:30,,
01/01/2022 14:00,,
01/01/2022 14:30,,
01/01/2022 15:00,,
01/01/2022 15:30,,
01/01/2022 16:00,,
01/01/2022 16:30,,
01/01/2022 17:00,,
01/01/2022 17:30,,
01/01/2022 18:00,,
01/01/2022 18:30,,
01/01/2022 19:00,,
01/01/2022 19:30,,
01/01/2022 20:00,,
01/01/2022 20:30,,
01/01/2022 21:00,,
01/01/2022 21:30,,
01/01/2022 22:00,,
01/01/2022 22:30,,
01/01/2022 23:00,,
01/01/2022 23:30,,
02/01/2022 00:00,,
02/01/2022 00:30,,
02/01/2022 01:00,,
02/01/2022 01:30,,
02/01/2022 02:00,,
02/01/2022 02:30,,
02/01/2022 03:00,,
02/01/2022 03:30,,
02/01/2022 04:00,,
02/01/2022 04:30,,
02/01/2022 05:00,,
02/01/2022 05:30,,
02/01/2022 06:00,,
02/01/2022 06:30,,
02/01/2022 07:00,,
02/01/2022 07:30,,
02/01/2022 08:00,,
02/01/2022 08:30,,
02/01/2022 09:00,,
02/01/2022 09:30,,
02/01/2022 10:00,,
02/01/2022 10:30,,
02/01/2022 11:00,,
02/01/2022 11:30,,
02/01/2022 12:00,,
02/01/2022 12:30,,
02/01/2022 13:00,,
02/01/2022 13:30,,
02/01/2022 14:00,,
02/01/2022 14:30,,
02/01/2022 15:00,,
02/01/2022 15:30,,
02/01/2022 16:00,,
02/01/2022 16:30,,
02/01/2022 17:00,,
02/01/2022 17:30,,
02/01/2022 18:00,,
02/01/2022 18:30,,
02/01/2022 19:00,,
02/01/2022 19:30,,
02/01/2022 20:00,,
02/01/2022 20:30,,
02/01/2022 21:00,,
02/01/2022 21:30,,
02/01/2022 22:00,,
02/01/2022 22:30,,
02/01/2022 23:00,,
02/01/2022 23:30,,
03/01/2022 00:00,,
03/01/2022 00:30,,
03/01/2022 01:00,,
03/01/2022 01:30,,
03/01/2022 02:00,,
03/01/2022 02:30,,
03/01/2022 03:00,,
03/01/2022 03:30,,
03/01/2022 04:00,,
03/01/2022 04:30,,
03/01/2022 05:00,,
03/01/2022 05:30,,
03/01/2022 06:00,,
03/01/2022 06:30,,
03/01/2022 07:00,,
03/01/2022 07:30,,
03/01/2022 08:00,,
03/01/2022 08:30,,
03/01/2022 09:00,,
03/01/2022 09:30,,
03/01/2022 10:00,,
03/01/2022 10:30,,
03/01/2022 11:00,,
03/01/2022 11:30,,
03/01/2022 12:00,,
03/01/2022 12:30,,
03/01/2022 13:00,,
03/01/2022 13:30,,
03/01/2022 14:00,,
03/01/2022 14:30,,
03/01/2022 15:00,,
03/01/2022 15:30,,
03/01/2022 16:00,,
03/01/2022 16:30,,
03/01/2022 17:00,,
03/01/2022 17:30,,
03/01/2022 18:00,,
03/01/2022 18:30,,
03/01/2022 19:00,,
03/01/2022 19:30,,
03/01/2022 20:00,,
03/01/2022 20:30,,
03/01/2022 21:00,,
03/01/2022 21:30,,
03/01/2022 22:00,,
03/01/2022 22:30,,
03/01/2022 23:00,,
03/01/2022 23:30,,
04/01/2022 00:00,,
04/01/2022 00:30,,
04/01/2022 01:00,,
04/01/2022 01:30,,
04/01/2022 02:00,,
04/01/2022 02:30,,
04/01/2022 03:00,,
04/01/2022 03:30,,
04/01/2022 04:00,,
04/01/2022 04:30,,
04/01/2022 05:00,,
04/01/2022 05:30,,
04/01/2022 06:00,,
04/01/2022 06:30,,
04/01/2022 07:00,,
04/01/2022 07:30,,
04/01/2022 08:00,,
04/01/2022 08:30,,
04/01/2022 09:00,,
04/01/2022 09:30,,
04/01/2022 10:00,,
04/01/2022 10:30,,
04/01/2022 11:00,,
04/01/2022 11:30,,
04/01/2022 12:00,,
04/01/2022 12:30,,
04/01/2022 13:00,,
04/01/2022 13:30,,
04/01/2022 14:00,,
04/01/2022 14:30,,
04/01/2022 15:00,,
04/01/2022 15:30,,
04/01/2022 16:00,,
04/01/2022 16:30,,
04/01/2022 17:00,,
04/01/2022 17:30,,
04/01/2022 18:00,,
04/01/2022 18:30,,
04/01/2022 19:00,,
04/01/2022 19:30,,
04/01/2022 20:00,,
04/01/2022 20:30,,
04/01/2022 21:00,,
04/01/2022 21:30,,
04/01/2022 22:00,,
04/01/2022 22:30,,
04/01/2022 23:00,,
04/01/2022 23:30,,
05/01/2022 00:00,,
05/01/2022 00:30,,
05/01/2022 01:00,,
05/01/2022 01:30,,
05/01/2022 02:00,,
05/01/2022 02:30,,
05/01/2022 03:00,,
05/01/2022 03:30,,
05/01/2022 04:00,,
05/01/2022 04:30,,
05/01/2022 05:00,,
05/01/2022 05:30,,
05/01/2022 06:00,,
05/01/2022 06:30,,
05/01/2022 07:00,,
05/01/2022 07:30,,
05/01/2022 08:00,,
05/01/2022 08:30,,
05/01/2022 09:00,,
05/01/2022 09:30,,
05/01/2022 10:00,,
05/01/2022 10:30,,
05/01/2022 11:00,,
05/01/2022 11:30,,
05/01/2022 12:00,,
05/01/2022 12:30,,
05/01/2022 13:00,,
05/01/2022 13:30,,
05/01/2022 14:00,,
05/01/2022 14:30,,
05/01/2022 15:00,,
05/01/2022 15:30,,
05/01/2022 16:00,,
05/01/2022 16:30,,
05/01/2022 17:00,,
05/01/2022 17:30,,
05/01/2022 18:00,,
05/01/2022 18:30,,
05/01/2022 19:00,,
05/01/2022 19:30,,
05/01/2022 20:00,,
05/01/2022 20:30,,
05/01/2022 21:00,,
05/01/2022 21:30,,
05/01/2022 22:00,,
05/01/2022 22:30,,
05/01/2022 23:00,,
05/01/2022 23:30,,
06/01/2022 00:00,,
06/01/2022 00:30,,
06/01/2022 01:00,,
06/01/2022 01:30,,
06/01/2022 02:00,,
06/01/2022 02:30,,
06/01/2022 03:00,,
06/01/2022 03:30,,
06/01/2022 04:00,,
06/01/2022 04:30,,
06/01/2022 05:00,,
06/01/2022 05:30,,
06/01/2022 06:00,,
06/01/2022 06:30,,
06/01/2022 07:00,,
06/01/2022 07:30,,
06/01/2022 08:00,,
06/01/2022 08:30,,
06/01/2022 09:00,,
06/01/2022 09:30,,
06/01/2022 10:00,,
06/01/2022 10:30,,
06/01/2022 11:00,,
06/01/2022 11:30,,
06/01/2022 12:00,,
06/01/2022 12:30,,
06/01/2022 13:00,,
06/01/2022 13:30,,
06/01/2022 14:00,,
06/01/2022 14:30,,
06/01/2022 15:00,,
06/01/2022 15:30,,
06/01/2022 16:00,,
06/01/2022 16:30,,
06/01/2022 17:00,,
06/01/2022 17:30,,
06/01/2022 18:00,,
06/01/2022 18:30,,
06/01/2022 19:00,,
06/01/2022 19:30,,
06/01/2022 20:00,,
06/01/2022 20:30,,
06/01/2022 21:00,,
06/01/2022 21:30,,
06/01/2022 22:00,,
06/01/2022 22:30,,
06/01/2022 23:00,,
06/01/2022 23:30,,
07/01/2022 00:00,,
07/01/2022 00:30,,
07/01/2022 01:00,,
07/01/2022 01:30,,
07/01/2022 02:00,,
07/01/2022 02:30,,
07/01/2022 03:00,,
07/01/2022 03:30,,
07/01/2022 04:00,,
07/01/2022 04:30,,
07/01/2022 05:00,,
07/01/2022 05:30,,
07/01/2022 06:00,,
07/01/2022 06:30,,
07/01/2022 07:00,,
07/01/2022 07:30,,
07/01/2022 08:00,,
07/01/2022 08:30,,
07/01/2022 09:00,,
07/01/2022 09:30,,
07/01/2022 10:00,,
07/01/2022 10:30,,
07/01/2022 11:00,,
07/01/2022 11:30,,
07/01/2022 12:00,,
07/01/2022 12:30,,
07/01/2022 13:00,,
07/01/2022 13:30,,
07/01/2022 14:00,,
07/01/2022 14:30,,
07/01/2022 15:00,,
07/01/2022 15:30,,
07/01/2022 16:00,,
07/01/2022 16:30,,
07/01/2022 17:00,,
07/01/2022 17:30,,
07/01/2022 18:00,,
07/01/2022 18:30,,
07/01/2022 19:00,,
07/01/2022 19:30,,
07/01/2022 20:00,,
07/01/2022 20:30,,
07/01/2022 21:00,,
07/01/2022 21:30,,
07/01/2022 22:00,,
07/01/2022 22:30,,
07/01/2022 23:00,,
07/01/2022 23:30,,
08/01/2022 00:00,,
08/01/2022 00:30,,
08/01/2022 01:00,,
08/01/2022 01:30,,
08/01/2022 02:00,,
08/01/2022 02:30,,
08/01/2022 03:00,,
08/01/2022 03:30,,
08/01/2022 04:00,,
08/01/2022 04:30,,
08/01/2022 05:00,,
08/01/2022 05:30,,
08/01/2022 06:00,,
08/01/2022 06:30,,
08/01/2022 07:00,,
08/01/2022 07:30,,
08/01/2022 08:00,,
08/01/2022 08:30,,
08/01/2022 09:00,,
08/01/2022 09:30,,
08/01/2022 10:00,,
08/01/2022 10:30,,
08/01/2022 11:00,,
08/01/2022 11:30,,
08/01/2022 12:00,,
08/01/2022 12:30,,
08/01/2022 13:00,,
08/01/2022 13:30,,
08/01/2022 14:00,,
08/01/2022 14:30,,
08/01/2022 15:00,,
08/01/2022 15:30,,
08/01/2022 16:00,,
08/01/2022 16:30,,
08/01/2022 17:00,,
08/01/2022 17:30,,
08/01/2022 18:00,,
08/01/2022 18:30,,
08/01/2022 19:00,,
08/01/2022 19:30,,
08/01/2022 20:00,,
08/01/2022 20:30,,
08/01/2022 21:00,,
08/01/2022 21:30,,
08/01/2022 22:00,,
08/01/2022 22:30,,
08/01/2022 23:00,,
08/01/2022 23:30,,
09/01/2022 00:00,,
09/01/2022 00:30,,
09/01/2022 01:00,,
09/01/2022 01:30,,
09/01/2022 02:00,,
09/01/2022 02:30,,
09/01/2022 03:00,,
09/01/2022 03:30,,
09/01/2022 04:00,,
09/01/2022 04:30,,
09/01/2022 05:00,,
09/01/2022 05:30,,
09/01/2022 06:00,,
09/01/2022 06:30,,
09/01/2022 07:00,,
09/01/2022 07:30,,
09/01/2022 08:00,,
09/01/2022 08:30,,
09/01/2022 09:00,,
09/01/2022 09:30,,
09/01/2022 10:00,,
09/01/2022 10:30,,
09/01/2022 11:00,,
09/01/2022 11:30,,
09/01/2022 12:00,,
09/01/2022 12:30,,
09/01/2022 13:00,,
09/01/2022 13:30,,
09/01/2022 14:00,,
09/01/2022 14:30,,
09/01/2022 15:00,,
09/01/2022 15:30,,
09/01/2022 16:00,,
09/01/2022 16:30,,
09/01/2022 17:00,,
09/01/2022 17:30,,
09/01/2022 18:00,,
09/01/2022 18:30,,
09/01/2022 19:00,,
09/01/2022 19:30,,
09/01/2022 20:00,,
09/01/2022 20:30,,
09/01/2022 21:00,,
09/01/2022 21:30,,
09/01/2022 22:00,,
09/01/2022 22:30,,
09/01/2022 23:00,,
09/01/2022 23:30,,
10/01/2022 00:00,,
10/01/2022 00:30,,
10/01/2022 01:00,,
10/01/2022 01:30,,
10/01/2022 02:00,,
10/01/2022 02:30,,
10/01/2022 03:00,,
10/01/2022 03:30,,
10/01/2022 04:00,,
10/01/2022 04:30,,
10/01/2022 05:00,,
10/01/2022 05:30,,
10/01/2022 06:00,,
10/01/2022 06:30,,
10/01/2022 07:00,,
10/01/2022 07:30,,
10/01/2022 08:00,,
10/01/2022 08:30,,
10/01/2022 09:00,,
10/01/2022 09:30,,
10/01/2022 10:00,,
10/01/2022 10:30,,
10/01/2022 11:00,,
10/01/2022 11:30,,
10/01/2022 12:00,,
10/01/2022 12:30,,
10/01/2022 13:00,,
10/01/2022 13:30,,
10/01/2022 14:00,,
10/01/2022 14:30,,
10/01/2022 15:00,,
10/01/2022 15:30,,
10/01/2022 16:00,,
10/01/2022 16:30,,
10/01/2022 17:00,,
10/01/2022 17:30,,
10/01/2022 18:00,,
10/01/2022 18:30,,
10/01/2022 19:00,,
10/01/2022 19:30,,
10/01/2022 20:00,,
10/01/2022 20:30,,
10/01/2022 21:00,,
10/01/2022 21:30,,
10/01/2022 22:00,,
10/01/2022 22:30,,
10/01/2022 23:00,,
10/01/2022 23:30,,
11/01/2022 00:00,,
11/01/2022 00:30,,
11/01/2022 01:00,,
11/01/2022 01:30,,
11/01/2022 02:00,,
11/01/2022 02:30,,
11/01/2022 03:00,,
11/01/2022 03:30,,
11/01/2022 04:00,,
11/01/2022 04:30,,
11/01/2022 05:00,,
11/01/2022 05:30,,
11/01/2022 06:00,,
11/01/2022 06:30,,
11/01/2022 07:00,,
11/01/2022 07:30,,
11/01/2022 08:00,,
11/01/2022 08:30,,
11/01/2022 09:00,,
11/01/2022 09:30,,
11/01/2022 10:00,,
11/01/2022 10:30,,
11/01/2022 11:00,,
11/01/2022 11:30,,
11/01/2022 12:00,,
11/01/2022 12:30,,
11/01/2022 13:00,,
11/01/2022 13:30,,
11/01/2022 14:00,,
11/01/2022 14:30,,
11/01/2022 15:00,,
11/01/2022 15:30,,
11/01/2022 16:00,,
11/01/2022 16:30,,
11/01/2022 17:00,,
11/01/2022 17:30,,
11/01/2022 18:00,,
11/01/2022 18:30,,
11/01/2022 19:00,,
11/01/2022 19:30,,
11/01/2022 20:00,,
11/01/2022 20:30,,
11/01/2022 21:00,,
11/01/2022 21:30,,
11/01/2022 22:00,,
11/01/2022 22:30,,
11/01/2022 23:00,,
11/01/2022 23:30,,
12/01/2022 00:00,,
12/01/2022 00:30,,
12/01/2022 01:00,,
12/01/2022 01:30,,
12/01/2022 02:00,,
12/01/2022 02:30,,
12/01/2022 03:00,,
12/01/2022 03:30,,
12/01/2022 04:00,,
12/01/2022 04:30,,
12/01/2022 05:00,,
12/01/2022 05:30,,
12/01/2022 06:00,,
12/01/2022 06:30,,
12/01/2022 07:00,,
12/01/2022 07:30,,
12/01/2022 08:00,,
12/01/2022 08:30,,
12/01/2022 09:00,,
12/01/2022 09:30,,
12/01/2022 10:00,,
12/01/2022 10:30,,
12/01/2022 11:00,,
12/01/2022 11:30,,
12/01/2022 12:00,,
12/01/2022 12:30,,
12/01/2022 13:00,,
12/01/2022 13:30,,
12/01/2022 14:00,,
12/01/2022 14:30,,
12/01/2022 15:00,,
12/01/2022 15:30,,
12/01/2022 16:00,,
12/01/2022 16:30,,
12/01/2022 17:00,,
12/01/2022 17:30,,
12/01/2022 18:00,,
12/01/2022 18:30,,
12/01/2022 19:00,,
12/01/2022 19:30,,
12/01/2022 20:00,,
12/01/2022 20:30,,
12/01/2022 21:00,,
12/01/2022 21:30,,
12/01/2022 22:00,,
12/01/2022 22:30,,
12/01/2022 23:00,,
12/01/2022 23:30,,
13/01/2022 00:00,,
13/01/2022 00:30,,
13/01/2022 01:00,,
13/01/2022 01:30,,
13/01/2022 02:00,,
13/01/2022 02:30,,
13/01/2022 03:00,,
13/01/2022 03:30,,
13/01/2022 04:00,,
13/01/2022 04:30,,
13/01/2022 05:00,,
13/01/2022 05:30,,
13/01/2022 06:00,,
13/01/2022 06:30,,
13/01/2022 07:00,,
13/01/2022 07:30,,
13/01/2022 08:00,,
13/01/2022 08:30,,
13/01/2022 09:00,,
13/01/2022 09:30,,
13/01/2022 10:00,,
13/01/2022 10:30,,
13/01/2022 11:00,,
13/01/2022 11:30,,
13/01/2022 12:00,,
13/01/2022 12:30,,
13/01/2022 13:00,,
13/01/2022 13:30,,
13/01/2022 14:00,,
13/01/2022 14:30,,
13/01/2022 15:00,,
13/01/2022 15:30,,
13/01/2022 16:00,,
13/01/2022 16:30,,
13/01/2022 17:00,,
13/01/2022 17:30,,
13/01/2022 18:00,,
13/01/2022 18:30,,
13/01/2022 19:00,,
13/01/2022 19:30,,
13/01/2022 20:00,,
13/01/2022 20:30,,
13/01/2022 21:00,,
13/01/2022 21:30,,
13/01/2022 22:00,,
13/01/2022 22:30,,
13/01/2022 23:00,,
13/01/2022 23:30,,
14/01/2022 00:00,,
14/01/2022 00:30,,
14/01/2022 01:00,,
14/01/2022 01:30,,
14/01/2022 02:00,,
14/01/2022 02:30,,
14/01/2022 03:00,,
14/01/2022 03:30,,
14/01/2022 04:00,,
14/01/2022 04:30,,
14/01/2022 05:00,,
14/01/2022 05:30,,
14/01/2022 06:00,,
14/01/2022 06:30,,
14/01/2022 07:00,,
14/01/2022 07:30,,
14/01/2022 08:00,,
14/01/2022 08:30,,
14/01/2022 09:00,,
14/01/2022 09:30,,
14/01/2022 10:00,,
14/01/2022 10:30,,
14/01/2022 11:00,,
14/01/2022 11:30,,
14/01/2022 12:00,,
14/01/2022 12:30,,
14/01/2022 13:00,,
14/01/2022 13:30,,
14/01/2022 14:00,,
14/01/2022 14:30,,
14/01/2022 15:00,,
14/01/2022 15:30,,
14/01/2022 16:00,,
14/01/2022 16:30,,
14/01/2022 17:00,,
14/01/2022 17:30,,
14/01/2022 18:00,,
14/01/2022 18:30,,
14/01/2022 19:00,,
14/01/2022 19:30,,
14/01/2022 20:00,,
14/01/2022 20:30,,
14/01/2022 21:00,,
14/01/2022 21:30,,
14/01/2022 22:00,,
14/01/2022 22:30,,
14/01/2022 23:00,,
14/01/2022 23:30,,
15/01/2022 00:00,,
15/01/2022 00:30,,
15/01/2022 01:00,,
15/01/2022 01:30,,
15/01/2022 02:00,,
15/01/2022 02:30,,
15/01/2022 03:00,,
15/01/2022 03:30,,
15/01/2022 04:00,,
15/01/2022 04:30,,
15/01/2022 05:00,,
15/01/2022 05:30,,
15/01/2022 06:00,,
15/01/2022 06:30,,
15/01/2022 07:00,,
15/01/2022 07:30,,
15/01/2022 08:00,,
15/01/2022 08:30,,
15/01/2022 09:00,,
15/01/2022 09:30,,
15/01/2022 10:00,,
15/01/2022 10:30,,
15/01/2022 11:00,,
15/01/2022 11:30,,
15/01/2022 12:00,,
15/01/2022 12:30,,
15/01/2022 13:00,,
15/01/2022 13:30,,
15/01/2022 14:00,,
15/01/2022 14:30,,
15/01/2022 15:00,,
15/01/2022 15:30,,
15/01/2022 16:00,,
15/01/2022 16:30,,
15/01/2022 17:00,,
15/01/2022 17:30,,
15/01/2022 18:00,,
15/01/2022 18:30,,
15/01/2022 19:00,,
15/01/2022 19:30,,
15/01/2022 20:00,,
15/01/2022 20:30,,
15/01/2022 21:00,,
15/01/2022 21:30,,
15/01/2022 22:00,,
15/01/2022 22:30,,
15/01/2022 23:00,,
15/01/2022 23:30,,
16/01/2022 00:00,,
16/01/2022 00:30,,
16/01/2022 01:00,,
16/01/2022 01:30,,
16/01/2022 02:00,,
16/01/2022 02:30,,
16/01/2022 03:00,,
16/01/2022 03:30,,
16/01/2022 04:00,,
16/01/2022 04:30,,
16/01/2022 05:00,,
16/01/2022 05:30,,
16/01/2022 06:00,,
16/01/2022 06:30,,
16/01/2022 07:00,,
16/01/2022 07:30,,
16/01/2022 08:00,,
16/01/2022 08:30,,
16/01/2022 09:00,,
16/01/2022 09:30,,
16/01/2022 10:00,,
16/01/2022 10:30,,
16/01/2022 11:00,,
16/01/2022 11:30,,
16/01/2022 12:00,,
16/01/2022 12:30,,
16/01/2022 13:00,,
16/01/2022 13:30,,
16/01/2022 14:00,,
16/01/2022 14:30,,
16/01/2022 15:00,,
16/01/2022 15:30,,
16/01/2022 16:00,,
16/01/2022 16:30,,
16/01/2022 17:00,,
16/01/2022 17:30,,
16/01/2022 18:00,,
16/01/2022 18:30,,
16/01/2022 19:00,,
16/01/2022 19:30,,
16/01/2022 20:00,,
16/01/2022 20:30,,
16/01/2022 21:00,,
16/01/2022 21:30,,
16/01/2022 22:00,,
16/01/2022 22:30,,
16/01/2022 23:00,,
16/01/2022 23:30,,
17/01/2022 00:00,,
17/01/2022 00:30,,
17/01/2022 01:00,,
17/01/2022 01:30,,
17/01/2022 02:00,,
17/01/2022 02:30,,
17/01/2022 03:00,,
17/01/2022 03:30,,
17/01/2022 04:00,,
17/01/2022 04:30,,
17/01/2022 05:00,,
17/01/2022 05:30,,
17/01/2022 06:00,,
17/01/2022 06:30,,
17/01/2022 07:00,,
17/01/2022 07:30,,
17/01/2022 08:00,,
17/01/2022 08:30,,
17/01/2022 09:00,,
17/01/2022 09:30,,
17/01/2022 10:00,,
17/01/2022 10:30,,
17/01/2022 11:00,,
17/01/2022 11:30,,
17/01/2022 12:00,,
17/01/2022 12:30,,
17/01/2022 13:00,,
17/01/2022 13:30,,
17/01/2022 14:00,,
17/01/2022 14:30,,
17/01/2022 15:00,,
17/01/2022 15:30,,
17/01/2022 16:00,,
17/01/2022 16:30,,
17/01/2022 17:00,,
17/01/2022 17:30,,
17/01/2022 18:00,,
17/01/2022 18:30,,
17/01/2022 19:00,,
17/01/2022 19:30,,
17/01/2022 20:00,,
17/01/2022 20:30,,
17/01/2022 21:00,,
17/01/2022 21:30,,
17/01/2022 22:00,,
17/01/2022 22:30,,
17/01/2022 23:00,,
17/01/2022 23:30,,
18/01/2022 00:00,,
18/01/2022 00:30,,
18/01/2022 01:00,,
18/01/2022 01:30,,
18/01/2022 02:00,,
18/01/2022 02:30,,
18/01/2022 03:00,,
18/01/2022 03:30,,
18/01/2022 04:00,,
18/01/2022 04:30,,
18/01/2022 05:00,,
18/01/2022 05:30,,
18/01/2022 06:00,,
18/01/2022 06:30,,
18/01/2022 07:00,,
18/01/2022 07:30,,
18/01/2022 08:00,,
18/01/2022 08:30,,
18/01/2022 09:00,,
18/01/2022 09:30,,
18/01/2022 10:00,,
18/01/2022 10:30,,
18/01/2022 11:00,,
18/01/2022 11:30,,
18/01/2022 12:00,,
18/01/2022 12:30,,
18/01/2022 13:00,,
18/01/2022 13:30,,
18/01/2022 14:00,,
18/01/2022 14:30,,
18/01/2022 15:00,,
18/01/2022 15:30,,
18/01/2022 16:00,,
18/01/2022 16:30,,
18/01/2022 17:00,,
18/01/2022 17:30,,
18/01/2022 18:00,,
18/01/2022 18:30,,
18/01/2022 19:00,,
18/01/2022 19:30,,
18/01/2022 20:00,,
18/01/2022 20:30,,
18/01/2022 21:00,,
18/01/2022 21:30,,
18/01/2022 22:00,,
18/01/2022 22:30,,
18/01/2022 23:00,,
18/01/2022 23:30,,
19/01/2022 00:00,,
19/01/2022 00:30,,
19/01/2022 01:00,,
19/01/2022 01:30,,
19/01/2022 02:00,,
19/01/2022 02:30,,
19/01/2022 03:00,,
19/01/2022 03:30,,
19/01/2022 04:00,,
19/01/2022 04:30,,
19/01/2022 05:00,,
19/01/2022 05:30,,
19/01/2022 06:00,,
19/01/2022 06:30,,
19/01/2022 07:00,,
19/01/2022 07:30,,
19/01/2022 08:00,,
19/01/2022 08:30,,
19/01/2022 09:00,,
19/01/2022 09:30,,
19/01/2022 10:00,,
19/01/2022 10:30,,
19/01/2022 11:00,,
19/01/2022 11:30,,
19/01/2022 12:00,,
19/01/2022 12:30,,
19/01/2022 13:00,,
19/01/2022 13:30,,
19/01/2022 14:00,,
19/01/2022 14:30,,
19/01/2022 15:00,,
19/01/2022 15:30,,
19/01/2022 16:00,,
19/01/2022 16:30,,
19/01/2022 17:00,,
19/01/2022 17:30,,
19/01/2022 18:00,,
19/01/2022 18:30,,
19/01/2022 19:00,,
19/01/2022 19:30,,
19/01/2022 20:00,,
19/01/2022 20:30,,
19/01/2022 21:00,,
19/01/2022 21:30,,
19/01/2022 22:00,,
19/01/2022 22:30,,
19/01/2022 23:00,,
19/01/2022 23:30,,
20/01/2022 00:00,,
20/01/2022 00:30,,
20/01/2022 01:00,,
20/01/2022 01:30,,
20/01/2022 02:00,,
20/01/2022 02:30,,
20/01/2022 03:00,,
20/01/2022 03:30,,
20/01/2022 04:00,,
20/01/2022 04:30,,
20/01/2022 05:00,,
20/01/2022 05:30,,
20/01/2022 06:00,,
20/01/2022 06:30,,
20/01/2022 07:00,,
20/01/2022 07:30,,
20/01/2022 08:00,,
20/01/2022 08:30,,
20/01/2022 09:00,,
20/01/2022 09:30,,
20/01/2022 10:00,,
20/01/2022 10:30,,
20/01/2022 11:00,,
20/01/2022 11:30,,
20/01/2022 12:00,,
20/01/2022 12:30,,
20/01/2022 13:00,,
20/01/2022 13:30,,
20/01/2022 14:00,,
20/01/2022 14:30,,
20/01/2022 15:00,,
20/01/2022 15:30,,
20/01/2022 16:00,,
20/01/2022 16:30,,
20/01/2022 17:00,,
20/01/2022 17:30,,
20/01/2022 18:00,,
20/01/2022 18:30,,
20/01/2022 19:00,,
20/01/2022 19:30,,
20/01/2022 20:00,,
20/01/2022 20:30,,
20/01/2022 21:00,,
20/01/2022 21:30,,
20/01/2022 22:00,,
20/01/2022 22:30,,
20/01/2022 23:00,,
20/01/2022 23:30,,
21/01/2022 00:00,,
21/01/2022 00:30,,
21/01/2022 01:00,,
21/01/2022 01:30,,
21/01/2022 02:00,,
21/01/2022 02:30,,
21/01/2022 03:00,,
21/01/2022 03:30,,
21/01/2022 04:00,,
21/01/2022 04:30,,
21/01/2022 05:00,,
21/01/2022 05:30,,
21/01/2022 06:00,,
21/01/2022 06:30,,
21/01/2022 07:00,,
21/01/2022 07:30,,
21/01/2022 08:00,,
21/01/2022 08:30,,
21/01/2022 09:00,,
21/01/2022 09:30,,
21/01/2022 10:00,,
21/01/2022 10:30,,
21/01/2022 11:00,,
21/01/2022 11:30,,
21/01/2022 12:00,,
21/01/2022 12:30,,
21/01/2022 13:00,,
21/01/2022 13:30,,
21/01/2022 14:00,,
21/01/2022 14:30,,
21/01/2022 15:00,,
21/01/2022 15:30,,
21/01/2022 16:00,,
21/01/2022 16:30,,
21/01/2022 17:00,,
21/01/2022 17:30,,
21/01/2022 18:00,,
21/01/2022 18:30,,
21/01/2022 19:00,,
21/01/2022 19:30,,
21/01/2022 20:00,,
21/01/2022 20:30,,
21/01/2022 21:00,,
21/01/2022 21:30,,
21/01/2022 22:00,,
21/01/2022 22:30,,
21/01/2022 23:00,,
21/01/2022 23:30,,
22/01/2022 00:00,,
22/01/2022 00:30,,
22/01/2022 01:00,,
22/01/2022 01:30,,
22/01/2022 02:00,,
22/01/2022 02:30,,
22/01/2022 03:00,,
22/01/2022 03:30,,
22/01/2022 04:00,,
22/01/2022 04:30,,
22/01/2022 05:00,,
22/01/2022 05:30,,
22/01/2022 06:00,,
22/01/2022 06:30,,
22/01/2022 07:00,,
22/01/2022 07:30,,
22/01/2022 08:00,,
22/01/2022 08:30,,
22/01/2022 09:00,,
22/01/2022 09:30,,
22/01/2022 10:00,,
22/01/2022 10:30,,
22/01/2022 11:00,,
22/01/2022 11:30,,
22/01/2022 12:00,,
22/01/2022 12:30,,
22/01/2022 13:00,,
22/01/2022 13:30,,
22/01/2022 14:00,,
22/01/2022 14:30,,
22/01/2022 15:00,,
22/01/2022 15:30,,
22/01/2022 16:00,,
22/01/2022 16:30,,
22/01/2022 17:00,,
22/01/2022 17:30,,
22/01/2022 18:00,,
22/01/2022 18:30,,
22/01/2022 19:00,,
22/01/2022 19:30,,
22/01/2022 20:00,,
22/01/2022 20:30,,
22/01/2022 21:00,,
22/01/2022 21:30,,
22/01/2022 22:00,,
22/01/2022 22:30,,
22/01/2022 23:00,,
22/01/2022 23:30,,
23/01/2022 00:00,,
23/01/2022 00:30,,
23/01/2022 01:00,,
23/01/2022 01:30,,
23/01/2022 02:00,,
23/01/2022 02:30,,
23/01/2022 03:00,,
23/01/2022 03:30,,
23/01/2022 04:00,,
23/01/2022 04:30,,
23/01/2022 05:00,,
23/01/2022 05:30,,
23/01/2022 06:00,,
23/01/2022 06:30,,
23/01/2022 07:00,,
23/01/2022 07:30,,
23/01/2022 08:00,,
23/01/2022 08:30,,
23/01/2022 09:00,,
23/01/2022 09:30,,
23/01/2022 10:00,,
23/01/2022 10:30,,
23/01/2022 11:00,,
23/01/2022 11:30,,
23/01/2022 12:00,,
23/01/2022 12:30,,
23/01/2022 13:00,,
23/01/2022 13:30,,
23/01/2022 14:00,,
23/01/2022 14:30,,
23/01/2022 15:00,,
23/01/2022 15:30,,
23/01/2022 16:00,,
23/01/2022 16:30,,
23/01/2022 17:00,,
23/01/2022 17:30,,
23/01/2022 18:00,,
23/01/2022 18:30,,
23/01/2022 19:00,,
23/01/2022 19:30,,
23/01/2022 20:00,,
23/01/2022 20:30,,
23/01/2022 21:00,,
23/01/2022 21:30,,
23/01/2022 22:00,,
23/01/2022 22:30,,
23/01/2022 23:00,,
23/01/2022 23:30,,
24/01/2022 00:00,,
24/01/2022 00:30,,
24/01/2022 01:00,,
24/01/2022 01:30,,
24/01/2022 02:00,,
24/01/2022 02:30,,
24/01/2022 03:00,,
24/01/2022 03:30,,
24/01/2022 04:00,,
24/01/2022 04:30,,
24/01/2022 05:00,,
24/01/2022 05:30,,
24/01/2022 06:00,,
24/01/2022 06:30,,
24/01/2022 07:00,,
24/01/2022 07:30,,
24/01/2022 08:00,,
24/01/2022 08:30,,
24/01/2022 09:00,,
24/01/2022 09:30,,
24/01/2022 10:00,,
24/01/2022 10:30,,
24/01/2022 11:00,,
24/01/2022 11:30,,
24/01/2022 12:00,,
24/01/2022 12:30,,
24/01/2022 13:00,,
24/01/2022 13:30,,
24/01/2022 14:00,,
24/01/2022 14:30,,
24/01/2022 15:00,,
24/01/2022 15:30,,
24/01/2022 16:00,,
24/01/2022 16:30,,
24/01/2022 17:00,,
24/01/2022 17:30,,
24/01/2022 18:00,,
24/01/2022 18:30,,
24/01/2022 19:00,,
24/01/2022 19:30,,
24/01/2022 20:00,,
24/01/2022 20:30,,
24/01/2022 21:00,,
24/01/2022 21:30,,
24/01/2022 22:00,,
24/01/2022 22:30,,
24/01/2022 23:00,,
24/01/2022 23:30,,
25/01/2022 00:00,,
25/01/2022 00:30,,
25/01/2022 01:00,,
25/01/2022 01:30,,
25/01/2022 02:00,,
25/01/2022 02:30,,
25/01/2022 03:00,,
25/01/2022 03:30,,
25/01/2022 04:00,,
25/01/2022 04:30,,
25/01/2022 05:00,,
25/01/2022 05:30,,
25/01/2022 06:00,,
25/01/2022 06:30,,
25/01/2022 07:00,,
25/01/2022 07:30,,
25/01/2022 08:00,,
25/01/2022 08:30,,
25/01/2022 09:00,,
25/01/2022 09:30,,
25/01/2022 10:00,,
25/01/2022 10:30,,
25/01/2022 11:00,,
25/01/2022 11:30,,
25/01/2022 12:00,,
25/01/2022 12:30,,
25/01/2022 13:00,,
25/01/2022 13:30,,
25/01/2022 14:00,,
25/01/2022 14:30,,
25/01/2022 15:00,,
25/01/2022 15:30,,
25/01/2022 16:00,,
25/01/2022 16:30,,
25/01/2022 17:00,,
25/01/2022 17:30,,
25/01/2022 18:00,,
25/01/2022 18:30,,
25/01/2022 19:00,,
25/01/2022 19:30,,
25/01/2022 20:00,,
25/01/2022 20:30,,
25/01/2022 21:00,,
25/01/2022 21:30,,
25/01/2022 22:00,,
25/01/2022 22:30,,
25/01/2022 23:00,,
25/01/2022 23:30,,
26/01/2022 00:00,,
26/01/2022 00:30,,
26/01/2022 01:00,,
26/01/2022 01:30,,
26/01/2022 02:00,,
26/01/2022 02:30,,
26/01/2022 03:00,,
26/01/2022 03:30,,
26/01/2022 04:00,,
26/01/2022 04:30,,
26/01/2022 05:00,,
26/01/2022 05:30,,
26/01/2022 06:00,,
26/01/2022 06:30,,
26/01/2022 07:00,,
26/01/2022 07:30,,
26/01/2022 08:00,,
26/01/2022 08:30,,
26/01/2022 09:00,,
26/01/2022 09:30,,
26/01/2022 10:00,,
26/01/2022 10:30,,
26/01/2022 11:00,,
26/01/2022 11:30,,
26/01/2022 12:00,,
26/01/2022 12:30,,
26/01/2022 13:00,,
26/01/2022 13:30,,
26/01/2022 14:00,,
26/01/2022 14:30,,
26/01/2022 15:00,,
26/01/2022 15:30,,
26/01/2022 16:00,,
26/01/2022 16:30,,
26/01/2022 17:00,,
26/01/2022 17:30,,
26/01/2022 18:00,,
26/01/2022 18:30,,
26/01/2022 19:00,,
26/01/2022 19:30,,
26/01/2022 20:00,,
26/01/2022 20:30,,
26/01/2022 21:00,,
26/01/2022 21:30,,
26/01/2022 22:00,,
26/01/2022 22:30,,
26/01/2022 23:00,,
26/01/2022 23:30,,
27/01/2022 00:00,,
27/01/2022 00:30,,
27/01/2022 01:00,,
27/01/2022 01:30,,
27/01/2022 02:00,,
27/01/2022 02:30,,
27/01/2022 03:00,,
27/01/2022 03:30,,
27/01/2022 04:00,,
27/01/2022 04:30,,
27/01/2022 05:00,,
27/01/2022 05:30,,
27/01/2022 06:00,,
27/01/2022 06:30,,
27/01/2022 07:00,,
27/01/2022 07:30,,
27/01/2022 08:00,,
27/01/2022 08:30,,
27/01/2022 09:00,,
27/01/2022 09:30,,
27/01/2022 10:00,,
27/01/2022 10:30,,
27/01/2022 11:00,,
27/01/2022 11:30,,
27/01/2022 12:00,,
27/01/2022 12:30,,
27/01/2022 13:00,,
27/01/2022 13:30,,
27/01/2022 14:00,,
27/01/2022 14:30,,
27/01/2022 15:00,,
27/01/2022 15:30,,
27/01/2022 16:00,,
27/01/2022 16:30,,
27/01/2022 17:00,,
27/01/2022 17:30,,
27/01/2022 18:00,,
27/01/2022 18:30,,
27/01/2022 19:00,,
27/01/2022 19:30,,
27/01/2022 20:00,,
27/01/2022 20:30,,
27/01/2022 21:00,,
27/01/2022 21:30,,
27/01/2022 22:00,,
27/01/2022 22:30,,
27/01/2022 23:00,,
27/01/2022 23:30,,
28/01/2022 00:00,,
28/01/2022 00:30,,
28/01/2022 01:00,,
28/01/2022 01:30,,
28/01/2022 02:00,,
28/01/2022 02:30,,
28/01/2022 03:00,,
28/01/2022 03:30,,
28/01/2022 04:00,,
28/01/2022 04:30,,
28/01/2022 05:00,,
28/01/2022 05:30,,
28/01/2022 06:00,,
28/01/2022 06:30,,
28/01/2022 07:00,,
28/01/2022 07:30,,
28/01/2022 08:00,,
28/01/2022 08:30,,
28/01/2022 09:00,,
28/01/2022 09:30,,
28/01/2022 10:00,,
28/01/2022 10:30,,
28/01/2022 11:00,,
28/01/2022 11:30,,
28/01/2022 12:00,,
28/01/2022 12:30,,
28/01/2022 13:00,,
28/01/2022 13:30,,
28/01/2022 14:00,,
28/01/2022 14:30,,
28/01/2022 15:00,,
28/01/2022 15:30,,
28/01/2022 16:00,,
28/01/2022 16:30,,
28/01/2022 17:00,,
28/01/2022 17:30,,
28/01/2022 18:00,,
28/01/2022 18:30,,
28/01/2022 19:00,,
28/01/2022 19:30,,
28/01/2022 20:00,,
28/01/2022 20:30,,
28/01/2022 21:00,,
28/01/2022 21:30,,
28/01/2022 22:00,,
28/01/2022 22:30,,
28/01/2022 23:00,,
28/01/2022 23:30,,
29/01/2022 00:00,,
29/01/2022 00:30,,
29/01/2022 01:00,,
29/01/2022 01:30,,
29/01/2022 02:00,,
29/01/2022 02:30,,
29/01/2022 03:00,,
29/01/2022 03:30,,
29/01/2022 04:00,,
29/01/2022 04:30,,
29/01/2022 05:00,,
29/01/2022 05:30,,
29/01/2022 06:00,,
29/01/2022 06:30,,
29/01/2022 07:00,,
29/01/2022 07:30,,
29/01/2022 08:00,,
29/01/2022 08:30,,
29/01/2022 09:00,,
29/01/2022 09:30,,
29/01/2022 10:00,,
29/01/2022 10:30,,
29/01/2022 11:00,,
29/01/2022 11:30,,
29/01/2022 12:00,,
29/01/2022 12:30,,
29/01/2022 13:00,,
29/01/2022 13:30,,
29/01/2022 14:00,,
29/01/2022 14:30,,
29/01/2022 15:00,,
29/01/2022 15:30,,
29/01/2022 16:00,,
29/01/2022 16:30,,
29/01/2022 17:00,,
29/01/2022 17:30,,
29/01/2022 18:00,,
29/01/2022 18:30,,
29/01/2022 19:00,,
29/01/2022 19:30,,
29/01/2022 20:00,,
29/01/2022 20:30,,
29/01/2022 21:00,,
29/01/2022 21:30,,
29/01/2022 22:00,,
29/01/2022 22:30,,
29/01/2022 23:00,,
29/01/2022 23:30,,
30/01/2022 00:00,,
30/01/2022 00:30,,
30/01/2022 01:00,,
30/01/2022 01:30,,
30/01/2022 02:00,,
30/01/2022 02:30,,
30/01/2022 03:00,,
30/01/2022 03:30,,
30/01/2022 04:00,,
30/01/2022 04:30,,
30/01/2022 05:00,,
30/01/2022 05:30,,
30/01/2022 06:00,,
30/01/2022 06:30,,
30/01/2022 07:00,,
30/01/2022 07:30,,
30/01/2022 08:00,,
30/01/2022 08:30,,
30/01/2022 09:00,,
30/01/2022 09:30,,
30/01/2022 10:00,,
30/01/2022 10:30,,
30/01/2022 11:00,,
30/01/2022 11:30,,
30/01/2022 12:00,,
30/01/2022 12:30,,
30/01/2022 13:00,,
30/01/2022 13:30,,
30/01/2022 14:00,,
30/01/2022 14:30,,
30/01/2022 15:00,,
30/01/2022 15:30,,
30/01/2022 16:00,,
30/01/2022 16:30,,
30/01/2022 17:00,,
30/01/2022 17:30,,
30/01/2022 18:00,,
30/01/2022 18:30,,
30/01/2022 19:00,,
30/01/2022 19:30,,
30/01/2022 20:00,,
30/01/2022 20:30,,
30/01/2022 21:00,,
30/01/2022 21:30,,
30/01/2022 22:00,,
30/01/2022 22:30,,
30/01/2022 23:00,,
30/01/2022 23:30,,
31/01/2022 00:00,,
31/01/2022 00:30,,
31/01/2022 01:00,,
31/01/2022 01:30,,
31/01/2022 02:00,,
31/01/2022 02:30,,
31/01/2022 03:00,,
31/01/2022 03:30,,
31/01/2022 04:00,,
31/01/2022 04:30,,
31/01/2022 05:00,,
31/01/2022 05:30,,
31/01/2022 06:00,,
31/01/2022 06:30,,
31/01/2022 07:00,,
31/01/2022 07:30,,
31/01/2022 08:00,,
31/01/2022 08:30,,
31/01/2022 09:00,,
31/01/2022 09:30,,
31/01/2022 10:00,,
31/01/2022 10:30,,
31/01/2022 11:00,,
31/01/2022 11:30,,
31/01/2022 12:00,,
31/01/2022 12:30,,
31/01/2022 13:00,,
31/01/2022 13:30,,
31/01/2022 14:00,,
31/01/2022 14:30,,
31/01/2022 15:00,,
31/01/2022 15:30,,
31/01/2022 16:00,,
31/01/2022 16:30,,
31/01/2022 17:00,,
31/01/2022 17:30,,
31/01/2022 18:00,,
31/01/2022 18:30,,
31/01/2022 19:00,,
31/01/2022 19:30,,
31/01/2022 20:00,,
31/01/2022 20:30,,
31/01/2022 21:00,,
31/01/2022 21:30,,
31/01/2022 22:00,,
31/01/2022 22:30,,
31/01/2022 23:00,,
31/01/2022 23:30,,
01/02/2022 00:00,,
01/02/2022 00:30,,
01/02/2022 01:00,,
01/02/2022 01:30,,
01/02/2022 02:00,,
01/02/2022 02:30,,
01/02/2022 03:00,,
01/02/2022 03:30,,
01/02/2022 04:00,,
01/02/2022 04:30,,
01/02/2022 05:00,,
01/02/2022 05:30,,
01/02/2022 06:00,,
01/02/2022 06:30,,
01/02/2022 07:00,,
01/02/2022 07:30,,
01/02/2022 08:00,,
01/02/2022 08:30,,
01/02/2022 09:00,,
01/02/2022 09:30,,
01/02/2022 10:00,,
01/02/2022 10:30,,
01/02/2022 11:00,,
01/02/2022 11:30,,
01/02/2022 12:00,,
01/02/2022 12:30,,
01/02/2022 13:00,,
01/02/2022 13:30,,
01/02/2022 14:00,,
01/02/2022 14:30,,
01/02/2022 15:00,,
01/02/2022 15:30,,
01/02/2022 16:00,,
01/02/2022 16:30,,
01/02/2022 17:00,,
01/02/2022 17:30,,
01/02/2022 18:00,,
01/02/2022 18:30,,
01/02/2022 19:00,,
01/02/2022 19:30,,
01/02/2022 20:00,,
01/02/2022 20:30,,
01/02/2022 21:00,,
01/02/2022 21:30,,
01/02/2022 22:00,,
01/02/2022 22:30,,
01/02/2022 23:00,,
01/02/2022 23:30,,
02/02/2022 00:00,,
02/02/2022 00:30,,
02/02/2022 01:00,,
02/02/2022 01:30,,
02/02/2022 02:00,,
02/02/2022 02:30,,
02/02/2022 03:00,,
02/02/2022 03:30,,
02/02/2022 04:00,,
02/02/2022 04:30,,
02/02/2022 05:00,,
02/02/2022 05:30,,
02/02/2022 06:00,,
02/02/2022 06:30,,
02/02/2022 07:00,,
02/02/2022 07:30,,
02/02/2022 08:00,,
02/02/2022 08:30,,
02/02/2022 09:00,,
02/02/2022 09:30,,
02/02/2022 10:00,,
02/02/2022 10:30,,
02/02/2022 11:00,,
02/02/2022 11:30,,
02/02/2022 12:00,,
02/02/2022 12:30,,
02/02/2022 13:00,,
02/02/2022 13:30,,
02/02/2022 14:00,,
02/02/2022 14:30,,
02/02/2022 15:00,,
02/02/2022 15:30,,
02/02/2022 16:00,,
02/02/2022 16:30,,
02/02/2022 17:00,,
02/02/2022 17:30,,
02/02/2022 18:00,,
02/02/2022 18:30,,
02/02/2022 19:00,,
02/02/2022 19:30,,
02/02/2022 20:00,,
02/02/2022 20:30,,
02/02/2022 21:00,,
02/02/2022 21:30,,
02/02/2022 22:00,,
02/02/2022 22:30,,
02/02/2022 23:00,,
02/02/2022 23:30,,
03/02/2022 00:00,,
03/02/2022 00:30,,
03/02/2022 01:00,,
03/02/2022 01:30,,
03/02/2022 02:00,,
03/02/2022 02:30,,
03/02/2022 03:00,,
03/02/2022 03:30,,
03/02/2022 04:00,,
03/02/2022 04:30,,
03/02/2022 05:00,,
03/02/2022 05:30,,
03/02/2022 06:00,,
03/02/2022 06:30,,
03/02/2022 07:00,,
03/02/2022 07:30,,
03/02/2022 08:00,,
03/02/2022 08:30,,
03/02/2022 09:00,,
03/02/2022 09:30,,
03/02/2022 10:00,,
03/02/2022 10:30,,
03/02/2022 11:00,,
03/02/2022 11:30,,
03/02/2022 12:00,,
03/02/2022 12:30,,
03/02/2022 13:00,,
03/02/2022 13:30,,
03/02/2022 14:00,,
03/02/2022 14:30,,
03/02/2022 15:00,,
03/02/2022 15:30,,
03/02/2022 16:00,,
03/02/2022 16:30,,
03/02/2022 17:00,,
03/02/2022 17:30,,
03/02/2022 18:00,,
03/02/2022 18:30,,
03/02/2022 19:00,,
03/02/2022 19:30,,
03/02/2022 20:00,,
03/02/2022 20:30,,
03/02/2022 21:00,,
03/02/2022 21:30,,
03/02/2022 22:00,,
03/02/2022 22:30,,
03/02/2022 23:00,,
03/02/2022 23:30,,
04/02/2022 00:00,,
04/02/2022 00:30,,
04/02/2022 01:00,,
04/02/2022 01:30,,
04/02/2022 02:00,,
04/02/2022 02:30,,
04/02/2022 03:00,,
04/02/2022 03:30,,
04/02/2022 04:00,,
04/02/2022 04:30,,
04/02/2022 05:00,,
04/02/2022 05:30,,
04/02/2022 06:00,,
04/02/2022 06:30,,
04/02/2022 07:00,,
04/02/2022 07:30,,
04/02/2022 08:00,,
04/02/2022 08:30,,
04/02/2022 09:00,,
04/02/2022 09:30,,
04/02/2022 10:00,,
04/02/2022 10:30,,
04/02/2022 11:00,,
04/02/2022 11:30,,
04/02/2022 12:00,,
04/02/2022 12:30,,
04/02/2022 13:00,,
04/02/2022 13:30,,
04/02/2022 14:00,,
04/02/2022 14:30,,
04/02/2022 15:00,,
04/02/2022 15:30,,
04/02/2022 16:00,,
04/02/2022 16:30,,
04/02/2022 17:00,,
04/02/2022 17:30,,
04/02/2022 18:00,,
04/02/2022 18:30,,
04/02/2022 19:00,,
04/02/2022 19:30,,
04/02/2022 20:00,,
04/02/2022 20:30,,
04/02/2022 21:00,,
04/02/2022 21:30,,
04/02/2022 22:00,,
04/02/2022 22:30,,
04/02/2022 23:00,,
04/02/2022 23:30,,
05/02/2022 00:00,,
05/02/2022 00:30,,
05/02/2022 01:00,,
05/02/2022 01:30,,
05/02/2022 02:00,,
05/02/2022 02:30,,
05/02/2022 03:00,,
05/02/2022 03:30,,
05/02/2022 04:00,,
05/02/2022 04:30,,
05/02/2022 05:00,,
05/02/2022 05:30,,
05/02/2022 06:00,,
05/02/2022 06:30,,
05/02/2022 07:00,,
05/02/2022 07:30,,
05/02/2022 08:00,,
05/02/2022 08:30,,
05/02/2022 09:00,,
05/02/2022 09:30,,
05/02/2022 10:00,,
05/02/2022 10:30,,
05/02/2022 11:00,,
05/02/2022 11:30,,
05/02/2022 12:00,,
05/02/2022 12:30,,
05/02/2022 13:00,,
05/02/2022 13:30,,
05/02/2022 14:00,,
05/02/2022 14:30,,
05/02/2022 15:00,,
05/02/2022 15:30,,
05/02/2022 16:00,,
05/02/2022 16:30,,
05/02/2022 17:00,,
05/02/2022 17:30,,
05/02/2022 18:00,,
05/02/2022 18:30,,
05/02/2022 19:00,,
05/02/2022 19:30,,
05/02/2022 20:00,,
05/02/2022 20:30,,
05/02/2022 21:00,,
05/02/2022 21:30,,
05/02/2022 22:00,,
05/02/2022 22:30,,
05/02/2022 23:00,,
05/02/2022 23:30,,
06/02/2022 00:00,,
06/02/2022 00:30,,
06/02/2022 01:00,,
06/02/2022 01:30,,
06/02/2022 02:00,,
06/02/2022 02:30,,
06/02/2022 03:00,,
06/02/2022 03:30,,
06/02/2022 04:00,,
06/02/2022 04:30,,
06/02/2022 05:00,,
06/02/2022 05:30,,
06/02/2022 06:00,,
06/02/2022 06:30,,
06/02/2022 07:00,,
06/02/2022 07:30,,
06/02/2022 08:00,,
06/02/2022 08:30,,
06/02/2022 09:00,,
06/02/2022 09:30,,
06/02/2022 10:00,,
06/02/2022 10:30,,
06/02/2022 11:00,,
06/02/2022 11:30,,
06/02/2022 12:00,,
06/02/2022 12:30,,
06/02/2022 13:00,,
06/02/2022 13:30,,
06/02/2022 14:00,,
06/02/2022 14:30,,
06/02/2022 15:00,,
06/02/2022 15:30,,
06/02/2022 16:00,,
06/02/2022 16:30,,
06/02/2022 17:00,,
06/02/2022 17:30,,
06/02/2022 18:00,,
06/02/2022 18:30,,
06/02/2022 19:00,,
06/02/2022 19:30,,
06/02/2022 20:00,,
06/02/2022 20:30,,
06/02/2022 21:00,,
06/02/2022 21:30,,
06/02/2022 22:00,,
06/02/2022 22:30,,
06/02/2022 23:00,,
06/02/2022 23:30,,
07/02/2022 00:00,,
07/02/2022 00:30,,
07/02/2022 01:00,,
07/02/2022 01:30,,
07/02/2022 02:00,,
07/02/2022 02:30,,
07/02/2022 03:00,,
07/02/2022 03:30,,
07/02/2022 04:00,,
07/02/2022 04:30,,
07/02/2022 05:00,,
07/02/2022 05:30,,
07/02/2022 06:00,,
07/02/2022 06:30,,
07/02/2022 07:00,,
07/02/2022 07:30,,
07/02/2022 08:00,,
07/02/2022 08:30,,
07/02/2022 09:00,,
07/02/2022 09:30,,
07/02/2022 10:00,,
07/02/2022 10:30,,
07/02/2022 11:00,,
07/02/2022 11:30,,
07/02/2022 12:00,,
07/02/2022 12:30,,
07/02/2022 13:00,,
07/02/2022 13:30,,
07/02/2022 14:00,,
07/02/2022 14:30,,
07/02/2022 15:00,,
07/02/2022 15:30,,
07/02/2022 16:00,,
07/02/2022 16:30,,
07/02/2022 17:00,,
07/02/2022 17:30,,
07/02/2022 18:00,,
07/02/2022 18:30,,
07/02/2022 19:00,,
07/02/2022 19:30,,
07/02/2022 20:00,,
07/02/2022 20:30,,
07/02/2022 21:00,,
07/02/2022 21:30,,
07/02/2022 22:00,,
07/02/2022 22:30,,
07/02/2022 23:00,,
07/02/2022 23:30,,
08/02/2022 00:00,,
08/02/2022 00:30,,
08/02/2022 01:00,,
08/02/2022 01:30,,
08/02/2022 02:00,,
08/02/2022 02:30,,
08/02/2022 03:00,,
08/02/2022 03:30,,
08/02/2022 04:00,,
08/02/2022 04:30,,
08/02/2022 05:00,,
08/02/2022 05:30,,
08/02/2022 06:00,,
08/02/2022 06:30,,
08/02/2022 07:00,,
08/02/2022 07:30,,
08/02/2022 08:00,,
08/02/2022 08:30,,
08/02/2022 09:00,,
08/02/2022 09:30,,
08/02/2022 10:00,,
08/02/2022 10:30,,
08/02/2022 11:00,,
08/02/2022 11:30,,
08/02/2022 12:00,,
08/02/2022 12:30,,
08/02/2022 13:00,,
08/02/2022 13:30,,
08/02/2022 14:00,,
08/02/2022 14:30,,
08/02/2022 15:00,,
08/02/2022 15:30,,
08/02/2022 16:00,,
08/02/2022 16:30,,
08/02/2022 17:00,,
08/02/2022 17:30,,
08/02/2022 18:00,,
08/02/2022 18:30,,
08/02/2022 19:00,,
08/02/2022 19:30,,
08/02/2022 20:00,,
08/02/2022 20:30,,
08/02/2022 21:00,,
08/02/2022 21:30,,
08/02/2022 22:00,,
08/02/2022 22:30,,
08/02/2022 23:00,,
08/02/2022 23:30,,
09/02/2022 00:00,,
09/02/2022 00:30,,
09/02/2022 01:00,,
09/02/2022 01:30,,
09/02/2022 02:00,,
09/02/2022 02:30,,
09/02/2022 03:00,,
09/02/2022 03:30,,
09/02/2022 04:00,,
09/02/2022 04:30,,
09/02/2022 05:00,,
09/02/2022 05:30,,
09/02/2022 06:00,,
09/02/2022 06:30,,
09/02/2022 07:00,,
09/02/2022 07:30,,
09/02/2022 08:00,,
09/02/2022 08:30,,
09/02/2022 09:00,,
09/02/2022 09:30,,
09/02/2022 10:00,,
09/02/2022 10:30,,
09/02/2022 11:00,,
09/02/2022 11:30,,
09/02/2022 12:00,,
09/02/2022 12:30,,
09/02/2022 13:00,,
09/02/2022 13:30,,
09/02/2022 14:00,,
09/02/2022 14:30,,
09/02/2022 15:00,,
09/02/2022 15:30,,
09/02/2022 16:00,,
09/02/2022 16:30,,
09/02/2022 17:00,,
09/02/2022 17:30,,
09/02/2022 18:00,,
09/02/2022 18:30,,
09/02/2022 19:00,,
09/02/2022 19:30,,
09/02/2022 20:00,,
09/02/2022 20:30,,
09/02/2022 21:00,,
09/02/2022 21:30,,
09/02/2022 22:00,,
09/02/2022 22:30,,
09/02/2022 23:00,,
09/02/2022 23:30,,
10/02/2022 00:00,,
10/02/2022 00:30,,
10/02/2022 01:00,,
10/02/2022 01:30,,
10/02/2022 02:00,,
10/02/2022 02:30,,
10/02/2022 03:00,,
10/02/2022 03:30,,
10/02/2022 04:00,,
10/02/2022 04:30,,
10/02/2022 05:00,,
10/02/2022 05:30,,
10/02/2022 06:00,,
10/02/2022 06:30,,
10/02/2022 07:00,,
10/02/2022 07:30,,
10/02/2022 08:00,,
10/02/2022 08:30,,
10/02/2022 09:00,,
10/02/2022 09:30,,
10/02/2022 10:00,,
10/02/2022 10:30,,
10/02/2022 11:00,,
10/02/2022 11:30,,
10/02/2022 12:00,,
10/02/2022 12:30,,
10/02/2022 13:00,,
10/02/2022 13:30,,
10/02/2022 14:00,,
10/02/2022 14:30,,
10/02/2022 15:00,,
10/02/2022 15:30,,
10/02/2022 16:00,,
10/02/2022 16:30,,
10/02/2022 17:00,,
10/02/2022 17:30,,
10/02/2022 18:00,,
10/02/2022 18:30,,
10/02/2022 19:00,,
10/02/2022 19:30,,
10/02/2022 20:00,,
10/02/2022 20:30,,
10/02/2022 21:00,,
10/02/2022 21:30,,
10/02/2022 22:00,,
10/02/2022 22:30,,
10/02/2022 23:00,,
10/02/2022 23:30,,
11/02/2022 00:00,,
11/02/2022 00:30,,
11/02/2022 01:00,,
11/02/2022 01:30,,
11/02/2022 02:00,,
11/02/2022 02:30,,
11/02/2022 03:00,,
11/02/2022 03:30,,
11/02/2022 04:00,,
11/02/2022 04:30,,
11/02/2022 05:00,,
11/02/2022 05:30,,
11/02/2022 06:00,,
11/02/2022 06:30,,
11/02/2022 07:00,,
11/02/2022 07:30,,
11/02/2022 08:00,,
11/02/2022 08:30,,
11/02/2022 09:00,,
11/02/2022 09:30,,
11/02/2022 10:00,,
11/02/2022 10:30,,
11/02/2022 11:00,,
11/02/2022 11:30,,
11/02/2022 12:00,,
11/02/2022 12:30,,
11/02/2022 13:00,,
11/02/2022 13:30,,
11/02/2022 14:00,,
11/02/2022 14:30,,
11/02/2022 15:00,,
11/02/2022 15:30,,
11/02/2022 16:00,,
11/02/2022 16:30,,
11/02/2022 17:00,,
11/02/2022 17:30,,
11/02/2022 18:00,,
11/02/2022 18:30,,
11/02/2022 19:00,,
11/02/2022 19:30,,
11/02/2022 20:00,,
11/02/2022 20:30,,
11/02/2022 21:00,,
11/02/2022 21:30,,
11/02/2022 22:00,,
11/02/2022 22:30,,
11/02/2022 23:00,,
11/02/2022 23:30,,
12/02/2022 00:00,,
12/02/2022 00:30,,
12/02/2022 01:00,,
12/02/2022 01:30,,
12/02/2022 02:00,,
12/02/2022 02:30,,
12/02/2022 03:00,,
12/02/2022 03:30,,
12/02/2022 04:00,,
12/02/2022 04:30,,
12/02/2022 05:00,,
12/02/2022 05:30,,
12/02/2022 06:00,,
12/02/2022 06:30,,
12/02/2022 07:00,,
12/02/2022 07:30,,
12/02/2022 08:00,,
12/02/2022 08:30,,
12/02/2022 09:00,,
12/02/2022 09:30,,
12/02/2022 10:00,,
12/02/2022 10:30,,
12/02/2022 11:00,,
12/02/2022 11:30,,
12/02/2022 12:00,,
12/02/2022 12:30,,
12/02/2022 13:00,,
12/02/2022 13:30,,
12/02/2022 14:00,,
12/02/2022 14:30,,
12/02/2022 15:00,,
12/02/2022 15:30,,
12/02/2022 16:00,,
12/02/2022 16:30,,
12/02/2022 17:00,,
12/02/2022 17:30,,
12/02/2022 18:00,,
12/02/2022 18:30,,
12/02/2022 19:00,,
12/02/2022 19:30,,
12/02/2022 20:00,,
12/02/2022 20:30,,
12/02/2022 21:00,,
12/02/2022 21:30,,
12/02/2022 22:00,,
12/02/2022 22:30,,
12/02/2022 23:00,,
12/02/2022 23:30,,
13/02/2022 00:00,,
13/02/2022 00:30,,
13/02/2022 01:00,,
13/02/2022 01:30,,
13/02/2022 02:00,,
13/02/2022 02:30,,
13/02/2022 03:00,,
13/02/2022 03:30,,
13/02/2022 04:00,,
13/02/2022 04:30,,
13/02/2022 05:00,,
13/02/2022 05:30,,
13/02/2022 06:00,,
13/02/2022 06:30,,
13/02/2022 07:00,,
13/02/2022 07:30,,
13/02/2022 08:00,,
13/02/2022 08:30,,
13/02/2022 09:00,,
13/02/2022 09:30,,
13/02/2022 10:00,,
13/02/2022 10:30,,
13/02/2022 11:00,,
13/02/2022 11:30,,
13/02/2022 12:00,,
13/02/2022 12:30,,
13/02/2022 13:00,,
13/02/2022 13:30,,
13/02/2022 14:00,,
13/02/2022 14:30,,
13/02/2022 15:00,,
13/02/2022 15:30,,
13/02/2022 16:00,,
13/02/2022 16:30,,
13/02/2022 17:00,,
13/02/2022 17:30,,
13/02/2022 18:00,,
13/02/2022 18:30,,
13/02/2022 19:00,,
13/02/2022 19:30,,
13/02/2022 20:00,,
13/02/2022 20:30,,
13/02/2022 21:00,,
13/02/2022 21:30,,
13/02/2022 22:00,,
13/02/2022 22:30,,
13/02/2022 23:00,,
13/02/2022 23:30,,
14/02/2022 00:00,,
14/02/2022 00:30,,
14/02/2022 01:00,,
14/02/2022 01:30,,
14/02/2022 02:00,,
14/02/2022 02:30,,
14/02/2022 03:00,,
14/02/2022 03:30,,
14/02/2022 04:00,,
14/02/2022 04:30,,
14/02/2022 05:00,,
14/02/2022 05:30,,
14/02/2022 06:00,,
14/02/2022 06:30,,
14/02/2022 07:00,,
14/02/2022 07:30,,
14/02/2022 08:00,,
14/02/2022 08:30,,
14/02/2022 09:00,,
14/02/2022 09:30,,
14/02/2022 10:00,,
14/02/2022 10:30,,
14/02/2022 11:00,,
14/02/2022 11:30,,
14/02/2022 12:00,,
14/02/2022 12:30,,
14/02/2022 13:00,,
14/02/2022 13:30,,
14/02/2022 14:00,,
14/02/2022 14:30,,
14/02/2022 15:00,,
14/02/2022 15:30,,
14/02/2022 16:00,,
14/02/2022 16:30,,
14/02/2022 17:00,,
14/02/2022 17:30,,
14/02/2022 18:00,,
14/02/2022 18:30,,
14/02/2022 19:00,,
14/02/2022 19:30,,
14/02/2022 20:00,,
14/02/2022 20:30,,
14/02/2022 21:00,,
14/02/2022 21:30,,
14/02/2022 22:00,,
14/02/2022 22:30,,
14/02/2022 23:00,,
14/02/2022 23:30,,
15/02/2022 00:00,,
15/02/2022 00:30,,
15/02/2022 01:00,,
15/02/2022 01:30,,
15/02/2022 02:00,,
15/02/2022 02:30,,
15/02/2022 03:00,,
15/02/2022 03:30,,
15/02/2022 04:00,,
15/02/2022 04:30,,
15/02/2022 05:00,,
15/02/2022 05:30,,
15/02/2022 06:00,,
15/02/2022 06:30,,
15/02/2022 07:00,,
15/02/2022 07:30,,
15/02/2022 08:00,,
15/02/2022 08:30,,
15/02/2022 09:00,,
15/02/2022 09:30,,
15/02/2022 10:00,,
15/02/2022 10:30,,
15/02/2022 11:00,,
15/02/2022 11:30,,
15/02/2022 12:00,,
15/02/2022 12:30,,
15/02/2022 13:00,,
15/02/2022 13:30,,
15/02/2022 14:00,,
15/02/2022 14:30,,
15/02/2022 15:00,,
15/02/2022 15:30,,
15/02/2022 16:00,,
15/02/2022 16:30,,
15/02/2022 17:00,,
15/02/2022 17:30,,
15/02/2022 18:00,,
15/02/2022 18:30,,
15/02/2022 19:00,,
15/02/2022 19:30,,
15/02/2022 20:00,,
15/02/2022 20:30,,
15/02/2022 21:00,,
15/02/2022 21:30,,
15/02/2022 22:00,,
15/02/2022 22:30,,
15/02/2022 23:00,,
15/02/2022 23:30,,
16/02/2022 00:00,,
16/02/2022 00:30,,
16/02/2022 01:00,,
16/02/2022 01:30,,
16/02/2022 02:00,,
16/02/2022 02:30,,
16/02/2022 03:00,,
16/02/2022 03:30,,
16/02/2022 04:00,,
16/02/2022 04:30,,
16/02/2022 05:00,,
16/02/2022 05:30,,
16/02/2022 06:00,,
16/02/2022 06:30,,
16/02/2022 07:00,,
16/02/2022 07:30,,
16/02/2022 08:00,,
16/02/2022 08:30,,
16/02/2022 09:00,,
16/02/2022 09:30,,
16/02/2022 10:00,,
16/02/2022 10:30,,
16/02/2022 11:00,,
16/02/2022 11:30,,
16/02/2022 12:00,,
16/02/2022 12:30,,
16/02/2022 13:00,,
16/02/2022 13:30,,
16/02/2022 14:00,,
16/02/2022 14:30,,
16/02/2022 15:00,,
16/02/2022 15:30,,
16/02/2022 16:00,,
16/02/2022 16:30,,
16/02/2022 17:00,,
16/02/2022 17:30,,
16/02/2022 18:00,,
16/02/2022 18:30,,
16/02/2022 19:00,,
16/02/2022 19:30,,
16/02/2022 20:00,,
16/02/2022 20:30,,
16/02/2022 21:00,,
16/02/2022 21:30,,
16/02/2022 22:00,,
16/02/2022 22:30,,
16/02/2022 23:00,,
16/02/2022 23:30,,
17/02/2022 00:00,,
17/02/2022 00:30,,
17/02/2022 01:00,,
17/02/2022 01:30,,
17/02/2022 02:00,,
17/02/2022 02:30,,
17/02/2022 03:00,,
17/02/2022 03:30,,
17/02/2022 04:00,,
17/02/2022 04:30,,
17/02/2022 05:00,,
17/02/2022 05:30,,
17/02/2022 06:00,,
17/02/2022 06:30,,
17/02/2022 07:00,,
17/02/2022 07:30,,
17/02/2022 08:00,,
17/02/2022 08:30,,
17/02/2022 09:00,,
17/02/2022 09:30,,
17/02/2022 10:00,,
17/02/2022 10:30,,
17/02/2022 11:00,,
17/02/2022 11:30,,
17/02/2022 12:00,,
17/02/2022 12:30,,
17/02/2022 13:00,,
17/02/2022 13:30,,
17/02/2022 14:00,,
17/02/2022 14:30,,
17/02/2022 15:00,,
17/02/2022 15:30,,
17/02/2022 16:00,,
17/02/2022 16:30,,
17/02/2022 17:00,,
17/02/2022 17:30,,
17/02/2022 18:00,,
17/02/2022 18:30,,
17/02/2022 19:00,,
17/02/2022 19:30,,
17/02/2022 20:00,,
17/02/2022 20:30,,
17/02/2022 21:00,,
17/02/2022 21:30,,
17/02/2022 22:00,,
17/02/2022 22:30,,
17/02/2022 23:00,,
17/02/2022 23:30,,
18/02/2022 00:00,,
18/02/2022 00:30,,
18/02/2022 01:00,,
18/02/2022 01:30,,
18/02/2022 02:00,,
18/02/2022 02:30,,
18/02/2022 03:00,,
18/02/2022 03:30,,
18/02/2022 04:00,,
18/02/2022 04:30,,
18/02/2022 05:00,,
18/02/2022 05:30,,
18/02/2022 06:00,,
18/02/2022 06:30,,
18/02/2022 07:00,,
18/02/2022 07:30,,
18/02/2022 08:00,,
18/02/2022 08:30,,
18/02/2022 09:00,,
18/02/2022 09:30,,
18/02/2022 10:00,,
18/02/2022 10:30,,
18/02/2022 11:00,,
18/02/2022 11:30,,
18/02/2022 12:00,,
18/02/2022 12:30,,
18/02/2022 13:00,,
18/02/2022 13:30,,
18/02/2022 14:00,,
18/02/2022 14:30,,
18/02/2022 15:00,,
18/02/2022 15:30,,
18/02/2022 16:00,,
18/02/2022 16:30,,
18/02/2022 17:00,,
18/02/2022 17:30,,
18/02/2022 18:00,,
18/02/2022 18:30,,
18/02/2022 19:00,,
18/02/2022 19:30,,
18/02/2022 20:00,,
18/02/2022 20:30,,
18/02/2022 21:00,,
18/02/2022 21:30,,
18/02/2022 22:00,,
18/02/2022 22:30,,
18/02/2022 23:00,,
18/02/2022 23:30,,
19/02/2022 00:00,,
19/02/2022 00:30,,
19/02/2022 01:00,,
19/02/2022 01:30,,
19/02/2022 02:00,,
19/02/2022 02:30,,
19/02/2022 03:00,,
19/02/2022 03:30,,
19/02/2022 04:00,,
19/02/2022 04:30,,
19/02/2022 05:00,,
19/02/2022 05:30,,
19/02/2022 06:00,,
19/02/2022 06:30,,
19/02/2022 07:00,,
19/02/2022 07:30,,
19/02/2022 08:00,,
19/02/2022 08:30,,
19/02/2022 09:00,,
19/02/2022 09:30,,
19/02/2022 10:00,,
19/02/2022 10:30,,
19/02/2022 11:00,,
19/02/2022 11:30,,
19/02/2022 12:00,,
19/02/2022 12:30,,
19/02/2022 13:00,,
19/02/2022 13:30,,
19/02/2022 14:00,,
19/02/2022 14:30,,
19/02/2022 15:00,,
19/02/2022 15:30,,
19/02/2022 16:00,,
19/02/2022 16:30,,
19/02/2022 17:00,,
19/02/2022 17:30,,
19/02/2022 18:00,,
19/02/2022 18:30,,
19/02/2022 19:00,,
19/02/2022 19:30,,
19/02/2022 20:00,,
19/02/2022 20:30,,
19/02/2022 21:00,,
19/02/2022 21:30,,
19/02/2022 22:00,,
19/02/2022 22:30,,
19/02/2022 23:00,,
19/02/2022 23:30,,
20/02/2022 00:00,,
20/02/2022 00:30,,
20/02/2022 01:00,,
20/02/2022 01:30,,
20/02/2022 02:00,,
20/02/2022 02:30,,
20/02/2022 03:00,,
20/02/2022 03:30,,
20/02/2022 04:00,,
20/02/2022 04:30,,
20/02/2022 05:00,,
20/02/2022 05:30,,
20/02/2022 06:00,,
20/02/2022 06:30,,
20/02/2022 07:00,,
20/02/2022 07:30,,
20/02/2022 08:00,,
20/02/2022 08:30,,
20/02/2022 09:00,,
20/02/2022 09:30,,
20/02/2022 10:00,,
20/02/2022 10:30,,
20/02/2022 11:00,,
20/02/2022 11:30,,
20/02/2022 12:00,,
20/02/2022 12:30,,
20/02/2022 13:00,,
20/02/2022 13:30,,
20/02/2022 14:00,,
20/02/2022 14:30,,
20/02/2022 15:00,,
20/02/2022 15:30,,
20/02/2022 16:00,,
20/02/2022 16:30,,
20/02/2022 17:00,,
20/02/2022 17:30,,
20/02/2022 18:00,,
20/02/2022 18:30,,
20/02/2022 19:00,,
20/02/2022 19:30,,
20/02/2022 20:00,,
20/02/2022 20:30,,
20/02/2022 21:00,,
20/02/2022 21:30,,
20/02/2022 22:00,,
20/02/2022 22:30,,
20/02/2022 23:00,,
20/02/2022 23:30,,
21/02/2022 00:00,,
21/02/2022 00:30,,
21/02/2022 01:00,,
21/02/2022 01:30,,
21/02/2022 02:00,,
21/02/2022 02:30,,
21/02/2022 03:00,,
21/02/2022 03:30,,
21/02/2022 04:00,,
21/02/2022 04:30,,
21/02/2022 05:00,,
21/02/2022 05:30,,
21/02/2022 06:00,,
21/02/2022 06:30,,
21/02/2022 07:00,,
21/02/2022 07:30,,
21/02/2022 08:00,,
21/02/2022 08:30,,
21/02/2022 09:00,,
21/02/2022 09:30,,
21/02/2022 10:00,,
21/02/2022 10:30,,
21/02/2022 11:00,,
21/02/2022 11:30,,
21/02/2022 12:00,,
21/02/2022 12:30,,
21/02/2022 13:00,,
21/02/2022 13:30,,
21/02/2022 14:00,,
21/02/2022 14:30,,
21/02/2022 15:00,,
21/02/2022 15:30,,
21/02/2022 16:00,,
21/02/2022 16:30,,
21/02/2022 17:00,,
21/02/2022 17:30,,
21/02/2022 18:00,,
21/02/2022 18:30,,
21/02/2022 19:00,,
21/02/2022 19:30,,
21/02/2022 20:00,,
21/02/2022 20:30,,
21/02/2022 21:00,,
21/02/2022 21:30,,
21/02/2022 22:00,,
21/02/2022 22:30,,
21/02/2022 23:00,,
21/02/2022 23:30,,
22/02/2022 00:00,,
22/02/2022 00:30,,
22/02/2022 01:00,,
22/02/2022 01:30,,
22/02/2022 02:00,,
22/02/2022 02:30,,
22/02/2022 03:00,,
22/02/2022 03:30,,
22/02/2022 04:00,,
22/02/2022 04:30,,
22/02/2022 05:00,,
22/02/2022 05:30,,
22/02/2022 06:00,,
22/02/2022 06:30,,
22/02/2022 07:00,,
22/02/2022 07:30,,
22/02/2022 08:00,,
22/02/2022 08:30,,
22/02/2022 09:00,,
22/02/2022 09:30,,
22/02/2022 10:00,,
22/02/2022 10:30,,
22/02/2022 11:00,,
22/02/2022 11:30,,
22/02/2022 12:00,,
22/02/2022 12:30,,
22/02/2022 13:00,,
22/02/2022 13:30,,
22/02/2022 14:00,,
22/02/2022 14:30,,
22/02/2022 15:00,,
22/02/2022 15:30,,
22/02/2022 16:00,,
22/02/2022 16:30,,
22/02/2022 17:00,,
22/02/2022 17:30,,
22/02/2022 18:00,,
22/02/2022 18:30,,
22/02/2022 19:00,,
22/02/2022 19:30,,
22/02/2022 20:00,,
22/02/2022 20:30,,
22/02/2022 21:00,,
22/02/2022 21:30,,
22/02/2022 22:00,,
22/02/2022 22:30,,
22/02/2022 23:00,,
22/02/2022 23:30,,
23/02/2022 00:00,,
23/02/2022 00:30,,
23/02/2022 01:00,,
23/02/2022 01:30,,
23/02/2022 02:00,,
23/02/2022 02:30,,
23/02/2022 03:00,,
23/02/2022 03:30,,
23/02/2022 04:00,,
23/02/2022 04:30,,
23/02/2022 05:00,,
23/02/2022 05:30,,
23/02/2022 06:00,,
23/02/2022 06:30,,
23/02/2022 07:00,,
23/02/2022 07:30,,
23/02/2022 08:00,,
23/02/2022 08:30,,
23/02/2022 09:00,,
23/02/2022 09:30,,
23/02/2022 10:00,,
23/02/2022 10:30,,
23/02/2022 11:00,,
23/02/2022 11:30,,
23/02/2022 12:00,,
23/02/2022 12:30,,
23/02/2022 13:00,,
23/02/2022 13:30,,
23/02/2022 14:00,,
23/02/2022 14:30,,
23/02/2022 15:00,,
23/02/2022 15:30,,
23/02/2022 16:00,,
23/02/2022 16:30,,
23/02/2022 17:00,,
23/02/2022 17:30,,
23/02/2022 18:00,,
23/02/2022 18:30,,
23/02/2022 19:00,,
23/02/2022 19:30,,
23/02/2022 20:00,,
23/02/2022 20:30,,
23/02/2022 21:00,,
23/02/2022 21:30,,
23/02/2022 22:00,,
23/02/2022 22:30,,
23/02/2022 23:00,,
23/02/2022 23:30,,
24/02/2022 00:00,,
24/02/2022 00:30,,
24/02/2022 01:00,,
24/02/2022 01:30,,
24/02/2022 02:00,,
24/02/2022 02:30,,
24/02/2022 03:00,,
24/02/2022 03:30,,
24/02/2022 04:00,,
24/02/2022 04:30,,
24/02/2022 05:00,,
24/02/2022 05:30,,
24/02/2022 06:00,,
24/02/2022 06:30,,
24/02/2022 07:00,,
24/02/2022 07:30,,
24/02/2022 08:00,,
24/02/2022 08:30,,
24/02/2022 09:00,,
24/02/2022 09:30,,
24/02/2022 10:00,,
24/02/2022 10:30,,
24/02/2022 11:00,,
24/02/2022 11:30,,
24/02/2022 12:00,,
24/02/2022 12:30,,
24/02/2022 13:00,,
24/02/2022 13:30,,
24/02/2022 14:00,,
24/02/2022 14:30,,
24/02/2022 15:00,,
24/02/2022 15:30,,
24/02/2022 16:00,,
24/02/2022 16:30,,
24/02/2022 17:00,,
24/02/2022 17:30,,
24/02/2022 18:00,,
24/02/2022 18:30,,
24/02/2022 19:00,,
24/02/2022 19:30,,
24/02/2022 20:00,,
24/02/2022 20:30,,
24/02/2022 21:00,,
24/02/2022 21:30,,
24/02/2022 22:00,,
24/02/2022 22:30,,
24/02/2022 23:00,,
24/02/2022 23:30,,
25/02/2022 00:00,,
25/02/2022 00:30,,
25/02/2022 01:00,,
25/02/2022 01:30,,
25/02/2022 02:00,,
25/02/2022 02:30,,
25/02/2022 03:00,,
25/02/2022 03:30,,
25/02/2022 04:00,,
25/02/2022 04:30,,
25/02/2022 05:00,,
25/02/2022 05:30,,
25/02/2022 06:00,,
25/02/2022 06:30,,
25/02/2022 07:00,,
25/02/2022 07:30,,
25/02/2022 08:00,,
25/02/2022 08:30,,
25/02/2022 09:00,,
25/02/2022 09:30,,
25/02/2022 10:00,,
25/02/2022 10:30,,
25/02/2022 11:00,,
25/02/2022 11:30,,
25/02/2022 12:00,,
25/02/2022 12:30,,
25/02/2022 13:00,,
25/02/2022 13:30,,
25/02/2022 14:00,,
25/02/2022 14:30,,
25/02/2022 15:00,,
25/02/2022 15:30,,
25/02/2022 16:00,,
25/02/2022 16:30,,
25/02/2022 17:00,,
25/02/2022 17:30,,
25/02/2022 18:00,,
25/02/2022 18:30,,
25/02/2022 19:00,,
25/02/2022 19:30,,
25/02/2022 20:00,,
25/02/2022 20:30,,
25/02/2022 21:00,,
25/02/2022 21:30,,
25/02/2022 22:00,,
25/02/2022 22:30,,
25/02/2022 23:00,,
25/02/2022 23:30,,
26/02/2022 00:00,,
26/02/2022 00:30,,
26/02/2022 01:00,,
26/02/2022 01:30,,
26/02/2022 02:00,,
26/02/2022 02:30,,
26/02/2022 03:00,,
26/02/2022 03:30,,
26/02/2022 04:00,,
26/02/2022 04:30,,
26/02/2022 05:00,,
26/02/2022 05:30,,
26/02/2022 06:00,,
26/02/2022 06:30,,
26/02/2022 07:00,,
26/02/2022 07:30,,
26/02/2022 08:00,,
26/02/2022 08:30,,
26/02/2022 09:00,,
26/02/2022 09:30,,
26/02/2022 10:00,,
26/02/2022 10:30,,
26/02/2022 11:00,,
26/02/2022 11:30,,
26/02/2022 12:00,,
26/02/2022 12:30,,
26/02/2022 13:00,,
26/02/2022 13:30,,
26/02/2022 14:00,,
26/02/2022 14:30,,
26/02/2022 15:00,,
26/02/2022 15:30,,
26/02/2022 16:00,,
26/02/2022 16:30,,
26/02/2022 17:00,,
26/02/2022 17:30,,
26/02/2022 18:00,,
26/02/2022 18:30,,
26/02/2022 19:00,,
26/02/2022 19:30,,
26/02/2022 20:00,,
26/02/2022 20:30,,
26/02/2022 21:00,,
26/02/2022 21:30,,
26/02/2022 22:00,,
26/02/2022 22:30,,
26/02/2022 23:00,,
26/02/2022 23:30,,
27/02/2022 00:00,,
27/02/2022 00:30,,
27/02/2022 01:00,,
27/02/2022 01:30,,
27/02/2022 02:00,,
27/02/2022 02:30,,
27/02/2022 03:00,,
27/02/2022 03:30,,
27/02/2022 04:00,,
27/02/2022 04:30,,
27/02/2022 05:00,,
27/02/2022 05:30,,
27/02/2022 06:00,,
27/02/2022 06:30,,
27/02/2022 07:00,,
27/02/2022 07:30,,
27/02/2022 08:00,,
27/02/2022 08:30,,
27/02/2022 09:00,,
27/02/2022 09:30,,
27/02/2022 10:00,,
27/02/2022 10:30,,
27/02/2022 11:00,,
27/02/2022 11:30,,
27/02/2022 12:00,,
27/02/2022 12:30,,
27/02/2022 13:00,,
27/02/2022 13:30,,
27/02/2022 14:00,,
27/02/2022 14:30,,
27/02/2022 15:00,,
27/02/2022 15:30,,
27/02/2022 16:00,,
27/02/2022 16:30,,
27/02/2022 17:00,,
27/02/2022 17:30,,
27/02/2022 18:00,,
27/02/2022 18:30,,
27/02/2022 19:00,,
27/02/2022 19:30,,
27/02/2022 20:00,,
27/02/2022 20:30,,
27/02/2022 21:00,,
27/02/2022 21:30,,
27/02/2022 22:00,,
27/02/2022 22:30,,
27/02/2022 23:00,,
27/02/2022 23:30,,
28/02/2022 00:00,,
28/02/2022 00:30,,
28/02/2022 01:00,,
28/02/2022 01:30,,
28/02/2022 02:00,,
28/02/2022 02:30,,
28/02/2022 03:00,,
28/02/2022 03:30,,
28/02/2022 04:00,,
28/02/2022 04:30,,
28/02/2022 05:00,,
28/02/2022 05:30,,
28/02/2022 06:00,,
28/02/2022 06:30,,
28/02/2022 07:00,,
28/02/2022 07:30,,
28/02/2022 08:00,,
28/02/2022 08:30,,
28/02/2022 09:00,,
28/02/2022 09:30,,
28/02/2022 10:00,,
28/02/2022 10:30,,
28/02/2022 11:00,,
28/02/2022 11:30,,
28/02/2022 12:00,,
28/02/2022 12:30,,
28/02/2022 13:00,,
28/02/2022 13:30,,
28/02/2022 14:00,,
28/02/2022 14:30,,
28/02/2022 15:00,,
28/02/2022 15:30,,
28/02/2022 16:00,,
28/02/2022 16:30,,
28/02/2022 17:00,,
28/02/2022 17:30,,
28/02/2022 18:00,,
28/02/2022 18:30,,
28/02/2022 19:00,,
28/02/2022 19:30,,
28/02/2022 20:00,,
28/02/2022 20:30,,
28/02/2022 21:00,,
28/02/2022 21:30,,
28/02/2022 22:00,,
28/02/2022 22:30,,
28/02/2022 23:00,,
28/02/2022 23:30,,
01/03/2022 00:00,,
01/03/2022 00:30,,
01/03/2022 01:00,,
01/03/2022 01:30,,
01/03/2022 02:00,,
01/03/2022 02:30,,
01/03/2022 03:00,,
01/03/2022 03:30,,
01/03/2022 04:00,,
01/03/2022 04:30,,
01/03/2022 05:00,,
01/03/2022 05:30,,
01/03/2022 06:00,,
01/03/2022 06:30,,
01/03/2022 07:00,,
01/03/2022 07:30,,
01/03/2022 08:00,,
01/03/2022 08:30,,
01/03/2022 09:00,,
01/03/2022 09:30,,
01/03/2022 10:00,,
01/03/2022 10:30,,
01/03/2022 11:00,,
01/03/2022 11:30,,
01/03/2022 12:00,,
01/03/2022 12:30,,
01/03/2022 13:00,,
01/03/2022 13:30,,
01/03/2022 14:00,,
01/03/2022 14:30,,
01/03/2022 15:00,,
01/03/2022 15:30,,
01/03/2022 16:00,,
01/03/2022 16:30,,
01/03/2022 17:00,,
01/03/2022 17:30,,
01/03/2022 18:00,,
01/03/2022 18:30,,
01/03/2022 19:00,,
01/03/2022 19:30,,
01/03/2022 20:00,,
01/03/2022 20:30,,
01/03/2022 21:00,,
01/03/2022 21:30,,
01/03/2022 22:00,,
01/03/2022 22:30,,
01/03/2022 23:00,,
01/03/2022 23:30,,
02/03/2022 00:00,,
02/03/2022 00:30,,
02/03/2022 01:00,,
02/03/2022 01:30,,
02/03/2022 02:00,,
02/03/2022 02:30,,
02/03/2022 03:00,,
02/03/2022 03:30,,
02/03/2022 04:00,,
02/03/2022 04:30,,
02/03/2022 05:00,,
02/03/2022 05:30,,
02/03/2022 06:00,,
02/03/2022 06:30,,
02/03/2022 07:00,,
02/03/2022 07:30,,
02/03/2022 08:00,,
02/03/2022 08:30,,
02/03/2022 09:00,,
02/03/2022 09:30,,
02/03/2022 10:00,,
02/03/2022 10:30,,
02/03/2022 11:00,,
02/03/2022 11:30,,
02/03/2022 12:00,,
02/03/2022 12:30,,
02/03/2022 13:00,,
02/03/2022 13:30,,
02/03/2022 14:00,,
02/03/2022 14:30,,
02/03/2022 15:00,,
02/03/2022 15:30,,
02/03/2022 16:00,,
02/03/2022 16:30,,
02/03/2022 17:00,,
02/03/2022 17:30,,
02/03/2022 18:00,,
02/03/2022 18:30,,
02/03/2022 19:00,,
02/03/2022 19:30,,
02/03/2022 20:00,,
02/03/2022 20:30,,
02/03/2022 21:00,,
02/03/2022 21:30,,
02/03/2022 22:00,,
02/03/2022 22:30,,
02/03/2022 23:00,,
02/03/2022 23:30,,
03/03/2022 00:00,,
03/03/2022 00:30,,
03/03/2022 01:00,,
03/03/2022 01:30,,
03/03/2022 02:00,,
03/03/2022 02:30,,
03/03/2022 03:00,,
03/03/2022 03:30,,
03/03/2022 04:00,,
03/03/2022 04:30,,
03/03/2022 05:00,,
03/03/2022 05:30,,
03/03/2022 06:00,,
03/03/2022 06:30,,
03/03/2022 07:00,,
03/03/2022 07:30,,
03/03/2022 08:00,,
03/03/2022 08:30,,
03/03/2022 09:00,,
03/03/2022 09:30,,
03/03/2022 10:00,,
03/03/2022 10:30,,
03/03/2022 11:00,,
03/03/2022 11:30,,
03/03/2022 12:00,,
03/03/2022 12:30,,
03/03/2022 13:00,,
03/03/2022 13:30,,
03/03/2022 14:00,,
03/03/2022 14:30,,
03/03/2022 15:00,,
03/03/2022 15:30,,
03/03/2022 16:00,,
03/03/2022 16:30,,
03/03/2022 17:00,,
03/03/2022 17:30,,
03/03/2022 18:00,,
03/03/2022 18:30,,
03/03/2022 19:00,,
03/03/2022 19:30,,
03/03/2022 20:00,,
03/03/2022 20:30,,
03/03/2022 21:00,,
03/03/2022 21:30,,
03/03/2022 22:00,,
03/03/2022 22:30,,
03/03/2022 23:00,,
03/03/2022 23:30,,
04/03/2022 00:00,,
04/03/2022 00:30,,
04/03/2022 01:00,,
04/03/2022 01:30,,
04/03/2022 02:00,,
04/03/2022 02:30,,
04/03/2022 03:00,,
04/03/2022 03:30,,
04/03/2022 04:00,,
04/03/2022 04:30,,
04/03/2022 05:00,,
04/03/2022 05:30,,
04/03/2022 06:00,,
04/03/2022 06:30,,
04/03/2022 07:00,,
04/03/2022 07:30,,
04/03/2022 08:00,,
04/03/2022 08:30,,
04/03/2022 09:00,,
04/03/2022 09:30,,
04/03/2022 10:00,,
04/03/2022 10:30,,
04/03/2022 11:00,,
04/03/2022 11:30,,
04/03/2022 12:00,,
04/03/2022 12:30,,
04/03/2022 13:00,,
04/03/2022 13:30,,
04/03/2022 14:00,,
04/03/2022 14:30,,
04/03/2022 15:00,,
04/03/2022 15:30,,
04/03/2022 16:00,,
04/03/2022 16:30,,
04/03/2022 17:00,,
04/03/2022 17:30,,
04/03/2022 18:00,,
04/03/2022 18:30,,
04/03/2022 19:00,,
04/03/2022 19:30,,
04/03/2022 20:00,,
04/03/2022 20:30,,
04/03/2022 21:00,,
04/03/2022 21:30,,
04/03/2022 22:00,,
04/03/2022 22:30,,
04/03/2022 23:00,,
04/03/2022 23:30,,
05/03/2022 00:00,,
05/03/2022 00:30,,
05/03/2022 01:00,,
05/03/2022 01:30,,
05/03/2022 02:00,,
05/03/2022 02:30,,
05/03/2022 03:00,,
05/03/2022 03:30,,
05/03/2022 04:00,,
05/03/2022 04:30,,
05/03/2022 05:00,,
05/03/2022 05:30,,
05/03/2022 06:00,,
05/03/2022 06:30,,
05/03/2022 07:00,,
05/03/2022 07:30,,
05/03/2022 08:00,,
05/03/2022 08:30,,
05/03/2022 09:00,,
05/03/2022 09:30,,
05/03/2022 10:00,,
05/03/2022 10:30,,
05/03/2022 11:00,,
05/03/2022 11:30,,
05/03/2022 12:00,,
05/03/2022 12:30,,
05/03/2022 13:00,,
05/03/2022 13:30,,
05/03/2022 14:00,,
05/03/2022 14:30,,
05/03/2022 15:00,,
05/03/2022 15:30,,
05/03/2022 16:00,,
05/03/2022 16:30,,
05/03/2022 17:00,,
05/03/2022 17:30,,
05/03/2022 18:00,,
05/03/2022 18:30,,
05/03/2022 19:00,,
05/03/2022 19:30,,
05/03/2022 20:00,,
05/03/2022 20:30,,
05/03/2022 21:00,,
05/03/2022 21:30,,
05/03/2022 22:00,,
05/03/2022 22:30,,
05/03/2022 23:00,,
05/03/2022 23:30,,
06/03/2022 00:00,,
06/03/2022 00:30,,
06/03/2022 01:00,,
06/03/2022 01:30,,
06/03/2022 02:00,,
06/03/2022 02:30,,
06/03/2022 03:00,,
06/03/2022 03:30,,
06/03/2022 04:00,,
06/03/2022 04:30,,
06/03/2022 05:00,,
06/03/2022 05:30,,
06/03/2022 06:00,,
06/03/2022 06:30,,
06/03/2022 07:00,,
06/03/2022 07:30,,
06/03/2022 08:00,,
06/03/2022 08:30,,
06/03/2022 09:00,,
06/03/2022 09:30,,
06/03/2022 10:00,,
06/03/2022 10:30,,
06/03/2022 11:00,,
06/03/2022 11:30,,
06/03/2022 12:00,,
06/03/2022 12:30,,
06/03/2022 13:00,,
06/03/2022 13:30,,
06/03/2022 14:00,,
06/03/2022 14:30,,
06/03/2022 15:00,,
06/03/2022 15:30,,
06/03/2022 16:00,,
06/03/2022 16:30,,
06/03/2022 17:00,,
06/03/2022 17:30,,
06/03/2022 18:00,,
06/03/2022 18:30,,
06/03/2022 19:00,,
06/03/2022 19:30,,
06/03/2022 20:00,,
06/03/2022 20:30,,
06/03/2022 21:00,,
06/03/2022 21:30,,
06/03/2022 22:00,,
06/03/2022 22:30,,
06/03/2022 23:00,,
06/03/2022 23:30,,
07/03/2022 00:00,,
07/03/2022 00:30,,
07/03/2022 01:00,,
07/03/2022 01:30,,
07/03/2022 02:00,,
07/03/2022 02:30,,
07/03/2022 03:00,,
07/03/2022 03:30,,
07/03/2022 04:00,,
07/03/2022 04:30,,
07/03/2022 05:00,,
07/03/2022 05:30,,
07/03/2022 06:00,,
07/03/2022 06:30,,
07/03/2022 07:00,,
07/03/2022 07:30,,
07/03/2022 08:00,,
07/03/2022 08:30,,
07/03/2022 09:00,,
07/03/2022 09:30,,
07/03/2022 10:00,,
07/03/2022 10:30,,
07/03/2022 11:00,,
07/03/2022 11:30,,
07/03/2022 12:00,,
07/03/2022 12:30,,
07/03/2022 13:00,,
07/03/2022 13:30,,
07/03/2022 14:00,,
07/03/2022 14:30,,
07/03/2022 15:00,,
07/03/2022 15:30,,
07/03/2022 16:00,,
07/03/2022 16:30,,
07/03/2022 17:00,,
07/03/2022 17:30,,
07/03/2022 18:00,,
07/03/2022 18:30,,
07/03/2022 19:00,,
07/03/2022 19:30,,
07/03/2022 20:00,,
07/03/2022 20:30,,
07/03/2022 21:00,,
07/03/2022 21:30,,
07/03/2022 22:00,,
07/03/2022 22:30,,
07/03/2022 23:00,,
07/03/2022 23:30,,
08/03/2022 00:00,,
08/03/2022 00:30,,
08/03/2022 01:00,,
08/03/2022 01:30,,
08/03/2022 02:00,,
08/03/2022 02:30,,
08/03/2022 03:00,,
08/03/2022 03:30,,
08/03/2022 04:00,,
08/03/2022 04:30,,
08/03/2022 05:00,,
08/03/2022 05:30,,
08/03/2022 06:00,,
08/03/2022 06:30,,
08/03/2022 07:00,,
08/03/2022 07:30,,
08/03/2022 08:00,,
08/03/2022 08:30,,
08/03/2022 09:00,,
08/03/2022 09:30,,
08/03/2022 10:00,,
08/03/2022 10:30,,
08/03/2022 11:00,,
08/03/2022 11:30,,
08/03/2022 12:00,,
08/03/2022 12:30,,
08/03/2022 13:00,,
08/03/2022 13:30,,
08/03/2022 14:00,,
08/03/2022 14:30,,
08/03/2022 15:00,,
08/03/2022 15:30,,
08/03/2022 16:00,,
08/03/2022 16:30,,
08/03/2022 17:00,,
08/03/2022 17:30,,
08/03/2022 18:00,,
08/03/2022 18:30,,
08/03/2022 19:00,,
08/03/2022 19:30,,
08/03/2022 20:00,,
08/03/2022 20:30,,
08/03/2022 21:00,,
08/03/2022 21:30,,
08/03/2022 22:00,,
08/03/2022 22:30,,
08/03/2022 23:00,,
08/03/2022 23:30,,
09/03/2022 00:00,,
09/03/2022 00:30,,
09/03/2022 01:00,,
09/03/2022 01:30,,
09/03/2022 02:00,,
09/03/2022 02:30,,
09/03/2022 03:00,,
09/03/2022 03:30,,
09/03/2022 04:00,,
09/03/2022 04:30,,
09/03/2022 05:00,,
09/03/2022 05:30,,
09/03/2022 06:00,,
09/03/2022 06:30,,
09/03/2022 07:00,,
09/03/2022 07:30,,
09/03/2022 08:00,,
09/03/2022 08:30,,
09/03/2022 09:00,,
09/03/2022 09:30,,
09/03/2022 10:00,,
09/03/2022 10:30,,
09/03/2022 11:00,,
09/03/2022 11:30,,
09/03/2022 12:00,,
09/03/2022 12:30,,
09/03/2022 13:00,,
09/03/2022 13:30,,
09/03/2022 14:00,,
09/03/2022 14:30,,
09/03/2022 15:00,,
09/03/2022 15:30,,
09/03/2022 16:00,,
09/03/2022 16:30,,
09/03/2022 17:00,,
09/03/2022 17:30,,
09/03/2022 18:00,,
09/03/2022 18:30,,
09/03/2022 19:00,,
09/03/2022 19:30,,
09/03/2022 20:00,,
09/03/2022 20:30,,
09/03/2022 21:00,,
09/03/2022 21:30,,
09/03/2022 22:00,,
09/03/2022 22:30,,
09/03/2022 23:00,,
09/03/2022 23:30,,
10/03/2022 00:00,,
10/03/2022 00:30,,
10/03/2022 01:00,,
10/03/2022 01:30,,
10/03/2022 02:00,,
10/03/2022 02:30,,
10/03/2022 03:00,,
10/03/2022 03:30,,
10/03/2022 04:00,,
10/03/2022 04:30,,
10/03/2022 05:00,,
10/03/2022 05:30,,
10/03/2022 06:00,,
10/03/2022 06:30,,
10/03/2022 07:00,,
10/03/2022 07:30,,
10/03/2022 08:00,,
10/03/2022 08:30,,
10/03/2022 09:00,,
10/03/2022 09:30,,
10/03/2022 10:00,,
10/03/2022 10:30,,
10/03/2022 11:00,,
10/03/2022 11:30,,
10/03/2022 12:00,,
10/03/2022 12:30,,
10/03/2022 13:00,,
10/03/2022 13:30,,
10/03/2022 14:00,,
10/03/2022 14:30,,
10/03/2022 15:00,,
10/03/2022 15:30,,
10/03/2022 16:00,,
10/03/2022 16:30,,
10/03/2022 17:00,,
10/03/2022 17:30,,
10/03/2022 18:00,,
10/03/2022 18:30,,
10/03/2022 19:00,,
10/03/2022 19:30,,
10/03/2022 20:00,,
10/03/2022 20:30,,
10/03/2022 21:00,,
10/03/2022 21:30,,
10/03/2022 22:00,,
10/03/2022 22:30,,
10/03/2022 23:00,,
10/03/2022 23:30,,
11/03/2022 00:00,,
11/03/2022 00:30,,
11/03/2022 01:00,,
11/03/2022 01:30,,
11/03/2022 02:00,,
11/03/2022 02:30,,
11/03/2022 03:00,,
11/03/2022 03:30,,
11/03/2022 04:00,,
11/03/2022 04:30,,
11/03/2022 05:00,,
11/03/2022 05:30,,
11/03/2022 06:00,,
11/03/2022 06:30,,
11/03/2022 07:00,,
11/03/2022 07:30,,
11/03/2022 08:00,,
11/03/2022 08:30,,
11/03/2022 09:00,,
11/03/2022 09:30,,
11/03/2022 10:00,,
11/03/2022 10:30,,
11/03/2022 11:00,,
11/03/2022 11:30,,
11/03/2022 12:00,,
11/03/2022 12:30,,
11/03/2022 13:00,,
11/03/2022 13:30,,
11/03/2022 14:00,,
11/03/2022 14:30,,
11/03/2022 15:00,,
11/03/2022 15:30,,
11/03/2022 16:00,,
11/03/2022 16:30,,
11/03/2022 17:00,,
11/03/2022 17:30,,
11/03/2022 18:00,,
11/03/2022 18:30,,
11/03/2022 19:00,,
11/03/2022 19:30,,
11/03/2022 20:00,,
11/03/2022 20:30,,
11/03/2022 21:00,,
11/03/2022 21:30,,
11/03/2022 22:00,,
11/03/2022 22:30,,
11/03/2022 23:00,,
11/03/2022 23:30,,
12/03/2022 00:00,,
12/03/2022 00:30,,
12/03/2022 01:00,,
12/03/2022 01:30,,
12/03/2022 02:00,,
12/03/2022 02:30,,
12/03/2022 03:00,,
12/03/2022 03:30,,
12/03/2022 04:00,,
12/03/2022 04:30,,
12/03/2022 05:00,,
12/03/2022 05:30,,
12/03/2022 06:00,,
12/03/2022 06:30,,
12/03/2022 07:00,,
12/03/2022 07:30,,
12/03/2022 08:00,,
12/03/2022 08:30,,
12/03/2022 09:00,,
12/03/2022 09:30,,
12/03/2022 10:00,,
12/03/2022 10:30,,
12/03/2022 11:00,,
12/03/2022 11:30,,
12/03/2022 12:00,,
12/03/2022 12:30,,
12/03/2022 13:00,,
12/03/2022 13:30,,
12/03/2022 14:00,,
12/03/2022 14:30,,
12/03/2022 15:00,,
12/03/2022 15:30,,
12/03/2022 16:00,,
12/03/2022 16:30,,
12/03/2022 17:00,,
12/03/2022 17:30,,
12/03/2022 18:00,,
12/03/2022 18:30,,
12/03/2022 19:00,,
12/03/2022 19:30,,
12/03/2022 20:00,,
12/03/2022 20:30,,
12/03/2022 21:00,,
12/03/2022 21:30,,
12/03/2022 22:00,,
12/03/2022 22:30,,
12/03/2022 23:00,,
12/03/2022 23:30,,
13/03/2022 00:00,,
13/03/2022 00:30,,
13/03/2022 01:00,,
13/03/2022 01:30,,
13/03/2022 02:00,,
13/03/2022 02:30,,
13/03/2022 03:00,,
13/03/2022 03:30,,
13/03/2022 04:00,,
13/03/2022 04:30,,
13/03/2022 05:00,,
13/03/2022 05:30,,
13/03/2022 06:00,,
13/03/2022 06:30,,
13/03/2022 07:00,,
13/03/2022 07:30,,
13/03/2022 08:00,,
13/03/2022 08:30,,
13/03/2022 09:00,,
13/03/2022 09:30,,
13/03/2022 10:00,,
13/03/2022 10:30,,
13/03/2022 11:00,,
13/03/2022 11:30,,
13/03/2022 12:00,,
13/03/2022 12:30,,
13/03/2022 13:00,,
13/03/2022 13:30,,
13/03/2022 14:00,,
13/03/2022 14:30,,
13/03/2022 15:00,,
13/03/2022 15:30,,
13/03/2022 16:00,,
13/03/2022 16:30,,
13/03/2022 17:00,,
13/03/2022 17:30,,
13/03/2022 18:00,,
13/03/2022 18:30,,
13/03/2022 19:00,,
13/03/2022 19:30,,
13/03/2022 20:00,,
13/03/2022 20:30,,
13/03/2022 21:00,,
13/03/2022 21:30,,
13/03/2022 22:00,,
13/03/2022 22:30,,
13/03/2022 23:00,,
13/03/2022 23:30,,
14/03/2022 00:00,,
14/03/2022 00:30,,
14/03/2022 01:00,,
14/03/2022 01:30,,
14/03/2022 02:00,,
14/03/2022 02:30,,
14/03/2022 03:00,,
14/03/2022 03:30,,
14/03/2022 04:00,,
14/03/2022 04:30,,
14/03/2022 05:00,,
14/03/2022 05:30,,
14/03/2022 06:00,,
14/03/2022 06:30,,
14/03/2022 07:00,,
14/03/2022 07:30,,
14/03/2022 08:00,,
14/03/2022 08:30,,
14/03/2022 09:00,,
14/03/2022 09:30,,
14/03/2022 10:00,,
14/03/2022 10:30,,
14/03/2022 11:00,,
14/03/2022 11:30,,
14/03/2022 12:00,,
14/03/2022 12:30,,
14/03/2022 13:00,,
14/03/2022 13:30,,
14/03/2022 14:00,,
14/03/2022 14:30,,
14/03/2022 15:00,,
14/03/2022 15:30,,
14/03/2022 16:00,,
14/03/2022 16:30,,
14/03/2022 17:00,,
14/03/2022 17:30,,
14/03/2022 18:00,,
14/03/2022 18:30,,
14/03/2022 19:00,,
14/03/2022 19:30,,
14/03/2022 20:00,,
14/03/2022 20:30,,
14/03/2022 21:00,,
14/03/2022 21:30,,
14/03/2022 22:00,,
14/03/2022 22:30,,
14/03/2022 23:00,,
14/03/2022 23:30,,
15/03/2022 00:00,,
15/03/2022 00:30,,
15/03/2022 01:00,,
15/03/2022 01:30,,
15/03/2022 02:00,,
15/03/2022 02:30,,
15/03/2022 03:00,,
15/03/2022 03:30,,
15/03/2022 04:00,,
15/03/2022 04:30,,
15/03/2022 05:00,,
15/03/2022 05:30,,
15/03/2022 06:00,,
15/03/2022 06:30,,
15/03/2022 07:00,,
15/03/2022 07:30,,
15/03/2022 08:00,,
15/03/2022 08:30,,
15/03/2022 09:00,,
15/03/2022 09:30,,
15/03/2022 10:00,,
15/03/2022 10:30,,
15/03/2022 11:00,,
15/03/2022 11:30,,
15/03/2022 12:00,,
15/03/2022 12:30,,
15/03/2022 13:00,,
15/03/2022 13:30,,
15/03/2022 14:00,,
15/03/2022 14:30,,
15/03/2022 15:00,,
15/03/2022 15:30,,
15/03/2022 16:00,,
15/03/2022 16:30,,
15/03/2022 17:00,,
15/03/2022 17:30,,
15/03/2022 18:00,,
15/03/2022 18:30,,
15/03/2022 19:00,,
15/03/2022 19:30,,
15/03/2022 20:00,,
15/03/2022 20:30,,
15/03/2022 21:00,,
15/03/2022 21:30,,
15/03/2022 22:00,,
15/03/2022 22:30,,
15/03/2022 23:00,,
15/03/2022 23:30,,
16/03/2022 00:00,,
16/03/2022 00:30,,
16/03/2022 01:00,,
16/03/2022 01:30,,
16/03/2022 02:00,,
16/03/2022 02:30,,
16/03/2022 03:00,,
16/03/2022 03:30,,
16/03/2022 04:00,,
16/03/2022 04:30,,
16/03/2022 05:00,,
16/03/2022 05:30,,
16/03/2022 06:00,,
16/03/2022 06:30,,
16/03/2022 07:00,,
16/03/2022 07:30,,
16/03/2022 08:00,,
16/03/2022 08:30,,
16/03/2022 09:00,,
16/03/2022 09:30,,
16/03/2022 10:00,,
16/03/2022 10:30,,
16/03/2022 11:00,,
16/03/2022 11:30,,
16/03/2022 12:00,,
16/03/2022 12:30,,
16/03/2022 13:00,,
16/03/2022 13:30,,
16/03/2022 14:00,,
16/03/2022 14:30,,
16/03/2022 15:00,,
16/03/2022 15:30,,
16/03/2022 16:00,,
16/03/2022 16:30,,
16/03/2022 17:00,,
16/03/2022 17:30,,
16/03/2022 18:00,,
16/03/2022 18:30,,
16/03/2022 19:00,,
16/03/2022 19:30,,
16/03/2022 20:00,,
16/03/2022 20:30,,
16/03/2022 21:00,,
16/03/2022 21:30,,
16/03/2022 22:00,,
16/03/2022 22:30,,
16/03/2022 23:00,,
16/03/2022 23:30,,
17/03/2022 00:00,,
17/03/2022 00:30,,
17/03/2022 01:00,,
17/03/2022 01:30,,
17/03/2022 02:00,,
17/03/2022 02:30,,
17/03/2022 03:00,,
17/03/2022 03:30,,
17/03/2022 04:00,,
17/03/2022 04:30,,
17/03/2022 05:00,,
17/03/2022 05:30,,
17/03/2022 06:00,,
17/03/2022 06:30,,
17/03/2022 07:00,,
17/03/2022 07:30,,
17/03/2022 08:00,,
17/03/2022 08:30,,
17/03/2022 09:00,,
17/03/2022 09:30,,
17/03/2022 10:00,,
17/03/2022 10:30,,
17/03/2022 11:00,,
17/03/2022 11:30,,
17/03/2022 12:00,,
17/03/2022 12:30,,
17/03/2022 13:00,,
17/03/2022 13:30,,
17/03/2022 14:00,,
17/03/2022 14:30,,
17/03/2022 15:00,,
17/03/2022 15:30,,
17/03/2022 16:00,,
17/03/2022 16:30,,
17/03/2022 17:00,,
17/03/2022 17:30,,
17/03/2022 18:00,,
17/03/2022 18:30,,
17/03/2022 19:00,,
17/03/2022 19:30,,
17/03/2022 20:00,,
17/03/2022 20:30,,
17/03/2022 21:00,,
17/03/2022 21:30,,
17/03/2022 22:00,,
17/03/2022 22:30,,
17/03/2022 23:00,,
17/03/2022 23:30,,
18/03/2022 00:00,,
18/03/2022 00:30,,
18/03/2022 01:00,,
18/03/2022 01:30,,
18/03/2022 02:00,,
18/03/2022 02:30,,
18/03/2022 03:00,,
18/03/2022 03:30,,
18/03/2022 04:00,,
18/03/2022 04:30,,
18/03/2022 05:00,,
18/03/2022 05:30,,
18/03/2022 06:00,,
18/03/2022 06:30,,
18/03/2022 07:00,,
18/03/2022 07:30,,
18/03/2022 08:00,,
18/03/2022 08:30,,
18/03/2022 09:00,,
18/03/2022 09:30,,
18/03/2022 10:00,,
18/03/2022 10:30,,
18/03/2022 11:00,,
18/03/2022 11:30,,
18/03/2022 12:00,,
18/03/2022 12:30,,
18/03/2022 13:00,,
18/03/2022 13:30,,
18/03/2022 14:00,,
18/03/2022 14:30,,
18/03/2022 15:00,,
18/03/2022 15:30,,
18/03/2022 16:00,,
18/03/2022 16:30,,
18/03/2022 17:00,,
18/03/2022 17:30,,
18/03/2022 18:00,,
18/03/2022 18:30,,
18/03/2022 19:00,,
18/03/2022 19:30,,
18/03/2022 20:00,,
18/03/2022 20:30,,
18/03/2022 21:00,,
18/03/2022 21:30,,
18/03/2022 22:00,,
18/03/2022 22:30,,
18/03/2022 23:00,,
18/03/2022 23:30,,
19/03/2022 00:00,,
19/03/2022 00:30,,
19/03/2022 01:00,,
19/03/2022 01:30,,
19/03/2022 02:00,,
19/03/2022 02:30,,
19/03/2022 03:00,,
19/03/2022 03:30,,
19/03/2022 04:00,,
19/03/2022 04:30,,
19/03/2022 05:00,,
19/03/2022 05:30,,
19/03/2022 06:00,,
19/03/2022 06:30,,
19/03/2022 07:00,,
19/03/2022 07:30,,
19/03/2022 08:00,,
19/03/2022 08:30,,
19/03/2022 09:00,,
19/03/2022 09:30,,
19/03/2022 10:00,,
19/03/2022 10:30,,
19/03/2022 11:00,,
19/03/2022 11:30,,
19/03/2022 12:00,,
19/03/2022 12:30,,
19/03/2022 13:00,,
19/03/2022 13:30,,
19/03/2022 14:00,,
19/03/2022 14:30,,
19/03/2022 15:00,,
19/03/2022 15:30,,
19/03/2022 16:00,,
19/03/2022 16:30,,
19/03/2022 17:00,,
19/03/2022 17:30,,
19/03/2022 18:00,,
19/03/2022 18:30,,
19/03/2022 19:00,,
19/03/2022 19:30,,
19/03/2022 20:00,,
19/03/2022 20:30,,
19/03/2022 21:00,,
19/03/2022 21:30,,
19/03/2022 22:00,,
19/03/2022 22:30,,
19/03/2022 23:00,,
19/03/2022 23:30,,
20/03/2022 00:00,,
20/03/2022 00:30,,
20/03/2022 01:00,,
20/03/2022 01:30,,
20/03/2022 02:00,,
20/03/2022 02:30,,
20/03/2022 03:00,,
20/03/2022 03:30,,
20/03/2022 04:00,,
20/03/2022 04:30,,
20/03/2022 05:00,,
20/03/2022 05:30,,
20/03/2022 06:00,,
20/03/2022 06:30,,
20/03/2022 07:00,,
20/03/2022 07:30,,
20/03/2022 08:00,,
20/03/2022 08:30,,
20/03/2022 09:00,,
20/03/2022 09:30,,
20/03/2022 10:00,,
20/03/2022 10:30,,
20/03/2022 11:00,,
20/03/2022 11:30,,
20/03/2022 12:00,,
20/03/2022 12:30,,
20/03/2022 13:00,,
20/03/2022 13:30,,
20/03/2022 14:00,,
20/03/2022 14:30,,
20/03/2022 15:00,,
20/03/2022 15:30,,
20/03/2022 16:00,,
20/03/2022 16:30,,
20/03/2022 17:00,,
20/03/2022 17:30,,
20/03/2022 18:00,,
20/03/2022 18:30,,
20/03/2022 19:00,,
20/03/2022 19:30,,
20/03/2022 20:00,,
20/03/2022 20:30,,
20/03/2022 21:00,,
20/03/2022 21:30,,
20/03/2022 22:00,,
20/03/2022 22:30,,
20/03/2022 23:00,,
20/03/2022 23:30,,
21/03/2022 00:00,,
21/03/2022 00:30,,
21/03/2022 01:00,,
21/03/2022 01:30,,
21/03/2022 02:00,,
21/03/2022 02:30,,
21/03/2022 03:00,,
21/03/2022 03:30,,
21/03/2022 04:00,,
21/03/2022 04:30,,
21/03/2022 05:00,,
21/03/2022 05:30,,
21/03/2022 06:00,,
21/03/2022 06:30,,
21/03/2022 07:00,,
21/03/2022 07:30,,
21/03/2022 08:00,,
21/03/2022 08:30,,
21/03/2022 09:00,,
21/03/2022 09:30,,
21/03/2022 10:00,,
21/03/2022 10:30,,
21/03/2022 11:00,,
21/03/2022 11:30,,
21/03/2022 12:00,,
21/03/2022 12:30,,
21/03/2022 13:00,,
21/03/2022 13:30,,
21/03/2022 14:00,,
21/03/2022 14:30,,
21/03/2022 15:00,,
21/03/2022 15:30,,
21/03/2022 16:00,,
21/03/2022 16:30,,
21/03/2022 17:00,,
21/03/2022 17:30,,
21/03/2022 18:00,,
21/03/2022 18:30,,
21/03/2022 19:00,,
21/03/2022 19:30,,
21/03/2022 20:00,,
21/03/2022 20:30,,
21/03/2022 21:00,,
21/03/2022 21:30,,
21/03/2022 22:00,,
21/03/2022 22:30,,
21/03/2022 23:00,,
21/03/2022 23:30,,
22/03/2022 00:00,,
22/03/2022 00:30,,
22/03/2022 01:00,,
22/03/2022 01:30,,
22/03/2022 02:00,,
22/03/2022 02:30,,
22/03/2022 03:00,,
22/03/2022 03:30,,
22/03/2022 04:00,,
22/03/2022 04:30,,
22/03/2022 05:00,,
22/03/2022 05:30,,
22/03/2022 06:00,,
22/03/2022 06:30,,
22/03/2022 07:00,,
22/03/2022 07:30,,
22/03/2022 08:00,,
22/03/2022 08:30,,
22/03/2022 09:00,,
22/03/2022 09:30,,
22/03/2022 10:00,,
22/03/2022 10:30,,
22/03/2022 11:00,,
22/03/2022 11:30,,
22/03/2022 12:00,,
22/03/2022 12:30,,
22/03/2022 13:00,,
22/03/2022 13:30,,
22/03/2022 14:00,,
22/03/2022 14:30,,
22/03/2022 15:00,,
22/03/2022 15:30,,
22/03/2022 16:00,,
22/03/2022 16:30,,
22/03/2022 17:00,,
22/03/2022 17:30,,
22/03/2022 18:00,,
22/03/2022 18:30,,
22/03/2022 19:00,,
22/03/2022 19:30,,
22/03/2022 20:00,,
22/03/2022 20:30,,
22/03/2022 21:00,,
22/03/2022 21:30,,
22/03/2022 22:00,,
22/03/2022 22:30,,
22/03/2022 23:00,,
22/03/2022 23:30,,
23/03/2022 00:00,,
23/03/2022 00:30,,
23/03/2022 01:00,,
23/03/2022 01:30,,
23/03/2022 02:00,,
23/03/2022 02:30,,
23/03/2022 03:00,,
23/03/2022 03:30,,
23/03/2022 04:00,,
23/03/2022 04:30,,
23/03/2022 05:00,,
23/03/2022 05:30,,
23/03/2022 06:00,,
23/03/2022 06:30,,
23/03/2022 07:00,,
23/03/2022 07:30,,
23/03/2022 08:00,,
23/03/2022 08:30,,
23/03/2022 09:00,,
23/03/2022 09:30,,
23/03/2022 10:00,,
23/03/2022 10:30,,
23/03/2022 11:00,,
23/03/2022 11:30,,
23/03/2022 12:00,,
23/03/2022 12:30,,
23/03/2022 13:00,,
23/03/2022 13:30,,
23/03/2022 14:00,,
23/03/2022 14:30,,
23/03/2022 15:00,,
23/03/2022 15:30,,
23/03/2022 16:00,,
23/03/2022 16:30,,
23/03/2022 17:00,,
23/03/2022 17:30,,
23/03/2022 18:00,,
23/03/2022 18:30,,
23/03/2022 19:00,,
23/03/2022 19:30,,
23/03/2022 20:00,,
23/03/2022 20:30,,
23/03/2022 21:00,,
23/03/2022 21:30,,
23/03/2022 22:00,,
23/03/2022 22:30,,
23/03/2022 23:00,,
23/03/2022 23:30,,
24/03/2022 00:00,,
24/03/2022 00:30,,
24/03/2022 01:00,,
24/03/2022 01:30,,
24/03/2022 02:00,,
24/03/2022 02:30,,
24/03/2022 03:00,,
24/03/2022 03:30,,
24/03/2022 04:00,,
24/03/2022 04:30,,
24/03/2022 05:00,,
24/03/2022 05:30,,
24/03/2022 06:00,,
24/03/2022 06:30,,
24/03/2022 07:00,,
24/03/2022 07:30,,
24/03/2022 08:00,,
24/03/2022 08:30,,
24/03/2022 09:00,,
24/03/2022 09:30,,
24/03/2022 10:00,,
24/03/2022 10:30,,
24/03/2022 11:00,,
24/03/2022 11:30,,
24/03/2022 12:00,,
24/03/2022 12:30,,
24/03/2022 13:00,,
24/03/2022 13:30,,
24/03/2022 14:00,,
24/03/2022 14:30,,
24/03/2022 15:00,,
24/03/2022 15:30,,
24/03/2022 16:00,,
24/03/2022 16:30,,
24/03/2022 17:00,,
24/03/2022 17:30,,
24/03/2022 18:00,,
24/03/2022 18:30,,
24/03/2022 19:00,,
24/03/2022 19:30,,
24/03/2022 20:00,,
24/03/2022 20:30,,
24/03/2022 21:00,,
24/03/2022 21:30,,
24/03/2022 22:00,,
24/03/2022 22:30,,
24/03/2022 23:00,,
24/03/2022 23:30,,
25/03/2022 00:00,,
25/03/2022 00:30,,
25/03/2022 01:00,,
25/03/2022 01:30,,
25/03/2022 02:00,,
25/03/2022 02:30,,
25/03/2022 03:00,,
25/03/2022 03:30,,
25/03/2022 04:00,,
25/03/2022 04:30,,
25/03/2022 05:00,,
25/03/2022 05:30,,
25/03/2022 06:00,,
25/03/2022 06:30,,
25/03/2022 07:00,,
25/03/2022 07:30,,
25/03/2022 08:00,,
25/03/2022 08:30,,
25/03/2022 09:00,,
25/03/2022 09:30,,
25/03/2022 10:00,,
25/03/2022 10:30,,
25/03/2022 11:00,,
25/03/2022 11:30,,
25/03/2022 12:00,,
25/03/2022 12:30,,
25/03/2022 13:00,,
25/03/2022 13:30,,
25/03/2022 14:00,,
25/03/2022 14:30,,
25/03/2022 15:00,,
25/03/2022 15:30,,
25/03/2022 16:00,,
25/03/2022 16:30,,
25/03/2022 17:00,,
25/03/2022 17:30,,
25/03/2022 18:00,,
25/03/2022 18:30,,
25/03/2022 19:00,,
25/03/2022 19:30,,
25/03/2022 20:00,,
25/03/2022 20:30,,
25/03/2022 21:00,,
25/03/2022 21:30,,
25/03/2022 22:00,,
25/03/2022 22:30,,
25/03/2022 23:00,,
25/03/2022 23:30,,
26/03/2022 00:00,,
26/03/2022 00:30,,
26/03/2022 01:00,,
26/03/2022 01:30,,
26/03/2022 02:00,,
26/03/2022 02:30,,
26/03/2022 03:00,,
26/03/2022 03:30,,
26/03/2022 04:00,,
26/03/2022 04:30,,
26/03/2022 05:00,,
26/03/2022 05:30,,
26/03/2022 06:00,,
26/03/2022 06:30,,
26/03/2022 07:00,,
26/03/2022 07:30,,
26/03/2022 08:00,,
26/03/2022 08:30,,
26/03/2022 09:00,,
26/03/2022 09:30,,
26/03/2022 10:00,,
26/03/2022 10:30,,
26/03/2022 11:00,,
26/03/2022 11:30,,
26/03/2022 12:00,,
26/03/2022 12:30,,
26/03/2022 13:00,,
26/03/2022 13:30,,
26/03/2022 14:00,,
26/03/2022 14:30,,
26/03/2022 15:00,,
26/03/2022 15:30,,
26/03/2022 16:00,,
26/03/2022 16:30,,
26/03/2022 17:00,,
26/03/2022 17:30,,
26/03/2022 18:00,,
26/03/2022 18:30,,
26/03/2022 19:00,,
26/03/2022 19:30,,
26/03/2022 20:00,,
26/03/2022 20:30,,
26/03/2022 21:00,,
26/03/2022 21:30,,
26/03/2022 22:00,,
26/03/2022 22:30,,
26/03/2022 23:00,,
26/03/2022 23:30,,
27/03/2022 00:00,,
27/03/2022 00:30,,
27/03/2022 01:00,,
27/03/2022 01:30,,
27/03/2022 02:00,,
27/03/2022 02:30,,
27/03/2022 03:00,,
27/03/2022 03:30,,
27/03/2022 04:00,,
27/03/2022 04:30,,
27/03/2022 05:00,,
27/03/2022 05:30,,
27/03/2022 06:00,,
27/03/2022 06:30,,
27/03/2022 07:00,,
27/03/2022 07:30,,
27/03/2022 08:00,,
27/03/2022 08:30,,
27/03/2022 09:00,,
27/03/2022 09:30,,
27/03/2022 10:00,,
27/03/2022 10:30,,
27/03/2022 11:00,,
27/03/2022 11:30,,
27/03/2022 12:00,,
27/03/2022 12:30,,
27/03/2022 13:00,,
27/03/2022 13:30,,
27/03/2022 14:00,,
27/03/2022 14:30,,
27/03/2022 15:00,,
27/03/2022 15:30,,
27/03/2022 16:00,,
27/03/2022 16:30,,
27/03/2022 17:00,,
27/03/2022 17:30,,
27/03/2022 18:00,,
27/03/2022 18:30,,
27/03/2022 19:00,,
27/03/2022 19:30,,
27/03/2022 20:00,,
27/03/2022 20:30,,
27/03/2022 21:00,,
27/03/2022 21:30,,
27/03/2022 22:00,,
27/03/2022 22:30,,
27/03/2022 23:00,,
27/03/2022 23:30,,
28/03/2022 00:00,,
28/03/2022 00:30,,
28/03/2022 01:00,,
28/03/2022 01:30,,
28/03/2022 02:00,,
28/03/2022 02:30,,
28/03/2022 03:00,,
28/03/2022 03:30,,
28/03/2022 04:00,,
28/03/2022 04:30,,
28/03/2022 05:00,,
28/03/2022 05:30,,
28/03/2022 06:00,,
28/03/2022 06:30,,
28/03/2022 07:00,,
28/03/2022 07:30,,
28/03/2022 08:00,,
28/03/2022 08:30,,
28/03/2022 09:00,,
28/03/2022 09:30,,
28/03/2022 10:00,,
28/03/2022 10:30,,
28/03/2022 11:00,,
28/03/2022 11:30,,
28/03/2022 12:00,,
28/03/2022 12:30,,
28/03/2022 13:00,,
28/03/2022 13:30,,
28/03/2022 14:00,,
28/03/2022 14:30,,
28/03/2022 15:00,,
28/03/2022 15:30,,
28/03/2022 16:00,,
28/03/2022 16:30,,
28/03/2022 17:00,,
28/03/2022 17:30,,
28/03/2022 18:00,,
28/03/2022 18:30,,
28/03/2022 19:00,,
28/03/2022 19:30,,
28/03/2022 20:00,,
28/03/2022 20:30,,
28/03/2022 21:00,,
28/03/2022 21:30,,
28/03/2022 22:00,,
28/03/2022 22:30,,
28/03/2022 23:00,,
28/03/2022 23:30,,
29/03/2022 00:00,,
29/03/2022 00:30,,
29/03/2022 01:00,,
29/03/2022 01:30,,
29/03/2022 02:00,,
29/03/2022 02:30,,
29/03/2022 03:00,,
29/03/2022 03:30,,
29/03/2022 04:00,,
29/03/2022 04:30,,
29/03/2022 05:00,,
29/03/2022 05:30,,
29/03/2022 06:00,,
29/03/2022 06:30,,
29/03/2022 07:00,,
29/03/2022 07:30,,
29/03/2022 08:00,,
29/03/2022 08:30,,
29/03/2022 09:00,,
29/03/2022 09:30,,
29/03/2022 10:00,,
29/03/2022 10:30,,
29/03/2022 11:00,,
29/03/2022 11:30,,
29/03/2022 12:00,,
29/03/2022 12:30,,
29/03/2022 13:00,,
29/03/2022 13:30,,
29/03/2022 14:00,,
29/03/2022 14:30,,
29/03/2022 15:00,,
29/03/2022 15:30,,
29/03/2022 16:00,,
29/03/2022 16:30,,
29/03/2022 17:00,,
29/03/2022 17:30,,
29/03/2022 18:00,,
29/03/2022 18:30,,
29/03/2022 19:00,,
29/03/2022 19:30,,
29/03/2022 20:00,,
29/03/2022 20:30,,
29/03/2022 21:00,,
29/03/2022 21:30,,
29/03/2022 22:00,,
29/03/2022 22:30,,
29/03/2022 23:00,,
29/03/2022 23:30,,
30/03/2022 00:00,,
30/03/2022 00:30,,
30/03/2022 01:00,,
30/03/2022 01:30,,
30/03/2022 02:00,,
30/03/2022 02:30,,
30/03/2022 03:00,,
30/03/2022 03:30,,
30/03/2022 04:00,,
30/03/2022 04:30,,
30/03/2022 05:00,,
30/03/2022 05:30,,
30/03/2022 06:00,,
30/03/2022 06:30,,
30/03/2022 07:00,,
30/03/2022 07:30,,
30/03/2022 08:00,,
30/03/2022 08:30,,
30/03/2022 09:00,,
30/03/2022 09:30,,
30/03/2022 10:00,,
30/03/2022 10:30,,
30/03/2022 11:00,,
30/03/2022 11:30,,
30/03/2022 12:00,,
30/03/2022 12:30,,
30/03/2022 13:00,,
30/03/2022 13:30,,
30/03/2022 14:00,,
30/03/2022 14:30,,
30/03/2022 15:00,,
30/03/2022 15:30,,
30/03/2022 16:00,,
30/03/2022 16:30,,
30/03/2022 17:00,,
30/03/2022 17:30,,
30/03/2022 18:00,,
30/03/2022 18:30,,
30/03/2022 19:00,,
30/03/2022 19:30,,
30/03/2022 20:00,,
30/03/2022 20:30,,
30/03/2022 21:00,,
30/03/2022 21:30,,
30/03/2022 22:00,,
30/03/2022 22:30,,
30/03/2022 23:00,,
30/03/2022 23:30,,
31/03/2022 00:00,,
31/03/2022 00:30,,
31/03/2022 01:00,,
31/03/2022 01:30,,
31/03/2022 02:00,,
31/03/2022 02:30,,
31/03/2022 03:00,,
31/03/2022 03:30,,
31/03/2022 04:00,,
31/03/2022 04:30,,
31/03/2022 05:00,,
31/03/2022 05:30,,
31/03/2022 06:00,,
31/03/2022 06:30,,
31/03/2022 07:00,,
31/03/2022 07:30,,
31/03/2022 08:00,,
31/03/2022 08:30,,
31/03/2022 09:00,,
31/03/2022 09:30,,
31/03/2022 10:00,,
31/03/2022 10:30,,
31/03/2022 11:00,,
31/03/2022 11:30,,
31/03/2022 12:00,,
31/03/2022 12:30,,
31/03/2022 13:00,,
31/03/2022 13:30,,
31/03/2022 14:00,,
31/03/2022 14:30,,
31/03/2022 15:00,,
31/03/2022 15:30,,
31/03/2022 16:00,,
31/03/2022 16:30,,
31/03/2022 17:00,,
31/03/2022 17:30,,
31/03/2022 18:00,,
31/03/2022 18:30,,
31/03/2022 19:00,,
31/03/2022 19:30,,
31/03/2022 20:00,,
31/03/2022 20:30,,
31/03/2022 21:00,,
31/03/2022 21:30,,
31/03/2022 22:00,,
31/03/2022 22:30,,
31/03/2022 23:00,,
31/03/2022 23:30,,
01/04/2022 00:00,,
01/04/2022 00:30,,
01/04/2022 01:00,,
01/04/2022 01:30,,
01/04/2022 02:00,,
01/04/2022 02:30,,
01/04/2022 03:00,,
01/04/2022 03:30,,
01/04/2022 04:00,,
01/04/2022 04:30,,
01/04/2022 05:00,,
01/04/2022 05:30,,
01/04/2022 06:00,,
01/04/2022 06:30,,
01/04/2022 07:00,,
01/04/2022 07:30,,
01/04/2022 08:00,,
01/04/2022 08:30,,
01/04/2022 09:00,,
01/04/2022 09:30,,
01/04/2022 10:00,,
01/04/2022 10:30,,
01/04/2022 11:00,,
01/04/2022 11:30,,
01/04/2022 12:00,,
01/04/2022 12:30,,
01/04/2022 13:00,,
01/04/2022 13:30,,
01/04/2022 14:00,,
01/04/2022 14:30,,
01/04/2022 15:00,,
01/04/2022 15:30,,
01/04/2022 16:00,,
01/04/2022 16:30,,
01/04/2022 17:00,,
01/04/2022 17:30,,
01/04/2022 18:00,,
01/04/2022 18:30,,
01/04/2022 19:00,,
01/04/2022 19:30,,
01/04/2022 20:00,,
01/04/2022 20:30,,
01/04/2022 21:00,,
01/04/2022 21:30,,
01/04/2022 22:00,,
01/04/2022 22:30,,
01/04/2022 23:00,,
01/04/2022 23:30,,
02/04/2022 00:00,,
02/04/2022 00:30,,
02/04/2022 01:00,,
02/04/2022 01:30,,
02/04/2022 02:00,,
02/04/2022 02:30,,
02/04/2022 03:00,,
02/04/2022 03:30,,
02/04/2022 04:00,,
02/04/2022 04:30,,
02/04/2022 05:00,,
02/04/2022 05:30,,
02/04/2022 06:00,,
02/04/2022 06:30,,
02/04/2022 07:00,,
02/04/2022 07:30,,
02/04/2022 08:00,,
02/04/2022 08:30,,
02/04/2022 09:00,,
02/04/2022 09:30,,
02/04/2022 10:00,,
02/04/2022 10:30,,
02/04/2022 11:00,,
02/04/2022 11:30,,
02/04/2022 12:00,,
02/04/2022 12:30,,
02/04/2022 13:00,,
02/04/2022 13:30,,
02/04/2022 14:00,,
02/04/2022 14:30,,
02/04/2022 15:00,,
02/04/2022 15:30,,
02/04/2022 16:00,,
02/04/2022 16:30,,
02/04/2022 17:00,,
02/04/2022 17:30,,
02/04/2022 18:00,,
02/04/2022 18:30,,
02/04/2022 19:00,,
02/04/2022 19:30,,
02/04/2022 20:00,,
02/04/2022 20:30,,
02/04/2022 21:00,,
02/04/2022 21:30,,
02/04/2022 22:00,,
02/04/2022 22:30,,
02/04/2022 23:00,,
02/04/2022 23:30,,
03/04/2022 00:00,,
03/04/2022 00:30,,
03/04/2022 01:00,,
03/04/2022 01:30,,
03/04/2022 02:00,,
03/04/2022 02:30,,
03/04/2022 03:00,,
03/04/2022 03:30,,
03/04/2022 04:00,,
03/04/2022 04:30,,
03/04/2022 05:00,,
03/04/2022 05:30,,
03/04/2022 06:00,,
03/04/2022 06:30,,
03/04/2022 07:00,,
03/04/2022 07:30,,
03/04/2022 08:00,,
03/04/2022 08:30,,
03/04/2022 09:00,,
03/04/2022 09:30,,
03/04/2022 10:00,,
03/04/2022 10:30,,
03/04/2022 11:00,,
03/04/2022 11:30,,
03/04/2022 12:00,,
03/04/2022 12:30,,
03/04/2022 13:00,,
03/04/2022 13:30,,
03/04/2022 14:00,,
03/04/2022 14:30,,
03/04/2022 15:00,,
03/04/2022 15:30,,
03/04/2022 16:00,,
03/04/2022 16:30,,
03/04/2022 17:00,,
03/04/2022 17:30,,
03/04/2022 18:00,,
03/04/2022 18:30,,
03/04/2022 19:00,,
03/04/2022 19:30,,
03/04/2022 20:00,,
03/04/2022 20:30,,
03/04/2022 21:00,,
03/04/2022 21:30,,
03/04/2022 22:00,,
03/04/2022 22:30,,
03/04/2022 23:00,,
03/04/2022 23:30,,
04/04/2022 00:00,,
04/04/2022 00:30,,
04/04/2022 01:00,,
04/04/2022 01:30,,
04/04/2022 02:00,,
04/04/2022 02:30,,
04/04/2022 03:00,,
04/04/2022 03:30,,
04/04/2022 04:00,,
04/04/2022 04:30,,
04/04/2022 05:00,,
04/04/2022 05:30,,
04/04/2022 06:00,,
04/04/2022 06:30,,
04/04/2022 07:00,,
04/04/2022 07:30,,
04/04/2022 08:00,,
04/04/2022 08:30,,
04/04/2022 09:00,,
04/04/2022 09:30,,
04/04/2022 10:00,,
04/04/2022 10:30,,
04/04/2022 11:00,,
04/04/2022 11:30,,
04/04/2022 12:00,,
04/04/2022 12:30,,
04/04/2022 13:00,,
04/04/2022 13:30,,
04/04/2022 14:00,,
04/04/2022 14:30,,
04/04/2022 15:00,,
04/04/2022 15:30,,
04/04/2022 16:00,,
04/04/2022 16:30,,
04/04/2022 17:00,,
04/04/2022 17:30,,
04/04/2022 18:00,,
04/04/2022 18:30,,
04/04/2022 19:00,,
04/04/2022 19:30,,
04/04/2022 20:00,,
04/04/2022 20:30,,
04/04/2022 21:00,,
04/04/2022 21:30,,
04/04/2022 22:00,,
04/04/2022 22:30,,
04/04/2022 23:00,,
04/04/2022 23:30,,
05/04/2022 00:00,,
05/04/2022 00:30,,
05/04/2022 01:00,,
05/04/2022 01:30,,
05/04/2022 02:00,,
05/04/2022 02:30,,
05/04/2022 03:00,,
05/04/2022 03:30,,
05/04/2022 04:00,,
05/04/2022 04:30,,
05/04/2022 05:00,,
05/04/2022 05:30,,
05/04/2022 06:00,,
05/04/2022 06:30,,
05/04/2022 07:00,,
05/04/2022 07:30,,
05/04/2022 08:00,,
05/04/2022 08:30,,
05/04/2022 09:00,,
05/04/2022 09:30,,
05/04/2022 10:00,,
05/04/2022 10:30,,
05/04/2022 11:00,,
05/04/2022 11:30,,
05/04/2022 12:00,,
05/04/2022 12:30,,
05/04/2022 13:00,,
05/04/2022 13:30,,
05/04/2022 14:00,,
05/04/2022 14:30,,
05/04/2022 15:00,,
05/04/2022 15:30,,
05/04/2022 16:00,,
05/04/2022 16:30,,
05/04/2022 17:00,,
05/04/2022 17:30,,
05/04/2022 18:00,,
05/04/2022 18:30,,
05/04/2022 19:00,,
05/04/2022 19:30,,
05/04/2022 20:00,,
05/04/2022 20:30,,
05/04/2022 21:00,,
05/04/2022 21:30,,
05/04/2022 22:00,,
05/04/2022 22:30,,
05/04/2022 23:00,,
05/04/2022 23:30,,
06/04/2022 00:00,,
06/04/2022 00:30,,
06/04/2022 01:00,,
06/04/2022 01:30,,
06/04/2022 02:00,,
06/04/2022 02:30,,
06/04/2022 03:00,,
06/04/2022 03:30,,
06/04/2022 04:00,,
06/04/2022 04:30,,
06/04/2022 05:00,,
06/04/2022 05:30,,
06/04/2022 06:00,,
06/04/2022 06:30,,
06/04/2022 07:00,,
06/04/2022 07:30,,
06/04/2022 08:00,,
06/04/2022 08:30,,
06/04/2022 09:00,,
06/04/2022 09:30,,
06/04/2022 10:00,,
06/04/2022 10:30,,
06/04/2022 11:00,,
06/04/2022 11:30,,
06/04/2022 12:00,,
06/04/2022 12:30,,
06/04/2022 13:00,,
06/04/2022 13:30,,
06/04/2022 14:00,,
06/04/2022 14:30,,
06/04/2022 15:00,,
06/04/2022 15:30,,
06/04/2022 16:00,,
06/04/2022 16:30,,
06/04/2022 17:00,,
06/04/2022 17:30,,
06/04/2022 18:00,,
06/04/2022 18:30,,
06/04/2022 19:00,,
06/04/2022 19:30,,
06/04/2022 20:00,,
06/04/2022 20:30,,
06/04/2022 21:00,,
06/04/2022 21:30,,
06/04/2022 22:00,,
06/04/2022 22:30,,
06/04/2022 23:00,,
06/04/2022 23:30,,
07/04/2022 00:00,,
07/04/2022 00:30,,
07/04/2022 01:00,,
07/04/2022 01:30,,
07/04/2022 02:00,,
07/04/2022 02:30,,
07/04/2022 03:00,,
07/04/2022 03:30,,
07/04/2022 04:00,,
07/04/2022 04:30,,
07/04/2022 05:00,,
07/04/2022 05:30,,
07/04/2022 06:00,,
07/04/2022 06:30,,
07/04/2022 07:00,,
07/04/2022 07:30,,
07/04/2022 08:00,,
07/04/2022 08:30,,
07/04/2022 09:00,,
07/04/2022 09:30,,
07/04/2022 10:00,,
07/04/2022 10:30,,
07/04/2022 11:00,,
07/04/2022 11:30,,
07/04/2022 12:00,,
07/04/2022 12:30,,
07/04/2022 13:00,,
07/04/2022 13:30,,
07/04/2022 14:00,,
07/04/2022 14:30,,
07/04/2022 15:00,,
07/04/2022 15:30,,
07/04/2022 16:00,,
07/04/2022 16:30,,
07/04/2022 17:00,,
07/04/2022 17:30,,
07/04/2022 18:00,,
07/04/2022 18:30,,
07/04/2022 19:00,,
07/04/2022 19:30,,
07/04/2022 20:00,,
07/04/2022 20:30,,
07/04/2022 21:00,,
07/04/2022 21:30,,
07/04/2022 22:00,,
07/04/2022 22:30,,
07/04/2022 23:00,,
07/04/2022 23:30,,
08/04/2022 00:00,,
08/04/2022 00:30,,
08/04/2022 01:00,,
08/04/2022 01:30,,
08/04/2022 02:00,,
08/04/2022 02:30,,
08/04/2022 03:00,,
08/04/2022 03:30,,
08/04/2022 04:00,,
08/04/2022 04:30,,
08/04/2022 05:00,,
08/04/2022 05:30,,
08/04/2022 06:00,,
08/04/2022 06:30,,
08/04/2022 07:00,,
08/04/2022 07:30,,
08/04/2022 08:00,,
08/04/2022 08:30,,
08/04/2022 09:00,,
08/04/2022 09:30,,
08/04/2022 10:00,,
08/04/2022 10:30,,
08/04/2022 11:00,,
08/04/2022 11:30,,
08/04/2022 12:00,,
08/04/2022 12:30,,
08/04/2022 13:00,,
08/04/2022 13:30,,
08/04/2022 14:00,,
08/04/2022 14:30,,
08/04/2022 15:00,,
08/04/2022 15:30,,
08/04/2022 16:00,,
08/04/2022 16:30,,
08/04/2022 17:00,,
08/04/2022 17:30,,
08/04/2022 18:00,,
08/04/2022 18:30,,
08/04/2022 19:00,,
08/04/2022 19:30,,
08/04/2022 20:00,,
08/04/2022 20:30,,
08/04/2022 21:00,,
08/04/2022 21:30,,
08/04/2022 22:00,,
08/04/2022 22:30,,
08/04/2022 23:00,,
08/04/2022 23:30,,
09/04/2022 00:00,,
09/04/2022 00:30,,
09/04/2022 01:00,,
09/04/2022 01:30,,
09/04/2022 02:00,,
09/04/2022 02:30,,
09/04/2022 03:00,,
09/04/2022 03:30,,
09/04/2022 04:00,,
09/04/2022 04:30,,
09/04/2022 05:00,,
09/04/2022 05:30,,
09/04/2022 06:00,,
09/04/2022 06:30,,
09/04/2022 07:00,,
09/04/2022 07:30,,
09/04/2022 08:00,,
09/04/2022 08:30,,
09/04/2022 09:00,,
09/04/2022 09:30,,
09/04/2022 10:00,,
09/04/2022 10:30,,
09/04/2022 11:00,,
09/04/2022 11:30,,
09/04/2022 12:00,,
09/04/2022 12:30,,
09/04/2022 13:00,,
09/04/2022 13:30,,
09/04/2022 14:00,,
09/04/2022 14:30,,
09/04/2022 15:00,,
09/04/2022 15:30,,
09/04/2022 16:00,,
09/04/2022 16:30,,
09/04/2022 17:00,,
09/04/2022 17:30,,
09/04/2022 18:00,,
09/04/2022 18:30,,
09/04/2022 19:00,,
09/04/2022 19:30,,
09/04/2022 20:00,,
09/04/2022 20:30,,
09/04/2022 21:00,,
09/04/2022 21:30,,
09/04/2022 22:00,,
09/04/2022 22:30,,
09/04/2022 23:00,,
09/04/2022 23:30,,
10/04/2022 00:00,,
10/04/2022 00:30,,
10/04/2022 01:00,,
10/04/2022 01:30,,
10/04/2022 02:00,,
10/04/2022 02:30,,
10/04/2022 03:00,,
10/04/2022 03:30,,
10/04/2022 04:00,,
10/04/2022 04:30,,
10/04/2022 05:00,,
10/04/2022 05:30,,
10/04/2022 06:00,,
10/04/2022 06:30,,
10/04/2022 07:00,,
10/04/2022 07:30,,
10/04/2022 08:00,,
10/04/2022 08:30,,
10/04/2022 09:00,,
10/04/2022 09:30,,
10/04/2022 10:00,,
10/04/2022 10:30,,
10/04/2022 11:00,,
10/04/2022 11:30,,
10/04/2022 12:00,,
10/04/2022 12:30,,
10/04/2022 13:00,,
10/04/2022 13:30,,
10/04/2022 14:00,,
10/04/2022 14:30,,
10/04/2022 15:00,,
10/04/2022 15:30,,
10/04/2022 16:00,,
10/04/2022 16:30,,
10/04/2022 17:00,,
10/04/2022 17:30,,
10/04/2022 18:00,,
10/04/2022 18:30,,
10/04/2022 19:00,,
10/04/2022 19:30,,
10/04/2022 20:00,,
10/04/2022 20:30,,
10/04/2022 21:00,,
10/04/2022 21:30,,
10/04/2022 22:00,,
10/04/2022 22:30,,
10/04/2022 23:00,,
10/04/2022 23:30,,
11/04/2022 00:00,,
11/04/2022 00:30,,
11/04/2022 01:00,,
11/04/2022 01:30,,
11/04/2022 02:00,,
11/04/2022 02:30,,
11/04/2022 03:00,,
11/04/2022 03:30,,
11/04/2022 04:00,,
11/04/2022 04:30,,
11/04/2022 05:00,,
11/04/2022 05:30,,
11/04/2022 06:00,,
11/04/2022 06:30,,
11/04/2022 07:00,,
11/04/2022 07:30,,
11/04/2022 08:00,,
11/04/2022 08:30,,
11/04/2022 09:00,,
11/04/2022 09:30,,
11/04/2022 10:00,,
11/04/2022 10:30,,
11/04/2022 11:00,,
11/04/2022 11:30,,
11/04/2022 12:00,,
11/04/2022 12:30,,
11/04/2022 13:00,,
11/04/2022 13:30,,
11/04/2022 14:00,,
11/04/2022 14:30,,
11/04/2022 15:00,,
11/04/2022 15:30,,
11/04/2022 16:00,,
11/04/2022 16:30,,
11/04/2022 17:00,,
11/04/2022 17:30,,
11/04/2022 18:00,,
11/04/2022 18:30,,
11/04/2022 19:00,,
11/04/2022 19:30,,
11/04/2022 20:00,,
11/04/2022 20:30,,
11/04/2022 21:00,,
11/04/2022 21:30,,
11/04/2022 22:00,,
11/04/2022 22:30,,
11/04/2022 23:00,,
11/04/2022 23:30,,
12/04/2022 00:00,,
12/04/2022 00:30,,
12/04/2022 01:00,,
12/04/2022 01:30,,
12/04/2022 02:00,,
12/04/2022 02:30,,
12/04/2022 03:00,,
12/04/2022 03:30,,
12/04/2022 04:00,,
12/04/2022 04:30,,
12/04/2022 05:00,,
12/04/2022 05:30,,
12/04/2022 06:00,,
12/04/2022 06:30,,
12/04/2022 07:00,,
12/04/2022 07:30,,
12/04/2022 08:00,,
12/04/2022 08:30,,
12/04/2022 09:00,,
12/04/2022 09:30,,
12/04/2022 10:00,,
12/04/2022 10:30,,
12/04/2022 11:00,,
12/04/2022 11:30,,
12/04/2022 12:00,,
12/04/2022 12:30,,
12/04/2022 13:00,,
12/04/2022 13:30,,
12/04/2022 14:00,,
12/04/2022 14:30,,
12/04/2022 15:00,,
12/04/2022 15:30,,
12/04/2022 16:00,,
12/04/2022 16:30,,
12/04/2022 17:00,,
12/04/2022 17:30,,
12/04/2022 18:00,,
12/04/2022 18:30,,
12/04/2022 19:00,,
12/04/2022 19:30,,
12/04/2022 20:00,,
12/04/2022 20:30,,
12/04/2022 21:00,,
12/04/2022 21:30,,
12/04/2022 22:00,,
12/04/2022 22:30,,
12/04/2022 23:00,,
12/04/2022 23:30,,
13/04/2022 00:00,,
13/04/2022 00:30,,
13/04/2022 01:00,,
13/04/2022 01:30,,
13/04/2022 02:00,,
13/04/2022 02:30,,
13/04/2022 03:00,,
13/04/2022 03:30,,
13/04/2022 04:00,,
13/04/2022 04:30,,
13/04/2022 05:00,,
13/04/2022 05:30,,
13/04/2022 06:00,,
13/04/2022 06:30,,
13/04/2022 07:00,,
13/04/2022 07:30,,
13/04/2022 08:00,,
13/04/2022 08:30,,
13/04/2022 09:00,,
13/04/2022 09:30,,
13/04/2022 10:00,,
13/04/2022 10:30,,
13/04/2022 11:00,,
13/04/2022 11:30,,
13/04/2022 12:00,,
13/04/2022 12:30,,
13/04/2022 13:00,,
13/04/2022 13:30,,
13/04/2022 14:00,,
13/04/2022 14:30,,
13/04/2022 15:00,,
13/04/2022 15:30,,
13/04/2022 16:00,,
13/04/2022 16:30,,
13/04/2022 17:00,,
13/04/2022 17:30,,
13/04/2022 18:00,,
13/04/2022 18:30,,
13/04/2022 19:00,,
13/04/2022 19:30,,
13/04/2022 20:00,,
13/04/2022 20:30,,
13/04/2022 21:00,,
13/04/2022 21:30,,
13/04/2022 22:00,,
13/04/2022 22:30,,
13/04/2022 23:00,,
13/04/2022 23:30,,
14/04/2022 00:00,,
14/04/2022 00:30,,
14/04/2022 01:00,,
14/04/2022 01:30,,
14/04/2022 02:00,,
14/04/2022 02:30,,
14/04/2022 03:00,,
14/04/2022 03:30,,
14/04/2022 04:00,,
14/04/2022 04:30,,
14/04/2022 05:00,,
14/04/2022 05:30,,
14/04/2022 06:00,,
14/04/2022 06:30,,
14/04/2022 07:00,,
14/04/2022 07:30,,
14/04/2022 08:00,,
14/04/2022 08:30,,
14/04/2022 09:00,,
14/04/2022 09:30,,
14/04/2022 10:00,,
14/04/2022 10:30,,
14/04/2022 11:00,,
14/04/2022 11:30,,
14/04/2022 12:00,,
14/04/2022 12:30,,
14/04/2022 13:00,,
14/04/2022 13:30,,
14/04/2022 14:00,,
14/04/2022 14:30,,
14/04/2022 15:00,,
14/04/2022 15:30,,
14/04/2022 16:00,,
14/04/2022 16:30,,
14/04/2022 17:00,,
14/04/2022 17:30,,
14/04/2022 18:00,,
14/04/2022 18:30,,
14/04/2022 19:00,,
14/04/2022 19:30,,
14/04/2022 20:00,,
14/04/2022 20:30,,
14/04/2022 21:00,,
14/04/2022 21:30,,
14/04/2022 22:00,,
14/04/2022 22:30,,
14/04/2022 23:00,,
14/04/2022 23:30,,
15/04/2022 00:00,,
15/04/2022 00:30,,
15/04/2022 01:00,,
15/04/2022 01:30,,
15/04/2022 02:00,,
15/04/2022 02:30,,
15/04/2022 03:00,,
15/04/2022 03:30,,
15/04/2022 04:00,,
15/04/2022 04:30,,
15/04/2022 05:00,,
15/04/2022 05:30,,
15/04/2022 06:00,,
15/04/2022 06:30,,
15/04/2022 07:00,,
15/04/2022 07:30,,
15/04/2022 08:00,,
15/04/2022 08:30,,
15/04/2022 09:00,,
15/04/2022 09:30,,
15/04/2022 10:00,,
15/04/2022 10:30,,
15/04/2022 11:00,,
15/04/2022 11:30,,
15/04/2022 12:00,,
15/04/2022 12:30,,
15/04/2022 13:00,,
15/04/2022 13:30,,
15/04/2022 14:00,,
15/04/2022 14:30,,
15/04/2022 15:00,,
15/04/2022 15:30,,
15/04/2022 16:00,,
15/04/2022 16:30,,
15/04/2022 17:00,,
15/04/2022 17:30,,
15/04/2022 18:00,,
15/04/2022 18:30,,
15/04/2022 19:00,,
15/04/2022 19:30,,
15/04/2022 20:00,,
15/04/2022 20:30,,
15/04/2022 21:00,,
15/04/2022 21:30,,
15/04/2022 22:00,,
15/04/2022 22:30,,
15/04/2022 23:00,,
15/04/2022 23:30,,
16/04/2022 00:00,,
16/04/2022 00:30,,
16/04/2022 01:00,,
16/04/2022 01:30,,
16/04/2022 02:00,,
16/04/2022 02:30,,
16/04/2022 03:00,,
16/04/2022 03:30,,
16/04/2022 04:00,,
16/04/2022 04:30,,
16/04/2022 05:00,,
16/04/2022 05:30,,
16/04/2022 06:00,,
16/04/2022 06:30,,
16/04/2022 07:00,,
16/04/2022 07:30,,
16/04/2022 08:00,,
16/04/2022 08:30,,
16/04/2022 09:00,,
16/04/2022 09:30,,
16/04/2022 10:00,,
16/04/2022 10:30,,
16/04/2022 11:00,,
16/04/2022 11:30,,
16/04/2022 12:00,,
16/04/2022 12:30,,
16/04/2022 13:00,,
16/04/2022 13:30,,
16/04/2022 14:00,,
16/04/2022 14:30,,
16/04/2022 15:00,,
16/04/2022 15:30,,
16/04/2022 16:00,,
16/04/2022 16:30,,
16/04/2022 17:00,,
16/04/2022 17:30,,
16/04/2022 18:00,,
16/04/2022 18:30,,
16/04/2022 19:00,,
16/04/2022 19:30,,
16/04/2022 20:00,,
16/04/2022 20:30,,
16/04/2022 21:00,,
16/04/2022 21:30,,
16/04/2022 22:00,,
16/04/2022 22:30,,
16/04/2022 23:00,,
16/04/2022 23:30,,
17/04/2022 00:00,,
17/04/2022 00:30,,
17/04/2022 01:00,,
17/04/2022 01:30,,
17/04/2022 02:00,,
17/04/2022 02:30,,
17/04/2022 03:00,,
17/04/2022 03:30,,
17/04/2022 04:00,,
17/04/2022 04:30,,
17/04/2022 05:00,,
17/04/2022 05:30,,
17/04/2022 06:00,,
17/04/2022 06:30,,
17/04/2022 07:00,,
17/04/2022 07:30,,
17/04/2022 08:00,,
17/04/2022 08:30,,
17/04/2022 09:00,,
17/04/2022 09:30,,
17/04/2022 10:00,,
17/04/2022 10:30,,
17/04/2022 11:00,,
17/04/2022 11:30,,
17/04/2022 12:00,,
17/04/2022 12:30,,
17/04/2022 13:00,,
17/04/2022 13:30,,
17/04/2022 14:00,,
17/04/2022 14:30,,
17/04/2022 15:00,,
17/04/2022 15:30,,
17/04/2022 16:00,,
17/04/2022 16:30,,
17/04/2022 17:00,,
17/04/2022 17:30,,
17/04/2022 18:00,,
17/04/2022 18:30,,
17/04/2022 19:00,,
17/04/2022 19:30,,
17/04/2022 20:00,,
17/04/2022 20:30,,
17/04/2022 21:00,,
17/04/2022 21:30,,
17/04/2022 22:00,,
17/04/2022 22:30,,
17/04/2022 23:00,,
17/04/2022 23:30,,
18/04/2022 00:00,,
18/04/2022 00:30,,
18/04/2022 01:00,,
18/04/2022 01:30,,
18/04/2022 02:00,,
18/04/2022 02:30,,
18/04/2022 03:00,,
18/04/2022 03:30,,
18/04/2022 04:00,,
18/04/2022 04:30,,
18/04/2022 05:00,,
18/04/2022 05:30,,
18/04/2022 06:00,,
18/04/2022 06:30,,
18/04/2022 07:00,,
18/04/2022 07:30,,
18/04/2022 08:00,,
18/04/2022 08:30,,
18/04/2022 09:00,,
18/04/2022 09:30,,
18/04/2022 10:00,,
18/04/2022 10:30,,
18/04/2022 11:00,,
18/04/2022 11:30,,
18/04/2022 12:00,,
18/04/2022 12:30,,
18/04/2022 13:00,,
18/04/2022 13:30,,
18/04/2022 14:00,,
18/04/2022 14:30,,
18/04/2022 15:00,,
18/04/2022 15:30,,
18/04/2022 16:00,,
18/04/2022 16:30,,
18/04/2022 17:00,,
18/04/2022 17:30,,
18/04/2022 18:00,,
18/04/2022 18:30,,
18/04/2022 19:00,,
18/04/2022 19:30,,
18/04/2022 20:00,,
18/04/2022 20:30,,
18/04/2022 21:00,,
18/04/2022 21:30,,
18/04/2022 22:00,,
18/04/2022 22:30,,
18/04/2022 23:00,,
18/04/2022 23:30,,
19/04/2022 00:00,,
19/04/2022 00:30,,
19/04/2022 01:00,,
19/04/2022 01:30,,
19/04/2022 02:00,,
19/04/2022 02:30,,
19/04/2022 03:00,,
19/04/2022 03:30,,
19/04/2022 04:00,,
19/04/2022 04:30,,
19/04/2022 05:00,,
19/04/2022 05:30,,
19/04/2022 06:00,,
19/04/2022 06:30,,
19/04/2022 07:00,,
19/04/2022 07:30,,
19/04/2022 08:00,,
19/04/2022 08:30,,
19/04/2022 09:00,,
19/04/2022 09:30,,
19/04/2022 10:00,,
19/04/2022 10:30,,
19/04/2022 11:00,,
19/04/2022 11:30,,
19/04/2022 12:00,,
19/04/2022 12:30,,
19/04/2022 13:00,,
19/04/2022 13:30,,
19/04/2022 14:00,,
19/04/2022 14:30,,
19/04/2022 15:00,,
19/04/2022 15:30,,
19/04/2022 16:00,,
19/04/2022 16:30,,
19/04/2022 17:00,,
19/04/2022 17:30,,
19/04/2022 18:00,,
19/04/2022 18:30,,
19/04/2022 19:00,,
19/04/2022 19:30,,
19/04/2022 20:00,,
19/04/2022 20:30,,
19/04/2022 21:00,,
19/04/2022 21:30,,
19/04/2022 22:00,,
19/04/2022 22:30,,
19/04/2022 23:00,,
19/04/2022 23:30,,
20/04/2022 00:00,,
20/04/2022 00:30,,
20/04/2022 01:00,,
20/04/2022 01:30,,
20/04/2022 02:00,,
20/04/2022 02:30,,
20/04/2022 03:00,,
20/04/2022 03:30,,
20/04/2022 04:00,,
20/04/2022 04:30,,
20/04/2022 05:00,,
20/04/2022 05:30,,
20/04/2022 06:00,,
20/04/2022 06:30,,
20/04/2022 07:00,,
20/04/2022 07:30,,
20/04/2022 08:00,,
20/04/2022 08:30,,
20/04/2022 09:00,,
20/04/2022 09:30,,
20/04/2022 10:00,,
20/04/2022 10:30,,
20/04/2022 11:00,,
20/04/2022 11:30,,
20/04/2022 12:00,,
20/04/2022 12:30,,
20/04/2022 13:00,,
20/04/2022 13:30,,
20/04/2022 14:00,,
20/04/2022 14:30,,
20/04/2022 15:00,,
20/04/2022 15:30,,
20/04/2022 16:00,,
20/04/2022 16:30,,
20/04/2022 17:00,,
20/04/2022 17:30,,
20/04/2022 18:00,,
20/04/2022 18:30,,
20/04/2022 19:00,,
20/04/2022 19:30,,
20/04/2022 20:00,,
20/04/2022 20:30,,
20/04/2022 21:00,,
20/04/2022 21:30,,
20/04/2022 22:00,,
20/04/2022 22:30,,
20/04/2022 23:00,,
20/04/2022 23:30,,
21/04/2022 00:00,,
21/04/2022 00:30,,
21/04/2022 01:00,,
21/04/2022 01:30,,
21/04/2022 02:00,,
21/04/2022 02:30,,
21/04/2022 03:00,,
21/04/2022 03:30,,
21/04/2022 04:00,,
21/04/2022 04:30,,
21/04/2022 05:00,,
21/04/2022 05:30,,
21/04/2022 06:00,,
21/04/2022 06:30,,
21/04/2022 07:00,,
21/04/2022 07:30,,
21/04/2022 08:00,,
21/04/2022 08:30,,
21/04/2022 09:00,,
21/04/2022 09:30,,
21/04/2022 10:00,,
21/04/2022 10:30,,
21/04/2022 11:00,,
21/04/2022 11:30,,
21/04/2022 12:00,,
21/04/2022 12:30,,
21/04/2022 13:00,,
21/04/2022 13:30,,
21/04/2022 14:00,,
21/04/2022 14:30,,
21/04/2022 15:00,,
21/04/2022 15:30,,
21/04/2022 16:00,,
21/04/2022 16:30,,
21/04/2022 17:00,,
21/04/2022 17:30,,
21/04/2022 18:00,,
21/04/2022 18:30,,
21/04/2022 19:00,,
21/04/2022 19:30,,
21/04/2022 20:00,,
21/04/2022 20:30,,
21/04/2022 21:00,,
21/04/2022 21:30,,
21/04/2022 22:00,,
21/04/2022 22:30,,
21/04/2022 23:00,,
21/04/2022 23:30,,
22/04/2022 00:00,,
22/04/2022 00:30,,
22/04/2022 01:00,,
22/04/2022 01:30,,
22/04/2022 02:00,,
22/04/2022 02:30,,
22/04/2022 03:00,,
22/04/2022 03:30,,
22/04/2022 04:00,,
22/04/2022 04:30,,
22/04/2022 05:00,,
22/04/2022 05:30,,
22/04/2022 06:00,,
22/04/2022 06:30,,
22/04/2022 07:00,,
22/04/2022 07:30,,
22/04/2022 08:00,,
22/04/2022 08:30,,
22/04/2022 09:00,,
22/04/2022 09:30,,
22/04/2022 10:00,,
22/04/2022 10:30,,
22/04/2022 11:00,,
22/04/2022 11:30,,
22/04/2022 12:00,,
22/04/2022 12:30,,
22/04/2022 13:00,,
22/04/2022 13:30,,
22/04/2022 14:00,,
22/04/2022 14:30,,
22/04/2022 15:00,,
22/04/2022 15:30,,
22/04/2022 16:00,,
22/04/2022 16:30,,
22/04/2022 17:00,,
22/04/2022 17:30,,
22/04/2022 18:00,,
22/04/2022 18:30,,
22/04/2022 19:00,,
22/04/2022 19:30,,
22/04/2022 20:00,,
22/04/2022 20:30,,
22/04/2022 21:00,,
22/04/2022 21:30,,
22/04/2022 22:00,,
22/04/2022 22:30,,
22/04/2022 23:00,,
22/04/2022 23:30,,
23/04/2022 00:00,,
23/04/2022 00:30,,
23/04/2022 01:00,,
23/04/2022 01:30,,
23/04/2022 02:00,,
23/04/2022 02:30,,
23/04/2022 03:00,,
23/04/2022 03:30,,
23/04/2022 04:00,,
23/04/2022 04:30,,
23/04/2022 05:00,,
23/04/2022 05:30,,
23/04/2022 06:00,,
23/04/2022 06:30,,
23/04/2022 07:00,,
23/04/2022 07:30,,
23/04/2022 08:00,,
23/04/2022 08:30,,
23/04/2022 09:00,,
23/04/2022 09:30,,
23/04/2022 10:00,,
23/04/2022 10:30,,
23/04/2022 11:00,,
23/04/2022 11:30,,
23/04/2022 12:00,,
23/04/2022 12:30,,
23/04/2022 13:00,,
23/04/2022 13:30,,
23/04/2022 14:00,,
23/04/2022 14:30,,
23/04/2022 15:00,,
23/04/2022 15:30,,
23/04/2022 16:00,,
23/04/2022 16:30,,
23/04/2022 17:00,,
23/04/2022 17:30,,
23/04/2022 18:00,,
23/04/2022 18:30,,
23/04/2022 19:00,,
23/04/2022 19:30,,
23/04/2022 20:00,,
23/04/2022 20:30,,
23/04/2022 21:00,,
23/04/2022 21:30,,
23/04/2022 22:00,,
23/04/2022 22:30,,
23/04/2022 23:00,,
23/04/2022 23:30,,
24/04/2022 00:00,,
24/04/2022 00:30,,
24/04/2022 01:00,,
24/04/2022 01:30,,
24/04/2022 02:00,,
24/04/2022 02:30,,
24/04/2022 03:00,,
24/04/2022 03:30,,
24/04/2022 04:00,,
24/04/2022 04:30,,
24/04/2022 05:00,,
24/04/2022 05:30,,
24/04/2022 06:00,,
24/04/2022 06:30,,
24/04/2022 07:00,,
24/04/2022 07:30,,
24/04/2022 08:00,,
24/04/2022 08:30,,
24/04/2022 09:00,,
24/04/2022 09:30,,
24/04/2022 10:00,,
24/04/2022 10:30,,
24/04/2022 11:00,,
24/04/2022 11:30,,
24/04/2022 12:00,,
24/04/2022 12:30,,
24/04/2022 13:00,,
24/04/2022 13:30,,
24/04/2022 14:00,,
24/04/2022 14:30,,
24/04/2022 15:00,,
24/04/2022 15:30,,
24/04/2022 16:00,,
24/04/2022 16:30,,
24/04/2022 17:00,,
24/04/2022 17:30,,
24/04/2022 18:00,,
24/04/2022 18:30,,
24/04/2022 19:00,,
24/04/2022 19:30,,
24/04/2022 20:00,,
24/04/2022 20:30,,
24/04/2022 21:00,,
24/04/2022 21:30,,
24/04/2022 22:00,,
24/04/2022 22:30,,
24/04/2022 23:00,,
24/04/2022 23:30,,
25/04/2022 00:00,,
25/04/2022 00:30,,
25/04/2022 01:00,,
25/04/2022 01:30,,
25/04/2022 02:00,,
25/04/2022 02:30,,
25/04/2022 03:00,,
25/04/2022 03:30,,
25/04/2022 04:00,,
25/04/2022 04:30,,
25/04/2022 05:00,,
25/04/2022 05:30,,
25/04/2022 06:00,,
25/04/2022 06:30,,
25/04/2022 07:00,,
25/04/2022 07:30,,
25/04/2022 08:00,,
25/04/2022 08:30,,
25/04/2022 09:00,,
25/04/2022 09:30,,
25/04/2022 10:00,,
25/04/2022 10:30,,
25/04/2022 11:00,,
25/04/2022 11:30,,
25/04/2022 12:00,,
25/04/2022 12:30,,
25/04/2022 13:00,,
25/04/2022 13:30,,
25/04/2022 14:00,,
25/04/2022 14:30,,
25/04/2022 15:00,,
25/04/2022 15:30,,
25/04/2022 16:00,,
25/04/2022 16:30,,
25/04/2022 17:00,,
25/04/2022 17:30,,
25/04/2022 18:00,,
25/04/2022 18:30,,
25/04/2022 19:00,,
25/04/2022 19:30,,
25/04/2022 20:00,,
25/04/2022 20:30,,
25/04/2022 21:00,,
25/04/2022 21:30,,
25/04/2022 22:00,,
25/04/2022 22:30,,
25/04/2022 23:00,,
25/04/2022 23:30,,
26/04/2022 00:00,,
26/04/2022 00:30,,
26/04/2022 01:00,,
26/04/2022 01:30,,
26/04/2022 02:00,,
26/04/2022 02:30,,
26/04/2022 03:00,,
26/04/2022 03:30,,
26/04/2022 04:00,,
26/04/2022 04:30,,
26/04/2022 05:00,,
26/04/2022 05:30,,
26/04/2022 06:00,,
26/04/2022 06:30,,
26/04/2022 07:00,,
26/04/2022 07:30,,
26/04/2022 08:00,,
26/04/2022 08:30,,
26/04/2022 09:00,,
26/04/2022 09:30,,
26/04/2022 10:00,,
26/04/2022 10:30,,
26/04/2022 11:00,,
26/04/2022 11:30,,
26/04/2022 12:00,,
26/04/2022 12:30,,
26/04/2022 13:00,,
26/04/2022 13:30,,
26/04/2022 14:00,,
26/04/2022 14:30,,
26/04/2022 15:00,,
26/04/2022 15:30,,
26/04/2022 16:00,,
26/04/2022 16:30,,
26/04/2022 17:00,,
26/04/2022 17:30,,
26/04/2022 18:00,,
26/04/2022 18:30,,
26/04/2022 19:00,,
26/04/2022 19:30,,
26/04/2022 20:00,,
26/04/2022 20:30,,
26/04/2022 21:00,,
26/04/2022 21:30,,
26/04/2022 22:00,,
26/04/2022 22:30,,
26/04/2022 23:00,,
26/04/2022 23:30,,
27/04/2022 00:00,,
27/04/2022 00:30,,
27/04/2022 01:00,,
27/04/2022 01:30,,
27/04/2022 02:00,,
27/04/2022 02:30,,
27/04/2022 03:00,,
27/04/2022 03:30,,
27/04/2022 04:00,,
27/04/2022 04:30,,
27/04/2022 05:00,,
27/04/2022 05:30,,
27/04/2022 06:00,,
27/04/2022 06:30,,
27/04/2022 07:00,,
27/04/2022 07:30,,
27/04/2022 08:00,,
27/04/2022 08:30,,
27/04/2022 09:00,,
27/04/2022 09:30,,
27/04/2022 10:00,,
27/04/2022 10:30,,
27/04/2022 11:00,,
27/04/2022 11:30,,
27/04/2022 12:00,,
27/04/2022 12:30,,
27/04/2022 13:00,,
27/04/2022 13:30,,
27/04/2022 14:00,,
27/04/2022 14:30,,
27/04/2022 15:00,,
27/04/2022 15:30,,
27/04/2022 16:00,,
27/04/2022 16:30,,
27/04/2022 17:00,,
27/04/2022 17:30,,
27/04/2022 18:00,,
27/04/2022 18:30,,
27/04/2022 19:00,,
27/04/2022 19:30,,
27/04/2022 20:00,,
27/04/2022 20:30,,
27/04/2022 21:00,,
27/04/2022 21:30,,
27/04/2022 22:00,,
27/04/2022 22:30,,
27/04/2022 23:00,,
27/04/2022 23:30,,
28/04/2022 00:00,,
28/04/2022 00:30,,
28/04/2022 01:00,,
28/04/2022 01:30,,
28/04/2022 02:00,,
28/04/2022 02:30,,
28/04/2022 03:00,,
28/04/2022 03:30,,
28/04/2022 04:00,,
28/04/2022 04:30,,
28/04/2022 05:00,,
28/04/2022 05:30,,
28/04/2022 06:00,,
28/04/2022 06:30,,
28/04/2022 07:00,,
28/04/2022 07:30,,
28/04/2022 08:00,,
28/04/2022 08:30,,
28/04/2022 09:00,,
28/04/2022 09:30,,
28/04/2022 10:00,,
28/04/2022 10:30,,
28/04/2022 11:00,,
28/04/2022 11:30,,
28/04/2022 12:00,,
28/04/2022 12:30,,
28/04/2022 13:00,,
28/04/2022 13:30,,
28/04/2022 14:00,,
28/04/2022 14:30,,
28/04/2022 15:00,,
28/04/2022 15:30,,
28/04/2022 16:00,,
28/04/2022 16:30,,
28/04/2022 17:00,,
28/04/2022 17:30,,
28/04/2022 18:00,,
28/04/2022 18:30,,
28/04/2022 19:00,,
28/04/2022 19:30,,
28/04/2022 20:00,,
28/04/2022 20:30,,
28/04/2022 21:00,,
28/04/2022 21:30,,
28/04/2022 22:00,,
28/04/2022 22:30,,
28/04/2022 23:00,,
28/04/2022 23:30,,
29/04/2022 00:00,,
29/04/2022 00:30,,
29/04/2022 01:00,,
29/04/2022 01:30,,
29/04/2022 02:00,,
29/04/2022 02:30,,
29/04/2022 03:00,,
29/04/2022 03:30,,
29/04/2022 04:00,,
29/04/2022 04:30,,
29/04/2022 05:00,,
29/04/2022 05:30,,
29/04/2022 06:00,,
29/04/2022 06:30,,
29/04/2022 07:00,,
29/04/2022 07:30,,
29/04/2022 08:00,,
29/04/2022 08:30,,
29/04/2022 09:00,,
29/04/2022 09:30,,
29/04/2022 10:00,,
29/04/2022 10:30,,
29/04/2022 11:00,,
29/04/2022 11:30,,
29/04/2022 12:00,,
29/04/2022 12:30,,
29/04/2022 13:00,,
29/04/2022 13:30,,
29/04/2022 14:00,,
29/04/2022 14:30,,
29/04/2022 15:00,,
29/04/2022 15:30,,
29/04/2022 16:00,,
29/04/2022 16:30,,
29/04/2022 17:00,,
29/04/2022 17:30,,
29/04/2022 18:00,,
29/04/2022 18:30,,
29/04/2022 19:00,,
29/04/2022 19:30,,
29/04/2022 20:00,,
29/04/2022 20:30,,
29/04/2022 21:00,,
29/04/2022 21:30,,
29/04/2022 22:00,,
29/04/2022 22:30,,
29/04/2022 23:00,,
29/04/2022 23:30,,
30/04/2022 00:00,,
30/04/2022 00:30,,
30/04/2022 01:00,,
30/04/2022 01:30,,
30/04/2022 02:00,,
30/04/2022 02:30,,
30/04/2022 03:00,,
30/04/2022 03:30,,
30/04/2022 04:00,,
30/04/2022 04:30,,
30/04/2022 05:00,,
30/04/2022 05:30,,
30/04/2022 06:00,,
30/04/2022 06:30,,
30/04/2022 07:00,,
30/04/2022 07:30,,
30/04/2022 08:00,,
30/04/2022 08:30,,
30/04/2022 09:00,,
30/04/2022 09:30,,
30/04/2022 10:00,,
30/04/2022 10:30,,
30/04/2022 11:00,,
30/04/2022 11:30,,
30/04/2022 12:00,,
30/04/2022 12:30,,
30/04/2022 13:00,,
30/04/2022 13:30,,
30/04/2022 14:00,,
30/04/2022 14:30,,
30/04/2022 15:00,,
30/04/2022 15:30,,
30/04/2022 16:00,,
30/04/2022 16:30,,
30/04/2022 17:00,,
30/04/2022 17:30,,
30/04/2022 18:00,,
30/04/2022 18:30,,
30/04/2022 19:00,,
30/04/2022 19:30,,
30/04/2022 20:00,,
30/04/2022 20:30,,
30/04/2022 21:00,,
30/04/2022 21:30,,
30/04/2022 22:00,,
30/04/2022 22:30,,
30/04/2022 23:00,,
30/04/2022 23:30,,
01/05/2022 00:00,,
01/05/2022 00:30,,
01/05/2022 01:00,,
01/05/2022 01:30,,
01/05/2022 02:00,,
01/05/2022 02:30,,
01/05/2022 03:00,,
01/05/2022 03:30,,
01/05/2022 04:00,,
01/05/2022 04:30,,
01/05/2022 05:00,,
01/05/2022 05:30,,
01/05/2022 06:00,,
01/05/2022 06:30,,
01/05/2022 07:00,,
01/05/2022 07:30,,
01/05/2022 08:00,,
01/05/2022 08:30,,
01/05/2022 09:00,,
01/05/2022 09:30,,
01/05/2022 10:00,,
01/05/2022 10:30,,
01/05/2022 11:00,,
01/05/2022 11:30,,
01/05/2022 12:00,,
01/05/2022 12:30,,
01/05/2022 13:00,,
01/05/2022 13:30,,
01/05/2022 14:00,,
01/05/2022 14:30,,
01/05/2022 15:00,,
01/05/2022 15:30,,
01/05/2022 16:00,,
01/05/2022 16:30,,
01/05/2022 17:00,,
01/05/2022 17:30,,
01/05/2022 18:00,,
01/05/2022 18:30,,
01/05/2022 19:00,,
01/05/2022 19:30,,
01/05/2022 20:00,,
01/05/2022 20:30,,
01/05/2022 21:00,,
01/05/2022 21:30,,
01/05/2022 22:00,,
01/05/2022 22:30,,
01/05/2022 23:00,,
01/05/2022 23:30,,
02/05/2022 00:00,,
02/05/2022 00:30,,
02/05/2022 01:00,,
02/05/2022 01:30,,
02/05/2022 02:00,,
02/05/2022 02:30,,
02/05/2022 03:00,,
02/05/2022 03:30,,
02/05/2022 04:00,,
02/05/2022 04:30,,
02/05/2022 05:00,,
02/05/2022 05:30,,
02/05/2022 06:00,,
02/05/2022 06:30,,
02/05/2022 07:00,,
02/05/2022 07:30,,
02/05/2022 08:00,,
02/05/2022 08:30,,
02/05/2022 09:00,,
02/05/2022 09:30,,
02/05/2022 10:00,,
02/05/2022 10:30,,
02/05/2022 11:00,,
02/05/2022 11:30,,
02/05/2022 12:00,,
02/05/2022 12:30,,
02/05/2022 13:00,,
02/05/2022 13:30,,
02/05/2022 14:00,,
02/05/2022 14:30,,
02/05/2022 15:00,,
02/05/2022 15:30,,
02/05/2022 16:00,,
02/05/2022 16:30,,
02/05/2022 17:00,,
02/05/2022 17:30,,
02/05/2022 18:00,,
02/05/2022 18:30,,
02/05/2022 19:00,,
02/05/2022 19:30,,
02/05/2022 20:00,,
02/05/2022 20:30,,
02/05/2022 21:00,,
02/05/2022 21:30,,
02/05/2022 22:00,,
02/05/2022 22:30,,
02/05/2022 23:00,,
02/05/2022 23:30,,
03/05/2022 00:00,,
03/05/2022 00:30,,
03/05/2022 01:00,,
03/05/2022 01:30,,
03/05/2022 02:00,,
03/05/2022 02:30,,
03/05/2022 03:00,,
03/05/2022 03:30,,
03/05/2022 04:00,,
03/05/2022 04:30,,
03/05/2022 05:00,,
03/05/2022 05:30,,
03/05/2022 06:00,,
03/05/2022 06:30,,
03/05/2022 07:00,,
03/05/2022 07:30,,
03/05/2022 08:00,,
03/05/2022 08:30,,
03/05/2022 09:00,,
03/05/2022 09:30,,
03/05/2022 10:00,,
03/05/2022 10:30,,
03/05/2022 11:00,,
03/05/2022 11:30,,
03/05/2022 12:00,,
03/05/2022 12:30,,
03/05/2022 13:00,,
03/05/2022 13:30,,
03/05/2022 14:00,,
03/05/2022 14:30,,
03/05/2022 15:00,,
03/05/2022 15:30,,
03/05/2022 16:00,,
03/05/2022 16:30,,
03/05/2022 17:00,,
03/05/2022 17:30,,
03/05/2022 18:00,,
03/05/2022 18:30,,
03/05/2022 19:00,,
03/05/2022 19:30,,
03/05/2022 20:00,,
03/05/2022 20:30,,
03/05/2022 21:00,,
03/05/2022 21:30,,
03/05/2022 22:00,,
03/05/2022 22:30,,
03/05/2022 23:00,,
03/05/2022 23:30,,
04/05/2022 00:00,,
04/05/2022 00:30,,
04/05/2022 01:00,,
04/05/2022 01:30,,
04/05/2022 02:00,,
04/05/2022 02:30,,
04/05/2022 03:00,,
04/05/2022 03:30,,
04/05/2022 04:00,,
04/05/2022 04:30,,
04/05/2022 05:00,,
04/05/2022 05:30,,
04/05/2022 06:00,,
04/05/2022 06:30,,
04/05/2022 07:00,,
04/05/2022 07:30,,
04/05/2022 08:00,,
04/05/2022 08:30,,
04/05/2022 09:00,,
04/05/2022 09:30,,
04/05/2022 10:00,,
04/05/2022 10:30,,
04/05/2022 11:00,,
04/05/2022 11:30,,
04/05/2022 12:00,,
04/05/2022 12:30,,
04/05/2022 13:00,,
04/05/2022 13:30,,
04/05/2022 14:00,,
04/05/2022 14:30,,
04/05/2022 15:00,,
04/05/2022 15:30,,
04/05/2022 16:00,,
04/05/2022 16:30,,
04/05/2022 17:00,,
04/05/2022 17:30,,
04/05/2022 18:00,,
04/05/2022 18:30,,
04/05/2022 19:00,,
04/05/2022 19:30,,
04/05/2022 20:00,,
04/05/2022 20:30,,
04/05/2022 21:00,,
04/05/2022 21:30,,
04/05/2022 22:00,,
04/05/2022 22:30,,
04/05/2022 23:00,,
04/05/2022 23:30,,
05/05/2022 00:00,,
05/05/2022 00:30,,
05/05/2022 01:00,,
05/05/2022 01:30,,
05/05/2022 02:00,,
05/05/2022 02:30,,
05/05/2022 03:00,,
05/05/2022 03:30,,
05/05/2022 04:00,,
05/05/2022 04:30,,
05/05/2022 05:00,,
05/05/2022 05:30,,
05/05/2022 06:00,,
05/05/2022 06:30,,
05/05/2022 07:00,,
05/05/2022 07:30,,
05/05/2022 08:00,,
05/05/2022 08:30,,
05/05/2022 09:00,,
05/05/2022 09:30,,
05/05/2022 10:00,,
05/05/2022 10:30,,
05/05/2022 11:00,,
05/05/2022 11:30,,
05/05/2022 12:00,,
05/05/2022 12:30,,
05/05/2022 13:00,,
05/05/2022 13:30,,
05/05/2022 14:00,,
05/05/2022 14:30,,
05/05/2022 15:00,,
05/05/2022 15:30,,
05/05/2022 16:00,,
05/05/2022 16:30,,
05/05/2022 17:00,,
05/05/2022 17:30,,
05/05/2022 18:00,,
05/05/2022 18:30,,
05/05/2022 19:00,,
05/05/2022 19:30,,
05/05/2022 20:00,,
05/05/2022 20:30,,
05/05/2022 21:00,,
05/05/2022 21:30,,
05/05/2022 22:00,,
05/05/2022 22:30,,
05/05/2022 23:00,,
05/05/2022 23:30,,
06/05/2022 00:00,,
06/05/2022 00:30,,
06/05/2022 01:00,,
06/05/2022 01:30,,
06/05/2022 02:00,,
06/05/2022 02:30,,
06/05/2022 03:00,,
06/05/2022 03:30,,
06/05/2022 04:00,,
06/05/2022 04:30,,
06/05/2022 05:00,,
06/05/2022 05:30,,
06/05/2022 06:00,,
06/05/2022 06:30,,
06/05/2022 07:00,,
06/05/2022 07:30,,
06/05/2022 08:00,,
06/05/2022 08:30,,
06/05/2022 09:00,,
06/05/2022 09:30,,
06/05/2022 10:00,,
06/05/2022 10:30,,
06/05/2022 11:00,,
06/05/2022 11:30,,
06/05/2022 12:00,,
06/05/2022 12:30,,
06/05/2022 13:00,,
06/05/2022 13:30,,
06/05/2022 14:00,,
06/05/2022 14:30,,
06/05/2022 15:00,,
06/05/2022 15:30,,
06/05/2022 16:00,,
06/05/2022 16:30,,
06/05/2022 17:00,,
06/05/2022 17:30,,
06/05/2022 18:00,,
06/05/2022 18:30,,
06/05/2022 19:00,,
06/05/2022 19:30,,
06/05/2022 20:00,,
06/05/2022 20:30,,
06/05/2022 21:00,,
06/05/2022 21:30,,
06/05/2022 22:00,,
06/05/2022 22:30,,
06/05/2022 23:00,,
06/05/2022 23:30,,
07/05/2022 00:00,,
07/05/2022 00:30,,
07/05/2022 01:00,,
07/05/2022 01:30,,
07/05/2022 02:00,,
07/05/2022 02:30,,
07/05/2022 03:00,,
07/05/2022 03:30,,
07/05/2022 04:00,,
07/05/2022 04:30,,
07/05/2022 05:00,,
07/05/2022 05:30,,
07/05/2022 06:00,,
07/05/2022 06:30,,
07/05/2022 07:00,,
07/05/2022 07:30,,
07/05/2022 08:00,,
07/05/2022 08:30,,
07/05/2022 09:00,,
07/05/2022 09:30,,
07/05/2022 10:00,,
07/05/2022 10:30,,
07/05/2022 11:00,,
07/05/2022 11:30,,
07/05/2022 12:00,,
07/05/2022 12:30,,
07/05/2022 13:00,,
07/05/2022 13:30,,
07/05/2022 14:00,,
07/05/2022 14:30,,
07/05/2022 15:00,,
07/05/2022 15:30,,
07/05/2022 16:00,,
07/05/2022 16:30,,
07/05/2022 17:00,,
07/05/2022 17:30,,
07/05/2022 18:00,,
07/05/2022 18:30,,
07/05/2022 19:00,,
07/05/2022 19:30,,
07/05/2022 20:00,,
07/05/2022 20:30,,
07/05/2022 21:00,,
07/05/2022 21:30,,
07/05/2022 22:00,,
07/05/2022 22:30,,
07/05/2022 23:00,,
07/05/2022 23:30,,
08/05/2022 00:00,,
08/05/2022 00:30,,
08/05/2022 01:00,,
08/05/2022 01:30,,
08/05/2022 02:00,,
08/05/2022 02:30,,
08/05/2022 03:00,,
08/05/2022 03:30,,
08/05/2022 04:00,,
08/05/2022 04:30,,
08/05/2022 05:00,,
08/05/2022 05:30,,
08/05/2022 06:00,,
08/05/2022 06:30,,
08/05/2022 07:00,,
08/05/2022 07:30,,
08/05/2022 08:00,,
08/05/2022 08:30,,
08/05/2022 09:00,,
08/05/2022 09:30,,
08/05/2022 10:00,,
08/05/2022 10:30,,
08/05/2022 11:00,,
08/05/2022 11:30,,
08/05/2022 12:00,,
08/05/2022 12:30,,
08/05/2022 13:00,,
08/05/2022 13:30,,
08/05/2022 14:00,,
08/05/2022 14:30,,
08/05/2022 15:00,,
08/05/2022 15:30,,
08/05/2022 16:00,,
08/05/2022 16:30,,
08/05/2022 17:00,,
08/05/2022 17:30,,
08/05/2022 18:00,,
08/05/2022 18:30,,
08/05/2022 19:00,,
08/05/2022 19:30,,
08/05/2022 20:00,,
08/05/2022 20:30,,
08/05/2022 21:00,,
08/05/2022 21:30,,
08/05/2022 22:00,,
08/05/2022 22:30,,
08/05/2022 23:00,,
08/05/2022 23:30,,
09/05/2022 00:00,,
09/05/2022 00:30,,
09/05/2022 01:00,,
09/05/2022 01:30,,
09/05/2022 02:00,,
09/05/2022 02:30,,
09/05/2022 03:00,,
09/05/2022 03:30,,
09/05/2022 04:00,,
09/05/2022 04:30,,
09/05/2022 05:00,,
09/05/2022 05:30,,
09/05/2022 06:00,,
09/05/2022 06:30,,
09/05/2022 07:00,,
09/05/2022 07:30,,
09/05/2022 08:00,,
09/05/2022 08:30,,
09/05/2022 09:00,,
09/05/2022 09:30,,
09/05/2022 10:00,,
09/05/2022 10:30,,
09/05/2022 11:00,,
09/05/2022 11:30,,
09/05/2022 12:00,,
09/05/2022 12:30,,
09/05/2022 13:00,,
09/05/2022 13:30,,
09/05/2022 14:00,,
09/05/2022 14:30,,
09/05/2022 15:00,,
09/05/2022 15:30,,
09/05/2022 16:00,,
09/05/2022 16:30,,
09/05/2022 17:00,,
09/05/2022 17:30,,
09/05/2022 18:00,,
09/05/2022 18:30,,
09/05/2022 19:00,,
09/05/2022 19:30,,
09/05/2022 20:00,,
09/05/2022 20:30,,
09/05/2022 21:00,,
09/05/2022 21:30,,
09/05/2022 22:00,,
09/05/2022 22:30,,
09/05/2022 23:00,,
09/05/2022 23:30,,
10/05/2022 00:00,,
10/05/2022 00:30,,
10/05/2022 01:00,,
10/05/2022 01:30,,
10/05/2022 02:00,,
10/05/2022 02:30,,
10/05/2022 03:00,,
10/05/2022 03:30,,
10/05/2022 04:00,,
10/05/2022 04:30,,
10/05/2022 05:00,,
10/05/2022 05:30,,
10/05/2022 06:00,,
10/05/2022 06:30,,
10/05/2022 07:00,,
10/05/2022 07:30,,
10/05/2022 08:00,,
10/05/2022 08:30,,
10/05/2022 09:00,,
10/05/2022 09:30,,
10/05/2022 10:00,,
10/05/2022 10:30,,
10/05/2022 11:00,,
10/05/2022 11:30,,
10/05/2022 12:00,,
10/05/2022 12:30,,
10/05/2022 13:00,,
10/05/2022 13:30,,
10/05/2022 14:00,,
10/05/2022 14:30,,
10/05/2022 15:00,,
10/05/2022 15:30,,
10/05/2022 16:00,,
10/05/2022 16:30,,
10/05/2022 17:00,,
10/05/2022 17:30,,
10/05/2022 18:00,,
10/05/2022 18:30,,
10/05/2022 19:00,,
10/05/2022 19:30,,
10/05/2022 20:00,,
10/05/2022 20:30,,
10/05/2022 21:00,,
10/05/2022 21:30,,
10/05/2022 22:00,,
10/05/2022 22:30,,
10/05/2022 23:00,,
10/05/2022 23:30,,
11/05/2022 00:00,,
11/05/2022 00:30,,
11/05/2022 01:00,,
11/05/2022 01:30,,
11/05/2022 02:00,,
11/05/2022 02:30,,
11/05/2022 03:00,,
11/05/2022 03:30,,
11/05/2022 04:00,,
11/05/2022 04:30,,
11/05/2022 05:00,,
11/05/2022 05:30,,
11/05/2022 06:00,,
11/05/2022 06:30,,
11/05/2022 07:00,,
11/05/2022 07:30,,
11/05/2022 08:00,,
11/05/2022 08:30,,
11/05/2022 09:00,,
11/05/2022 09:30,,
11/05/2022 10:00,,
11/05/2022 10:30,,
11/05/2022 11:00,,
11/05/2022 11:30,,
11/05/2022 12:00,,
11/05/2022 12:30,,
11/05/2022 13:00,,
11/05/2022 13:30,,
11/05/2022 14:00,,
11/05/2022 14:30,,
11/05/2022 15:00,,
11/05/2022 15:30,,
11/05/2022 16:00,,
11/05/2022 16:30,,
11/05/2022 17:00,,
11/05/2022 17:30,,
11/05/2022 18:00,,
11/05/2022 18:30,,
11/05/2022 19:00,,
11/05/2022 19:30,,
11/05/2022 20:00,,
11/05/2022 20:30,,
11/05/2022 21:00,,
11/05/2022 21:30,,
11/05/2022 22:00,,
11/05/2022 22:30,,
11/05/2022 23:00,,
11/05/2022 23:30,,
12/05/2022 00:00,,
12/05/2022 00:30,,
12/05/2022 01:00,,
12/05/2022 01:30,,
12/05/2022 02:00,,
12/05/2022 02:30,,
12/05/2022 03:00,,
12/05/2022 03:30,,
12/05/2022 04:00,,
12/05/2022 04:30,,
12/05/2022 05:00,,
12/05/2022 05:30,,
12/05/2022 06:00,,
12/05/2022 06:30,,
12/05/2022 07:00,,
12/05/2022 07:30,,
12/05/2022 08:00,,
12/05/2022 08:30,,
12/05/2022 09:00,,
12/05/2022 09:30,,
12/05/2022 10:00,,
12/05/2022 10:30,,
12/05/2022 11:00,,
12/05/2022 11:30,,
12/05/2022 12:00,,
12/05/2022 12:30,,
12/05/2022 13:00,,
12/05/2022 13:30,,
12/05/2022 14:00,,
12/05/2022 14:30,,
12/05/2022 15:00,,
12/05/2022 15:30,,
12/05/2022 16:00,,
12/05/2022 16:30,,
12/05/2022 17:00,,
12/05/2022 17:30,,
12/05/2022 18:00,,
12/05/2022 18:30,,
12/05/2022 19:00,,
12/05/2022 19:30,,
12/05/2022 20:00,,
12/05/2022 20:30,,
12/05/2022 21:00,,
12/05/2022 21:30,,
12/05/2022 22:00,,
12/05/2022 22:30,,
12/05/2022 23:00,,
12/05/2022 23:30,,
13/05/2022 00:00,,
13/05/2022 00:30,,
13/05/2022 01:00,,
13/05/2022 01:30,,
13/05/2022 02:00,,
13/05/2022 02:30,,
13/05/2022 03:00,,
13/05/2022 03:30,,
13/05/2022 04:00,,
13/05/2022 04:30,,
13/05/2022 05:00,,
13/05/2022 05:30,,
13/05/2022 06:00,,
13/05/2022 06:30,,
13/05/2022 07:00,,
13/05/2022 07:30,,
13/05/2022 08:00,,
13/05/2022 08:30,,
13/05/2022 09:00,,
13/05/2022 09:30,,
13/05/2022 10:00,,
13/05/2022 10:30,,
13/05/2022 11:00,,
13/05/2022 11:30,,
13/05/2022 12:00,,
13/05/2022 12:30,,
13/05/2022 13:00,,
13/05/2022 13:30,,
13/05/2022 14:00,,
13/05/2022 14:30,,
13/05/2022 15:00,,
13/05/2022 15:30,,
13/05/2022 16:00,,
13/05/2022 16:30,,
13/05/2022 17:00,,
13/05/2022 17:30,,
13/05/2022 18:00,,
13/05/2022 18:30,,
13/05/2022 19:00,,
13/05/2022 19:30,,
13/05/2022 20:00,,
13/05/2022 20:30,,
13/05/2022 21:00,,
13/05/2022 21:30,,
13/05/2022 22:00,,
13/05/2022 22:30,,
13/05/2022 23:00,,
13/05/2022 23:30,,
14/05/2022 00:00,,
14/05/2022 00:30,,
14/05/2022 01:00,,
14/05/2022 01:30,,
14/05/2022 02:00,,
14/05/2022 02:30,,
14/05/2022 03:00,,
14/05/2022 03:30,,
14/05/2022 04:00,,
14/05/2022 04:30,,
14/05/2022 05:00,,
14/05/2022 05:30,,
14/05/2022 06:00,,
14/05/2022 06:30,,
14/05/2022 07:00,,
14/05/2022 07:30,,
14/05/2022 08:00,,
14/05/2022 08:30,,
14/05/2022 09:00,,
14/05/2022 09:30,,
14/05/2022 10:00,,
14/05/2022 10:30,,
14/05/2022 11:00,,
14/05/2022 11:30,,
14/05/2022 12:00,,
14/05/2022 12:30,,
14/05/2022 13:00,,
14/05/2022 13:30,,
14/05/2022 14:00,,
14/05/2022 14:30,,
14/05/2022 15:00,,
14/05/2022 15:30,,
14/05/2022 16:00,,
14/05/2022 16:30,,
14/05/2022 17:00,,
14/05/2022 17:30,,
14/05/2022 18:00,,
14/05/2022 18:30,,
14/05/2022 19:00,,
14/05/2022 19:30,,
14/05/2022 20:00,,
14/05/2022 20:30,,
14/05/2022 21:00,,
14/05/2022 21:30,,
14/05/2022 22:00,,
14/05/2022 22:30,,
14/05/2022 23:00,,
14/05/2022 23:30,,
15/05/2022 00:00,,
15/05/2022 00:30,,
15/05/2022 01:00,,
15/05/2022 01:30,,
15/05/2022 02:00,,
15/05/2022 02:30,,
15/05/2022 03:00,,
15/05/2022 03:30,,
15/05/2022 04:00,,
15/05/2022 04:30,,
15/05/2022 05:00,,
15/05/2022 05:30,,
15/05/2022 06:00,,
15/05/2022 06:30,,
15/05/2022 07:00,,
15/05/2022 07:30,,
15/05/2022 08:00,,
15/05/2022 08:30,,
15/05/2022 09:00,,
15/05/2022 09:30,,
15/05/2022 10:00,,
15/05/2022 10:30,,
15/05/2022 11:00,,
15/05/2022 11:30,,
15/05/2022 12:00,,
15/05/2022 12:30,,
15/05/2022 13:00,,
15/05/2022 13:30,,
15/05/2022 14:00,,
15/05/2022 14:30,,
15/05/2022 15:00,,
15/05/2022 15:30,,
15/05/2022 16:00,,
15/05/2022 16:30,,
15/05/2022 17:00,,
15/05/2022 17:30,,
15/05/2022 18:00,,
15/05/2022 18:30,,
15/05/2022 19:00,,
15/05/2022 19:30,,
15/05/2022 20:00,,
15/05/2022 20:30,,
15/05/2022 21:00,,
15/05/2022 21:30,,
15/05/2022 22:00,,
15/05/2022 22:30,,
15/05/2022 23:00,,
15/05/2022 23:30,,
16/05/2022 00:00,,
16/05/2022 00:30,,
16/05/2022 01:00,,
16/05/2022 01:30,,
16/05/2022 02:00,,
16/05/2022 02:30,,
16/05/2022 03:00,,
16/05/2022 03:30,,
16/05/2022 04:00,,
16/05/2022 04:30,,
16/05/2022 05:00,,
16/05/2022 05:30,,
16/05/2022 06:00,,
16/05/2022 06:30,,
16/05/2022 07:00,,
16/05/2022 07:30,,
16/05/2022 08:00,,
16/05/2022 08:30,,
16/05/2022 09:00,,
16/05/2022 09:30,,
16/05/2022 10:00,,
16/05/2022 10:30,,
16/05/2022 11:00,,
16/05/2022 11:30,,
16/05/2022 12:00,,
16/05/2022 12:30,,
16/05/2022 13:00,,
16/05/2022 13:30,,
16/05/2022 14:00,,
16/05/2022 14:30,,
16/05/2022 15:00,,
16/05/2022 15:30,,
16/05/2022 16:00,,
16/05/2022 16:30,,
16/05/2022 17:00,,
16/05/2022 17:30,,
16/05/2022 18:00,,
16/05/2022 18:30,,
16/05/2022 19:00,,
16/05/2022 19:30,,
16/05/2022 20:00,,
16/05/2022 20:30,,
16/05/2022 21:00,,
16/05/2022 21:30,,
16/05/2022 22:00,,
16/05/2022 22:30,,
16/05/2022 23:00,,
16/05/2022 23:30,,
17/05/2022 00:00,,
17/05/2022 00:30,,
17/05/2022 01:00,,
17/05/2022 01:30,,
17/05/2022 02:00,,
17/05/2022 02:30,,
17/05/2022 03:00,,
17/05/2022 03:30,,
17/05/2022 04:00,,
17/05/2022 04:30,,
17/05/2022 05:00,,
17/05/2022 05:30,,
17/05/2022 06:00,,
17/05/2022 06:30,,
17/05/2022 07:00,,
17/05/2022 07:30,,
17/05/2022 08:00,,
17/05/2022 08:30,,
17/05/2022 09:00,,
17/05/2022 09:30,,
17/05/2022 10:00,,
17/05/2022 10:30,,
17/05/2022 11:00,,
17/05/2022 11:30,,
17/05/2022 12:00,,
17/05/2022 12:30,,
17/05/2022 13:00,,
17/05/2022 13:30,,
17/05/2022 14:00,,
17/05/2022 14:30,,
17/05/2022 15:00,,
17/05/2022 15:30,,
17/05/2022 16:00,,
17/05/2022 16:30,,
17/05/2022 17:00,,
17/05/2022 17:30,,
17/05/2022 18:00,,
17/05/2022 18:30,,
17/05/2022 19:00,,
17/05/2022 19:30,,
17/05/2022 20:00,,
17/05/2022 20:30,,
17/05/2022 21:00,,
17/05/2022 21:30,,
17/05/2022 22:00,,
17/05/2022 22:30,,
17/05/2022 23:00,,
17/05/2022 23:30,,
18/05/2022 00:00,,
18/05/2022 00:30,,
18/05/2022 01:00,,
18/05/2022 01:30,,
18/05/2022 02:00,,
18/05/2022 02:30,,
18/05/2022 03:00,,
18/05/2022 03:30,,
18/05/2022 04:00,,
18/05/2022 04:30,,
18/05/2022 05:00,,
18/05/2022 05:30,,
18/05/2022 06:00,,
18/05/2022 06:30,,
18/05/2022 07:00,,
18/05/2022 07:30,,
18/05/2022 08:00,,
18/05/2022 08:30,,
18/05/2022 09:00,,
18/05/2022 09:30,,
18/05/2022 10:00,,
18/05/2022 10:30,,
18/05/2022 11:00,,
18/05/2022 11:30,,
18/05/2022 12:00,,
18/05/2022 12:30,,
18/05/2022 13:00,,
18/05/2022 13:30,,
18/05/2022 14:00,,
18/05/2022 14:30,,
18/05/2022 15:00,,
18/05/2022 15:30,,
18/05/2022 16:00,,
18/05/2022 16:30,,
18/05/2022 17:00,,
18/05/2022 17:30,,
18/05/2022 18:00,,
18/05/2022 18:30,,
18/05/2022 19:00,,
18/05/2022 19:30,,
18/05/2022 20:00,,
18/05/2022 20:30,,
18/05/2022 21:00,,
18/05/2022 21:30,,
18/05/2022 22:00,,
18/05/2022 22:30,,
18/05/2022 23:00,,
18/05/2022 23:30,,
19/05/2022 00:00,,
19/05/2022 00:30,,
19/05/2022 01:00,,
19/05/2022 01:30,,
19/05/2022 02:00,,
19/05/2022 02:30,,
19/05/2022 03:00,,
19/05/2022 03:30,,
19/05/2022 04:00,,
19/05/2022 04:30,,
19/05/2022 05:00,,
19/05/2022 05:30,,
19/05/2022 06:00,,
19/05/2022 06:30,,
19/05/2022 07:00,,
19/05/2022 07:30,,
19/05/2022 08:00,,
19/05/2022 08:30,,
19/05/2022 09:00,,
19/05/2022 09:30,,
19/05/2022 10:00,,
19/05/2022 10:30,,
19/05/2022 11:00,,
19/05/2022 11:30,,
19/05/2022 12:00,,
19/05/2022 12:30,,
19/05/2022 13:00,,
19/05/2022 13:30,,
19/05/2022 14:00,,
19/05/2022 14:30,,
19/05/2022 15:00,,
19/05/2022 15:30,,
19/05/2022 16:00,,
19/05/2022 16:30,,
19/05/2022 17:00,,
19/05/2022 17:30,,
19/05/2022 18:00,,
19/05/2022 18:30,,
19/05/2022 19:00,,
19/05/2022 19:30,,
19/05/2022 20:00,,
19/05/2022 20:30,,
19/05/2022 21:00,,
19/05/2022 21:30,,
19/05/2022 22:00,,
19/05/2022 22:30,,
19/05/2022 23:00,,
19/05/2022 23:30,,
20/05/2022 00:00,,
20/05/2022 00:30,,
20/05/2022 01:00,,
20/05/2022 01:30,,
20/05/2022 02:00,,
20/05/2022 02:30,,
20/05/2022 03:00,,
20/05/2022 03:30,,
20/05/2022 04:00,,
20/05/2022 04:30,,
20/05/2022 05:00,,
20/05/2022 05:30,,
20/05/2022 06:00,,
20/05/2022 06:30,,
20/05/2022 07:00,,
20/05/2022 07:30,,
20/05/2022 08:00,,
20/05/2022 08:30,,
20/05/2022 09:00,,
20/05/2022 09:30,,
20/05/2022 10:00,,
20/05/2022 10:30,,
20/05/2022 11:00,,
20/05/2022 11:30,,
20/05/2022 12:00,,
20/05/2022 12:30,,
20/05/2022 13:00,,
20/05/2022 13:30,,
20/05/2022 14:00,,
20/05/2022 14:30,,
20/05/2022 15:00,,
20/05/2022 15:30,,
20/05/2022 16:00,,
20/05/2022 16:30,,
20/05/2022 17:00,,
20/05/2022 17:30,,
20/05/2022 18:00,,
20/05/2022 18:30,,
20/05/2022 19:00,,
20/05/2022 19:30,,
20/05/2022 20:00,,
20/05/2022 20:30,,
20/05/2022 21:00,,
20/05/2022 21:30,,
20/05/2022 22:00,,
20/05/2022 22:30,,
20/05/2022 23:00,,
20/05/2022 23:30,,
21/05/2022 00:00,,
21/05/2022 00:30,,
21/05/2022 01:00,,
21/05/2022 01:30,,
21/05/2022 02:00,,
21/05/2022 02:30,,
21/05/2022 03:00,,
21/05/2022 03:30,,
21/05/2022 04:00,,
21/05/2022 04:30,,
21/05/2022 05:00,,
21/05/2022 05:30,,
21/05/2022 06:00,,
21/05/2022 06:30,,
21/05/2022 07:00,,
21/05/2022 07:30,,
21/05/2022 08:00,,
21/05/2022 08:30,,
21/05/2022 09:00,,
21/05/2022 09:30,,
21/05/2022 10:00,,
21/05/2022 10:30,,
21/05/2022 11:00,,
21/05/2022 11:30,,
21/05/2022 12:00,,
21/05/2022 12:30,,
21/05/2022 13:00,,
21/05/2022 13:30,,
21/05/2022 14:00,,
21/05/2022 14:30,,
21/05/2022 15:00,,
21/05/2022 15:30,,
21/05/2022 16:00,,
21/05/2022 16:30,,
21/05/2022 17:00,,
21/05/2022 17:30,,
21/05/2022 18:00,,
21/05/2022 18:30,,
21/05/2022 19:00,,
21/05/2022 19:30,,
21/05/2022 20:00,,
21/05/2022 20:30,,
21/05/2022 21:00,,
21/05/2022 21:30,,
21/05/2022 22:00,,
21/05/2022 22:30,,
21/05/2022 23:00,,
21/05/2022 23:30,,
22/05/2022 00:00,,
22/05/2022 00:30,,
22/05/2022 01:00,,
22/05/2022 01:30,,
22/05/2022 02:00,,
22/05/2022 02:30,,
22/05/2022 03:00,,
22/05/2022 03:30,,
22/05/2022 04:00,,
22/05/2022 04:30,,
22/05/2022 05:00,,
22/05/2022 05:30,,
22/05/2022 06:00,,
22/05/2022 06:30,,
22/05/2022 07:00,,
22/05/2022 07:30,,
22/05/2022 08:00,,
22/05/2022 08:30,,
22/05/2022 09:00,,
22/05/2022 09:30,,
22/05/2022 10:00,,
22/05/2022 10:30,,
22/05/2022 11:00,,
22/05/2022 11:30,,
22/05/2022 12:00,,
22/05/2022 12:30,,
22/05/2022 13:00,,
22/05/2022 13:30,,
22/05/2022 14:00,,
22/05/2022 14:30,,
22/05/2022 15:00,,
22/05/2022 15:30,,
22/05/2022 16:00,,
22/05/2022 16:30,,
22/05/2022 17:00,,
22/05/2022 17:30,,
22/05/2022 18:00,,
22/05/2022 18:30,,
22/05/2022 19:00,,
22/05/2022 19:30,,
22/05/2022 20:00,,
22/05/2022 20:30,,
22/05/2022 21:00,,
22/05/2022 21:30,,
22/05/2022 22:00,,
22/05/2022 22:30,,
22/05/2022 23:00,,
22/05/2022 23:30,,
23/05/2022 00:00,,
23/05/2022 00:30,,
23/05/2022 01:00,,
23/05/2022 01:30,,
23/05/2022 02:00,,
23/05/2022 02:30,,
23/05/2022 03:00,,
23/05/2022 03:30,,
23/05/2022 04:00,,
23/05/2022 04:30,,
23/05/2022 05:00,,
23/05/2022 05:30,,
23/05/2022 06:00,,
23/05/2022 06:30,,
23/05/2022 07:00,,
23/05/2022 07:30,,
23/05/2022 08:00,,
23/05/2022 08:30,,
23/05/2022 09:00,,
23/05/2022 09:30,,
23/05/2022 10:00,,
23/05/2022 10:30,,
23/05/2022 11:00,,
23/05/2022 11:30,,
23/05/2022 12:00,,
23/05/2022 12:30,,
23/05/2022 13:00,,
23/05/2022 13:30,,
23/05/2022 14:00,,
23/05/2022 14:30,,
23/05/2022 15:00,,
23/05/2022 15:30,,
23/05/2022 16:00,,
23/05/2022 16:30,,
23/05/2022 17:00,,
23/05/2022 17:30,,
23/05/2022 18:00,,
23/05/2022 18:30,,
23/05/2022 19:00,,
23/05/2022 19:30,,
23/05/2022 20:00,,
23/05/2022 20:30,,
23/05/2022 21:00,,
23/05/2022 21:30,,
23/05/2022 22:00,,
23/05/2022 22:30,,
23/05/2022 23:00,,
23/05/2022 23:30,,
24/05/2022 00:00,,
24/05/2022 00:30,,
24/05/2022 01:00,,
24/05/2022 01:30,,
24/05/2022 02:00,,
24/05/2022 02:30,,
24/05/2022 03:00,,
24/05/2022 03:30,,
24/05/2022 04:00,,
24/05/2022 04:30,,
24/05/2022 05:00,,
24/05/2022 05:30,,
24/05/2022 06:00,,
24/05/2022 06:30,,
24/05/2022 07:00,,
24/05/2022 07:30,,
24/05/2022 08:00,,
24/05/2022 08:30,,
24/05/2022 09:00,,
24/05/2022 09:30,,
24/05/2022 10:00,,
24/05/2022 10:30,,
24/05/2022 11:00,,
24/05/2022 11:30,,
24/05/2022 12:00,,
24/05/2022 12:30,,
24/05/2022 13:00,,
24/05/2022 13:30,,
24/05/2022 14:00,,
24/05/2022 14:30,,
24/05/2022 15:00,,
24/05/2022 15:30,,
24/05/2022 16:00,,
24/05/2022 16:30,,
24/05/2022 17:00,,
24/05/2022 17:30,,
24/05/2022 18:00,,
24/05/2022 18:30,,
24/05/2022 19:00,,
24/05/2022 19:30,,
24/05/2022 20:00,,
24/05/2022 20:30,,
24/05/2022 21:00,,
24/05/2022 21:30,,
24/05/2022 22:00,,
24/05/2022 22:30,,
24/05/2022 23:00,,
24/05/2022 23:30,,
25/05/2022 00:00,,
25/05/2022 00:30,,
25/05/2022 01:00,,
25/05/2022 01:30,,
25/05/2022 02:00,,
25/05/2022 02:30,,
25/05/2022 03:00,,
25/05/2022 03:30,,
25/05/2022 04:00,,
25/05/2022 04:30,,
25/05/2022 05:00,,
25/05/2022 05:30,,
25/05/2022 06:00,,
25/05/2022 06:30,,
25/05/2022 07:00,,
25/05/2022 07:30,,
25/05/2022 08:00,,
25/05/2022 08:30,,
25/05/2022 09:00,,
25/05/2022 09:30,,
25/05/2022 10:00,,
25/05/2022 10:30,,
25/05/2022 11:00,,
25/05/2022 11:30,,
25/05/2022 12:00,,
25/05/2022 12:30,,
25/05/2022 13:00,,
25/05/2022 13:30,,
25/05/2022 14:00,,
25/05/2022 14:30,,
25/05/2022 15:00,,
25/05/2022 15:30,,
25/05/2022 16:00,,
25/05/2022 16:30,,
25/05/2022 17:00,,
25/05/2022 17:30,,
25/05/2022 18:00,,
25/05/2022 18:30,,
25/05/2022 19:00,,
25/05/2022 19:30,,
25/05/2022 20:00,,
25/05/2022 20:30,,
25/05/2022 21:00,,
25/05/2022 21:30,,
25/05/2022 22:00,,
25/05/2022 22:30,,
25/05/2022 23:00,,
25/05/2022 23:30,,
26/05/2022 00:00,,
26/05/2022 00:30,,
26/05/2022 01:00,,
26/05/2022 01:30,,
26/05/2022 02:00,,
26/05/2022 02:30,,
26/05/2022 03:00,,
26/05/2022 03:30,,
26/05/2022 04:00,,
26/05/2022 04:30,,
26/05/2022 05:00,,
26/05/2022 05:30,,
26/05/2022 06:00,,
26/05/2022 06:30,,
26/05/2022 07:00,,
26/05/2022 07:30,,
26/05/2022 08:00,,
26/05/2022 08:30,,
26/05/2022 09:00,,
26/05/2022 09:30,,
26/05/2022 10:00,,
26/05/2022 10:30,,
26/05/2022 11:00,,
26/05/2022 11:30,,
26/05/2022 12:00,,
26/05/2022 12:30,,
26/05/2022 13:00,,
26/05/2022 13:30,,
26/05/2022 14:00,,
26/05/2022 14:30,,
26/05/2022 15:00,,
26/05/2022 15:30,,
26/05/2022 16:00,,
26/05/2022 16:30,,
26/05/2022 17:00,,
26/05/2022 17:30,,
26/05/2022 18:00,,
26/05/2022 18:30,,
26/05/2022 19:00,,
26/05/2022 19:30,,
26/05/2022 20:00,,
26/05/2022 20:30,,
26/05/2022 21:00,,
26/05/2022 21:30,,
26/05/2022 22:00,,
26/05/2022 22:30,,
26/05/2022 23:00,,
26/05/2022 23:30,,
27/05/2022 00:00,,
27/05/2022 00:30,,
27/05/2022 01:00,,
27/05/2022 01:30,,
27/05/2022 02:00,,
27/05/2022 02:30,,
27/05/2022 03:00,,
27/05/2022 03:30,,
27/05/2022 04:00,,
27/05/2022 04:30,,
27/05/2022 05:00,,
27/05/2022 05:30,,
27/05/2022 06:00,,
27/05/2022 06:30,,
27/05/2022 07:00,,
27/05/2022 07:30,,
27/05/2022 08:00,,
27/05/2022 08:30,,
27/05/2022 09:00,,
27/05/2022 09:30,,
27/05/2022 10:00,,
27/05/2022 10:30,,
27/05/2022 11:00,,
27/05/2022 11:30,,
27/05/2022 12:00,,
27/05/2022 12:30,,
27/05/2022 13:00,,
27/05/2022 13:30,,
27/05/2022 14:00,,
27/05/2022 14:30,,
27/05/2022 15:00,,
27/05/2022 15:30,,
27/05/2022 16:00,,
27/05/2022 16:30,,
27/05/2022 17:00,,
27/05/2022 17:30,,
27/05/2022 18:00,,
27/05/2022 18:30,,
27/05/2022 19:00,,
27/05/2022 19:30,,
27/05/2022 20:00,,
27/05/2022 20:30,,
27/05/2022 21:00,,
27/05/2022 21:30,,
27/05/2022 22:00,,
27/05/2022 22:30,,
27/05/2022 23:00,,
27/05/2022 23:30,,
28/05/2022 00:00,,
28/05/2022 00:30,,
28/05/2022 01:00,,
28/05/2022 01:30,,
28/05/2022 02:00,,
28/05/2022 02:30,,
28/05/2022 03:00,,
28/05/2022 03:30,,
28/05/2022 04:00,,
28/05/2022 04:30,,
28/05/2022 05:00,,
28/05/2022 05:30,,
28/05/2022 06:00,,
28/05/2022 06:30,,
28/05/2022 07:00,,
28/05/2022 07:30,,
28/05/2022 08:00,,
28/05/2022 08:30,,
28/05/2022 09:00,,
28/05/2022 09:30,,
28/05/2022 10:00,,
28/05/2022 10:30,,
28/05/2022 11:00,,
28/05/2022 11:30,,
28/05/2022 12:00,,
28/05/2022 12:30,,
28/05/2022 13:00,,
28/05/2022 13:30,,
28/05/2022 14:00,,
28/05/2022 14:30,,
28/05/2022 15:00,,
28/05/2022 15:30,,
28/05/2022 16:00,,
28/05/2022 16:30,,
28/05/2022 17:00,,
28/05/2022 17:30,,
28/05/2022 18:00,,
28/05/2022 18:30,,
28/05/2022 19:00,,
28/05/2022 19:30,,
28/05/2022 20:00,,
28/05/2022 20:30,,
28/05/2022 21:00,,
28/05/2022 21:30,,
28/05/2022 22:00,,
28/05/2022 22:30,,
28/05/2022 23:00,,
28/05/2022 23:30,,
29/05/2022 00:00,,
29/05/2022 00:30,,
29/05/2022 01:00,,
29/05/2022 01:30,,
29/05/2022 02:00,,
29/05/2022 02:30,,
29/05/2022 03:00,,
29/05/2022 03:30,,
29/05/2022 04:00,,
29/05/2022 04:30,,
29/05/2022 05:00,,
29/05/2022 05:30,,
29/05/2022 06:00,,
29/05/2022 06:30,,
29/05/2022 07:00,,
29/05/2022 07:30,,
29/05/2022 08:00,,
29/05/2022 08:30,,
29/05/2022 09:00,,
29/05/2022 09:30,,
29/05/2022 10:00,,
29/05/2022 10:30,,
29/05/2022 11:00,,
29/05/2022 11:30,,
29/05/2022 12:00,,
29/05/2022 12:30,,
29/05/2022 13:00,,
29/05/2022 13:30,,
29/05/2022 14:00,,
29/05/2022 14:30,,
29/05/2022 15:00,,
29/05/2022 15:30,,
29/05/2022 16:00,,
29/05/2022 16:30,,
29/05/2022 17:00,,
29/05/2022 17:30,,
29/05/2022 18:00,,
29/05/2022 18:30,,
29/05/2022 19:00,,
29/05/2022 19:30,,
29/05/2022 20:00,,
29/05/2022 20:30,,
29/05/2022 21:00,,
29/05/2022 21:30,,
29/05/2022 22:00,,
29/05/2022 22:30,,
29/05/2022 23:00,,
29/05/2022 23:30,,
30/05/2022 00:00,,
30/05/2022 00:30,,
30/05/2022 01:00,,
30/05/2022 01:30,,
30/05/2022 02:00,,
30/05/2022 02:30,,
30/05/2022 03:00,,
30/05/2022 03:30,,
30/05/2022 04:00,,
30/05/2022 04:30,,
30/05/2022 05:00,,
30/05/2022 05:30,,
30/05/2022 06:00,,
30/05/2022 06:30,,
30/05/2022 07:00,,
30/05/2022 07:30,,
30/05/2022 08:00,,
30/05/2022 08:30,,
30/05/2022 09:00,,
30/05/2022 09:30,,
30/05/2022 10:00,,
30/05/2022 10:30,,
30/05/2022 11:00,,
30/05/2022 11:30,,
30/05/2022 12:00,,
30/05/2022 12:30,,
30/05/2022 13:00,,
30/05/2022 13:30,,
30/05/2022 14:00,,
30/05/2022 14:30,,
30/05/2022 15:00,,
30/05/2022 15:30,,
30/05/2022 16:00,,
30/05/2022 16:30,,
30/05/2022 17:00,,
30/05/2022 17:30,,
30/05/2022 18:00,,
30/05/2022 18:30,,
30/05/2022 19:00,,
30/05/2022 19:30,,
30/05/2022 20:00,,
30/05/2022 20:30,,
30/05/2022 21:00,,
30/05/2022 21:30,,
30/05/2022 22:00,,
30/05/2022 22:30,,
30/05/2022 23:00,,
30/05/2022 23:30,,
31/05/2022 00:00,,
31/05/2022 00:30,,
31/05/2022 01:00,,
31/05/2022 01:30,,
31/05/2022 02:00,,
31/05/2022 02:30,,
31/05/2022 03:00,,
31/05/2022 03:30,,
31/05/2022 04:00,,
31/05/2022 04:30,,
31/05/2022 05:00,,
31/05/2022 05:30,,
31/05/2022 06:00,,
31/05/2022 06:30,,
31/05/2022 07:00,,
31/05/2022 07:30,,
31/05/2022 08:00,,
31/05/2022 08:30,,
31/05/2022 09:00,,
31/05/2022 09:30,,
31/05/2022 10:00,,
31/05/2022 10:30,,
31/05/2022 11:00,,
31/05/2022 11:30,,
31/05/2022 12:00,,
31/05/2022 12:30,,
31/05/2022 13:00,,
31/05/2022 13:30,,
31/05/2022 14:00,,
31/05/2022 14:30,,
31/05/2022 15:00,,
31/05/2022 15:30,,
31/05/2022 16:00,,
31/05/2022 16:30,,
31/05/2022 17:00,,
31/05/2022 17:30,,
31/05/2022 18:00,,
31/05/2022 18:30,,
31/05/2022 19:00,,
31/05/2022 19:30,,
31/05/2022 20:00,,
31/05/2022 20:30,,
31/05/2022 21:00,,
31/05/2022 21:30,,
31/05/2022 22:00,,
31/05/2022 22:30,,
31/05/2022 23:00,,
31/05/2022 23:30,,
01/06/2022 00:00,,
01/06/2022 00:30,,
01/06/2022 01:00,,
01/06/2022 01:30,,
01/06/2022 02:00,,
01/06/2022 02:30,,
01/06/2022 03:00,,
01/06/2022 03:30,,
01/06/2022 04:00,,
01/06/2022 04:30,,
01/06/2022 05:00,,
01/06/2022 05:30,,
01/06/2022 06:00,,
01/06/2022 06:30,,
01/06/2022 07:00,,
01/06/2022 07:30,,
01/06/2022 08:00,,
01/06/2022 08:30,,
01/06/2022 09:00,,
01/06/2022 09:30,,
01/06/2022 10:00,,
01/06/2022 10:30,,
01/06/2022 11:00,,
01/06/2022 11:30,,
01/06/2022 12:00,,
01/06/2022 12:30,,
01/06/2022 13:00,,
01/06/2022 13:30,,
01/06/2022 14:00,,
01/06/2022 14:30,,
01/06/2022 15:00,,
01/06/2022 15:30,,
01/06/2022 16:00,,
01/06/2022 16:30,,
01/06/2022 17:00,,
01/06/2022 17:30,,
01/06/2022 18:00,,
01/06/2022 18:30,,
01/06/2022 19:00,,
01/06/2022 19:30,,
01/06/2022 20:00,,
01/06/2022 20:30,,
01/06/2022 21:00,,
01/06/2022 21:30,,
01/06/2022 22:00,,
01/06/2022 22:30,,
01/06/2022 23:00,,
01/06/2022 23:30,,
02/06/2022 00:00,,
02/06/2022 00:30,,
02/06/2022 01:00,,
02/06/2022 01:30,,
02/06/2022 02:00,,
02/06/2022 02:30,,
02/06/2022 03:00,,
02/06/2022 03:30,,
02/06/2022 04:00,,
02/06/2022 04:30,,
02/06/2022 05:00,,
02/06/2022 05:30,,
02/06/2022 06:00,,
02/06/2022 06:30,,
02/06/2022 07:00,,
02/06/2022 07:30,,
02/06/2022 08:00,,
02/06/2022 08:30,,
02/06/2022 09:00,,
02/06/2022 09:30,,
02/06/2022 10:00,,
02/06/2022 10:30,,
02/06/2022 11:00,,
02/06/2022 11:30,,
02/06/2022 12:00,,
02/06/2022 12:30,,
02/06/2022 13:00,,
02/06/2022 13:30,,
02/06/2022 14:00,,
02/06/2022 14:30,,
02/06/2022 15:00,,
02/06/2022 15:30,,
02/06/2022 16:00,,
02/06/2022 16:30,,
02/06/2022 17:00,,
02/06/2022 17:30,,
02/06/2022 18:00,,
02/06/2022 18:30,,
02/06/2022 19:00,,
02/06/2022 19:30,,
02/06/2022 20:00,,
02/06/2022 20:30,,
02/06/2022 21:00,,
02/06/2022 21:30,,
02/06/2022 22:00,,
02/06/2022 22:30,,
02/06/2022 23:00,,
02/06/2022 23:30,,
03/06/2022 00:00,,
03/06/2022 00:30,,
03/06/2022 01:00,,
03/06/2022 01:30,,
03/06/2022 02:00,,
03/06/2022 02:30,,
03/06/2022 03:00,,
03/06/2022 03:30,,
03/06/2022 04:00,,
03/06/2022 04:30,,
03/06/2022 05:00,,
03/06/2022 05:30,,
03/06/2022 06:00,,
03/06/2022 06:30,,
03/06/2022 07:00,,
03/06/2022 07:30,,
03/06/2022 08:00,,
03/06/2022 08:30,,
03/06/2022 09:00,,
03/06/2022 09:30,,
03/06/2022 10:00,,
03/06/2022 10:30,,
03/06/2022 11:00,,
03/06/2022 11:30,,
03/06/2022 12:00,,
03/06/2022 12:30,,
03/06/2022 13:00,,
03/06/2022 13:30,,
03/06/2022 14:00,,
03/06/2022 14:30,,
03/06/2022 15:00,,
03/06/2022 15:30,,
03/06/2022 16:00,,
03/06/2022 16:30,,
03/06/2022 17:00,,
03/06/2022 17:30,,
03/06/2022 18:00,,
03/06/2022 18:30,,
03/06/2022 19:00,,
03/06/2022 19:30,,
03/06/2022 20:00,,
03/06/2022 20:30,,
03/06/2022 21:00,,
03/06/2022 21:30,,
03/06/2022 22:00,,
03/06/2022 22:30,,
03/06/2022 23:00,,
03/06/2022 23:30,,
04/06/2022 00:00,,
04/06/2022 00:30,,
04/06/2022 01:00,,
04/06/2022 01:30,,
04/06/2022 02:00,,
04/06/2022 02:30,,
04/06/2022 03:00,,
04/06/2022 03:30,,
04/06/2022 04:00,,
04/06/2022 04:30,,
04/06/2022 05:00,,
04/06/2022 05:30,,
04/06/2022 06:00,,
04/06/2022 06:30,,
04/06/2022 07:00,,
04/06/2022 07:30,,
04/06/2022 08:00,,
04/06/2022 08:30,,
04/06/2022 09:00,,
04/06/2022 09:30,,
04/06/2022 10:00,,
04/06/2022 10:30,,
04/06/2022 11:00,,
04/06/2022 11:30,,
04/06/2022 12:00,,
04/06/2022 12:30,,
04/06/2022 13:00,,
04/06/2022 13:30,,
04/06/2022 14:00,,
04/06/2022 14:30,,
04/06/2022 15:00,,
04/06/2022 15:30,,
04/06/2022 16:00,,
04/06/2022 16:30,,
04/06/2022 17:00,,
04/06/2022 17:30,,
04/06/2022 18:00,,
04/06/2022 18:30,,
04/06/2022 19:00,,
04/06/2022 19:30,,
04/06/2022 20:00,,
04/06/2022 20:30,,
04/06/2022 21:00,,
04/06/2022 21:30,,
04/06/2022 22:00,,
04/06/2022 22:30,,
04/06/2022 23:00,,
04/06/2022 23:30,,
05/06/2022 00:00,,
05/06/2022 00:30,,
05/06/2022 01:00,,
05/06/2022 01:30,,
05/06/2022 02:00,,
05/06/2022 02:30,,
05/06/2022 03:00,,
05/06/2022 03:30,,
05/06/2022 04:00,,
05/06/2022 04:30,,
05/06/2022 05:00,,
05/06/2022 05:30,,
05/06/2022 06:00,,
05/06/2022 06:30,,
05/06/2022 07:00,,
05/06/2022 07:30,,
05/06/2022 08:00,,
05/06/2022 08:30,,
05/06/2022 09:00,,
05/06/2022 09:30,,
05/06/2022 10:00,,
05/06/2022 10:30,,
05/06/2022 11:00,,
05/06/2022 11:30,,
05/06/2022 12:00,,
05/06/2022 12:30,,
05/06/2022 13:00,,
05/06/2022 13:30,,
05/06/2022 14:00,,
05/06/2022 14:30,,
05/06/2022 15:00,,
05/06/2022 15:30,,
05/06/2022 16:00,,
05/06/2022 16:30,,
05/06/2022 17:00,,
05/06/2022 17:30,,
05/06/2022 18:00,,
05/06/2022 18:30,,
05/06/2022 19:00,,
05/06/2022 19:30,,
05/06/2022 20:00,,
05/06/2022 20:30,,
05/06/2022 21:00,,
05/06/2022 21:30,,
05/06/2022 22:00,,
05/06/2022 22:30,,
05/06/2022 23:00,,
05/06/2022 23:30,,
06/06/2022 00:00,,
06/06/2022 00:30,,
06/06/2022 01:00,,
06/06/2022 01:30,,
06/06/2022 02:00,,
06/06/2022 02:30,,
06/06/2022 03:00,,
06/06/2022 03:30,,
06/06/2022 04:00,,
06/06/2022 04:30,,
06/06/2022 05:00,,
06/06/2022 05:30,,
06/06/2022 06:00,,
06/06/2022 06:30,,
06/06/2022 07:00,,
06/06/2022 07:30,,
06/06/2022 08:00,,
06/06/2022 08:30,,
06/06/2022 09:00,,
06/06/2022 09:30,,
06/06/2022 10:00,,
06/06/2022 10:30,,
06/06/2022 11:00,,
06/06/2022 11:30,,
06/06/2022 12:00,,
06/06/2022 12:30,,
06/06/2022 13:00,,
06/06/2022 13:30,,
06/06/2022 14:00,,
06/06/2022 14:30,,
06/06/2022 15:00,,
06/06/2022 15:30,,
06/06/2022 16:00,,
06/06/2022 16:30,,
06/06/2022 17:00,,
06/06/2022 17:30,,
06/06/2022 18:00,,
06/06/2022 18:30,,
06/06/2022 19:00,,
06/06/2022 19:30,,
06/06/2022 20:00,,
06/06/2022 20:30,,
06/06/2022 21:00,,
06/06/2022 21:30,,
06/06/2022 22:00,,
06/06/2022 22:30,,
06/06/2022 23:00,,
06/06/2022 23:30,,
07/06/2022 00:00,,
07/06/2022 00:30,,
07/06/2022 01:00,,
07/06/2022 01:30,,
07/06/2022 02:00,,
07/06/2022 02:30,,
07/06/2022 03:00,,
07/06/2022 03:30,,
07/06/2022 04:00,,
07/06/2022 04:30,,
07/06/2022 05:00,,
07/06/2022 05:30,,
07/06/2022 06:00,,
07/06/2022 06:30,,
07/06/2022 07:00,,
07/06/2022 07:30,,
07/06/2022 08:00,,
07/06/2022 08:30,,
07/06/2022 09:00,,
07/06/2022 09:30,,
07/06/2022 10:00,,
07/06/2022 10:30,,
07/06/2022 11:00,,
07/06/2022 11:30,,
07/06/2022 12:00,,
07/06/2022 12:30,,
07/06/2022 13:00,,
07/06/2022 13:30,,
07/06/2022 14:00,,
07/06/2022 14:30,,
07/06/2022 15:00,,
07/06/2022 15:30,,
07/06/2022 16:00,,
07/06/2022 16:30,,
07/06/2022 17:00,,
07/06/2022 17:30,,
07/06/2022 18:00,,
07/06/2022 18:30,,
07/06/2022 19:00,,
07/06/2022 19:30,,
07/06/2022 20:00,,
07/06/2022 20:30,,
07/06/2022 21:00,,
07/06/2022 21:30,,
07/06/2022 22:00,,
07/06/2022 22:30,,
07/06/2022 23:00,,
07/06/2022 23:30,,
08/06/2022 00:00,,
08/06/2022 00:30,,
08/06/2022 01:00,,
08/06/2022 01:30,,
08/06/2022 02:00,,
08/06/2022 02:30,,
08/06/2022 03:00,,
08/06/2022 03:30,,
08/06/2022 04:00,,
08/06/2022 04:30,,
08/06/2022 05:00,,
08/06/2022 05:30,,
08/06/2022 06:00,,
08/06/2022 06:30,,
08/06/2022 07:00,,
08/06/2022 07:30,,
08/06/2022 08:00,,
08/06/2022 08:30,,
08/06/2022 09:00,,
08/06/2022 09:30,,
08/06/2022 10:00,,
08/06/2022 10:30,,
08/06/2022 11:00,,
08/06/2022 11:30,,
08/06/2022 12:00,,
08/06/2022 12:30,,
08/06/2022 13:00,,
08/06/2022 13:30,,
08/06/2022 14:00,,
08/06/2022 14:30,,
08/06/2022 15:00,,
08/06/2022 15:30,,
08/06/2022 16:00,,
08/06/2022 16:30,,
08/06/2022 17:00,,
08/06/2022 17:30,,
08/06/2022 18:00,,
08/06/2022 18:30,,
08/06/2022 19:00,,
08/06/2022 19:30,,
08/06/2022 20:00,,
08/06/2022 20:30,,
08/06/2022 21:00,,
08/06/2022 21:30,,
08/06/2022 22:00,,
08/06/2022 22:30,,
08/06/2022 23:00,,
08/06/2022 23:30,,
09/06/2022 00:00,,
09/06/2022 00:30,,
09/06/2022 01:00,,
09/06/2022 01:30,,
09/06/2022 02:00,,
09/06/2022 02:30,,
09/06/2022 03:00,,
09/06/2022 03:30,,
09/06/2022 04:00,,
09/06/2022 04:30,,
09/06/2022 05:00,,
09/06/2022 05:30,,
09/06/2022 06:00,,
09/06/2022 06:30,,
09/06/2022 07:00,,
09/06/2022 07:30,,
09/06/2022 08:00,,
09/06/2022 08:30,,
09/06/2022 09:00,,
09/06/2022 09:30,,
09/06/2022 10:00,,
09/06/2022 10:30,,
09/06/2022 11:00,,
09/06/2022 11:30,,
09/06/2022 12:00,,
09/06/2022 12:30,,
09/06/2022 13:00,,
09/06/2022 13:30,,
09/06/2022 14:00,,
09/06/2022 14:30,,
09/06/2022 15:00,,
09/06/2022 15:30,,
09/06/2022 16:00,,
09/06/2022 16:30,,
09/06/2022 17:00,,
09/06/2022 17:30,,
09/06/2022 18:00,,
09/06/2022 18:30,,
09/06/2022 19:00,,
09/06/2022 19:30,,
09/06/2022 20:00,,
09/06/2022 20:30,,
09/06/2022 21:00,,
09/06/2022 21:30,,
09/06/2022 22:00,,
09/06/2022 22:30,,
09/06/2022 23:00,,
09/06/2022 23:30,,
10/06/2022 00:00,,
10/06/2022 00:30,,
10/06/2022 01:00,,
10/06/2022 01:30,,
10/06/2022 02:00,,
10/06/2022 02:30,,
10/06/2022 03:00,,
10/06/2022 03:30,,
10/06/2022 04:00,,
10/06/2022 04:30,,
10/06/2022 05:00,,
10/06/2022 05:30,,
10/06/2022 06:00,,
10/06/2022 06:30,,
10/06/2022 07:00,,
10/06/2022 07:30,,
10/06/2022 08:00,,
10/06/2022 08:30,,
10/06/2022 09:00,,
10/06/2022 09:30,,
10/06/2022 10:00,,
10/06/2022 10:30,,
10/06/2022 11:00,,
10/06/2022 11:30,,
10/06/2022 12:00,,
10/06/2022 12:30,,
10/06/2022 13:00,,
10/06/2022 13:30,,
10/06/2022 14:00,,
10/06/2022 14:30,,
10/06/2022 15:00,,
10/06/2022 15:30,,
10/06/2022 16:00,,
10/06/2022 16:30,,
10/06/2022 17:00,,
10/06/2022 17:30,,
10/06/2022 18:00,,
10/06/2022 18:30,,
10/06/2022 19:00,,
10/06/2022 19:30,,
10/06/2022 20:00,,
10/06/2022 20:30,,
10/06/2022 21:00,,
10/06/2022 21:30,,
10/06/2022 22:00,,
10/06/2022 22:30,,
10/06/2022 23:00,,
10/06/2022 23:30,,
11/06/2022 00:00,,
11/06/2022 00:30,,
11/06/2022 01:00,,
11/06/2022 01:30,,
11/06/2022 02:00,,
11/06/2022 02:30,,
11/06/2022 03:00,,
11/06/2022 03:30,,
11/06/2022 04:00,,
11/06/2022 04:30,,
11/06/2022 05:00,,
11/06/2022 05:30,,
11/06/2022 06:00,,
11/06/2022 06:30,,
11/06/2022 07:00,,
11/06/2022 07:30,,
11/06/2022 08:00,,
11/06/2022 08:30,,
11/06/2022 09:00,,
11/06/2022 09:30,,
11/06/2022 10:00,,
11/06/2022 10:30,,
11/06/2022 11:00,,
11/06/2022 11:30,,
11/06/2022 12:00,,
11/06/2022 12:30,,
11/06/2022 13:00,,
11/06/2022 13:30,,
11/06/2022 14:00,,
11/06/2022 14:30,,
11/06/2022 15:00,,
11/06/2022 15:30,,
11/06/2022 16:00,,
11/06/2022 16:30,,
11/06/2022 17:00,,
11/06/2022 17:30,,
11/06/2022 18:00,,
11/06/2022 18:30,,
11/06/2022 19:00,,
11/06/2022 19:30,,
11/06/2022 20:00,,
11/06/2022 20:30,,
11/06/2022 21:00,,
11/06/2022 21:30,,
11/06/2022 22:00,,
11/06/2022 22:30,,
11/06/2022 23:00,,
11/06/2022 23:30,,
12/06/2022 00:00,,
12/06/2022 00:30,,
12/06/2022 01:00,,
12/06/2022 01:30,,
12/06/2022 02:00,,
12/06/2022 02:30,,
12/06/2022 03:00,,
12/06/2022 03:30,,
12/06/2022 04:00,,
12/06/2022 04:30,,
12/06/2022 05:00,,
12/06/2022 05:30,,
12/06/2022 06:00,,
12/06/2022 06:30,,
12/06/2022 07:00,,
12/06/2022 07:30,,
12/06/2022 08:00,,
12/06/2022 08:30,,
12/06/2022 09:00,,
12/06/2022 09:30,,
12/06/2022 10:00,,
12/06/2022 10:30,,
12/06/2022 11:00,,
12/06/2022 11:30,,
12/06/2022 12:00,,
12/06/2022 12:30,,
12/06/2022 13:00,,
12/06/2022 13:30,,
12/06/2022 14:00,,
12/06/2022 14:30,,
12/06/2022 15:00,,
12/06/2022 15:30,,
12/06/2022 16:00,,
12/06/2022 16:30,,
12/06/2022 17:00,,
12/06/2022 17:30,,
12/06/2022 18:00,,
12/06/2022 18:30,,
12/06/2022 19:00,,
12/06/2022 19:30,,
12/06/2022 20:00,,
12/06/2022 20:30,,
12/06/2022 21:00,,
12/06/2022 21:30,,
12/06/2022 22:00,,
12/06/2022 22:30,,
12/06/2022 23:00,,
12/06/2022 23:30,,
13/06/2022 00:00,,
13/06/2022 00:30,,
13/06/2022 01:00,,
13/06/2022 01:30,,
13/06/2022 02:00,,
13/06/2022 02:30,,
13/06/2022 03:00,,
13/06/2022 03:30,,
13/06/2022 04:00,,
13/06/2022 04:30,,
13/06/2022 05:00,,
13/06/2022 05:30,,
13/06/2022 06:00,,
13/06/2022 06:30,,
13/06/2022 07:00,,
13/06/2022 07:30,,
13/06/2022 08:00,,
13/06/2022 08:30,,
13/06/2022 09:00,,
13/06/2022 09:30,,
13/06/2022 10:00,,
13/06/2022 10:30,,
13/06/2022 11:00,,
13/06/2022 11:30,,
13/06/2022 12:00,,
13/06/2022 12:30,,
13/06/2022 13:00,,
13/06/2022 13:30,,
13/06/2022 14:00,,
13/06/2022 14:30,,
13/06/2022 15:00,,
13/06/2022 15:30,,
13/06/2022 16:00,,
13/06/2022 16:30,,
13/06/2022 17:00,,
13/06/2022 17:30,,
13/06/2022 18:00,,
13/06/2022 18:30,,
13/06/2022 19:00,,
13/06/2022 19:30,,
13/06/2022 20:00,,
13/06/2022 20:30,,
13/06/2022 21:00,,
13/06/2022 21:30,,
13/06/2022 22:00,,
13/06/2022 22:30,,
13/06/2022 23:00,,
13/06/2022 23:30,,
14/06/2022 00:00,,
14/06/2022 00:30,,
14/06/2022 01:00,,
14/06/2022 01:30,,
14/06/2022 02:00,,
14/06/2022 02:30,,
14/06/2022 03:00,,
14/06/2022 03:30,,
14/06/2022 04:00,,
14/06/2022 04:30,,
14/06/2022 05:00,,
14/06/2022 05:30,,
14/06/2022 06:00,,
14/06/2022 06:30,,
14/06/2022 07:00,,
14/06/2022 07:30,,
14/06/2022 08:00,,
14/06/2022 08:30,,
14/06/2022 09:00,,
14/06/2022 09:30,,
14/06/2022 10:00,,
14/06/2022 10:30,,
14/06/2022 11:00,,
14/06/2022 11:30,,
14/06/2022 12:00,,
14/06/2022 12:30,,
14/06/2022 13:00,,
14/06/2022 13:30,,
14/06/2022 14:00,,
14/06/2022 14:30,,
14/06/2022 15:00,,
14/06/2022 15:30,,
14/06/2022 16:00,,
14/06/2022 16:30,,
14/06/2022 17:00,,
14/06/2022 17:30,,
14/06/2022 18:00,,
14/06/2022 18:30,,
14/06/2022 19:00,,
14/06/2022 19:30,,
14/06/2022 20:00,,
14/06/2022 20:30,,
14/06/2022 21:00,,
14/06/2022 21:30,,
14/06/2022 22:00,,
14/06/2022 22:30,,
14/06/2022 23:00,,
14/06/2022 23:30,,
15/06/2022 00:00,,
15/06/2022 00:30,,
15/06/2022 01:00,,
15/06/2022 01:30,,
15/06/2022 02:00,,
15/06/2022 02:30,,
15/06/2022 03:00,,
15/06/2022 03:30,,
15/06/2022 04:00,,
15/06/2022 04:30,,
15/06/2022 05:00,,
15/06/2022 05:30,,
15/06/2022 06:00,,
15/06/2022 06:30,,
15/06/2022 07:00,,
15/06/2022 07:30,,
15/06/2022 08:00,,
15/06/2022 08:30,,
15/06/2022 09:00,,
15/06/2022 09:30,,
15/06/2022 10:00,,
15/06/2022 10:30,,
15/06/2022 11:00,,
15/06/2022 11:30,,
15/06/2022 12:00,,
15/06/2022 12:30,,
15/06/2022 13:00,,
15/06/2022 13:30,,
15/06/2022 14:00,,
15/06/2022 14:30,,
15/06/2022 15:00,,
15/06/2022 15:30,,
15/06/2022 16:00,,
15/06/2022 16:30,,
15/06/2022 17:00,,
15/06/2022 17:30,,
15/06/2022 18:00,,
15/06/2022 18:30,,
15/06/2022 19:00,,
15/06/2022 19:30,,
15/06/2022 20:00,,
15/06/2022 20:30,,
15/06/2022 21:00,,
15/06/2022 21:30,,
15/06/2022 22:00,,
15/06/2022 22:30,,
15/06/2022 23:00,,
15/06/2022 23:30,,
16/06/2022 00:00,,
16/06/2022 00:30,,
16/06/2022 01:00,,
16/06/2022 01:30,,
16/06/2022 02:00,,
16/06/2022 02:30,,
16/06/2022 03:00,,
16/06/2022 03:30,,
16/06/2022 04:00,,
16/06/2022 04:30,,
16/06/2022 05:00,,
16/06/2022 05:30,,
16/06/2022 06:00,,
16/06/2022 06:30,,
16/06/2022 07:00,,
16/06/2022 07:30,,
16/06/2022 08:00,,
16/06/2022 08:30,,
16/06/2022 09:00,,
16/06/2022 09:30,,
16/06/2022 10:00,,
16/06/2022 10:30,,
16/06/2022 11:00,,
16/06/2022 11:30,,
16/06/2022 12:00,,
16/06/2022 12:30,,
16/06/2022 13:00,,
16/06/2022 13:30,,
16/06/2022 14:00,,
16/06/2022 14:30,,
16/06/2022 15:00,,
16/06/2022 15:30,,
16/06/2022 16:00,,
16/06/2022 16:30,,
16/06/2022 17:00,,
16/06/2022 17:30,,
16/06/2022 18:00,,
16/06/2022 18:30,,
16/06/2022 19:00,,
16/06/2022 19:30,,
16/06/2022 20:00,,
16/06/2022 20:30,,
16/06/2022 21:00,,
16/06/2022 21:30,,
16/06/2022 22:00,,
16/06/2022 22:30,,
16/06/2022 23:00,,
16/06/2022 23:30,,
17/06/2022 00:00,,
17/06/2022 00:30,,
17/06/2022 01:00,,
17/06/2022 01:30,,
17/06/2022 02:00,,
17/06/2022 02:30,,
17/06/2022 03:00,,
17/06/2022 03:30,,
17/06/2022 04:00,,
17/06/2022 04:30,,
17/06/2022 05:00,,
17/06/2022 05:30,,
17/06/2022 06:00,,
17/06/2022 06:30,,
17/06/2022 07:00,,
17/06/2022 07:30,,
17/06/2022 08:00,,
17/06/2022 08:30,,
17/06/2022 09:00,,
17/06/2022 09:30,,
17/06/2022 10:00,,
17/06/2022 10:30,,
17/06/2022 11:00,,
17/06/2022 11:30,,
17/06/2022 12:00,,
17/06/2022 12:30,,
17/06/2022 13:00,,
17/06/2022 13:30,,
17/06/2022 14:00,,
17/06/2022 14:30,,
17/06/2022 15:00,,
17/06/2022 15:30,,
17/06/2022 16:00,,
17/06/2022 16:30,,
17/06/2022 17:00,,
17/06/2022 17:30,,
17/06/2022 18:00,,
17/06/2022 18:30,,
17/06/2022 19:00,,
17/06/2022 19:30,,
17/06/2022 20:00,,
17/06/2022 20:30,,
17/06/2022 21:00,,
17/06/2022 21:30,,
17/06/2022 22:00,,
17/06/2022 22:30,,
17/06/2022 23:00,,
17/06/2022 23:30,,
18/06/2022 00:00,,
18/06/2022 00:30,,
18/06/2022 01:00,,
18/06/2022 01:30,,
18/06/2022 02:00,,
18/06/2022 02:30,,
18/06/2022 03:00,,
18/06/2022 03:30,,
18/06/2022 04:00,,
18/06/2022 04:30,,
18/06/2022 05:00,,
18/06/2022 05:30,,
18/06/2022 06:00,,
18/06/2022 06:30,,
18/06/2022 07:00,,
18/06/2022 07:30,,
18/06/2022 08:00,,
18/06/2022 08:30,,
18/06/2022 09:00,,
18/06/2022 09:30,,
18/06/2022 10:00,,
18/06/2022 10:30,,
18/06/2022 11:00,,
18/06/2022 11:30,,
18/06/2022 12:00,,
18/06/2022 12:30,,
18/06/2022 13:00,,
18/06/2022 13:30,,
18/06/2022 14:00,,
18/06/2022 14:30,,
18/06/2022 15:00,,
18/06/2022 15:30,,
18/06/2022 16:00,,
18/06/2022 16:30,,
18/06/2022 17:00,,
18/06/2022 17:30,,
18/06/2022 18:00,,
18/06/2022 18:30,,
18/06/2022 19:00,,
18/06/2022 19:30,,
18/06/2022 20:00,,
18/06/2022 20:30,,
18/06/2022 21:00,,
18/06/2022 21:30,,
18/06/2022 22:00,,
18/06/2022 22:30,,
18/06/2022 23:00,,
18/06/2022 23:30,,
19/06/2022 00:00,,
19/06/2022 00:30,,
19/06/2022 01:00,,
19/06/2022 01:30,,
19/06/2022 02:00,,
19/06/2022 02:30,,
19/06/2022 03:00,,
19/06/2022 03:30,,
19/06/2022 04:00,,
19/06/2022 04:30,,
19/06/2022 05:00,,
19/06/2022 05:30,,
19/06/2022 06:00,,
19/06/2022 06:30,,
19/06/2022 07:00,,
19/06/2022 07:30,,
19/06/2022 08:00,,
19/06/2022 08:30,,
19/06/2022 09:00,,
19/06/2022 09:30,,
19/06/2022 10:00,,
19/06/2022 10:30,,
19/06/2022 11:00,,
19/06/2022 11:30,,
19/06/2022 12:00,,
19/06/2022 12:30,,
19/06/2022 13:00,,
19/06/2022 13:30,,
19/06/2022 14:00,,
19/06/2022 14:30,,
19/06/2022 15:00,,
19/06/2022 15:30,,
19/06/2022 16:00,,
19/06/2022 16:30,,
19/06/2022 17:00,,
19/06/2022 17:30,,
19/06/2022 18:00,,
19/06/2022 18:30,,
19/06/2022 19:00,,
19/06/2022 19:30,,
19/06/2022 20:00,,
19/06/2022 20:30,,
19/06/2022 21:00,,
19/06/2022 21:30,,
19/06/2022 22:00,,
19/06/2022 22:30,,
19/06/2022 23:00,,
19/06/2022 23:30,,
20/06/2022 00:00,,
20/06/2022 00:30,,
20/06/2022 01:00,,
20/06/2022 01:30,,
20/06/2022 02:00,,
20/06/2022 02:30,,
20/06/2022 03:00,,
20/06/2022 03:30,,
20/06/2022 04:00,,
20/06/2022 04:30,,
20/06/2022 05:00,,
20/06/2022 05:30,,
20/06/2022 06:00,,
20/06/2022 06:30,,
20/06/2022 07:00,,
20/06/2022 07:30,,
20/06/2022 08:00,,
20/06/2022 08:30,,
20/06/2022 09:00,,
20/06/2022 09:30,,
20/06/2022 10:00,,
20/06/2022 10:30,,
20/06/2022 11:00,,
20/06/2022 11:30,,
20/06/2022 12:00,,
20/06/2022 12:30,,
20/06/2022 13:00,,
20/06/2022 13:30,,
20/06/2022 14:00,,
20/06/2022 14:30,,
20/06/2022 15:00,,
20/06/2022 15:30,,
20/06/2022 16:00,,
20/06/2022 16:30,,
20/06/2022 17:00,,
20/06/2022 17:30,,
20/06/2022 18:00,,
20/06/2022 18:30,,
20/06/2022 19:00,,
20/06/2022 19:30,,
20/06/2022 20:00,,
20/06/2022 20:30,,
20/06/2022 21:00,,
20/06/2022 21:30,,
20/06/2022 22:00,,
20/06/2022 22:30,,
20/06/2022 23:00,,
20/06/2022 23:30,,
21/06/2022 00:00,,
21/06/2022 00:30,,
21/06/2022 01:00,,
21/06/2022 01:30,,
21/06/2022 02:00,,
21/06/2022 02:30,,
21/06/2022 03:00,,
21/06/2022 03:30,,
21/06/2022 04:00,,
21/06/2022 04:30,,
21/06/2022 05:00,,
21/06/2022 05:30,,
21/06/2022 06:00,,
21/06/2022 06:30,,
21/06/2022 07:00,,
21/06/2022 07:30,,
21/06/2022 08:00,,
21/06/2022 08:30,,
21/06/2022 09:00,,
21/06/2022 09:30,,
21/06/2022 10:00,,
21/06/2022 10:30,,
21/06/2022 11:00,,
21/06/2022 11:30,,
21/06/2022 12:00,,
21/06/2022 12:30,,
21/06/2022 13:00,,
21/06/2022 13:30,,
21/06/2022 14:00,,
21/06/2022 14:30,,
21/06/2022 15:00,,
21/06/2022 15:30,,
21/06/2022 16:00,,
21/06/2022 16:30,,
21/06/2022 17:00,,
21/06/2022 17:30,,
21/06/2022 18:00,,
21/06/2022 18:30,,
21/06/2022 19:00,,
21/06/2022 19:30,,
21/06/2022 20:00,,
21/06/2022 20:30,,
21/06/2022 21:00,,
21/06/2022 21:30,,
21/06/2022 22:00,,
21/06/2022 22:30,,
21/06/2022 23:00,,
21/06/2022 23:30,,
22/06/2022 00:00,,
22/06/2022 00:30,,
22/06/2022 01:00,,
22/06/2022 01:30,,
22/06/2022 02:00,,
22/06/2022 02:30,,
22/06/2022 03:00,,
22/06/2022 03:30,,
22/06/2022 04:00,,
22/06/2022 04:30,,
22/06/2022 05:00,,
22/06/2022 05:30,,
22/06/2022 06:00,,
22/06/2022 06:30,,
22/06/2022 07:00,,
22/06/2022 07:30,,
22/06/2022 08:00,,
22/06/2022 08:30,,
22/06/2022 09:00,,
22/06/2022 09:30,,
22/06/2022 10:00,,
22/06/2022 10:30,,
22/06/2022 11:00,,
22/06/2022 11:30,,
22/06/2022 12:00,,
22/06/2022 12:30,,
22/06/2022 13:00,,
22/06/2022 13:30,,
22/06/2022 14:00,,
22/06/2022 14:30,,
22/06/2022 15:00,,
22/06/2022 15:30,,
22/06/2022 16:00,,
22/06/2022 16:30,,
22/06/2022 17:00,,
22/06/2022 17:30,,
22/06/2022 18:00,,
22/06/2022 18:30,,
22/06/2022 19:00,,
22/06/2022 19:30,,
22/06/2022 20:00,,
22/06/2022 20:30,,
22/06/2022 21:00,,
22/06/2022 21:30,,
22/06/2022 22:00,,
22/06/2022 22:30,,
22/06/2022 23:00,,
22/06/2022 23:30,,
23/06/2022 00:00,,
23/06/2022 00:30,,
23/06/2022 01:00,,
23/06/2022 01:30,,
23/06/2022 02:00,,
23/06/2022 02:30,,
23/06/2022 03:00,,
23/06/2022 03:30,,
23/06/2022 04:00,,
23/06/2022 04:30,,
23/06/2022 05:00,,
23/06/2022 05:30,,
23/06/2022 06:00,,
23/06/2022 06:30,,
23/06/2022 07:00,,
23/06/2022 07:30,,
23/06/2022 08:00,,
23/06/2022 08:30,,
23/06/2022 09:00,,
23/06/2022 09:30,,
23/06/2022 10:00,,
23/06/2022 10:30,,
23/06/2022 11:00,,
23/06/2022 11:30,,
23/06/2022 12:00,,
23/06/2022 12:30,,
23/06/2022 13:00,,
23/06/2022 13:30,,
23/06/2022 14:00,,
23/06/2022 14:30,,
23/06/2022 15:00,,
23/06/2022 15:30,,
23/06/2022 16:00,,
23/06/2022 16:30,,
23/06/2022 17:00,,
23/06/2022 17:30,,
23/06/2022 18:00,,
23/06/2022 18:30,,
23/06/2022 19:00,,
23/06/2022 19:30,,
23/06/2022 20:00,,
23/06/2022 20:30,,
23/06/2022 21:00,,
23/06/2022 21:30,,
23/06/2022 22:00,,
23/06/2022 22:30,,
23/06/2022 23:00,,
23/06/2022 23:30,,
24/06/2022 00:00,,
24/06/2022 00:30,,
24/06/2022 01:00,,
24/06/2022 01:30,,
24/06/2022 02:00,,
24/06/2022 02:30,,
24/06/2022 03:00,,
24/06/2022 03:30,,
24/06/2022 04:00,,
24/06/2022 04:30,,
24/06/2022 05:00,,
24/06/2022 05:30,,
24/06/2022 06:00,,
24/06/2022 06:30,,
24/06/2022 07:00,,
24/06/2022 07:30,,
24/06/2022 08:00,,
24/06/2022 08:30,,
24/06/2022 09:00,,
24/06/2022 09:30,,
24/06/2022 10:00,,
24/06/2022 10:30,,
24/06/2022 11:00,,
24/06/2022 11:30,,
24/06/2022 12:00,,
24/06/2022 12:30,,
24/06/2022 13:00,,
24/06/2022 13:30,,
24/06/2022 14:00,,
24/06/2022 14:30,,
24/06/2022 15:00,,
24/06/2022 15:30,,
24/06/2022 16:00,,
24/06/2022 16:30,,
24/06/2022 17:00,,
24/06/2022 17:30,,
24/06/2022 18:00,,
24/06/2022 18:30,,
24/06/2022 19:00,,
24/06/2022 19:30,,
24/06/2022 20:00,,
24/06/2022 20:30,,
24/06/2022 21:00,,
24/06/2022 21:30,,
24/06/2022 22:00,,
24/06/2022 22:30,,
24/06/2022 23:00,,
24/06/2022 23:30,,
25/06/2022 00:00,,
25/06/2022 00:30,,
25/06/2022 01:00,,
25/06/2022 01:30,,
25/06/2022 02:00,,
25/06/2022 02:30,,
25/06/2022 03:00,,
25/06/2022 03:30,,
25/06/2022 04:00,,
25/06/2022 04:30,,
25/06/2022 05:00,,
25/06/2022 05:30,,
25/06/2022 06:00,,
25/06/2022 06:30,,
25/06/2022 07:00,,
25/06/2022 07:30,,
25/06/2022 08:00,,
25/06/2022 08:30,,
25/06/2022 09:00,,
25/06/2022 09:30,,
25/06/2022 10:00,,
25/06/2022 10:30,,
25/06/2022 11:00,,
25/06/2022 11:30,,
25/06/2022 12:00,,
25/06/2022 12:30,,
25/06/2022 13:00,,
25/06/2022 13:30,,
25/06/2022 14:00,,
25/06/2022 14:30,,
25/06/2022 15:00,,
25/06/2022 15:30,,
25/06/2022 16:00,,
25/06/2022 16:30,,
25/06/2022 17:00,,
25/06/2022 17:30,,
25/06/2022 18:00,,
25/06/2022 18:30,,
25/06/2022 19:00,,
25/06/2022 19:30,,
25/06/2022 20:00,,
25/06/2022 20:30,,
25/06/2022 21:00,,
25/06/2022 21:30,,
25/06/2022 22:00,,
25/06/2022 22:30,,
25/06/2022 23:00,,
25/06/2022 23:30,,
26/06/2022 00:00,,
26/06/2022 00:30,,
26/06/2022 01:00,,
26/06/2022 01:30,,
26/06/2022 02:00,,
26/06/2022 02:30,,
26/06/2022 03:00,,
26/06/2022 03:30,,
26/06/2022 04:00,,
26/06/2022 04:30,,
26/06/2022 05:00,,
26/06/2022 05:30,,
26/06/2022 06:00,,
26/06/2022 06:30,,
26/06/2022 07:00,,
26/06/2022 07:30,,
26/06/2022 08:00,,
26/06/2022 08:30,,
26/06/2022 09:00,,
26/06/2022 09:30,,
26/06/2022 10:00,,
26/06/2022 10:30,,
26/06/2022 11:00,,
26/06/2022 11:30,,
26/06/2022 12:00,,
26/06/2022 12:30,,
26/06/2022 13:00,,
26/06/2022 13:30,,
26/06/2022 14:00,,
26/06/2022 14:30,,
26/06/2022 15:00,,
26/06/2022 15:30,,
26/06/2022 16:00,,
26/06/2022 16:30,,
26/06/2022 17:00,,
26/06/2022 17:30,,
26/06/2022 18:00,,
26/06/2022 18:30,,
26/06/2022 19:00,,
26/06/2022 19:30,,
26/06/2022 20:00,,
26/06/2022 20:30,,
26/06/2022 21:00,,
26/06/2022 21:30,,
26/06/2022 22:00,,
26/06/2022 22:30,,
26/06/2022 23:00,,
26/06/2022 23:30,,
27/06/2022 00:00,,
27/06/2022 00:30,,
27/06/2022 01:00,,
27/06/2022 01:30,,
27/06/2022 02:00,,
27/06/2022 02:30,,
27/06/2022 03:00,,
27/06/2022 03:30,,
27/06/2022 04:00,,
27/06/2022 04:30,,
27/06/2022 05:00,,
27/06/2022 05:30,,
27/06/2022 06:00,,
27/06/2022 06:30,,
27/06/2022 07:00,,
27/06/2022 07:30,,
27/06/2022 08:00,,
27/06/2022 08:30,,
27/06/2022 09:00,,
27/06/2022 09:30,,
27/06/2022 10:00,,
27/06/2022 10:30,,
27/06/2022 11:00,,
27/06/2022 11:30,,
27/06/2022 12:00,,
27/06/2022 12:30,,
27/06/2022 13:00,,
27/06/2022 13:30,,
27/06/2022 14:00,,
27/06/2022 14:30,,
27/06/2022 15:00,,
27/06/2022 15:30,,
27/06/2022 16:00,,
27/06/2022 16:30,,
27/06/2022 17:00,,
27/06/2022 17:30,,
27/06/2022 18:00,,
27/06/2022 18:30,,
27/06/2022 19:00,,
27/06/2022 19:30,,
27/06/2022 20:00,,
27/06/2022 20:30,,
27/06/2022 21:00,,
27/06/2022 21:30,,
27/06/2022 22:00,,
27/06/2022 22:30,,
27/06/2022 23:00,,
27/06/2022 23:30,,
28/06/2022 00:00,,
28/06/2022 00:30,,
28/06/2022 01:00,,
28/06/2022 01:30,,
28/06/2022 02:00,,
28/06/2022 02:30,,
28/06/2022 03:00,,
28/06/2022 03:30,,
28/06/2022 04:00,,
28/06/2022 04:30,,
28/06/2022 05:00,,
28/06/2022 05:30,,
28/06/2022 06:00,,
28/06/2022 06:30,,
28/06/2022 07:00,,
28/06/2022 07:30,,
28/06/2022 08:00,,
28/06/2022 08:30,,
28/06/2022 09:00,,
28/06/2022 09:30,,
28/06/2022 10:00,,
28/06/2022 10:30,,
28/06/2022 11:00,,
28/06/2022 11:30,,
28/06/2022 12:00,,
28/06/2022 12:30,,
28/06/2022 13:00,,
28/06/2022 13:30,,
28/06/2022 14:00,,
28/06/2022 14:30,,
28/06/2022 15:00,,
28/06/2022 15:30,,
28/06/2022 16:00,,
28/06/2022 16:30,,
28/06/2022 17:00,,
28/06/2022 17:30,,
28/06/2022 18:00,,
28/06/2022 18:30,,
28/06/2022 19:00,,
28/06/2022 19:30,,
28/06/2022 20:00,,
28/06/2022 20:30,,
28/06/2022 21:00,,
28/06/2022 21:30,,
28/06/2022 22:00,,
28/06/2022 22:30,,
28/06/2022 23:00,,
28/06/2022 23:30,,
29/06/2022 00:00,,
29/06/2022 00:30,,
29/06/2022 01:00,,
29/06/2022 01:30,,
29/06/2022 02:00,,
29/06/2022 02:30,,
29/06/2022 03:00,,
29/06/2022 03:30,,
29/06/2022 04:00,,
29/06/2022 04:30,,
29/06/2022 05:00,,
29/06/2022 05:30,,
29/06/2022 06:00,,
29/06/2022 06:30,,
29/06/2022 07:00,,
29/06/2022 07:30,,
29/06/2022 08:00,,
29/06/2022 08:30,,
29/06/2022 09:00,,
29/06/2022 09:30,,
29/06/2022 10:00,,
29/06/2022 10:30,,
29/06/2022 11:00,,
29/06/2022 11:30,,
29/06/2022 12:00,,
29/06/2022 12:30,,
29/06/2022 13:00,,
29/06/2022 13:30,,
29/06/2022 14:00,,
29/06/2022 14:30,,
29/06/2022 15:00,,
29/06/2022 15:30,,
29/06/2022 16:00,,
29/06/2022 16:30,,
29/06/2022 17:00,,
29/06/2022 17:30,,
29/06/2022 18:00,,
29/06/2022 18:30,,
29/06/2022 19:00,,
29/06/2022 19:30,,
29/06/2022 20:00,,
29/06/2022 20:30,,
29/06/2022 21:00,,
29/06/2022 21:30,,
29/06/2022 22:00,,
29/06/2022 22:30,,
29/06/2022 23:00,,
29/06/2022 23:30,,
30/06/2022 00:00,,
30/06/2022 00:30,,
30/06/2022 01:00,,
30/06/2022 01:30,,
30/06/2022 02:00,,
30/06/2022 02:30,,
30/06/2022 03:00,,
30/06/2022 03:30,,
30/06/2022 04:00,,
30/06/2022 04:30,,
30/06/2022 05:00,,
30/06/2022 05:30,,
30/06/2022 06:00,,
30/06/2022 06:30,,
30/06/2022 07:00,,
30/06/2022 07:30,,
30/06/2022 08:00,,
30/06/2022 08:30,,
30/06/2022 09:00,,
30/06/2022 09:30,,
30/06/2022 10:00,,
30/06/2022 10:30,,
30/06/2022 11:00,,
30/06/2022 11:30,,
30/06/2022 12:00,,
30/06/2022 12:30,,
30/06/2022 13:00,,
30/06/2022 13:30,,
30/06/2022 14:00,,
30/06/2022 14:30,,
30/06/2022 15:00,,
30/06/2022 15:30,,
30/06/2022 16:00,,
30/06/2022 16:30,,
30/06/2022 17:00,,
30/06/2022 17:30,,
30/06/2022 18:00,,
30/06/2022 18:30,,
30/06/2022 19:00,,
30/06/2022 19:30,,
30/06/2022 20:00,,
30/06/2022 20:30,,
30/06/2022 21:00,,
30/06/2022 21:30,,
30/06/2022 22:00,,
30/06/2022 22:30,,
30/06/2022 23:00,,
30/06/2022 23:30,,
01/07/2022 00:00,,
01/07/2022 00:30,,
01/07/2022 01:00,,
01/07/2022 01:30,,
01/07/2022 02:00,,
01/07/2022 02:30,,
01/07/2022 03:00,,
01/07/2022 03:30,,
01/07/2022 04:00,,
01/07/2022 04:30,,
01/07/2022 05:00,,
01/07/2022 05:30,,
01/07/2022 06:00,,
01/07/2022 06:30,,
01/07/2022 07:00,,
01/07/2022 07:30,,
01/07/2022 08:00,,
01/07/2022 08:30,,
01/07/2022 09:00,,
01/07/2022 09:30,,
01/07/2022 10:00,,
01/07/2022 10:30,,
01/07/2022 11:00,,
01/07/2022 11:30,,
01/07/2022 12:00,,
01/07/2022 12:30,,
01/07/2022 13:00,,
01/07/2022 13:30,,
01/07/2022 14:00,,
01/07/2022 14:30,,
01/07/2022 15:00,,
01/07/2022 15:30,,
01/07/2022 16:00,,
01/07/2022 16:30,,
01/07/2022 17:00,,
01/07/2022 17:30,,
01/07/2022 18:00,,
01/07/2022 18:30,,
01/07/2022 19:00,,
01/07/2022 19:30,,
01/07/2022 20:00,,
01/07/2022 20:30,,
01/07/2022 21:00,,
01/07/2022 21:30,,
01/07/2022 22:00,,
01/07/2022 22:30,,
01/07/2022 23:00,,
01/07/2022 23:30,,
02/07/2022 00:00,,
02/07/2022 00:30,,
02/07/2022 01:00,,
02/07/2022 01:30,,
02/07/2022 02:00,,
02/07/2022 02:30,,
02/07/2022 03:00,,
02/07/2022 03:30,,
02/07/2022 04:00,,
02/07/2022 04:30,,
02/07/2022 05:00,,
02/07/2022 05:30,,
02/07/2022 06:00,,
02/07/2022 06:30,,
02/07/2022 07:00,,
02/07/2022 07:30,,
02/07/2022 08:00,,
02/07/2022 08:30,,
02/07/2022 09:00,,
02/07/2022 09:30,,
02/07/2022 10:00,,
02/07/2022 10:30,,
02/07/2022 11:00,,
02/07/2022 11:30,,
02/07/2022 12:00,,
02/07/2022 12:30,,
02/07/2022 13:00,,
02/07/2022 13:30,,
02/07/2022 14:00,,
02/07/2022 14:30,,
02/07/2022 15:00,,
02/07/2022 15:30,,
02/07/2022 16:00,,
02/07/2022 16:30,,
02/07/2022 17:00,,
02/07/2022 17:30,,
02/07/2022 18:00,,
02/07/2022 18:30,,
02/07/2022 19:00,,
02/07/2022 19:30,,
02/07/2022 20:00,,
02/07/2022 20:30,,
02/07/2022 21:00,,
02/07/2022 21:30,,
02/07/2022 22:00,,
02/07/2022 22:30,,
02/07/2022 23:00,,
02/07/2022 23:30,,
03/07/2022 00:00,,
03/07/2022 00:30,,
03/07/2022 01:00,,
03/07/2022 01:30,,
03/07/2022 02:00,,
03/07/2022 02:30,,
03/07/2022 03:00,,
03/07/2022 03:30,,
03/07/2022 04:00,,
03/07/2022 04:30,,
03/07/2022 05:00,,
03/07/2022 05:30,,
03/07/2022 06:00,,
03/07/2022 06:30,,
03/07/2022 07:00,,
03/07/2022 07:30,,
03/07/2022 08:00,,
03/07/2022 08:30,,
03/07/2022 09:00,,
03/07/2022 09:30,,
03/07/2022 10:00,,
03/07/2022 10:30,,
03/07/2022 11:00,,
03/07/2022 11:30,,
03/07/2022 12:00,,
03/07/2022 12:30,,
03/07/2022 13:00,,
03/07/2022 13:30,,
03/07/2022 14:00,,
03/07/2022 14:30,,
03/07/2022 15:00,,
03/07/2022 15:30,,
03/07/2022 16:00,,
03/07/2022 16:30,,
03/07/2022 17:00,,
03/07/2022 17:30,,
03/07/2022 18:00,,
03/07/2022 18:30,,
03/07/2022 19:00,,
03/07/2022 19:30,,
03/07/2022 20:00,,
03/07/2022 20:30,,
03/07/2022 21:00,,
03/07/2022 21:30,,
03/07/2022 22:00,,
03/07/2022 22:30,,
03/07/2022 23:00,,
03/07/2022 23:30,,
04/07/2022 00:00,,
04/07/2022 00:30,,
04/07/2022 01:00,,
04/07/2022 01:30,,
04/07/2022 02:00,,
04/07/2022 02:30,,
04/07/2022 03:00,,
04/07/2022 03:30,,
04/07/2022 04:00,,
04/07/2022 04:30,,
04/07/2022 05:00,,
04/07/2022 05:30,,
04/07/2022 06:00,,
04/07/2022 06:30,,
04/07/2022 07:00,,
04/07/2022 07:30,,
04/07/2022 08:00,,
04/07/2022 08:30,,
04/07/2022 09:00,,
04/07/2022 09:30,,
04/07/2022 10:00,,
04/07/2022 10:30,,
04/07/2022 11:00,,
04/07/2022 11:30,,
04/07/2022 12:00,,
04/07/2022 12:30,,
04/07/2022 13:00,,
04/07/2022 13:30,,
04/07/2022 14:00,,
04/07/2022 14:30,,
04/07/2022 15:00,,
04/07/2022 15:30,,
04/07/2022 16:00,,
04/07/2022 16:30,,
04/07/2022 17:00,,
04/07/2022 17:30,,
04/07/2022 18:00,,
04/07/2022 18:30,,
04/07/2022 19:00,,
04/07/2022 19:30,,
04/07/2022 20:00,,
04/07/2022 20:30,,
04/07/2022 21:00,,
04/07/2022 21:30,,
04/07/2022 22:00,,
04/07/2022 22:30,,
04/07/2022 23:00,,
04/07/2022 23:30,,
05/07/2022 00:00,,
05/07/2022 00:30,,
05/07/2022 01:00,,
05/07/2022 01:30,,
05/07/2022 02:00,,
05/07/2022 02:30,,
05/07/2022 03:00,,
05/07/2022 03:30,,
05/07/2022 04:00,,
05/07/2022 04:30,,
05/07/2022 05:00,,
05/07/2022 05:30,,
05/07/2022 06:00,,
05/07/2022 06:30,,
05/07/2022 07:00,,
05/07/2022 07:30,,
05/07/2022 08:00,,
05/07/2022 08:30,,
05/07/2022 09:00,,
05/07/2022 09:30,,
05/07/2022 10:00,,
05/07/2022 10:30,,
05/07/2022 11:00,,
05/07/2022 11:30,,
05/07/2022 12:00,,
05/07/2022 12:30,,
05/07/2022 13:00,,
05/07/2022 13:30,,
05/07/2022 14:00,,
05/07/2022 14:30,,
05/07/2022 15:00,,
05/07/2022 15:30,,
05/07/2022 16:00,,
05/07/2022 16:30,,
05/07/2022 17:00,,
05/07/2022 17:30,,
05/07/2022 18:00,,
05/07/2022 18:30,,
05/07/2022 19:00,,
05/07/2022 19:30,,
05/07/2022 20:00,,
05/07/2022 20:30,,
05/07/2022 21:00,,
05/07/2022 21:30,,
05/07/2022 22:00,,
05/07/2022 22:30,,
05/07/2022 23:00,,
05/07/2022 23:30,,
06/07/2022 00:00,,
06/07/2022 00:30,,
06/07/2022 01:00,,
06/07/2022 01:30,,
06/07/2022 02:00,,
06/07/2022 02:30,,
06/07/2022 03:00,,
06/07/2022 03:30,,
06/07/2022 04:00,,
06/07/2022 04:30,,
06/07/2022 05:00,,
06/07/2022 05:30,,
06/07/2022 06:00,,
06/07/2022 06:30,,
06/07/2022 07:00,,
06/07/2022 07:30,,
06/07/2022 08:00,,
06/07/2022 08:30,,
06/07/2022 09:00,,
06/07/2022 09:30,,
06/07/2022 10:00,,
06/07/2022 10:30,,
06/07/2022 11:00,,
06/07/2022 11:30,,
06/07/2022 12:00,,
06/07/2022 12:30,,
06/07/2022 13:00,,
06/07/2022 13:30,,
06/07/2022 14:00,,
06/07/2022 14:30,,
06/07/2022 15:00,,
06/07/2022 15:30,,
06/07/2022 16:00,,
06/07/2022 16:30,,
06/07/2022 17:00,,
06/07/2022 17:30,,
06/07/2022 18:00,,
06/07/2022 18:30,,
06/07/2022 19:00,,
06/07/2022 19:30,,
06/07/2022 20:00,,
06/07/2022 20:30,,
06/07/2022 21:00,,
06/07/2022 21:30,,
06/07/2022 22:00,,
06/07/2022 22:30,,
06/07/2022 23:00,,
06/07/2022 23:30,,
07/07/2022 00:00,,
07/07/2022 00:30,,
07/07/2022 01:00,,
07/07/2022 01:30,,
07/07/2022 02:00,,
07/07/2022 02:30,,
07/07/2022 03:00,,
07/07/2022 03:30,,
07/07/2022 04:00,,
07/07/2022 04:30,,
07/07/2022 05:00,,
07/07/2022 05:30,,
07/07/2022 06:00,,
07/07/2022 06:30,,
07/07/2022 07:00,,
07/07/2022 07:30,,
07/07/2022 08:00,,
07/07/2022 08:30,,
07/07/2022 09:00,,
07/07/2022 09:30,,
07/07/2022 10:00,,
07/07/2022 10:30,,
07/07/2022 11:00,,
07/07/2022 11:30,,
07/07/2022 12:00,,
07/07/2022 12:30,,
07/07/2022 13:00,,
07/07/2022 13:30,,
07/07/2022 14:00,,
07/07/2022 14:30,,
07/07/2022 15:00,,
07/07/2022 15:30,,
07/07/2022 16:00,,
07/07/2022 16:30,,
07/07/2022 17:00,,
07/07/2022 17:30,,
07/07/2022 18:00,,
07/07/2022 18:30,,
07/07/2022 19:00,,
07/07/2022 19:30,,
07/07/2022 20:00,,
07/07/2022 20:30,,
07/07/2022 21:00,,
07/07/2022 21:30,,
07/07/2022 22:00,,
07/07/2022 22:30,,
07/07/2022 23:00,,
07/07/2022 23:30,,
08/07/2022 00:00,,
08/07/2022 00:30,,
08/07/2022 01:00,,
08/07/2022 01:30,,
08/07/2022 02:00,,
08/07/2022 02:30,,
08/07/2022 03:00,,
08/07/2022 03:30,,
08/07/2022 04:00,,
08/07/2022 04:30,,
08/07/2022 05:00,,
08/07/2022 05:30,,
08/07/2022 06:00,,
08/07/2022 06:30,,
08/07/2022 07:00,,
08/07/2022 07:30,,
08/07/2022 08:00,,
08/07/2022 08:30,,
08/07/2022 09:00,,
08/07/2022 09:30,,
08/07/2022 10:00,,
08/07/2022 10:30,,
08/07/2022 11:00,,
08/07/2022 11:30,,
08/07/2022 12:00,,
08/07/2022 12:30,,
08/07/2022 13:00,,
08/07/2022 13:30,,
08/07/2022 14:00,,
08/07/2022 14:30,,
08/07/2022 15:00,,
08/07/2022 15:30,,
08/07/2022 16:00,,
08/07/2022 16:30,,
08/07/2022 17:00,,
08/07/2022 17:30,,
08/07/2022 18:00,,
08/07/2022 18:30,,
08/07/2022 19:00,,
08/07/2022 19:30,,
08/07/2022 20:00,,
08/07/2022 20:30,,
08/07/2022 21:00,,
08/07/2022 21:30,,
08/07/2022 22:00,,
08/07/2022 22:30,,
08/07/2022 23:00,,
08/07/2022 23:30,,
09/07/2022 00:00,,
09/07/2022 00:30,,
09/07/2022 01:00,,
09/07/2022 01:30,,
09/07/2022 02:00,,
09/07/2022 02:30,,
09/07/2022 03:00,,
09/07/2022 03:30,,
09/07/2022 04:00,,
09/07/2022 04:30,,
09/07/2022 05:00,,
09/07/2022 05:30,,
09/07/2022 06:00,,
09/07/2022 06:30,,
09/07/2022 07:00,,
09/07/2022 07:30,,
09/07/2022 08:00,,
09/07/2022 08:30,,
09/07/2022 09:00,,
09/07/2022 09:30,,
09/07/2022 10:00,,
09/07/2022 10:30,,
09/07/2022 11:00,,
09/07/2022 11:30,,
09/07/2022 12:00,,
09/07/2022 12:30,,
09/07/2022 13:00,,
09/07/2022 13:30,,
09/07/2022 14:00,,
09/07/2022 14:30,,
09/07/2022 15:00,,
09/07/2022 15:30,,
09/07/2022 16:00,,
09/07/2022 16:30,,
09/07/2022 17:00,,
09/07/2022 17:30,,
09/07/2022 18:00,,
09/07/2022 18:30,,
09/07/2022 19:00,,
09/07/2022 19:30,,
09/07/2022 20:00,,
09/07/2022 20:30,,
09/07/2022 21:00,,
09/07/2022 21:30,,
09/07/2022 22:00,,
09/07/2022 22:30,,
09/07/2022 23:00,,
09/07/2022 23:30,,
10/07/2022 00:00,,
10/07/2022 00:30,,
10/07/2022 01:00,,
10/07/2022 01:30,,
10/07/2022 02:00,,
10/07/2022 02:30,,
10/07/2022 03:00,,
10/07/2022 03:30,,
10/07/2022 04:00,,
10/07/2022 04:30,,
10/07/2022 05:00,,
10/07/2022 05:30,,
10/07/2022 06:00,,
10/07/2022 06:30,,
10/07/2022 07:00,,
10/07/2022 07:30,,
10/07/2022 08:00,,
10/07/2022 08:30,,
10/07/2022 09:00,,
10/07/2022 09:30,,
10/07/2022 10:00,,
10/07/2022 10:30,,
10/07/2022 11:00,,
10/07/2022 11:30,,
10/07/2022 12:00,,
10/07/2022 12:30,,
10/07/2022 13:00,,
10/07/2022 13:30,,
10/07/2022 14:00,,
10/07/2022 14:30,,
10/07/2022 15:00,,
10/07/2022 15:30,,
10/07/2022 16:00,,
10/07/2022 16:30,,
10/07/2022 17:00,,
10/07/2022 17:30,,
10/07/2022 18:00,,
10/07/2022 18:30,,
10/07/2022 19:00,,
10/07/2022 19:30,,
10/07/2022 20:00,,
10/07/2022 20:30,,
10/07/2022 21:00,,
10/07/2022 21:30,,
10/07/2022 22:00,,
10/07/2022 22:30,,
10/07/2022 23:00,,
10/07/2022 23:30,,
11/07/2022 00:00,,
11/07/2022 00:30,,
11/07/2022 01:00,,
11/07/2022 01:30,,
11/07/2022 02:00,,
11/07/2022 02:30,,
11/07/2022 03:00,,
11/07/2022 03:30,,
11/07/2022 04:00,,
11/07/2022 04:30,,
11/07/2022 05:00,,
11/07/2022 05:30,,
11/07/2022 06:00,,
11/07/2022 06:30,,
11/07/2022 07:00,,
11/07/2022 07:30,,
11/07/2022 08:00,,
11/07/2022 08:30,,
11/07/2022 09:00,,
11/07/2022 09:30,,
11/07/2022 10:00,,
11/07/2022 10:30,,
11/07/2022 11:00,,
11/07/2022 11:30,,
11/07/2022 12:00,,
11/07/2022 12:30,,
11/07/2022 13:00,,
11/07/2022 13:30,,
11/07/2022 14:00,,
11/07/2022 14:30,,
11/07/2022 15:00,,
11/07/2022 15:30,,
11/07/2022 16:00,,
11/07/2022 16:30,,
11/07/2022 17:00,,
11/07/2022 17:30,,
11/07/2022 18:00,,
11/07/2022 18:30,,
11/07/2022 19:00,,
11/07/2022 19:30,,
11/07/2022 20:00,,
11/07/2022 20:30,,
11/07/2022 21:00,,
11/07/2022 21:30,,
11/07/2022 22:00,,
11/07/2022 22:30,,
11/07/2022 23:00,,
11/07/2022 23:30,,
12/07/2022 00:00,,
12/07/2022 00:30,,
12/07/2022 01:00,,
12/07/2022 01:30,,
12/07/2022 02:00,,
12/07/2022 02:30,,
12/07/2022 03:00,,
12/07/2022 03:30,,
12/07/2022 04:00,,
12/07/2022 04:30,,
12/07/2022 05:00,,
12/07/2022 05:30,,
12/07/2022 06:00,,
12/07/2022 06:30,,
12/07/2022 07:00,,
12/07/2022 07:30,,
12/07/2022 08:00,,
12/07/2022 08:30,,
12/07/2022 09:00,,
12/07/2022 09:30,,
12/07/2022 10:00,,
12/07/2022 10:30,,
12/07/2022 11:00,,
12/07/2022 11:30,,
12/07/2022 12:00,,
12/07/2022 12:30,,
12/07/2022 13:00,,
12/07/2022 13:30,,
12/07/2022 14:00,,
12/07/2022 14:30,,
12/07/2022 15:00,,
12/07/2022 15:30,,
12/07/2022 16:00,,
12/07/2022 16:30,,
12/07/2022 17:00,,
12/07/2022 17:30,,
12/07/2022 18:00,,
12/07/2022 18:30,,
12/07/2022 19:00,,
12/07/2022 19:30,,
12/07/2022 20:00,,
12/07/2022 20:30,,
12/07/2022 21:00,,
12/07/2022 21:30,,
12/07/2022 22:00,,
12/07/2022 22:30,,
12/07/2022 23:00,,
12/07/2022 23:30,,
13/07/2022 00:00,,
13/07/2022 00:30,,
13/07/2022 01:00,,
13/07/2022 01:30,,
13/07/2022 02:00,,
13/07/2022 02:30,,
13/07/2022 03:00,,
13/07/2022 03:30,,
13/07/2022 04:00,,
13/07/2022 04:30,,
13/07/2022 05:00,,
13/07/2022 05:30,,
13/07/2022 06:00,,
13/07/2022 06:30,,
13/07/2022 07:00,,
13/07/2022 07:30,,
13/07/2022 08:00,,
13/07/2022 08:30,,
13/07/2022 09:00,,
13/07/2022 09:30,,
13/07/2022 10:00,,
13/07/2022 10:30,,
13/07/2022 11:00,,
13/07/2022 11:30,,
13/07/2022 12:00,,
13/07/2022 12:30,,
13/07/2022 13:00,,
13/07/2022 13:30,,
13/07/2022 14:00,,
13/07/2022 14:30,,
13/07/2022 15:00,,
13/07/2022 15:30,,
13/07/2022 16:00,,
13/07/2022 16:30,,
13/07/2022 17:00,,
13/07/2022 17:30,,
13/07/2022 18:00,,
13/07/2022 18:30,,
13/07/2022 19:00,,
13/07/2022 19:30,,
13/07/2022 20:00,,
13/07/2022 20:30,,
13/07/2022 21:00,,
13/07/2022 21:30,,
13/07/2022 22:00,,
13/07/2022 22:30,,
13/07/2022 23:00,,
13/07/2022 23:30,,
14/07/2022 00:00,,
14/07/2022 00:30,,
14/07/2022 01:00,,
14/07/2022 01:30,,
14/07/2022 02:00,,
14/07/2022 02:30,,
14/07/2022 03:00,,
14/07/2022 03:30,,
14/07/2022 04:00,,
14/07/2022 04:30,,
14/07/2022 05:00,,
14/07/2022 05:30,,
14/07/2022 06:00,,
14/07/2022 06:30,,
14/07/2022 07:00,,
14/07/2022 07:30,,
14/07/2022 08:00,,
14/07/2022 08:30,,
14/07/2022 09:00,,
14/07/2022 09:30,,
14/07/2022 10:00,,
14/07/2022 10:30,,
14/07/2022 11:00,,
14/07/2022 11:30,,
14/07/2022 12:00,,
14/07/2022 12:30,,
14/07/2022 13:00,,
14/07/2022 13:30,,
14/07/2022 14:00,,
14/07/2022 14:30,,
14/07/2022 15:00,,
14/07/2022 15:30,,
14/07/2022 16:00,,
14/07/2022 16:30,,
14/07/2022 17:00,,
14/07/2022 17:30,,
14/07/2022 18:00,,
14/07/2022 18:30,,
14/07/2022 19:00,,
14/07/2022 19:30,,
14/07/2022 20:00,,
14/07/2022 20:30,,
14/07/2022 21:00,,
14/07/2022 21:30,,
14/07/2022 22:00,,
14/07/2022 22:30,,
14/07/2022 23:00,,
14/07/2022 23:30,,
15/07/2022 00:00,,
15/07/2022 00:30,,
15/07/2022 01:00,,
15/07/2022 01:30,,
15/07/2022 02:00,,
15/07/2022 02:30,,
15/07/2022 03:00,,
15/07/2022 03:30,,
15/07/2022 04:00,,
15/07/2022 04:30,,
15/07/2022 05:00,,
15/07/2022 05:30,,
15/07/2022 06:00,,
15/07/2022 06:30,,
15/07/2022 07:00,,
15/07/2022 07:30,,
15/07/2022 08:00,,
15/07/2022 08:30,,
15/07/2022 09:00,,
15/07/2022 09:30,,
15/07/2022 10:00,,
15/07/2022 10:30,,
15/07/2022 11:00,,
15/07/2022 11:30,,
15/07/2022 12:00,,
15/07/2022 12:30,,
15/07/2022 13:00,,
15/07/2022 13:30,,
15/07/2022 14:00,,
15/07/2022 14:30,,
15/07/2022 15:00,,
15/07/2022 15:30,,
15/07/2022 16:00,,
15/07/2022 16:30,,
15/07/2022 17:00,,
15/07/2022 17:30,,
15/07/2022 18:00,,
15/07/2022 18:30,,
15/07/2022 19:00,,
15/07/2022 19:30,,
15/07/2022 20:00,,
15/07/2022 20:30,,
15/07/2022 21:00,,
15/07/2022 21:30,,
15/07/2022 22:00,,
15/07/2022 22:30,,
15/07/2022 23:00,,
15/07/2022 23:30,,
16/07/2022 00:00,,
16/07/2022 00:30,,
16/07/2022 01:00,,
16/07/2022 01:30,,
16/07/2022 02:00,,
16/07/2022 02:30,,
16/07/2022 03:00,,
16/07/2022 03:30,,
16/07/2022 04:00,,
16/07/2022 04:30,,
16/07/2022 05:00,,
16/07/2022 05:30,,
16/07/2022 06:00,,
16/07/2022 06:30,,
16/07/2022 07:00,,
16/07/2022 07:30,,
16/07/2022 08:00,,
16/07/2022 08:30,,
16/07/2022 09:00,,
16/07/2022 09:30,,
16/07/2022 10:00,,
16/07/2022 10:30,,
16/07/2022 11:00,,
16/07/2022 11:30,,
16/07/2022 12:00,,
16/07/2022 12:30,,
16/07/2022 13:00,,
16/07/2022 13:30,,
16/07/2022 14:00,,
16/07/2022 14:30,,
16/07/2022 15:00,,
16/07/2022 15:30,,
16/07/2022 16:00,,
16/07/2022 16:30,,
16/07/2022 17:00,,
16/07/2022 17:30,,
16/07/2022 18:00,,
16/07/2022 18:30,,
16/07/2022 19:00,,
16/07/2022 19:30,,
16/07/2022 20:00,,
16/07/2022 20:30,,
16/07/2022 21:00,,
16/07/2022 21:30,,
16/07/2022 22:00,,
16/07/2022 22:30,,
16/07/2022 23:00,,
16/07/2022 23:30,,
17/07/2022 00:00,,
17/07/2022 00:30,,
17/07/2022 01:00,,
17/07/2022 01:30,,
17/07/2022 02:00,,
17/07/2022 02:30,,
17/07/2022 03:00,,
17/07/2022 03:30,,
17/07/2022 04:00,,
17/07/2022 04:30,,
17/07/2022 05:00,,
17/07/2022 05:30,,
17/07/2022 06:00,,
17/07/2022 06:30,,
17/07/2022 07:00,,
17/07/2022 07:30,,
17/07/2022 08:00,,
17/07/2022 08:30,,
17/07/2022 09:00,,
17/07/2022 09:30,,
17/07/2022 10:00,,
17/07/2022 10:30,,
17/07/2022 11:00,,
17/07/2022 11:30,,
17/07/2022 12:00,,
17/07/2022 12:30,,
17/07/2022 13:00,,
17/07/2022 13:30,,
17/07/2022 14:00,,
17/07/2022 14:30,,
17/07/2022 15:00,,
17/07/2022 15:30,,
17/07/2022 16:00,,
17/07/2022 16:30,,
17/07/2022 17:00,,
17/07/2022 17:30,,
17/07/2022 18:00,,
17/07/2022 18:30,,
17/07/2022 19:00,,
17/07/2022 19:30,,
17/07/2022 20:00,,
17/07/2022 20:30,,
17/07/2022 21:00,,
17/07/2022 21:30,,
17/07/2022 22:00,,
17/07/2022 22:30,,
17/07/2022 23:00,,
17/07/2022 23:30,,
18/07/2022 00:00,,
18/07/2022 00:30,,
18/07/2022 01:00,,
18/07/2022 01:30,,
18/07/2022 02:00,,
18/07/2022 02:30,,
18/07/2022 03:00,,
18/07/2022 03:30,,
18/07/2022 04:00,,
18/07/2022 04:30,,
18/07/2022 05:00,,
18/07/2022 05:30,,
18/07/2022 06:00,,
18/07/2022 06:30,,
18/07/2022 07:00,,
18/07/2022 07:30,,
18/07/2022 08:00,,
18/07/2022 08:30,,
18/07/2022 09:00,,
18/07/2022 09:30,,
18/07/2022 10:00,,
18/07/2022 10:30,,
18/07/2022 11:00,,
18/07/2022 11:30,,
18/07/2022 12:00,,
18/07/2022 12:30,,
18/07/2022 13:00,,
18/07/2022 13:30,,
18/07/2022 14:00,,
18/07/2022 14:30,,
18/07/2022 15:00,,
18/07/2022 15:30,,
18/07/2022 16:00,,
18/07/2022 16:30,,
18/07/2022 17:00,,
18/07/2022 17:30,,
18/07/2022 18:00,,
18/07/2022 18:30,,
18/07/2022 19:00,,
18/07/2022 19:30,,
18/07/2022 20:00,,
18/07/2022 20:30,,
18/07/2022 21:00,,
18/07/2022 21:30,,
18/07/2022 22:00,,
18/07/2022 22:30,,
18/07/2022 23:00,,
18/07/2022 23:30,,
19/07/2022 00:00,,
19/07/2022 00:30,,
19/07/2022 01:00,,
19/07/2022 01:30,,
19/07/2022 02:00,,
19/07/2022 02:30,,
19/07/2022 03:00,,
19/07/2022 03:30,,
19/07/2022 04:00,,
19/07/2022 04:30,,
19/07/2022 05:00,,
19/07/2022 05:30,,
19/07/2022 06:00,,
19/07/2022 06:30,,
19/07/2022 07:00,,
19/07/2022 07:30,,
19/07/2022 08:00,,
19/07/2022 08:30,,
19/07/2022 09:00,,
19/07/2022 09:30,,
19/07/2022 10:00,,
19/07/2022 10:30,,
19/07/2022 11:00,,
19/07/2022 11:30,,
19/07/2022 12:00,,
19/07/2022 12:30,,
19/07/2022 13:00,,
19/07/2022 13:30,,
19/07/2022 14:00,,
19/07/2022 14:30,,
19/07/2022 15:00,,
19/07/2022 15:30,,
19/07/2022 16:00,,
19/07/2022 16:30,,
19/07/2022 17:00,,
19/07/2022 17:30,,
19/07/2022 18:00,,
19/07/2022 18:30,,
19/07/2022 19:00,,
19/07/2022 19:30,,
19/07/2022 20:00,,
19/07/2022 20:30,,
19/07/2022 21:00,,
19/07/2022 21:30,,
19/07/2022 22:00,,
19/07/2022 22:30,,
19/07/2022 23:00,,
19/07/2022 23:30,,
20/07/2022 00:00,,
20/07/2022 00:30,,
20/07/2022 01:00,,
20/07/2022 01:30,,
20/07/2022 02:00,,
20/07/2022 02:30,,
20/07/2022 03:00,,
20/07/2022 03:30,,
20/07/2022 04:00,,
20/07/2022 04:30,,
20/07/2022 05:00,,
20/07/2022 05:30,,
20/07/2022 06:00,,
20/07/2022 06:30,,
20/07/2022 07:00,,
20/07/2022 07:30,,
20/07/2022 08:00,,
20/07/2022 08:30,,
20/07/2022 09:00,,
20/07/2022 09:30,,
20/07/2022 10:00,,
20/07/2022 10:30,,
20/07/2022 11:00,,
20/07/2022 11:30,,
20/07/2022 12:00,,
20/07/2022 12:30,,
20/07/2022 13:00,,
20/07/2022 13:30,,
20/07/2022 14:00,,
20/07/2022 14:30,,
20/07/2022 15:00,,
20/07/2022 15:30,,
20/07/2022 16:00,,
20/07/2022 16:30,,
20/07/2022 17:00,,
20/07/2022 17:30,,
20/07/2022 18:00,,
20/07/2022 18:30,,
20/07/2022 19:00,,
20/07/2022 19:30,,
20/07/2022 20:00,,
20/07/2022 20:30,,
20/07/2022 21:00,,
20/07/2022 21:30,,
20/07/2022 22:00,,
20/07/2022 22:30,,
20/07/2022 23:00,,
20/07/2022 23:30,,
21/07/2022 00:00,,
21/07/2022 00:30,,
21/07/2022 01:00,,
21/07/2022 01:30,,
21/07/2022 02:00,,
21/07/2022 02:30,,
21/07/2022 03:00,,
21/07/2022 03:30,,
21/07/2022 04:00,,
21/07/2022 04:30,,
21/07/2022 05:00,,
21/07/2022 05:30,,
21/07/2022 06:00,,
21/07/2022 06:30,,
21/07/2022 07:00,,
21/07/2022 07:30,,
21/07/2022 08:00,,
21/07/2022 08:30,,
21/07/2022 09:00,,
21/07/2022 09:30,,
21/07/2022 10:00,,
21/07/2022 10:30,,
21/07/2022 11:00,,
21/07/2022 11:30,,
21/07/2022 12:00,,
21/07/2022 12:30,,
21/07/2022 13:00,,
21/07/2022 13:30,,
21/07/2022 14:00,,
21/07/2022 14:30,,
21/07/2022 15:00,,
21/07/2022 15:30,,
21/07/2022 16:00,,
21/07/2022 16:30,,
21/07/2022 17:00,,
21/07/2022 17:30,,
21/07/2022 18:00,,
21/07/2022 18:30,,
21/07/2022 19:00,,
21/07/2022 19:30,,
21/07/2022 20:00,,
21/07/2022 20:30,,
21/07/2022 21:00,,
21/07/2022 21:30,,
21/07/2022 22:00,,
21/07/2022 22:30,,
21/07/2022 23:00,,
21/07/2022 23:30,,
22/07/2022 00:00,,
22/07/2022 00:30,,
22/07/2022 01:00,,
22/07/2022 01:30,,
22/07/2022 02:00,,
22/07/2022 02:30,,
22/07/2022 03:00,,
22/07/2022 03:30,,
22/07/2022 04:00,,
22/07/2022 04:30,,
22/07/2022 05:00,,
22/07/2022 05:30,,
22/07/2022 06:00,,
22/07/2022 06:30,,
22/07/2022 07:00,,
22/07/2022 07:30,,
22/07/2022 08:00,,
22/07/2022 08:30,,
22/07/2022 09:00,,
22/07/2022 09:30,,
22/07/2022 10:00,,
22/07/2022 10:30,,
22/07/2022 11:00,,
22/07/2022 11:30,,
22/07/2022 12:00,,
22/07/2022 12:30,,
22/07/2022 13:00,,
22/07/2022 13:30,,
22/07/2022 14:00,,
22/07/2022 14:30,,
22/07/2022 15:00,,
22/07/2022 15:30,,
22/07/2022 16:00,,
22/07/2022 16:30,,
22/07/2022 17:00,,
22/07/2022 17:30,,
22/07/2022 18:00,,
22/07/2022 18:30,,
22/07/2022 19:00,,
22/07/2022 19:30,,
22/07/2022 20:00,,
22/07/2022 20:30,,
22/07/2022 21:00,,
22/07/2022 21:30,,
22/07/2022 22:00,,
22/07/2022 22:30,,
22/07/2022 23:00,,
22/07/2022 23:30,,
23/07/2022 00:00,,
23/07/2022 00:30,,
23/07/2022 01:00,,
23/07/2022 01:30,,
23/07/2022 02:00,,
23/07/2022 02:30,,
23/07/2022 03:00,,
23/07/2022 03:30,,
23/07/2022 04:00,,
23/07/2022 04:30,,
23/07/2022 05:00,,
23/07/2022 05:30,,
23/07/2022 06:00,,
23/07/2022 06:30,,
23/07/2022 07:00,,
23/07/2022 07:30,,
23/07/2022 08:00,,
23/07/2022 08:30,,
23/07/2022 09:00,,
23/07/2022 09:30,,
23/07/2022 10:00,,
23/07/2022 10:30,,
23/07/2022 11:00,,
23/07/2022 11:30,,
23/07/2022 12:00,,
23/07/2022 12:30,,
23/07/2022 13:00,,
23/07/2022 13:30,,
23/07/2022 14:00,,
23/07/2022 14:30,,
23/07/2022 15:00,,
23/07/2022 15:30,,
23/07/2022 16:00,,
23/07/2022 16:30,,
23/07/2022 17:00,,
23/07/2022 17:30,,
23/07/2022 18:00,,
23/07/2022 18:30,,
23/07/2022 19:00,,
23/07/2022 19:30,,
23/07/2022 20:00,,
23/07/2022 20:30,,
23/07/2022 21:00,,
23/07/2022 21:30,,
23/07/2022 22:00,,
23/07/2022 22:30,,
23/07/2022 23:00,,
23/07/2022 23:30,,
24/07/2022 00:00,,
24/07/2022 00:30,,
24/07/2022 01:00,,
24/07/2022 01:30,,
24/07/2022 02:00,,
24/07/2022 02:30,,
24/07/2022 03:00,,
24/07/2022 03:30,,
24/07/2022 04:00,,
24/07/2022 04:30,,
24/07/2022 05:00,,
24/07/2022 05:30,,
24/07/2022 06:00,,
24/07/2022 06:30,,
24/07/2022 07:00,,
24/07/2022 07:30,,
24/07/2022 08:00,,
24/07/2022 08:30,,
24/07/2022 09:00,,
24/07/2022 09:30,,
24/07/2022 10:00,,
24/07/2022 10:30,,
24/07/2022 11:00,,
24/07/2022 11:30,,
24/07/2022 12:00,,
24/07/2022 12:30,,
24/07/2022 13:00,,
24/07/2022 13:30,,
24/07/2022 14:00,,
24/07/2022 14:30,,
24/07/2022 15:00,,
24/07/2022 15:30,,
24/07/2022 16:00,,
24/07/2022 16:30,,
24/07/2022 17:00,,
24/07/2022 17:30,,
24/07/2022 18:00,,
24/07/2022 18:30,,
24/07/2022 19:00,,
24/07/2022 19:30,,
24/07/2022 20:00,,
24/07/2022 20:30,,
24/07/2022 21:00,,
24/07/2022 21:30,,
24/07/2022 22:00,,
24/07/2022 22:30,,
24/07/2022 23:00,,
24/07/2022 23:30,,
25/07/2022 00:00,,
25/07/2022 00:30,,
25/07/2022 01:00,,
25/07/2022 01:30,,
25/07/2022 02:00,,
25/07/2022 02:30,,
25/07/2022 03:00,,
25/07/2022 03:30,,
25/07/2022 04:00,,
25/07/2022 04:30,,
25/07/2022 05:00,,
25/07/2022 05:30,,
25/07/2022 06:00,,
25/07/2022 06:30,,
25/07/2022 07:00,,
25/07/2022 07:30,,
25/07/2022 08:00,,
25/07/2022 08:30,,
25/07/2022 09:00,,
25/07/2022 09:30,,
25/07/2022 10:00,,
25/07/2022 10:30,,
25/07/2022 11:00,,
25/07/2022 11:30,,
25/07/2022 12:00,,
25/07/2022 12:30,,
25/07/2022 13:00,,
25/07/2022 13:30,,
25/07/2022 14:00,,
25/07/2022 14:30,,
25/07/2022 15:00,,
25/07/2022 15:30,,
25/07/2022 16:00,,
25/07/2022 16:30,,
25/07/2022 17:00,,
25/07/2022 17:30,,
25/07/2022 18:00,,
25/07/2022 18:30,,
25/07/2022 19:00,,
25/07/2022 19:30,,
25/07/2022 20:00,,
25/07/2022 20:30,,
25/07/2022 21:00,,
25/07/2022 21:30,,
25/07/2022 22:00,,
25/07/2022 22:30,,
25/07/2022 23:00,,
25/07/2022 23:30,,
26/07/2022 00:00,,
26/07/2022 00:30,,
26/07/2022 01:00,,
26/07/2022 01:30,,
26/07/2022 02:00,,
26/07/2022 02:30,,
26/07/2022 03:00,,
26/07/2022 03:30,,
26/07/2022 04:00,,
26/07/2022 04:30,,
26/07/2022 05:00,,
26/07/2022 05:30,,
26/07/2022 06:00,,
26/07/2022 06:30,,
26/07/2022 07:00,,
26/07/2022 07:30,,
26/07/2022 08:00,,
26/07/2022 08:30,,
26/07/2022 09:00,,
26/07/2022 09:30,,
26/07/2022 10:00,,
26/07/2022 10:30,,
26/07/2022 11:00,,
26/07/2022 11:30,,
26/07/2022 12:00,,
26/07/2022 12:30,,
26/07/2022 13:00,,
26/07/2022 13:30,,
26/07/2022 14:00,,
26/07/2022 14:30,,
26/07/2022 15:00,,
26/07/2022 15:30,,
26/07/2022 16:00,,
26/07/2022 16:30,,
26/07/2022 17:00,,
26/07/2022 17:30,,
26/07/2022 18:00,,
26/07/2022 18:30,,
26/07/2022 19:00,,
26/07/2022 19:30,,
26/07/2022 20:00,,
26/07/2022 20:30,,
26/07/2022 21:00,,
26/07/2022 21:30,,
26/07/2022 22:00,,
26/07/2022 22:30,,
26/07/2022 23:00,,
26/07/2022 23:30,,
27/07/2022 00:00,,
27/07/2022 00:30,,
27/07/2022 01:00,,
27/07/2022 01:30,,
27/07/2022 02:00,,
27/07/2022 02:30,,
27/07/2022 03:00,,
27/07/2022 03:30,,
27/07/2022 04:00,,
27/07/2022 04:30,,
27/07/2022 05:00,,
27/07/2022 05:30,,
27/07/2022 06:00,,
27/07/2022 06:30,,
27/07/2022 07:00,,
27/07/2022 07:30,,
27/07/2022 08:00,,
27/07/2022 08:30,,
27/07/2022 09:00,,
27/07/2022 09:30,,
27/07/2022 10:00,,
27/07/2022 10:30,,
27/07/2022 11:00,,
27/07/2022 11:30,,
27/07/2022 12:00,,
27/07/2022 12:30,,
27/07/2022 13:00,,
27/07/2022 13:30,,
27/07/2022 14:00,,
27/07/2022 14:30,,
27/07/2022 15:00,,
27/07/2022 15:30,,
27/07/2022 16:00,,
27/07/2022 16:30,,
27/07/2022 17:00,,
27/07/2022 17:30,,
27/07/2022 18:00,,
27/07/2022 18:30,,
27/07/2022 19:00,,
27/07/2022 19:30,,
27/07/2022 20:00,,
27/07/2022 20:30,,
27/07/2022 21:00,,
27/07/2022 21:30,,
27/07/2022 22:00,,
27/07/2022 22:30,,
27/07/2022 23:00,,
27/07/2022 23:30,,
28/07/2022 00:00,,
28/07/2022 00:30,,
28/07/2022 01:00,,
28/07/2022 01:30,,
28/07/2022 02:00,,
28/07/2022 02:30,,
28/07/2022 03:00,,
28/07/2022 03:30,,
28/07/2022 04:00,,
28/07/2022 04:30,,
28/07/2022 05:00,,
28/07/2022 05:30,,
28/07/2022 06:00,,
28/07/2022 06:30,,
28/07/2022 07:00,,
28/07/2022 07:30,,
28/07/2022 08:00,,
28/07/2022 08:30,,
28/07/2022 09:00,,
28/07/2022 09:30,,
28/07/2022 10:00,,
28/07/2022 10:30,,
28/07/2022 11:00,,
28/07/2022 11:30,,
28/07/2022 12:00,,
28/07/2022 12:30,,
28/07/2022 13:00,,
28/07/2022 13:30,,
28/07/2022 14:00,,
28/07/2022 14:30,,
28/07/2022 15:00,,
28/07/2022 15:30,,
28/07/2022 16:00,,
28/07/2022 16:30,,
28/07/2022 17:00,,
28/07/2022 17:30,,
28/07/2022 18:00,,
28/07/2022 18:30,,
28/07/2022 19:00,,
28/07/2022 19:30,,
28/07/2022 20:00,,
28/07/2022 20:30,,
28/07/2022 21:00,,
28/07/2022 21:30,,
28/07/2022 22:00,,
28/07/2022 22:30,,
28/07/2022 23:00,,
28/07/2022 23:30,,
29/07/2022 00:00,,
29/07/2022 00:30,,
29/07/2022 01:00,,
29/07/2022 01:30,,
29/07/2022 02:00,,
29/07/2022 02:30,,
29/07/2022 03:00,,
29/07/2022 03:30,,
29/07/2022 04:00,,
29/07/2022 04:30,,
29/07/2022 05:00,,
29/07/2022 05:30,,
29/07/2022 06:00,,
29/07/2022 06:30,,
29/07/2022 07:00,,
29/07/2022 07:30,,
29/07/2022 08:00,,
29/07/2022 08:30,,
29/07/2022 09:00,,
29/07/2022 09:30,,
29/07/2022 10:00,,
29/07/2022 10:30,,
29/07/2022 11:00,,
29/07/2022 11:30,,
29/07/2022 12:00,,
29/07/2022 12:30,,
29/07/2022 13:00,,
29/07/2022 13:30,,
29/07/2022 14:00,,
29/07/2022 14:30,,
29/07/2022 15:00,,
29/07/2022 15:30,,
29/07/2022 16:00,,
29/07/2022 16:30,,
29/07/2022 17:00,,
29/07/2022 17:30,,
29/07/2022 18:00,,
29/07/2022 18:30,,
29/07/2022 19:00,,
29/07/2022 19:30,,
29/07/2022 20:00,,
29/07/2022 20:30,,
29/07/2022 21:00,,
29/07/2022 21:30,,
29/07/2022 22:00,,
29/07/2022 22:30,,
29/07/2022 23:00,,
29/07/2022 23:30,,
30/07/2022 00:00,,
30/07/2022 00:30,,
30/07/2022 01:00,,
30/07/2022 01:30,,
30/07/2022 02:00,,
30/07/2022 02:30,,
30/07/2022 03:00,,
30/07/2022 03:30,,
30/07/2022 04:00,,
30/07/2022 04:30,,
30/07/2022 05:00,,
30/07/2022 05:30,,
30/07/2022 06:00,,
30/07/2022 06:30,,
30/07/2022 07:00,,
30/07/2022 07:30,,
30/07/2022 08:00,,
30/07/2022 08:30,,
30/07/2022 09:00,,
30/07/2022 09:30,,
30/07/2022 10:00,,
30/07/2022 10:30,,
30/07/2022 11:00,,
30/07/2022 11:30,,
30/07/2022 12:00,,
30/07/2022 12:30,,
30/07/2022 13:00,,
30/07/2022 13:30,,
30/07/2022 14:00,,
30/07/2022 14:30,,
30/07/2022 15:00,,
30/07/2022 15:30,,
30/07/2022 16:00,,
30/07/2022 16:30,,
30/07/2022 17:00,,
30/07/2022 17:30,,
30/07/2022 18:00,,
30/07/2022 18:30,,
30/07/2022 19:00,,
30/07/2022 19:30,,
30/07/2022 20:00,,
30/07/2022 20:30,,
30/07/2022 21:00,,
30/07/2022 21:30,,
30/07/2022 22:00,,
30/07/2022 22:30,,
30/07/2022 23:00,,
30/07/2022 23:30,,
31/07/2022 00:00,,
31/07/2022 00:30,,
31/07/2022 01:00,,
31/07/2022 01:30,,
31/07/2022 02:00,,
31/07/2022 02:30,,
31/07/2022 03:00,,
31/07/2022 03:30,,
31/07/2022 04:00,,
31/07/2022 04:30,,
31/07/2022 05:00,,
31/07/2022 05:30,,
31/07/2022 06:00,,
31/07/2022 06:30,,
31/07/2022 07:00,,
31/07/2022 07:30,,
31/07/2022 08:00,,
31/07/2022 08:30,,
31/07/2022 09:00,,
31/07/2022 09:30,,
31/07/2022 10:00,,
31/07/2022 10:30,,
31/07/2022 11:00,,
31/07/2022 11:30,,
31/07/2022 12:00,,
31/07/2022 12:30,,
31/07/2022 13:00,,
31/07/2022 13:30,,
31/07/2022 14:00,,
31/07/2022 14:30,,
31/07/2022 15:00,,
31/07/2022 15:30,,
31/07/2022 16:00,,
31/07/2022 16:30,,
31/07/2022 17:00,,
31/07/2022 17:30,,
31/07/2022 18:00,,
31/07/2022 18:30,,
31/07/2022 19:00,,
31/07/2022 19:30,,
31/07/2022 20:00,,
31/07/2022 20:30,,
31/07/2022 21:00,,
31/07/2022 21:30,,
31/07/2022 22:00,,
31/07/2022 22:30,,
31/07/2022 23:00,,
31/07/2022 23:30,,
01/08/2022 00:00,,
01/08/2022 00:30,,
01/08/2022 01:00,,
01/08/2022 01:30,,
01/08/2022 02:00,,
01/08/2022 02:30,,
01/08/2022 03:00,,
01/08/2022 03:30,,
01/08/2022 04:00,,
01/08/2022 04:30,,
01/08/2022 05:00,,
01/08/2022 05:30,,
01/08/2022 06:00,,
01/08/2022 06:30,,
01/08/2022 07:00,,
01/08/2022 07:30,,
01/08/2022 08:00,,
01/08/2022 08:30,,
01/08/2022 09:00,,
01/08/2022 09:30,,
01/08/2022 10:00,,
01/08/2022 10:30,,
01/08/2022 11:00,,
01/08/2022 11:30,,
01/08/2022 12:00,,
01/08/2022 12:30,,
01/08/2022 13:00,,
01/08/2022 13:30,,
01/08/2022 14:00,,
01/08/2022 14:30,,
01/08/2022 15:00,,
01/08/2022 15:30,,
01/08/2022 16:00,,
01/08/2022 16:30,,
01/08/2022 17:00,,
01/08/2022 17:30,,
01/08/2022 18:00,,
01/08/2022 18:30,,
01/08/2022 19:00,,
01/08/2022 19:30,,
01/08/2022 20:00,,
01/08/2022 20:30,,
01/08/2022 21:00,,
01/08/2022 21:30,,
01/08/2022 22:00,,
01/08/2022 22:30,,
01/08/2022 23:00,,
01/08/2022 23:30,,
02/08/2022 00:00,,
02/08/2022 00:30,,
02/08/2022 01:00,,
02/08/2022 01:30,,
02/08/2022 02:00,,
02/08/2022 02:30,,
02/08/2022 03:00,,
02/08/2022 03:30,,
02/08/2022 04:00,,
02/08/2022 04:30,,
02/08/2022 05:00,,
02/08/2022 05:30,,
02/08/2022 06:00,,
02/08/2022 06:30,,
02/08/2022 07:00,,
02/08/2022 07:30,,
02/08/2022 08:00,,
02/08/2022 08:30,,
02/08/2022 09:00,,
02/08/2022 09:30,,
02/08/2022 10:00,,
02/08/2022 10:30,,
02/08/2022 11:00,,
02/08/2022 11:30,,
02/08/2022 12:00,,
02/08/2022 12:30,,
02/08/2022 13:00,,
02/08/2022 13:30,,
02/08/2022 14:00,,
02/08/2022 14:30,,
02/08/2022 15:00,,
02/08/2022 15:30,,
02/08/2022 16:00,,
02/08/2022 16:30,,
02/08/2022 17:00,,
02/08/2022 17:30,,
02/08/2022 18:00,,
02/08/2022 18:30,,
02/08/2022 19:00,,
02/08/2022 19:30,,
02/08/2022 20:00,,
02/08/2022 20:30,,
02/08/2022 21:00,,
02/08/2022 21:30,,
02/08/2022 22:00,,
02/08/2022 22:30,,
02/08/2022 23:00,,
02/08/2022 23:30,,
03/08/2022 00:00,,
03/08/2022 00:30,,
03/08/2022 01:00,,
03/08/2022 01:30,,
03/08/2022 02:00,,
03/08/2022 02:30,,
03/08/2022 03:00,,
03/08/2022 03:30,,
03/08/2022 04:00,,
03/08/2022 04:30,,
03/08/2022 05:00,,
03/08/2022 05:30,,
03/08/2022 06:00,,
03/08/2022 06:30,,
03/08/2022 07:00,,
03/08/2022 07:30,,
03/08/2022 08:00,,
03/08/2022 08:30,,
03/08/2022 09:00,,
03/08/2022 09:30,,
03/08/2022 10:00,,
03/08/2022 10:30,,
03/08/2022 11:00,,
03/08/2022 11:30,,
03/08/2022 12:00,,
03/08/2022 12:30,,
03/08/2022 13:00,,
03/08/2022 13:30,,
03/08/2022 14:00,,
03/08/2022 14:30,,
03/08/2022 15:00,,
03/08/2022 15:30,,
03/08/2022 16:00,,
03/08/2022 16:30,,
03/08/2022 17:00,,
03/08/2022 17:30,,
03/08/2022 18:00,,
03/08/2022 18:30,,
03/08/2022 19:00,,
03/08/2022 19:30,,
03/08/2022 20:00,,
03/08/2022 20:30,,
03/08/2022 21:00,,
03/08/2022 21:30,,
03/08/2022 22:00,,
03/08/2022 22:30,,
03/08/2022 23:00,,
03/08/2022 23:30,,
04/08/2022 00:00,,
04/08/2022 00:30,,
04/08/2022 01:00,,
04/08/2022 01:30,,
04/08/2022 02:00,,
04/08/2022 02:30,,
04/08/2022 03:00,,
04/08/2022 03:30,,
04/08/2022 04:00,,
04/08/2022 04:30,,
04/08/2022 05:00,,
04/08/2022 05:30,,
04/08/2022 06:00,,
04/08/2022 06:30,,
04/08/2022 07:00,,
04/08/2022 07:30,,
04/08/2022 08:00,,
04/08/2022 08:30,,
04/08/2022 09:00,,
04/08/2022 09:30,,
04/08/2022 10:00,,
04/08/2022 10:30,,
04/08/2022 11:00,,
04/08/2022 11:30,,
04/08/2022 12:00,,
04/08/2022 12:30,,
04/08/2022 13:00,,
04/08/2022 13:30,,
04/08/2022 14:00,,
04/08/2022 14:30,,
04/08/2022 15:00,,
04/08/2022 15:30,,
04/08/2022 16:00,,
04/08/2022 16:30,,
04/08/2022 17:00,,
04/08/2022 17:30,,
04/08/2022 18:00,,
04/08/2022 18:30,,
04/08/2022 19:00,,
04/08/2022 19:30,,
04/08/2022 20:00,,
04/08/2022 20:30,,
04/08/2022 21:00,,
04/08/2022 21:30,,
04/08/2022 22:00,,
04/08/2022 22:30,,
04/08/2022 23:00,,
04/08/2022 23:30,,
05/08/2022 00:00,,
05/08/2022 00:30,,
05/08/2022 01:00,,
05/08/2022 01:30,,
05/08/2022 02:00,,
05/08/2022 02:30,,
05/08/2022 03:00,,
05/08/2022 03:30,,
05/08/2022 04:00,,
05/08/2022 04:30,,
05/08/2022 05:00,,
05/08/2022 05:30,,
05/08/2022 06:00,,
05/08/2022 06:30,,
05/08/2022 07:00,,
05/08/2022 07:30,,
05/08/2022 08:00,,
05/08/2022 08:30,,
05/08/2022 09:00,,
05/08/2022 09:30,,
05/08/2022 10:00,,
05/08/2022 10:30,,
05/08/2022 11:00,,
05/08/2022 11:30,,
05/08/2022 12:00,,
05/08/2022 12:30,,
05/08/2022 13:00,,
05/08/2022 13:30,,
05/08/2022 14:00,,
05/08/2022 14:30,,
05/08/2022 15:00,,
05/08/2022 15:30,,
05/08/2022 16:00,,
05/08/2022 16:30,,
05/08/2022 17:00,,
05/08/2022 17:30,,
05/08/2022 18:00,,
05/08/2022 18:30,,
05/08/2022 19:00,,
05/08/2022 19:30,,
05/08/2022 20:00,,
05/08/2022 20:30,,
05/08/2022 21:00,,
05/08/2022 21:30,,
05/08/2022 22:00,,
05/08/2022 22:30,,
05/08/2022 23:00,,
05/08/2022 23:30,,
06/08/2022 00:00,,
06/08/2022 00:30,,
06/08/2022 01:00,,
06/08/2022 01:30,,
06/08/2022 02:00,,
06/08/2022 02:30,,
06/08/2022 03:00,,
06/08/2022 03:30,,
06/08/2022 04:00,,
06/08/2022 04:30,,
06/08/2022 05:00,,
06/08/2022 05:30,,
06/08/2022 06:00,,
06/08/2022 06:30,,
06/08/2022 07:00,,
06/08/2022 07:30,,
06/08/2022 08:00,,
06/08/2022 08:30,,
06/08/2022 09:00,,
06/08/2022 09:30,,
06/08/2022 10:00,,
06/08/2022 10:30,,
06/08/2022 11:00,,
06/08/2022 11:30,,
06/08/2022 12:00,,
06/08/2022 12:30,,
06/08/2022 13:00,,
06/08/2022 13:30,,
06/08/2022 14:00,,
06/08/2022 14:30,,
06/08/2022 15:00,,
06/08/2022 15:30,,
06/08/2022 16:00,,
06/08/2022 16:30,,
06/08/2022 17:00,,
06/08/2022 17:30,,
06/08/2022 18:00,,
06/08/2022 18:30,,
06/08/2022 19:00,,
06/08/2022 19:30,,
06/08/2022 20:00,,
06/08/2022 20:30,,
06/08/2022 21:00,,
06/08/2022 21:30,,
06/08/2022 22:00,,
06/08/2022 22:30,,
06/08/2022 23:00,,
06/08/2022 23:30,,
07/08/2022 00:00,,
07/08/2022 00:30,,
07/08/2022 01:00,,
07/08/2022 01:30,,
07/08/2022 02:00,,
07/08/2022 02:30,,
07/08/2022 03:00,,
07/08/2022 03:30,,
07/08/2022 04:00,,
07/08/2022 04:30,,
07/08/2022 05:00,,
07/08/2022 05:30,,
07/08/2022 06:00,,
07/08/2022 06:30,,
07/08/2022 07:00,,
07/08/2022 07:30,,
07/08/2022 08:00,,
07/08/2022 08:30,,
07/08/2022 09:00,,
07/08/2022 09:30,,
07/08/2022 10:00,,
07/08/2022 10:30,,
07/08/2022 11:00,,
07/08/2022 11:30,,
07/08/2022 12:00,,
07/08/2022 12:30,,
07/08/2022 13:00,,
07/08/2022 13:30,,
07/08/2022 14:00,,
07/08/2022 14:30,,
07/08/2022 15:00,,
07/08/2022 15:30,,
07/08/2022 16:00,,
07/08/2022 16:30,,
07/08/2022 17:00,,
07/08/2022 17:30,,
07/08/2022 18:00,,
07/08/2022 18:30,,
07/08/2022 19:00,,
07/08/2022 19:30,,
07/08/2022 20:00,,
07/08/2022 20:30,,
07/08/2022 21:00,,
07/08/2022 21:30,,
07/08/2022 22:00,,
07/08/2022 22:30,,
07/08/2022 23:00,,
07/08/2022 23:30,,
08/08/2022 00:00,,
08/08/2022 00:30,,
08/08/2022 01:00,,
08/08/2022 01:30,,
08/08/2022 02:00,,
08/08/2022 02:30,,
08/08/2022 03:00,,
08/08/2022 03:30,,
08/08/2022 04:00,,
08/08/2022 04:30,,
08/08/2022 05:00,,
08/08/2022 05:30,,
08/08/2022 06:00,,
08/08/2022 06:30,,
08/08/2022 07:00,,
08/08/2022 07:30,,
08/08/2022 08:00,,
08/08/2022 08:30,,
08/08/2022 09:00,,
08/08/2022 09:30,,
08/08/2022 10:00,,
08/08/2022 10:30,,
08/08/2022 11:00,,
08/08/2022 11:30,,
08/08/2022 12:00,,
08/08/2022 12:30,,
08/08/2022 13:00,,
08/08/2022 13:30,,
08/08/2022 14:00,,
08/08/2022 14:30,,
08/08/2022 15:00,,
08/08/2022 15:30,,
08/08/2022 16:00,,
08/08/2022 16:30,,
08/08/2022 17:00,,
08/08/2022 17:30,,
08/08/2022 18:00,,
08/08/2022 18:30,,
08/08/2022 19:00,,
08/08/2022 19:30,,
08/08/2022 20:00,,
08/08/2022 20:30,,
08/08/2022 21:00,,
08/08/2022 21:30,,
08/08/2022 22:00,,
08/08/2022 22:30,,
08/08/2022 23:00,,
08/08/2022 23:30,,
09/08/2022 00:00,,
09/08/2022 00:30,,
09/08/2022 01:00,,
09/08/2022 01:30,,
09/08/2022 02:00,,
09/08/2022 02:30,,
09/08/2022 03:00,,
09/08/2022 03:30,,
09/08/2022 04:00,,
09/08/2022 04:30,,
09/08/2022 05:00,,
09/08/2022 05:30,,
09/08/2022 06:00,,
09/08/2022 06:30,,
09/08/2022 07:00,,
09/08/2022 07:30,,
09/08/2022 08:00,,
09/08/2022 08:30,,
09/08/2022 09:00,,
09/08/2022 09:30,,
09/08/2022 10:00,,
09/08/2022 10:30,,
09/08/2022 11:00,,
09/08/2022 11:30,,
09/08/2022 12:00,,
09/08/2022 12:30,,
09/08/2022 13:00,,
09/08/2022 13:30,,
09/08/2022 14:00,,
09/08/2022 14:30,,
09/08/2022 15:00,,
09/08/2022 15:30,,
09/08/2022 16:00,,
09/08/2022 16:30,,
09/08/2022 17:00,,
09/08/2022 17:30,,
09/08/2022 18:00,,
09/08/2022 18:30,,
09/08/2022 19:00,,
09/08/2022 19:30,,
09/08/2022 20:00,,
09/08/2022 20:30,,
09/08/2022 21:00,,
09/08/2022 21:30,,
09/08/2022 22:00,,
09/08/2022 22:30,,
09/08/2022 23:00,,
09/08/2022 23:30,,
10/08/2022 00:00,,
10/08/2022 00:30,,
10/08/2022 01:00,,
10/08/2022 01:30,,
10/08/2022 02:00,,
10/08/2022 02:30,,
10/08/2022 03:00,,
10/08/2022 03:30,,
10/08/2022 04:00,,
10/08/2022 04:30,,
10/08/2022 05:00,,
10/08/2022 05:30,,
10/08/2022 06:00,,
10/08/2022 06:30,,
10/08/2022 07:00,,
10/08/2022 07:30,,
10/08/2022 08:00,,
10/08/2022 08:30,,
10/08/2022 09:00,,
10/08/2022 09:30,,
10/08/2022 10:00,,
10/08/2022 10:30,,
10/08/2022 11:00,,
10/08/2022 11:30,,
10/08/2022 12:00,,
10/08/2022 12:30,,
10/08/2022 13:00,,
10/08/2022 13:30,,
10/08/2022 14:00,,
10/08/2022 14:30,,
10/08/2022 15:00,,
10/08/2022 15:30,,
10/08/2022 16:00,,
10/08/2022 16:30,,
10/08/2022 17:00,,
10/08/2022 17:30,,
10/08/2022 18:00,,
10/08/2022 18:30,,
10/08/2022 19:00,,
10/08/2022 19:30,,
10/08/2022 20:00,,
10/08/2022 20:30,,
10/08/2022 21:00,,
10/08/2022 21:30,,
10/08/2022 22:00,,
10/08/2022 22:30,,
10/08/2022 23:00,,
10/08/2022 23:30,,
11/08/2022 00:00,,
11/08/2022 00:30,,
11/08/2022 01:00,,
11/08/2022 01:30,,
11/08/2022 02:00,,
11/08/2022 02:30,,
11/08/2022 03:00,,
11/08/2022 03:30,,
11/08/2022 04:00,,
11/08/2022 04:30,,
11/08/2022 05:00,,
11/08/2022 05:30,,
11/08/2022 06:00,,
11/08/2022 06:30,,
11/08/2022 07:00,,
11/08/2022 07:30,,
11/08/2022 08:00,,
11/08/2022 08:30,,
11/08/2022 09:00,,
11/08/2022 09:30,,
11/08/2022 10:00,,
11/08/2022 10:30,,
11/08/2022 11:00,,
11/08/2022 11:30,,
11/08/2022 12:00,,
11/08/2022 12:30,,
11/08/2022 13:00,,
11/08/2022 13:30,,
11/08/2022 14:00,,
11/08/2022 14:30,,
11/08/2022 15:00,,
11/08/2022 15:30,,
11/08/2022 16:00,,
11/08/2022 16:30,,
11/08/2022 17:00,,
11/08/2022 17:30,,
11/08/2022 18:00,,
11/08/2022 18:30,,
11/08/2022 19:00,,
11/08/2022 19:30,,
11/08/2022 20:00,,
11/08/2022 20:30,,
11/08/2022 21:00,,
11/08/2022 21:30,,
11/08/2022 22:00,,
11/08/2022 22:30,,
11/08/2022 23:00,,
11/08/2022 23:30,,
12/08/2022 00:00,,
12/08/2022 00:30,,
12/08/2022 01:00,,
12/08/2022 01:30,,
12/08/2022 02:00,,
12/08/2022 02:30,,
12/08/2022 03:00,,
12/08/2022 03:30,,
12/08/2022 04:00,,
12/08/2022 04:30,,
12/08/2022 05:00,,
12/08/2022 05:30,,
12/08/2022 06:00,,
12/08/2022 06:30,,
12/08/2022 07:00,,
12/08/2022 07:30,,
12/08/2022 08:00,,
12/08/2022 08:30,,
12/08/2022 09:00,,
12/08/2022 09:30,,
12/08/2022 10:00,,
12/08/2022 10:30,,
12/08/2022 11:00,,
12/08/2022 11:30,,
12/08/2022 12:00,,
12/08/2022 12:30,,
12/08/2022 13:00,,
12/08/2022 13:30,,
12/08/2022 14:00,,
12/08/2022 14:30,,
12/08/2022 15:00,,
12/08/2022 15:30,,
12/08/2022 16:00,,
12/08/2022 16:30,,
12/08/2022 17:00,,
12/08/2022 17:30,,
12/08/2022 18:00,,
12/08/2022 18:30,,
12/08/2022 19:00,,
12/08/2022 19:30,,
12/08/2022 20:00,,
12/08/2022 20:30,,
12/08/2022 21:00,,
12/08/2022 21:30,,
12/08/2022 22:00,,
12/08/2022 22:30,,
12/08/2022 23:00,,
12/08/2022 23:30,,
13/08/2022 00:00,,
13/08/2022 00:30,,
13/08/2022 01:00,,
13/08/2022 01:30,,
13/08/2022 02:00,,
13/08/2022 02:30,,
13/08/2022 03:00,,
13/08/2022 03:30,,
13/08/2022 04:00,,
13/08/2022 04:30,,
13/08/2022 05:00,,
13/08/2022 05:30,,
13/08/2022 06:00,,
13/08/2022 06:30,,
13/08/2022 07:00,,
13/08/2022 07:30,,
13/08/2022 08:00,,
13/08/2022 08:30,,
13/08/2022 09:00,,
13/08/2022 09:30,,
13/08/2022 10:00,,
13/08/2022 10:30,,
13/08/2022 11:00,,
13/08/2022 11:30,,
13/08/2022 12:00,,
13/08/2022 12:30,,
13/08/2022 13:00,,
13/08/2022 13:30,,
13/08/2022 14:00,,
13/08/2022 14:30,,
13/08/2022 15:00,,
13/08/2022 15:30,,
13/08/2022 16:00,,
13/08/2022 16:30,,
13/08/2022 17:00,,
13/08/2022 17:30,,
13/08/2022 18:00,,
13/08/2022 18:30,,
13/08/2022 19:00,,
13/08/2022 19:30,,
13/08/2022 20:00,,
13/08/2022 20:30,,
13/08/2022 21:00,,
13/08/2022 21:30,,
13/08/2022 22:00,,
13/08/2022 22:30,,
13/08/2022 23:00,,
13/08/2022 23:30,,
14/08/2022 00:00,,
14/08/2022 00:30,,
14/08/2022 01:00,,
14/08/2022 01:30,,
14/08/2022 02:00,,
14/08/2022 02:30,,
14/08/2022 03:00,,
14/08/2022 03:30,,
14/08/2022 04:00,,
14/08/2022 04:30,,
14/08/2022 05:00,,
14/08/2022 05:30,,
14/08/2022 06:00,,
14/08/2022 06:30,,
14/08/2022 07:00,,
14/08/2022 07:30,,
14/08/2022 08:00,,
14/08/2022 08:30,,
14/08/2022 09:00,,
14/08/2022 09:30,,
14/08/2022 10:00,,
14/08/2022 10:30,,
14/08/2022 11:00,,
14/08/2022 11:30,,
14/08/2022 12:00,,
14/08/2022 12:30,,
14/08/2022 13:00,,
14/08/2022 13:30,,
14/08/2022 14:00,,
14/08/2022 14:30,,
14/08/2022 15:00,,
14/08/2022 15:30,,
14/08/2022 16:00,,
14/08/2022 16:30,,
14/08/2022 17:00,,
14/08/2022 17:30,,
14/08/2022 18:00,,
14/08/2022 18:30,,
14/08/2022 19:00,,
14/08/2022 19:30,,
14/08/2022 20:00,,
14/08/2022 20:30,,
14/08/2022 21:00,,
14/08/2022 21:30,,
14/08/2022 22:00,,
14/08/2022 22:30,,
14/08/2022 23:00,,
14/08/2022 23:30,,
15/08/2022 00:00,,
15/08/2022 00:30,,
15/08/2022 01:00,,
15/08/2022 01:30,,
15/08/2022 02:00,,
15/08/2022 02:30,,
15/08/2022 03:00,,
15/08/2022 03:30,,
15/08/2022 04:00,,
15/08/2022 04:30,,
15/08/2022 05:00,,
15/08/2022 05:30,,
15/08/2022 06:00,,
15/08/2022 06:30,,
15/08/2022 07:00,,
15/08/2022 07:30,,
15/08/2022 08:00,,
15/08/2022 08:30,,
15/08/2022 09:00,,
15/08/2022 09:30,,
15/08/2022 10:00,,
15/08/2022 10:30,,
15/08/2022 11:00,,
15/08/2022 11:30,,
15/08/2022 12:00,,
15/08/2022 12:30,,
15/08/2022 13:00,,
15/08/2022 13:30,,
15/08/2022 14:00,,
15/08/2022 14:30,,
15/08/2022 15:00,,
15/08/2022 15:30,,
15/08/2022 16:00,,
15/08/2022 16:30,,
15/08/2022 17:00,,
15/08/2022 17:30,,
15/08/2022 18:00,,
15/08/2022 18:30,,
15/08/2022 19:00,,
15/08/2022 19:30,,
15/08/2022 20:00,,
15/08/2022 20:30,,
15/08/2022 21:00,,
15/08/2022 21:30,,
15/08/2022 22:00,,
15/08/2022 22:30,,
15/08/2022 23:00,,
15/08/2022 23:30,,
16/08/2022 00:00,,
16/08/2022 00:30,,
16/08/2022 01:00,,
16/08/2022 01:30,,
16/08/2022 02:00,,
16/08/2022 02:30,,
16/08/2022 03:00,,
16/08/2022 03:30,,
16/08/2022 04:00,,
16/08/2022 04:30,,
16/08/2022 05:00,,
16/08/2022 05:30,,
16/08/2022 06:00,,
16/08/2022 06:30,,
16/08/2022 07:00,,
16/08/2022 07:30,,
16/08/2022 08:00,,
16/08/2022 08:30,,
16/08/2022 09:00,,
16/08/2022 09:30,,
16/08/2022 10:00,,
16/08/2022 10:30,,
16/08/2022 11:00,,
16/08/2022 11:30,,
16/08/2022 12:00,,
16/08/2022 12:30,,
16/08/2022 13:00,,
16/08/2022 13:30,,
16/08/2022 14:00,,
16/08/2022 14:30,,
16/08/2022 15:00,,
16/08/2022 15:30,,
16/08/2022 16:00,,
16/08/2022 16:30,,
16/08/2022 17:00,,
16/08/2022 17:30,,
16/08/2022 18:00,,
16/08/2022 18:30,,
16/08/2022 19:00,,
16/08/2022 19:30,,
16/08/2022 20:00,,
16/08/2022 20:30,,
16/08/2022 21:00,,
16/08/2022 21:30,,
16/08/2022 22:00,,
16/08/2022 22:30,,
16/08/2022 23:00,,
16/08/2022 23:30,,
17/08/2022 00:00,,
17/08/2022 00:30,,
17/08/2022 01:00,,
17/08/2022 01:30,,
17/08/2022 02:00,,
17/08/2022 02:30,,
17/08/2022 03:00,,
17/08/2022 03:30,,
17/08/2022 04:00,,
17/08/2022 04:30,,
17/08/2022 05:00,,
17/08/2022 05:30,,
17/08/2022 06:00,,
17/08/2022 06:30,,
17/08/2022 07:00,,
17/08/2022 07:30,,
17/08/2022 08:00,,
17/08/2022 08:30,,
17/08/2022 09:00,,
17/08/2022 09:30,,
17/08/2022 10:00,,
17/08/2022 10:30,,
17/08/2022 11:00,,
17/08/2022 11:30,,
17/08/2022 12:00,,
17/08/2022 12:30,,
17/08/2022 13:00,,
17/08/2022 13:30,,
17/08/2022 14:00,,
17/08/2022 14:30,,
17/08/2022 15:00,,
17/08/2022 15:30,,
17/08/2022 16:00,,
17/08/2022 16:30,,
17/08/2022 17:00,,
17/08/2022 17:30,,
17/08/2022 18:00,,
17/08/2022 18:30,,
17/08/2022 19:00,,
17/08/2022 19:30,,
17/08/2022 20:00,,
17/08/2022 20:30,,
17/08/2022 21:00,,
17/08/2022 21:30,,
17/08/2022 22:00,,
17/08/2022 22:30,,
17/08/2022 23:00,,
17/08/2022 23:30,,
18/08/2022 00:00,,
18/08/2022 00:30,,
18/08/2022 01:00,,
18/08/2022 01:30,,
18/08/2022 02:00,,
18/08/2022 02:30,,
18/08/2022 03:00,,
18/08/2022 03:30,,
18/08/2022 04:00,,
18/08/2022 04:30,,
18/08/2022 05:00,,
18/08/2022 05:30,,
18/08/2022 06:00,,
18/08/2022 06:30,,
18/08/2022 07:00,,
18/08/2022 07:30,,
18/08/2022 08:00,,
18/08/2022 08:30,,
18/08/2022 09:00,,
18/08/2022 09:30,,
18/08/2022 10:00,,
18/08/2022 10:30,,
18/08/2022 11:00,,
18/08/2022 11:30,,
18/08/2022 12:00,,
18/08/2022 12:30,,
18/08/2022 13:00,,
18/08/2022 13:30,,
18/08/2022 14:00,,
18/08/2022 14:30,,
18/08/2022 15:00,,
18/08/2022 15:30,,
18/08/2022 16:00,,
18/08/2022 16:30,,
18/08/2022 17:00,,
18/08/2022 17:30,,
18/08/2022 18:00,,
18/08/2022 18:30,,
18/08/2022 19:00,,
18/08/2022 19:30,,
18/08/2022 20:00,,
18/08/2022 20:30,,
18/08/2022 21:00,,
18/08/2022 21:30,,
18/08/2022 22:00,,
18/08/2022 22:30,,
18/08/2022 23:00,,
18/08/2022 23:30,,
19/08/2022 00:00,,
19/08/2022 00:30,,
19/08/2022 01:00,,
19/08/2022 01:30,,
19/08/2022 02:00,,
19/08/2022 02:30,,
19/08/2022 03:00,,
19/08/2022 03:30,,
19/08/2022 04:00,,
19/08/2022 04:30,,
19/08/2022 05:00,,
19/08/2022 05:30,,
19/08/2022 06:00,,
19/08/2022 06:30,,
19/08/2022 07:00,,
19/08/2022 07:30,,
19/08/2022 08:00,,
19/08/2022 08:30,,
19/08/2022 09:00,,
19/08/2022 09:30,,
19/08/2022 10:00,,
19/08/2022 10:30,,
19/08/2022 11:00,,
19/08/2022 11:30,,
19/08/2022 12:00,,
19/08/2022 12:30,,
19/08/2022 13:00,,
19/08/2022 13:30,,
19/08/2022 14:00,,
19/08/2022 14:30,,
19/08/2022 15:00,,
19/08/2022 15:30,,
19/08/2022 16:00,,
19/08/2022 16:30,,
19/08/2022 17:00,,
19/08/2022 17:30,,
19/08/2022 18:00,,
19/08/2022 18:30,,
19/08/2022 19:00,,
19/08/2022 19:30,,
19/08/2022 20:00,,
19/08/2022 20:30,,
19/08/2022 21:00,,
19/08/2022 21:30,,
19/08/2022 22:00,,
19/08/2022 22:30,,
19/08/2022 23:00,,
19/08/2022 23:30,,
20/08/2022 00:00,,
20/08/2022 00:30,,
20/08/2022 01:00,,
20/08/2022 01:30,,
20/08/2022 02:00,,
20/08/2022 02:30,,
20/08/2022 03:00,,
20/08/2022 03:30,,
20/08/2022 04:00,,
20/08/2022 04:30,,
20/08/2022 05:00,,
20/08/2022 05:30,,
20/08/2022 06:00,,
20/08/2022 06:30,,
20/08/2022 07:00,,
20/08/2022 07:30,,
20/08/2022 08:00,,
20/08/2022 08:30,,
20/08/2022 09:00,,
20/08/2022 09:30,,
20/08/2022 10:00,,
20/08/2022 10:30,,
20/08/2022 11:00,,
20/08/2022 11:30,,
20/08/2022 12:00,,
20/08/2022 12:30,,
20/08/2022 13:00,,
20/08/2022 13:30,,
20/08/2022 14:00,,
20/08/2022 14:30,,
20/08/2022 15:00,,
20/08/2022 15:30,,
20/08/2022 16:00,,
20/08/2022 16:30,,
20/08/2022 17:00,,
20/08/2022 17:30,,
20/08/2022 18:00,,
20/08/2022 18:30,,
20/08/2022 19:00,,
20/08/2022 19:30,,
20/08/2022 20:00,,
20/08/2022 20:30,,
20/08/2022 21:00,,
20/08/2022 21:30,,
20/08/2022 22:00,,
20/08/2022 22:30,,
20/08/2022 23:00,,
20/08/2022 23:30,,
21/08/2022 00:00,,
21/08/2022 00:30,,
21/08/2022 01:00,,
21/08/2022 01:30,,
21/08/2022 02:00,,
21/08/2022 02:30,,
21/08/2022 03:00,,
21/08/2022 03:30,,
21/08/2022 04:00,,
21/08/2022 04:30,,
21/08/2022 05:00,,
21/08/2022 05:30,,
21/08/2022 06:00,,
21/08/2022 06:30,,
21/08/2022 07:00,,
21/08/2022 07:30,,
21/08/2022 08:00,,
21/08/2022 08:30,,
21/08/2022 09:00,,
21/08/2022 09:30,,
21/08/2022 10:00,,
21/08/2022 10:30,,
21/08/2022 11:00,,
21/08/2022 11:30,,
21/08/2022 12:00,,
21/08/2022 12:30,,
21/08/2022 13:00,,
21/08/2022 13:30,,
21/08/2022 14:00,,
21/08/2022 14:30,,
21/08/2022 15:00,,
21/08/2022 15:30,,
21/08/2022 16:00,,
21/08/2022 16:30,,
21/08/2022 17:00,,
21/08/2022 17:30,,
21/08/2022 18:00,,
21/08/2022 18:30,,
21/08/2022 19:00,,
21/08/2022 19:30,,
21/08/2022 20:00,,
21/08/2022 20:30,,
21/08/2022 21:00,,
21/08/2022 21:30,,
21/08/2022 22:00,,
21/08/2022 22:30,,
21/08/2022 23:00,,
21/08/2022 23:30,,
22/08/2022 00:00,,
22/08/2022 00:30,,
22/08/2022 01:00,,
22/08/2022 01:30,,
22/08/2022 02:00,,
22/08/2022 02:30,,
22/08/2022 03:00,,
22/08/2022 03:30,,
22/08/2022 04:00,,
22/08/2022 04:30,,
22/08/2022 05:00,,
22/08/2022 05:30,,
22/08/2022 06:00,,
22/08/2022 06:30,,
22/08/2022 07:00,,
22/08/2022 07:30,,
22/08/2022 08:00,,
22/08/2022 08:30,,
22/08/2022 09:00,,
22/08/2022 09:30,,
22/08/2022 10:00,,
22/08/2022 10:30,,
22/08/2022 11:00,,
22/08/2022 11:30,,
22/08/2022 12:00,,
22/08/2022 12:30,,
22/08/2022 13:00,,
22/08/2022 13:30,,
22/08/2022 14:00,,
22/08/2022 14:30,,
22/08/2022 15:00,,
22/08/2022 15:30,,
22/08/2022 16:00,,
22/08/2022 16:30,,
22/08/2022 17:00,,
22/08/2022 17:30,,
22/08/2022 18:00,,
22/08/2022 18:30,,
22/08/2022 19:00,,
22/08/2022 19:30,,
22/08/2022 20:00,,
22/08/2022 20:30,,
22/08/2022 21:00,,
22/08/2022 21:30,,
22/08/2022 22:00,,
22/08/2022 22:30,,
22/08/2022 23:00,,
22/08/2022 23:30,,
23/08/2022 00:00,,
23/08/2022 00:30,,
23/08/2022 01:00,,
23/08/2022 01:30,,
23/08/2022 02:00,,
23/08/2022 02:30,,
23/08/2022 03:00,,
23/08/2022 03:30,,
23/08/2022 04:00,,
23/08/2022 04:30,,
23/08/2022 05:00,,
23/08/2022 05:30,,
23/08/2022 06:00,,
23/08/2022 06:30,,
23/08/2022 07:00,,
23/08/2022 07:30,,
23/08/2022 08:00,,
23/08/2022 08:30,,
23/08/2022 09:00,,
23/08/2022 09:30,,
23/08/2022 10:00,,
23/08/2022 10:30,,
23/08/2022 11:00,,
23/08/2022 11:30,,
23/08/2022 12:00,,
23/08/2022 12:30,,
23/08/2022 13:00,,
23/08/2022 13:30,,
23/08/2022 14:00,,
23/08/2022 14:30,,
23/08/2022 15:00,,
23/08/2022 15:30,,
23/08/2022 16:00,,
23/08/2022 16:30,,
23/08/2022 17:00,,
23/08/2022 17:30,,
23/08/2022 18:00,,
23/08/2022 18:30,,
23/08/2022 19:00,,
23/08/2022 19:30,,
23/08/2022 20:00,,
23/08/2022 20:30,,
23/08/2022 21:00,,
23/08/2022 21:30,,
23/08/2022 22:00,,
23/08/2022 22:30,,
23/08/2022 23:00,,
23/08/2022 23:30,,
24/08/2022 00:00,,
24/08/2022 00:30,,
24/08/2022 01:00,,
24/08/2022 01:30,,
24/08/2022 02:00,,
24/08/2022 02:30,,
24/08/2022 03:00,,
24/08/2022 03:30,,
24/08/2022 04:00,,
24/08/2022 04:30,,
24/08/2022 05:00,,
24/08/2022 05:30,,
24/08/2022 06:00,,
24/08/2022 06:30,,
24/08/2022 07:00,,
24/08/2022 07:30,,
24/08/2022 08:00,,
24/08/2022 08:30,,
24/08/2022 09:00,,
24/08/2022 09:30,,
24/08/2022 10:00,,
24/08/2022 10:30,,
24/08/2022 11:00,,
24/08/2022 11:30,,
24/08/2022 12:00,,
24/08/2022 12:30,,
24/08/2022 13:00,,
24/08/2022 13:30,,
24/08/2022 14:00,,
24/08/2022 14:30,,
24/08/2022 15:00,,
24/08/2022 15:30,,
24/08/2022 16:00,,
24/08/2022 16:30,,
24/08/2022 17:00,,
24/08/2022 17:30,,
24/08/2022 18:00,,
24/08/2022 18:30,,
24/08/2022 19:00,,
24/08/2022 19:30,,
24/08/2022 20:00,,
24/08/2022 20:30,,
24/08/2022 21:00,,
24/08/2022 21:30,,
24/08/2022 22:00,,
24/08/2022 22:30,,
24/08/2022 23:00,,
24/08/2022 23:30,,
25/08/2022 00:00,,
25/08/2022 00:30,,
25/08/2022 01:00,,
25/08/2022 01:30,,
25/08/2022 02:00,,
25/08/2022 02:30,,
25/08/2022 03:00,,
25/08/2022 03:30,,
25/08/2022 04:00,,
25/08/2022 04:30,,
25/08/2022 05:00,,
25/08/2022 05:30,,
25/08/2022 06:00,,
25/08/2022 06:30,,
25/08/2022 07:00,,
25/08/2022 07:30,,
25/08/2022 08:00,,
25/08/2022 08:30,,
25/08/2022 09:00,,
25/08/2022 09:30,,
25/08/2022 10:00,,
25/08/2022 10:30,,
25/08/2022 11:00,,
25/08/2022 11:30,,
25/08/2022 12:00,,
25/08/2022 12:30,,
25/08/2022 13:00,,
25/08/2022 13:30,,
25/08/2022 14:00,,
25/08/2022 14:30,,
25/08/2022 15:00,,
25/08/2022 15:30,,
25/08/2022 16:00,,
25/08/2022 16:30,,
25/08/2022 17:00,,
25/08/2022 17:30,,
25/08/2022 18:00,,
25/08/2022 18:30,,
25/08/2022 19:00,,
25/08/2022 19:30,,
25/08/2022 20:00,,
25/08/2022 20:30,,
25/08/2022 21:00,,
25/08/2022 21:30,,
25/08/2022 22:00,,
25/08/2022 22:30,,
25/08/2022 23:00,,
25/08/2022 23:30,,
26/08/2022 00:00,,
26/08/2022 00:30,,
26/08/2022 01:00,,
26/08/2022 01:30,,
26/08/2022 02:00,,
26/08/2022 02:30,,
26/08/2022 03:00,,
26/08/2022 03:30,,
26/08/2022 04:00,,
26/08/2022 04:30,,
26/08/2022 05:00,,
26/08/2022 05:30,,
26/08/2022 06:00,,
26/08/2022 06:30,,
26/08/2022 07:00,,
26/08/2022 07:30,,
26/08/2022 08:00,,
26/08/2022 08:30,,
26/08/2022 09:00,,
26/08/2022 09:30,,
26/08/2022 10:00,,
26/08/2022 10:30,,
26/08/2022 11:00,,
26/08/2022 11:30,,
26/08/2022 12:00,,
26/08/2022 12:30,,
26/08/2022 13:00,,
26/08/2022 13:30,,
26/08/2022 14:00,,
26/08/2022 14:30,,
26/08/2022 15:00,,
26/08/2022 15:30,,
26/08/2022 16:00,,
26/08/2022 16:30,,
26/08/2022 17:00,,
26/08/2022 17:30,,
26/08/2022 18:00,,
26/08/2022 18:30,,
26/08/2022 19:00,,
26/08/2022 19:30,,
26/08/2022 20:00,,
26/08/2022 20:30,,
26/08/2022 21:00,,
26/08/2022 21:30,,
26/08/2022 22:00,,
26/08/2022 22:30,,
26/08/2022 23:00,,
26/08/2022 23:30,,
27/08/2022 00:00,,
27/08/2022 00:30,,
27/08/2022 01:00,,
27/08/2022 01:30,,
27/08/2022 02:00,,
27/08/2022 02:30,,
27/08/2022 03:00,,
27/08/2022 03:30,,
27/08/2022 04:00,,
27/08/2022 04:30,,
27/08/2022 05:00,,
27/08/2022 05:30,,
27/08/2022 06:00,,
27/08/2022 06:30,,
27/08/2022 07:00,,
27/08/2022 07:30,,
27/08/2022 08:00,,
27/08/2022 08:30,,
27/08/2022 09:00,,
27/08/2022 09:30,,
27/08/2022 10:00,,
27/08/2022 10:30,,
27/08/2022 11:00,,
27/08/2022 11:30,,
27/08/2022 12:00,,
27/08/2022 12:30,,
27/08/2022 13:00,,
27/08/2022 13:30,,
27/08/2022 14:00,,
27/08/2022 14:30,,
27/08/2022 15:00,,
27/08/2022 15:30,,
27/08/2022 16:00,,
27/08/2022 16:30,,
27/08/2022 17:00,,
27/08/2022 17:30,,
27/08/2022 18:00,,
27/08/2022 18:30,,
27/08/2022 19:00,,
27/08/2022 19:30,,
27/08/2022 20:00,,
27/08/2022 20:30,,
27/08/2022 21:00,,
27/08/2022 21:30,,
27/08/2022 22:00,,
27/08/2022 22:30,,
27/08/2022 23:00,,
27/08/2022 23:30,,
28/08/2022 00:00,,
28/08/2022 00:30,,
28/08/2022 01:00,,
28/08/2022 01:30,,
28/08/2022 02:00,,
28/08/2022 02:30,,
28/08/2022 03:00,,
28/08/2022 03:30,,
28/08/2022 04:00,,
28/08/2022 04:30,,
28/08/2022 05:00,,
28/08/2022 05:30,,
28/08/2022 06:00,,
28/08/2022 06:30,,
28/08/2022 07:00,,
28/08/2022 07:30,,
28/08/2022 08:00,,
28/08/2022 08:30,,
28/08/2022 09:00,,
28/08/2022 09:30,,
28/08/2022 10:00,,
28/08/2022 10:30,,
28/08/2022 11:00,,
28/08/2022 11:30,,
28/08/2022 12:00,,
28/08/2022 12:30,,
28/08/2022 13:00,,
28/08/2022 13:30,,
28/08/2022 14:00,,
28/08/2022 14:30,,
28/08/2022 15:00,,
28/08/2022 15:30,,
28/08/2022 16:00,,
28/08/2022 16:30,,
28/08/2022 17:00,,
28/08/2022 17:30,,
28/08/2022 18:00,,
28/08/2022 18:30,,
28/08/2022 19:00,,
28/08/2022 19:30,,
28/08/2022 20:00,,
28/08/2022 20:30,,
28/08/2022 21:00,,
28/08/2022 21:30,,
28/08/2022 22:00,,
28/08/2022 22:30,,
28/08/2022 23:00,,
28/08/2022 23:30,,
29/08/2022 00:00,,
29/08/2022 00:30,,
29/08/2022 01:00,,
29/08/2022 01:30,,
29/08/2022 02:00,,
29/08/2022 02:30,,
29/08/2022 03:00,,
29/08/2022 03:30,,
29/08/2022 04:00,,
29/08/2022 04:30,,
29/08/2022 05:00,,
29/08/2022 05:30,,
29/08/2022 06:00,,
29/08/2022 06:30,,
29/08/2022 07:00,,
29/08/2022 07:30,,
29/08/2022 08:00,,
29/08/2022 08:30,,
29/08/2022 09:00,,
29/08/2022 09:30,,
29/08/2022 10:00,,
29/08/2022 10:30,,
29/08/2022 11:00,,
29/08/2022 11:30,,
29/08/2022 12:00,,
29/08/2022 12:30,,
29/08/2022 13:00,,
29/08/2022 13:30,,
29/08/2022 14:00,,
29/08/2022 14:30,,
29/08/2022 15:00,,
29/08/2022 15:30,,
29/08/2022 16:00,,
29/08/2022 16:30,,
29/08/2022 17:00,,
29/08/2022 17:30,,
29/08/2022 18:00,,
29/08/2022 18:30,,
29/08/2022 19:00,,
29/08/2022 19:30,,
29/08/2022 20:00,,
29/08/2022 20:30,,
29/08/2022 21:00,,
29/08/2022 21:30,,
29/08/2022 22:00,,
29/08/2022 22:30,,
29/08/2022 23:00,,
29/08/2022 23:30,,
30/08/2022 00:00,,
30/08/2022 00:30,,
30/08/2022 01:00,,
30/08/2022 01:30,,
30/08/2022 02:00,,
30/08/2022 02:30,,
30/08/2022 03:00,,
30/08/2022 03:30,,
30/08/2022 04:00,,
30/08/2022 04:30,,
30/08/2022 05:00,,
30/08/2022 05:30,,
30/08/2022 06:00,,
30/08/2022 06:30,,
30/08/2022 07:00,,
30/08/2022 07:30,,
30/08/2022 08:00,,
30/08/2022 08:30,,
30/08/2022 09:00,,
30/08/2022 09:30,,
30/08/2022 10:00,,
30/08/2022 10:30,,
30/08/2022 11:00,,
30/08/2022 11:30,,
30/08/2022 12:00,,
30/08/2022 12:30,,
30/08/2022 13:00,,
30/08/2022 13:30,,
30/08/2022 14:00,,
30/08/2022 14:30,,
30/08/2022 15:00,,
30/08/2022 15:30,,
30/08/2022 16:00,,
30/08/2022 16:30,,
30/08/2022 17:00,,
30/08/2022 17:30,,
30/08/2022 18:00,,
30/08/2022 18:30,,
30/08/2022 19:00,,
30/08/2022 19:30,,
30/08/2022 20:00,,
30/08/2022 20:30,,
30/08/2022 21:00,,
30/08/2022 21:30,,
30/08/2022 22:00,,
30/08/2022 22:30,,
30/08/2022 23:00,,
30/08/2022 23:30,,
31/08/2022 00:00,,
31/08/2022 00:30,,
31/08/2022 01:00,,
31/08/2022 01:30,,
31/08/2022 02:00,,
31/08/2022 02:30,,
31/08/2022 03:00,,
31/08/2022 03:30,,
31/08/2022 04:00,,
31/08/2022 04:30,,
31/08/2022 05:00,,
31/08/2022 05:30,,
31/08/2022 06:00,,
31/08/2022 06:30,,
31/08/2022 07:00,,
31/08/2022 07:30,,
31/08/2022 08:00,,
31/08/2022 08:30,,
31/08/2022 09:00,,
31/08/2022 09:30,,
31/08/2022 10:00,,
31/08/2022 10:30,,
31/08/2022 11:00,,
31/08/2022 11:30,,
31/08/2022 12:00,,
31/08/2022 12:30,,
31/08/2022 13:00,,
31/08/2022 13:30,,
31/08/2022 14:00,,
31/08/2022 14:30,,
31/08/2022 15:00,,
31/08/2022 15:30,,
31/08/2022 16:00,,
31/08/2022 16:30,,
31/08/2022 17:00,,
31/08/2022 17:30,,
31/08/2022 18:00,,
31/08/2022 18:30,,
31/08/2022 19:00,,
31/08/2022 19:30,,
31/08/2022 20:00,,
31/08/2022 20:30,,
31/08/2022 21:00,,
31/08/2022 21:30,,
31/08/2022 22:00,,
31/08/2022 22:30,,
31/08/2022 23:00,,
31/08/2022 23:30,,
01/09/2022 00:00,,
01/09/2022 00:30,,
01/09/2022 01:00,,
01/09/2022 01:30,,
01/09/2022 02:00,,
01/09/2022 02:30,,
01/09/2022 03:00,,
01/09/2022 03:30,,
01/09/2022 04:00,,
01/09/2022 04:30,,
01/09/2022 05:00,,
01/09/2022 05:30,,
01/09/2022 06:00,,
01/09/2022 06:30,,
01/09/2022 07:00,,
01/09/2022 07:30,,
01/09/2022 08:00,,
01/09/2022 08:30,,
01/09/2022 09:00,,
01/09/2022 09:30,,
01/09/2022 10:00,,
01/09/2022 10:30,,
01/09/2022 11:00,,
01/09/2022 11:30,,
01/09/2022 12:00,,
01/09/2022 12:30,,
01/09/2022 13:00,,
01/09/2022 13:30,,
01/09/2022 14:00,,
01/09/2022 14:30,,
01/09/2022 15:00,,
01/09/2022 15:30,,
01/09/2022 16:00,,
01/09/2022 16:30,,
01/09/2022 17:00,,
01/09/2022 17:30,,
01/09/2022 18:00,,
01/09/2022 18:30,,
01/09/2022 19:00,,
01/09/2022 19:30,,
01/09/2022 20:00,,
01/09/2022 20:30,,
01/09/2022 21:00,,
01/09/2022 21:30,,
01/09/2022 22:00,,
01/09/2022 22:30,,
01/09/2022 23:00,,
01/09/2022 23:30,,
02/09/2022 00:00,,
02/09/2022 00:30,,
02/09/2022 01:00,,
02/09/2022 01:30,,
02/09/2022 02:00,,
02/09/2022 02:30,,
02/09/2022 03:00,,
02/09/2022 03:30,,
02/09/2022 04:00,,
02/09/2022 04:30,,
02/09/2022 05:00,,
02/09/2022 05:30,,
02/09/2022 06:00,,
02/09/2022 06:30,,
02/09/2022 07:00,,
02/09/2022 07:30,,
02/09/2022 08:00,,
02/09/2022 08:30,,
02/09/2022 09:00,,
02/09/2022 09:30,,
02/09/2022 10:00,,
02/09/2022 10:30,,
02/09/2022 11:00,,
02/09/2022 11:30,,
02/09/2022 12:00,,
02/09/2022 12:30,,
02/09/2022 13:00,,
02/09/2022 13:30,,
02/09/2022 14:00,,
02/09/2022 14:30,,
02/09/2022 15:00,,
02/09/2022 15:30,,
02/09/2022 16:00,,
02/09/2022 16:30,,
02/09/2022 17:00,,
02/09/2022 17:30,,
02/09/2022 18:00,,
02/09/2022 18:30,,
02/09/2022 19:00,,
02/09/2022 19:30,,
02/09/2022 20:00,,
02/09/2022 20:30,,
02/09/2022 21:00,,
02/09/2022 21:30,,
02/09/2022 22:00,,
02/09/2022 22:30,,
02/09/2022 23:00,,
02/09/2022 23:30,,
03/09/2022 00:00,,
03/09/2022 00:30,,
03/09/2022 01:00,,
03/09/2022 01:30,,
03/09/2022 02:00,,
03/09/2022 02:30,,
03/09/2022 03:00,,
03/09/2022 03:30,,
03/09/2022 04:00,,
03/09/2022 04:30,,
03/09/2022 05:00,,
03/09/2022 05:30,,
03/09/2022 06:00,,
03/09/2022 06:30,,
03/09/2022 07:00,,
03/09/2022 07:30,,
03/09/2022 08:00,,
03/09/2022 08:30,,
03/09/2022 09:00,,
03/09/2022 09:30,,
03/09/2022 10:00,,
03/09/2022 10:30,,
03/09/2022 11:00,,
03/09/2022 11:30,,
03/09/2022 12:00,,
03/09/2022 12:30,,
03/09/2022 13:00,,
03/09/2022 13:30,,
03/09/2022 14:00,,
03/09/2022 14:30,,
03/09/2022 15:00,,
03/09/2022 15:30,,
03/09/2022 16:00,,
03/09/2022 16:30,,
03/09/2022 17:00,,
03/09/2022 17:30,,
03/09/2022 18:00,,
03/09/2022 18:30,,
03/09/2022 19:00,,
03/09/2022 19:30,,
03/09/2022 20:00,,
03/09/2022 20:30,,
03/09/2022 21:00,,
03/09/2022 21:30,,
03/09/2022 22:00,,
03/09/2022 22:30,,
03/09/2022 23:00,,
03/09/2022 23:30,,
04/09/2022 00:00,,
04/09/2022 00:30,,
04/09/2022 01:00,,
04/09/2022 01:30,,
04/09/2022 02:00,,
04/09/2022 02:30,,
04/09/2022 03:00,,
04/09/2022 03:30,,
04/09/2022 04:00,,
04/09/2022 04:30,,
04/09/2022 05:00,,
04/09/2022 05:30,,
04/09/2022 06:00,,
04/09/2022 06:30,,
04/09/2022 07:00,,
04/09/2022 07:30,,
04/09/2022 08:00,,
04/09/2022 08:30,,
04/09/2022 09:00,,
04/09/2022 09:30,,
04/09/2022 10:00,,
04/09/2022 10:30,,
04/09/2022 11:00,,
04/09/2022 11:30,,
04/09/2022 12:00,,
04/09/2022 12:30,,
04/09/2022 13:00,,
04/09/2022 13:30,,
04/09/2022 14:00,,
04/09/2022 14:30,,
04/09/2022 15:00,,
04/09/2022 15:30,,
04/09/2022 16:00,,
04/09/2022 16:30,,
04/09/2022 17:00,,
04/09/2022 17:30,,
04/09/2022 18:00,,
04/09/2022 18:30,,
04/09/2022 19:00,,
04/09/2022 19:30,,
04/09/2022 20:00,,
04/09/2022 20:30,,
04/09/2022 21:00,,
04/09/2022 21:30,,
04/09/2022 22:00,,
04/09/2022 22:30,,
04/09/2022 23:00,,
04/09/2022 23:30,,
05/09/2022 00:00,,
05/09/2022 00:30,,
05/09/2022 01:00,,
05/09/2022 01:30,,
05/09/2022 02:00,,
05/09/2022 02:30,,
05/09/2022 03:00,,
05/09/2022 03:30,,
05/09/2022 04:00,,
05/09/2022 04:30,,
05/09/2022 05:00,,
05/09/2022 05:30,,
05/09/2022 06:00,,
05/09/2022 06:30,,
05/09/2022 07:00,,
05/09/2022 07:30,,
05/09/2022 08:00,,
05/09/2022 08:30,,
05/09/2022 09:00,,
05/09/2022 09:30,,
05/09/2022 10:00,,
05/09/2022 10:30,,
05/09/2022 11:00,,
05/09/2022 11:30,,
05/09/2022 12:00,,
05/09/2022 12:30,,
05/09/2022 13:00,,
05/09/2022 13:30,,
05/09/2022 14:00,,
05/09/2022 14:30,,
05/09/2022 15:00,,
05/09/2022 15:30,,
05/09/2022 16:00,,
05/09/2022 16:30,,
05/09/2022 17:00,,
05/09/2022 17:30,,
05/09/2022 18:00,,
05/09/2022 18:30,,
05/09/2022 19:00,,
05/09/2022 19:30,,
05/09/2022 20:00,,
05/09/2022 20:30,,
05/09/2022 21:00,,
05/09/2022 21:30,,
05/09/2022 22:00,,
05/09/2022 22:30,,
05/09/2022 23:00,,
05/09/2022 23:30,,
06/09/2022 00:00,,
06/09/2022 00:30,,
06/09/2022 01:00,,
06/09/2022 01:30,,
06/09/2022 02:00,,
06/09/2022 02:30,,
06/09/2022 03:00,,
06/09/2022 03:30,,
06/09/2022 04:00,,
06/09/2022 04:30,,
06/09/2022 05:00,,
06/09/2022 05:30,,
06/09/2022 06:00,,
06/09/2022 06:30,,
06/09/2022 07:00,,
06/09/2022 07:30,,
06/09/2022 08:00,,
06/09/2022 08:30,,
06/09/2022 09:00,,
06/09/2022 09:30,,
06/09/2022 10:00,,
06/09/2022 10:30,,
06/09/2022 11:00,,
06/09/2022 11:30,,
06/09/2022 12:00,,
06/09/2022 12:30,,
06/09/2022 13:00,,
06/09/2022 13:30,,
06/09/2022 14:00,,
06/09/2022 14:30,,
06/09/2022 15:00,,
06/09/2022 15:30,,
06/09/2022 16:00,,
06/09/2022 16:30,,
06/09/2022 17:00,,
06/09/2022 17:30,,
06/09/2022 18:00,,
06/09/2022 18:30,,
06/09/2022 19:00,,
06/09/2022 19:30,,
06/09/2022 20:00,,
06/09/2022 20:30,,
06/09/2022 21:00,,
06/09/2022 21:30,,
06/09/2022 22:00,,
06/09/2022 22:30,,
06/09/2022 23:00,,
06/09/2022 23:30,,
07/09/2022 00:00,,
07/09/2022 00:30,,
07/09/2022 01:00,,
07/09/2022 01:30,,
07/09/2022 02:00,,
07/09/2022 02:30,,
07/09/2022 03:00,,
07/09/2022 03:30,,
07/09/2022 04:00,,
07/09/2022 04:30,,
07/09/2022 05:00,,
07/09/2022 05:30,,
07/09/2022 06:00,,
07/09/2022 06:30,,
07/09/2022 07:00,,
07/09/2022 07:30,,
07/09/2022 08:00,,
07/09/2022 08:30,,
07/09/2022 09:00,,
07/09/2022 09:30,,
07/09/2022 10:00,,
07/09/2022 10:30,,
07/09/2022 11:00,,
07/09/2022 11:30,,
07/09/2022 12:00,,
07/09/2022 12:30,,
07/09/2022 13:00,,
07/09/2022 13:30,,
07/09/2022 14:00,,
07/09/2022 14:30,,
07/09/2022 15:00,,
07/09/2022 15:30,,
07/09/2022 16:00,,
07/09/2022 16:30,,
07/09/2022 17:00,,
07/09/2022 17:30,,
07/09/2022 18:00,,
07/09/2022 18:30,,
07/09/2022 19:00,,
07/09/2022 19:30,,
07/09/2022 20:00,,
07/09/2022 20:30,,
07/09/2022 21:00,,
07/09/2022 21:30,,
07/09/2022 22:00,,
07/09/2022 22:30,,
07/09/2022 23:00,,
07/09/2022 23:30,,
08/09/2022 00:00,,
08/09/2022 00:30,,
08/09/2022 01:00,,
08/09/2022 01:30,,
08/09/2022 02:00,,
08/09/2022 02:30,,
08/09/2022 03:00,,
08/09/2022 03:30,,
08/09/2022 04:00,,
08/09/2022 04:30,,
08/09/2022 05:00,,
08/09/2022 05:30,,
08/09/2022 06:00,,
08/09/2022 06:30,,
08/09/2022 07:00,,
08/09/2022 07:30,,
08/09/2022 08:00,,
08/09/2022 08:30,,
08/09/2022 09:00,,
08/09/2022 09:30,,
08/09/2022 10:00,,
08/09/2022 10:30,,
08/09/2022 11:00,,
08/09/2022 11:30,,
08/09/2022 12:00,,
08/09/2022 12:30,,
08/09/2022 13:00,,
08/09/2022 13:30,,
08/09/2022 14:00,,
08/09/2022 14:30,,
08/09/2022 15:00,,
08/09/2022 15:30,,
08/09/2022 16:00,,
08/09/2022 16:30,,
08/09/2022 17:00,,
08/09/2022 17:30,,
08/09/2022 18:00,,
08/09/2022 18:30,,
08/09/2022 19:00,,
08/09/2022 19:30,,
08/09/2022 20:00,,
08/09/2022 20:30,,
08/09/2022 21:00,,
08/09/2022 21:30,,
08/09/2022 22:00,,
08/09/2022 22:30,,
08/09/2022 23:00,,
08/09/2022 23:30,,
09/09/2022 00:00,,
09/09/2022 00:30,,
09/09/2022 01:00,,
09/09/2022 01:30,,
09/09/2022 02:00,,
09/09/2022 02:30,,
09/09/2022 03:00,,
09/09/2022 03:30,,
09/09/2022 04:00,,
09/09/2022 04:30,,
09/09/2022 05:00,,
09/09/2022 05:30,,
09/09/2022 06:00,,
09/09/2022 06:30,,
09/09/2022 07:00,,
09/09/2022 07:30,,
09/09/2022 08:00,,
09/09/2022 08:30,,
09/09/2022 09:00,,
09/09/2022 09:30,,
09/09/2022 10:00,,
09/09/2022 10:30,,
09/09/2022 11:00,,
09/09/2022 11:30,,
09/09/2022 12:00,,
09/09/2022 12:30,,
09/09/2022 13:00,,
09/09/2022 13:30,,
09/09/2022 14:00,,
09/09/2022 14:30,,
09/09/2022 15:00,,
09/09/2022 15:30,,
09/09/2022 16:00,,
09/09/2022 16:30,,
09/09/2022 17:00,,
09/09/2022 17:30,,
09/09/2022 18:00,,
09/09/2022 18:30,,
09/09/2022 19:00,,
09/09/2022 19:30,,
09/09/2022 20:00,,
09/09/2022 20:30,,
09/09/2022 21:00,,
09/09/2022 21:30,,
09/09/2022 22:00,,
09/09/2022 22:30,,
09/09/2022 23:00,,
09/09/2022 23:30,,
10/09/2022 00:00,,
10/09/2022 00:30,,
10/09/2022 01:00,,
10/09/2022 01:30,,
10/09/2022 02:00,,
10/09/2022 02:30,,
10/09/2022 03:00,,
10/09/2022 03:30,,
10/09/2022 04:00,,
10/09/2022 04:30,,
10/09/2022 05:00,,
10/09/2022 05:30,,
10/09/2022 06:00,,
10/09/2022 06:30,,
10/09/2022 07:00,,
10/09/2022 07:30,,
10/09/2022 08:00,,
10/09/2022 08:30,,
10/09/2022 09:00,,
10/09/2022 09:30,,
10/09/2022 10:00,,
10/09/2022 10:30,,
10/09/2022 11:00,,
10/09/2022 11:30,,
10/09/2022 12:00,,
10/09/2022 12:30,,
10/09/2022 13:00,,
10/09/2022 13:30,,
10/09/2022 14:00,,
10/09/2022 14:30,,
10/09/2022 15:00,,
10/09/2022 15:30,,
10/09/2022 16:00,,
10/09/2022 16:30,,
10/09/2022 17:00,,
10/09/2022 17:30,,
10/09/2022 18:00,,
10/09/2022 18:30,,
10/09/2022 19:00,,
10/09/2022 19:30,,
10/09/2022 20:00,,
10/09/2022 20:30,,
10/09/2022 21:00,,
10/09/2022 21:30,,
10/09/2022 22:00,,
10/09/2022 22:30,,
10/09/2022 23:00,,
10/09/2022 23:30,,
11/09/2022 00:00,,
11/09/2022 00:30,,
11/09/2022 01:00,,
11/09/2022 01:30,,
11/09/2022 02:00,,
11/09/2022 02:30,,
11/09/2022 03:00,,
11/09/2022 03:30,,
11/09/2022 04:00,,
11/09/2022 04:30,,
11/09/2022 05:00,,
11/09/2022 05:30,,
11/09/2022 06:00,,
11/09/2022 06:30,,
11/09/2022 07:00,,
11/09/2022 07:30,,
11/09/2022 08:00,,
11/09/2022 08:30,,
11/09/2022 09:00,,
11/09/2022 09:30,,
11/09/2022 10:00,,
11/09/2022 10:30,,
11/09/2022 11:00,,
11/09/2022 11:30,,
11/09/2022 12:00,,
11/09/2022 12:30,,
11/09/2022 13:00,,
11/09/2022 13:30,,
11/09/2022 14:00,,
11/09/2022 14:30,,
11/09/2022 15:00,,
11/09/2022 15:30,,
11/09/2022 16:00,,
11/09/2022 16:30,,
11/09/2022 17:00,,
11/09/2022 17:30,,
11/09/2022 18:00,,
11/09/2022 18:30,,
11/09/2022 19:00,,
11/09/2022 19:30,,
11/09/2022 20:00,,
11/09/2022 20:30,,
11/09/2022 21:00,,
11/09/2022 21:30,,
11/09/2022 22:00,,
11/09/2022 22:30,,
11/09/2022 23:00,,
11/09/2022 23:30,,
12/09/2022 00:00,,
12/09/2022 00:30,,
12/09/2022 01:00,,
12/09/2022 01:30,,
12/09/2022 02:00,,
12/09/2022 02:30,,
12/09/2022 03:00,,
12/09/2022 03:30,,
12/09/2022 04:00,,
12/09/2022 04:30,,
12/09/2022 05:00,,
12/09/2022 05:30,,
12/09/2022 06:00,,
12/09/2022 06:30,,
12/09/2022 07:00,,
12/09/2022 07:30,,
12/09/2022 08:00,,
12/09/2022 08:30,,
12/09/2022 09:00,,
12/09/2022 09:30,,
12/09/2022 10:00,,
12/09/2022 10:30,,
12/09/2022 11:00,,
12/09/2022 11:30,,
12/09/2022 12:00,,
12/09/2022 12:30,,
12/09/2022 13:00,,
12/09/2022 13:30,,
12/09/2022 14:00,,
12/09/2022 14:30,,
12/09/2022 15:00,,
12/09/2022 15:30,,
12/09/2022 16:00,,
12/09/2022 16:30,,
12/09/2022 17:00,,
12/09/2022 17:30,,
12/09/2022 18:00,,
12/09/2022 18:30,,
12/09/2022 19:00,,
12/09/2022 19:30,,
12/09/2022 20:00,,
12/09/2022 20:30,,
12/09/2022 21:00,,
12/09/2022 21:30,,
12/09/2022 22:00,,
12/09/2022 22:30,,
12/09/2022 23:00,,
12/09/2022 23:30,,
13/09/2022 00:00,,
13/09/2022 00:30,,
13/09/2022 01:00,,
13/09/2022 01:30,,
13/09/2022 02:00,,
13/09/2022 02:30,,
13/09/2022 03:00,,
13/09/2022 03:30,,
13/09/2022 04:00,,
13/09/2022 04:30,,
13/09/2022 05:00,,
13/09/2022 05:30,,
13/09/2022 06:00,,
13/09/2022 06:30,,
13/09/2022 07:00,,
13/09/2022 07:30,,
13/09/2022 08:00,,
13/09/2022 08:30,,
13/09/2022 09:00,,
13/09/2022 09:30,,
13/09/2022 10:00,,
13/09/2022 10:30,,
13/09/2022 11:00,,
13/09/2022 11:30,,
13/09/2022 12:00,,
13/09/2022 12:30,,
13/09/2022 13:00,,
13/09/2022 13:30,,
13/09/2022 14:00,,
13/09/2022 14:30,,
13/09/2022 15:00,,
13/09/2022 15:30,,
13/09/2022 16:00,,
13/09/2022 16:30,,
13/09/2022 17:00,,
13/09/2022 17:30,,
13/09/2022 18:00,,
13/09/2022 18:30,,
13/09/2022 19:00,,
13/09/2022 19:30,,
13/09/2022 20:00,,
13/09/2022 20:30,,
13/09/2022 21:00,,
13/09/2022 21:30,,
13/09/2022 22:00,,
13/09/2022 22:30,,
13/09/2022 23:00,,
13/09/2022 23:30,,
14/09/2022 00:00,,
14/09/2022 00:30,,
14/09/2022 01:00,,
14/09/2022 01:30,,
14/09/2022 02:00,,
14/09/2022 02:30,,
14/09/2022 03:00,,
14/09/2022 03:30,,
14/09/2022 04:00,,
14/09/2022 04:30,,
14/09/2022 05:00,,
14/09/2022 05:30,,
14/09/2022 06:00,,
14/09/2022 06:30,,
14/09/2022 07:00,,
14/09/2022 07:30,,
14/09/2022 08:00,,
14/09/2022 08:30,,
14/09/2022 09:00,,
14/09/2022 09:30,,
14/09/2022 10:00,,
14/09/2022 10:30,,
14/09/2022 11:00,,
14/09/2022 11:30,,
14/09/2022 12:00,,
14/09/2022 12:30,,
14/09/2022 13:00,,
14/09/2022 13:30,,
14/09/2022 14:00,,
14/09/2022 14:30,,
14/09/2022 15:00,,
14/09/2022 15:30,,
14/09/2022 16:00,,
14/09/2022 16:30,,
14/09/2022 17:00,,
14/09/2022 17:30,,
14/09/2022 18:00,,
14/09/2022 18:30,,
14/09/2022 19:00,,
14/09/2022 19:30,,
14/09/2022 20:00,,
14/09/2022 20:30,,
14/09/2022 21:00,,
14/09/2022 21:30,,
14/09/2022 22:00,,
14/09/2022 22:30,,
14/09/2022 23:00,,
14/09/2022 23:30,,
15/09/2022 00:00,,
15/09/2022 00:30,,
15/09/2022 01:00,,
15/09/2022 01:30,,
15/09/2022 02:00,,
15/09/2022 02:30,,
15/09/2022 03:00,,
15/09/2022 03:30,,
15/09/2022 04:00,,
15/09/2022 04:30,,
15/09/2022 05:00,,
15/09/2022 05:30,,
15/09/2022 06:00,,
15/09/2022 06:30,,
15/09/2022 07:00,,
15/09/2022 07:30,,
15/09/2022 08:00,,
15/09/2022 08:30,,
15/09/2022 09:00,,
15/09/2022 09:30,,
15/09/2022 10:00,,
15/09/2022 10:30,,
15/09/2022 11:00,,
15/09/2022 11:30,,
15/09/2022 12:00,,
15/09/2022 12:30,,
15/09/2022 13:00,,
15/09/2022 13:30,,
15/09/2022 14:00,,
15/09/2022 14:30,,
15/09/2022 15:00,,
15/09/2022 15:30,,
15/09/2022 16:00,,
15/09/2022 16:30,,
15/09/2022 17:00,,
15/09/2022 17:30,,
15/09/2022 18:00,,
15/09/2022 18:30,,
15/09/2022 19:00,,
15/09/2022 19:30,,
15/09/2022 20:00,,
15/09/2022 20:30,,
15/09/2022 21:00,,
15/09/2022 21:30,,
15/09/2022 22:00,,
15/09/2022 22:30,,
15/09/2022 23:00,,
15/09/2022 23:30,,
16/09/2022 00:00,,
16/09/2022 00:30,,
16/09/2022 01:00,,
16/09/2022 01:30,,
16/09/2022 02:00,,
16/09/2022 02:30,,
16/09/2022 03:00,,
16/09/2022 03:30,,
16/09/2022 04:00,,
16/09/2022 04:30,,
16/09/2022 05:00,,
16/09/2022 05:30,,
16/09/2022 06:00,,
16/09/2022 06:30,,
16/09/2022 07:00,,
16/09/2022 07:30,,
16/09/2022 08:00,,
16/09/2022 08:30,,
16/09/2022 09:00,,
16/09/2022 09:30,,
16/09/2022 10:00,,
16/09/2022 10:30,,
16/09/2022 11:00,,
16/09/2022 11:30,,
16/09/2022 12:00,,
16/09/2022 12:30,,
16/09/2022 13:00,,
16/09/2022 13:30,,
16/09/2022 14:00,,
16/09/2022 14:30,,
16/09/2022 15:00,,
16/09/2022 15:30,,
16/09/2022 16:00,,
16/09/2022 16:30,,
16/09/2022 17:00,,
16/09/2022 17:30,,
16/09/2022 18:00,,
16/09/2022 18:30,,
16/09/2022 19:00,,
16/09/2022 19:30,,
16/09/2022 20:00,,
16/09/2022 20:30,,
16/09/2022 21:00,,
16/09/2022 21:30,,
16/09/2022 22:00,,
16/09/2022 22:30,,
16/09/2022 23:00,,
16/09/2022 23:30,,
17/09/2022 00:00,,
17/09/2022 00:30,,
17/09/2022 01:00,,
17/09/2022 01:30,,
17/09/2022 02:00,,
17/09/2022 02:30,,
17/09/2022 03:00,,
17/09/2022 03:30,,
17/09/2022 04:00,,
17/09/2022 04:30,,
17/09/2022 05:00,,
17/09/2022 05:30,,
17/09/2022 06:00,,
17/09/2022 06:30,,
17/09/2022 07:00,,
17/09/2022 07:30,,
17/09/2022 08:00,,
17/09/2022 08:30,,
17/09/2022 09:00,,
17/09/2022 09:30,,
17/09/2022 10:00,,
17/09/2022 10:30,,
17/09/2022 11:00,,
17/09/2022 11:30,,
17/09/2022 12:00,,
17/09/2022 12:30,,
17/09/2022 13:00,,
17/09/2022 13:30,,
17/09/2022 14:00,,
17/09/2022 14:30,,
17/09/2022 15:00,,
17/09/2022 15:30,,
17/09/2022 16:00,,
17/09/2022 16:30,,
17/09/2022 17:00,,
17/09/2022 17:30,,
17/09/2022 18:00,,
17/09/2022 18:30,,
17/09/2022 19:00,,
17/09/2022 19:30,,
17/09/2022 20:00,,
17/09/2022 20:30,,
17/09/2022 21:00,,
17/09/2022 21:30,,
17/09/2022 22:00,,
17/09/2022 22:30,,
17/09/2022 23:00,,
17/09/2022 23:30,,
18/09/2022 00:00,,
18/09/2022 00:30,,
18/09/2022 01:00,,
18/09/2022 01:30,,
18/09/2022 02:00,,
18/09/2022 02:30,,
18/09/2022 03:00,,
18/09/2022 03:30,,
18/09/2022 04:00,,
18/09/2022 04:30,,
18/09/2022 05:00,,
18/09/2022 05:30,,
18/09/2022 06:00,,
18/09/2022 06:30,,
18/09/2022 07:00,,
18/09/2022 07:30,,
18/09/2022 08:00,,
18/09/2022 08:30,,
18/09/2022 09:00,,
18/09/2022 09:30,,
18/09/2022 10:00,,
18/09/2022 10:30,,
18/09/2022 11:00,,
18/09/2022 11:30,,
18/09/2022 12:00,,
18/09/2022 12:30,,
18/09/2022 13:00,,
18/09/2022 13:30,,
18/09/2022 14:00,,
18/09/2022 14:30,,
18/09/2022 15:00,,
18/09/2022 15:30,,
18/09/2022 16:00,,
18/09/2022 16:30,,
18/09/2022 17:00,,
18/09/2022 17:30,,
18/09/2022 18:00,,
18/09/2022 18:30,,
18/09/2022 19:00,,
18/09/2022 19:30,,
18/09/2022 20:00,,
18/09/2022 20:30,,
18/09/2022 21:00,,
18/09/2022 21:30,,
18/09/2022 22:00,,
18/09/2022 22:30,,
18/09/2022 23:00,,
18/09/2022 23:30,,
19/09/2022 00:00,,
19/09/2022 00:30,,
19/09/2022 01:00,,
19/09/2022 01:30,,
19/09/2022 02:00,,
19/09/2022 02:30,,
19/09/2022 03:00,,
19/09/2022 03:30,,
19/09/2022 04:00,,
19/09/2022 04:30,,
19/09/2022 05:00,,
19/09/2022 05:30,,
19/09/2022 06:00,,
19/09/2022 06:30,,
19/09/2022 07:00,,
19/09/2022 07:30,,
19/09/2022 08:00,,
19/09/2022 08:30,,
19/09/2022 09:00,,
19/09/2022 09:30,,
19/09/2022 10:00,,
19/09/2022 10:30,,
19/09/2022 11:00,,
19/09/2022 11:30,,
19/09/2022 12:00,,
19/09/2022 12:30,,
19/09/2022 13:00,,
19/09/2022 13:30,,
19/09/2022 14:00,,
19/09/2022 14:30,,
19/09/2022 15:00,,
19/09/2022 15:30,,
19/09/2022 16:00,,
19/09/2022 16:30,,
19/09/2022 17:00,,
19/09/2022 17:30,,
19/09/2022 18:00,,
19/09/2022 18:30,,
19/09/2022 19:00,,
19/09/2022 19:30,,
19/09/2022 20:00,,
19/09/2022 20:30,,
19/09/2022 21:00,,
19/09/2022 21:30,,
19/09/2022 22:00,,
19/09/2022 22:30,,
19/09/2022 23:00,,
19/09/2022 23:30,,
20/09/2022 00:00,,
20/09/2022 00:30,,
20/09/2022 01:00,,
20/09/2022 01:30,,
20/09/2022 02:00,,
20/09/2022 02:30,,
20/09/2022 03:00,,
20/09/2022 03:30,,
20/09/2022 04:00,,
20/09/2022 04:30,,
20/09/2022 05:00,,
20/09/2022 05:30,,
20/09/2022 06:00,,
20/09/2022 06:30,,
20/09/2022 07:00,,
20/09/2022 07:30,,
20/09/2022 08:00,,
20/09/2022 08:30,,
20/09/2022 09:00,,
20/09/2022 09:30,,
20/09/2022 10:00,,
20/09/2022 10:30,,
20/09/2022 11:00,,
20/09/2022 11:30,,
20/09/2022 12:00,,
20/09/2022 12:30,,
20/09/2022 13:00,,
20/09/2022 13:30,,
20/09/2022 14:00,,
20/09/2022 14:30,,
20/09/2022 15:00,,
20/09/2022 15:30,,
20/09/2022 16:00,,
20/09/2022 16:30,,
20/09/2022 17:00,,
20/09/2022 17:30,,
20/09/2022 18:00,,
20/09/2022 18:30,,
20/09/2022 19:00,,
20/09/2022 19:30,,
20/09/2022 20:00,,
20/09/2022 20:30,,
20/09/2022 21:00,,
20/09/2022 21:30,,
20/09/2022 22:00,,
20/09/2022 22:30,,
20/09/2022 23:00,,
20/09/2022 23:30,,
21/09/2022 00:00,,
21/09/2022 00:30,,
21/09/2022 01:00,,
21/09/2022 01:30,,
21/09/2022 02:00,,
21/09/2022 02:30,,
21/09/2022 03:00,,
21/09/2022 03:30,,
21/09/2022 04:00,,
21/09/2022 04:30,,
21/09/2022 05:00,,
21/09/2022 05:30,,
21/09/2022 06:00,,
21/09/2022 06:30,,
21/09/2022 07:00,,
21/09/2022 07:30,,
21/09/2022 08:00,,
21/09/2022 08:30,,
21/09/2022 09:00,,
21/09/2022 09:30,,
21/09/2022 10:00,,
21/09/2022 10:30,,
21/09/2022 11:00,,
21/09/2022 11:30,,
21/09/2022 12:00,,
21/09/2022 12:30,,
21/09/2022 13:00,,
21/09/2022 13:30,,
21/09/2022 14:00,,
21/09/2022 14:30,,
21/09/2022 15:00,,
21/09/2022 15:30,,
21/09/2022 16:00,,
21/09/2022 16:30,,
21/09/2022 17:00,,
21/09/2022 17:30,,
21/09/2022 18:00,,
21/09/2022 18:30,,
21/09/2022 19:00,,
21/09/2022 19:30,,
21/09/2022 20:00,,
21/09/2022 20:30,,
21/09/2022 21:00,,
21/09/2022 21:30,,
21/09/2022 22:00,,
21/09/2022 22:30,,
21/09/2022 23:00,,
21/09/2022 23:30,,
22/09/2022 00:00,,
22/09/2022 00:30,,
22/09/2022 01:00,,
22/09/2022 01:30,,
22/09/2022 02:00,,
22/09/2022 02:30,,
22/09/2022 03:00,,
22/09/2022 03:30,,
22/09/2022 04:00,,
22/09/2022 04:30,,
22/09/2022 05:00,,
22/09/2022 05:30,,
22/09/2022 06:00,,
22/09/2022 06:30,,
22/09/2022 07:00,,
22/09/2022 07:30,,
22/09/2022 08:00,,
22/09/2022 08:30,,
22/09/2022 09:00,,
22/09/2022 09:30,,
22/09/2022 10:00,,
22/09/2022 10:30,,
22/09/2022 11:00,,
22/09/2022 11:30,,
22/09/2022 12:00,,
22/09/2022 12:30,,
22/09/2022 13:00,,
22/09/2022 13:30,,
22/09/2022 14:00,,
22/09/2022 14:30,,
22/09/2022 15:00,,
22/09/2022 15:30,,
22/09/2022 16:00,,
22/09/2022 16:30,,
22/09/2022 17:00,,
22/09/2022 17:30,,
22/09/2022 18:00,,
22/09/2022 18:30,,
22/09/2022 19:00,,
22/09/2022 19:30,,
22/09/2022 20:00,,
22/09/2022 20:30,,
22/09/2022 21:00,,
22/09/2022 21:30,,
22/09/2022 22:00,,
22/09/2022 22:30,,
22/09/2022 23:00,,
22/09/2022 23:30,,
23/09/2022 00:00,,
23/09/2022 00:30,,
23/09/2022 01:00,,
23/09/2022 01:30,,
23/09/2022 02:00,,
23/09/2022 02:30,,
23/09/2022 03:00,,
23/09/2022 03:30,,
23/09/2022 04:00,,
23/09/2022 04:30,,
23/09/2022 05:00,,
23/09/2022 05:30,,
23/09/2022 06:00,,
23/09/2022 06:30,,
23/09/2022 07:00,,
23/09/2022 07:30,,
23/09/2022 08:00,,
23/09/2022 08:30,,
23/09/2022 09:00,,
23/09/2022 09:30,,
23/09/2022 10:00,,
23/09/2022 10:30,,
23/09/2022 11:00,,
23/09/2022 11:30,,
23/09/2022 12:00,,
23/09/2022 12:30,,
23/09/2022 13:00,,
23/09/2022 13:30,,
23/09/2022 14:00,,
23/09/2022 14:30,,
23/09/2022 15:00,,
23/09/2022 15:30,,
23/09/2022 16:00,,
23/09/2022 16:30,,
23/09/2022 17:00,,
23/09/2022 17:30,,
23/09/2022 18:00,,
23/09/2022 18:30,,
23/09/2022 19:00,,
23/09/2022 19:30,,
23/09/2022 20:00,,
23/09/2022 20:30,,
23/09/2022 21:00,,
23/09/2022 21:30,,
23/09/2022 22:00,,
23/09/2022 22:30,,
23/09/2022 23:00,,
23/09/2022 23:30,,
24/09/2022 00:00,,
24/09/2022 00:30,,
24/09/2022 01:00,,
24/09/2022 01:30,,
24/09/2022 02:00,,
24/09/2022 02:30,,
24/09/2022 03:00,,
24/09/2022 03:30,,
24/09/2022 04:00,,
24/09/2022 04:30,,
24/09/2022 05:00,,
24/09/2022 05:30,,
24/09/2022 06:00,,
24/09/2022 06:30,,
24/09/2022 07:00,,
24/09/2022 07:30,,
24/09/2022 08:00,,
24/09/2022 08:30,,
24/09/2022 09:00,,
24/09/2022 09:30,,
24/09/2022 10:00,,
24/09/2022 10:30,,
24/09/2022 11:00,,
24/09/2022 11:30,,
24/09/2022 12:00,,
24/09/2022 12:30,,
24/09/2022 13:00,,
24/09/2022 13:30,,
24/09/2022 14:00,,
24/09/2022 14:30,,
24/09/2022 15:00,,
24/09/2022 15:30,,
24/09/2022 16:00,,
24/09/2022 16:30,,
24/09/2022 17:00,,
24/09/2022 17:30,,
24/09/2022 18:00,,
24/09/2022 18:30,,
24/09/2022 19:00,,
24/09/2022 19:30,,
24/09/2022 20:00,,
24/09/2022 20:30,,
24/09/2022 21:00,,
24/09/2022 21:30,,
24/09/2022 22:00,,
24/09/2022 22:30,,
24/09/2022 23:00,,
24/09/2022 23:30,,
25/09/2022 00:00,,
25/09/2022 00:30,,
25/09/2022 01:00,,
25/09/2022 01:30,,
25/09/2022 02:00,,
25/09/2022 02:30,,
25/09/2022 03:00,,
25/09/2022 03:30,,
25/09/2022 04:00,,
25/09/2022 04:30,,
25/09/2022 05:00,,
25/09/2022 05:30,,
25/09/2022 06:00,,
25/09/2022 06:30,,
25/09/2022 07:00,,
25/09/2022 07:30,,
25/09/2022 08:00,,
25/09/2022 08:30,,
25/09/2022 09:00,,
25/09/2022 09:30,,
25/09/2022 10:00,,
25/09/2022 10:30,,
25/09/2022 11:00,,
25/09/2022 11:30,,
25/09/2022 12:00,,
25/09/2022 12:30,,
25/09/2022 13:00,,
25/09/2022 13:30,,
25/09/2022 14:00,,
25/09/2022 14:30,,
25/09/2022 15:00,,
25/09/2022 15:30,,
25/09/2022 16:00,,
25/09/2022 16:30,,
25/09/2022 17:00,,
25/09/2022 17:30,,
25/09/2022 18:00,,
25/09/2022 18:30,,
25/09/2022 19:00,,
25/09/2022 19:30,,
25/09/2022 20:00,,
25/09/2022 20:30,,
25/09/2022 21:00,,
25/09/2022 21:30,,
25/09/2022 22:00,,
25/09/2022 22:30,,
25/09/2022 23:00,,
25/09/2022 23:30,,
26/09/2022 00:00,,
26/09/2022 00:30,,
26/09/2022 01:00,,
26/09/2022 01:30,,
26/09/2022 02:00,,
26/09/2022 02:30,,
26/09/2022 03:00,,
26/09/2022 03:30,,
26/09/2022 04:00,,
26/09/2022 04:30,,
26/09/2022 05:00,,
26/09/2022 05:30,,
26/09/2022 06:00,,
26/09/2022 06:30,,
26/09/2022 07:00,,
26/09/2022 07:30,,
26/09/2022 08:00,,
26/09/2022 08:30,,
26/09/2022 09:00,,
26/09/2022 09:30,,
26/09/2022 10:00,,
26/09/2022 10:30,,
26/09/2022 11:00,,
26/09/2022 11:30,,
26/09/2022 12:00,,
26/09/2022 12:30,,
26/09/2022 13:00,,
26/09/2022 13:30,,
26/09/2022 14:00,,
26/09/2022 14:30,,
26/09/2022 15:00,,
26/09/2022 15:30,,
26/09/2022 16:00,,
26/09/2022 16:30,,
26/09/2022 17:00,,
26/09/2022 17:30,,
26/09/2022 18:00,,
26/09/2022 18:30,,
26/09/2022 19:00,,
26/09/2022 19:30,,
26/09/2022 20:00,,
26/09/2022 20:30,,
26/09/2022 21:00,,
26/09/2022 21:30,,
26/09/2022 22:00,,
26/09/2022 22:30,,
26/09/2022 23:00,,
26/09/2022 23:30,,
27/09/2022 00:00,,
27/09/2022 00:30,,
27/09/2022 01:00,,
27/09/2022 01:30,,
27/09/2022 02:00,,
27/09/2022 02:30,,
27/09/2022 03:00,,
27/09/2022 03:30,,
27/09/2022 04:00,,
27/09/2022 04:30,,
27/09/2022 05:00,,
27/09/2022 05:30,,
27/09/2022 06:00,,
27/09/2022 06:30,,
27/09/2022 07:00,,
27/09/2022 07:30,,
27/09/2022 08:00,,
27/09/2022 08:30,,
27/09/2022 09:00,,
27/09/2022 09:30,,
27/09/2022 10:00,,
27/09/2022 10:30,,
27/09/2022 11:00,,
27/09/2022 11:30,,
27/09/2022 12:00,,
27/09/2022 12:30,,
27/09/2022 13:00,,
27/09/2022 13:30,,
27/09/2022 14:00,,
27/09/2022 14:30,,
27/09/2022 15:00,,
27/09/2022 15:30,,
27/09/2022 16:00,,
27/09/2022 16:30,,
27/09/2022 17:00,,
27/09/2022 17:30,,
27/09/2022 18:00,,
27/09/2022 18:30,,
27/09/2022 19:00,,
27/09/2022 19:30,,
27/09/2022 20:00,,
27/09/2022 20:30,,
27/09/2022 21:00,,
27/09/2022 21:30,,
27/09/2022 22:00,,
27/09/2022 22:30,,
27/09/2022 23:00,,
27/09/2022 23:30,,
28/09/2022 00:00,,
28/09/2022 00:30,,
28/09/2022 01:00,,
28/09/2022 01:30,,
28/09/2022 02:00,,
28/09/2022 02:30,,
28/09/2022 03:00,,
28/09/2022 03:30,,
28/09/2022 04:00,,
28/09/2022 04:30,,
28/09/2022 05:00,,
28/09/2022 05:30,,
28/09/2022 06:00,,
28/09/2022 06:30,,
28/09/2022 07:00,,
28/09/2022 07:30,,
28/09/2022 08:00,,
28/09/2022 08:30,,
28/09/2022 09:00,,
28/09/2022 09:30,,
28/09/2022 10:00,,
28/09/2022 10:30,,
28/09/2022 11:00,,
28/09/2022 11:30,,
28/09/2022 12:00,,
28/09/2022 12:30,,
28/09/2022 13:00,,
28/09/2022 13:30,,
28/09/2022 14:00,,
28/09/2022 14:30,,
28/09/2022 15:00,,
28/09/2022 15:30,,
28/09/2022 16:00,,
28/09/2022 16:30,,
28/09/2022 17:00,,
28/09/2022 17:30,,
28/09/2022 18:00,,
28/09/2022 18:30,,
28/09/2022 19:00,,
28/09/2022 19:30,,
28/09/2022 20:00,,
28/09/2022 20:30,,
28/09/2022 21:00,,
28/09/2022 21:30,,
28/09/2022 22:00,,
28/09/2022 22:30,,
28/09/2022 23:00,,
28/09/2022 23:30,,
29/09/2022 00:00,,
29/09/2022 00:30,,
29/09/2022 01:00,,
29/09/2022 01:30,,
29/09/2022 02:00,,
29/09/2022 02:30,,
29/09/2022 03:00,,
29/09/2022 03:30,,
29/09/2022 04:00,,
29/09/2022 04:30,,
29/09/2022 05:00,,
29/09/2022 05:30,,
29/09/2022 06:00,,
29/09/2022 06:30,,
29/09/2022 07:00,,
29/09/2022 07:30,,
29/09/2022 08:00,,
29/09/2022 08:30,,
29/09/2022 09:00,,
29/09/2022 09:30,,
29/09/2022 10:00,,
29/09/2022 10:30,,
29/09/2022 11:00,,
29/09/2022 11:30,,
29/09/2022 12:00,,
29/09/2022 12:30,,
29/09/2022 13:00,,
29/09/2022 13:30,,
29/09/2022 14:00,,
29/09/2022 14:30,,
29/09/2022 15:00,,
29/09/2022 15:30,,
29/09/2022 16:00,,
29/09/2022 16:30,,
29/09/2022 17:00,,
29/09/2022 17:30,,
29/09/2022 18:00,,
29/09/2022 18:30,,
29/09/2022 19:00,,
29/09/2022 19:30,,
29/09/2022 20:00,,
29/09/2022 20:30,,
29/09/2022 21:00,,
29/09/2022 21:30,,
29/09/2022 22:00,,
29/09/2022 22:30,,
29/09/2022 23:00,,
29/09/2022 23:30,,
30/09/2022 00:00,,
30/09/2022 00:30,,
30/09/2022 01:00,,
30/09/2022 01:30,,
30/09/2022 02:00,,
30/09/2022 02:30,,
30/09/2022 03:00,,
30/09/2022 03:30,,
30/09/2022 04:00,,
30/09/2022 04:30,,
30/09/2022 05:00,,
30/09/2022 05:30,,
30/09/2022 06:00,,
30/09/2022 06:30,,
30/09/2022 07:00,,
30/09/2022 07:30,,
30/09/2022 08:00,,
30/09/2022 08:30,,
30/09/2022 09:00,,
30/09/2022 09:30,,
30/09/2022 10:00,,
30/09/2022 10:30,,
30/09/2022 11:00,,
30/09/2022 11:30,,
30/09/2022 12:00,,
30/09/2022 12:30,,
30/09/2022 13:00,,
30/09/2022 13:30,,
30/09/2022 14:00,,
30/09/2022 14:30,,
30/09/2022 15:00,,
30/09/2022 15:30,,
30/09/2022 16:00,,
30/09/2022 16:30,,
30/09/2022 17:00,,
30/09/2022 17:30,,
30/09/2022 18:00,,
30/09/2022 18:30,,
30/09/2022 19:00,,
30/09/2022 19:30,,
30/09/2022 20:00,,
30/09/2022 20:30,,
30/09/2022 21:00,,
30/09/2022 21:30,,
30/09/2022 22:00,,
30/09/2022 22:30,,
30/09/2022 23:00,,
30/09/2022 23:30,,
01/10/2022 00:00,,
01/10/2022 00:30,,
01/10/2022 01:00,,
01/10/2022 01:30,,
01/10/2022 02:00,,
01/10/2022 02:30,,
01/10/2022 03:00,,
01/10/2022 03:30,,
01/10/2022 04:00,,
01/10/2022 04:30,,
01/10/2022 05:00,,
01/10/2022 05:30,,
01/10/2022 06:00,,
01/10/2022 06:30,,
01/10/2022 07:00,,
01/10/2022 07:30,,
01/10/2022 08:00,,
01/10/2022 08:30,,
01/10/2022 09:00,,
01/10/2022 09:30,,
01/10/2022 10:00,,
01/10/2022 10:30,,
01/10/2022 11:00,,
01/10/2022 11:30,,
01/10/2022 12:00,,
01/10/2022 12:30,,
01/10/2022 13:00,,
01/10/2022 13:30,,
01/10/2022 14:00,,
01/10/2022 14:30,,
01/10/2022 15:00,,
01/10/2022 15:30,,
01/10/2022 16:00,,
01/10/2022 16:30,,
01/10/2022 17:00,,
01/10/2022 17:30,,
01/10/2022 18:00,,
01/10/2022 18:30,,
01/10/2022 19:00,,
01/10/2022 19:30,,
01/10/2022 20:00,,
01/10/2022 20:30,,
01/10/2022 21:00,,
01/10/2022 21:30,,
01/10/2022 22:00,,
01/10/2022 22:30,,
01/10/2022 23:00,,
01/10/2022 23:30,,
02/10/2022 00:00,,
02/10/2022 00:30,,
02/10/2022 01:00,,
02/10/2022 01:30,,
02/10/2022 02:00,,
02/10/2022 02:30,,
02/10/2022 03:00,,
02/10/2022 03:30,,
02/10/2022 04:00,,
02/10/2022 04:30,,
02/10/2022 05:00,,
02/10/2022 05:30,,
02/10/2022 06:00,,
02/10/2022 06:30,,
02/10/2022 07:00,,
02/10/2022 07:30,,
02/10/2022 08:00,,
02/10/2022 08:30,,
02/10/2022 09:00,,
02/10/2022 09:30,,
02/10/2022 10:00,,
02/10/2022 10:30,,
02/10/2022 11:00,,
02/10/2022 11:30,,
02/10/2022 12:00,,
02/10/2022 12:30,,
02/10/2022 13:00,,
02/10/2022 13:30,,
02/10/2022 14:00,,
02/10/2022 14:30,,
02/10/2022 15:00,,
02/10/2022 15:30,,
02/10/2022 16:00,,
02/10/2022 16:30,,
02/10/2022 17:00,,
02/10/2022 17:30,,
02/10/2022 18:00,,
02/10/2022 18:30,,
02/10/2022 19:00,,
02/10/2022 19:30,,
02/10/2022 20:00,,
02/10/2022 20:30,,
02/10/2022 21:00,,
02/10/2022 21:30,,
02/10/2022 22:00,,
02/10/2022 22:30,,
02/10/2022 23:00,,
02/10/2022 23:30,,
03/10/2022 00:00,,
03/10/2022 00:30,,
03/10/2022 01:00,,
03/10/2022 01:30,,
03/10/2022 02:00,,
03/10/2022 02:30,,
03/10/2022 03:00,,
03/10/2022 03:30,,
03/10/2022 04:00,,
03/10/2022 04:30,,
03/10/2022 05:00,,
03/10/2022 05:30,,
03/10/2022 06:00,,
03/10/2022 06:30,,
03/10/2022 07:00,,
03/10/2022 07:30,,
03/10/2022 08:00,,
03/10/2022 08:30,,
03/10/2022 09:00,,
03/10/2022 09:30,,
03/10/2022 10:00,,
03/10/2022 10:30,,
03/10/2022 11:00,,
03/10/2022 11:30,,
03/10/2022 12:00,,
03/10/2022 12:30,,
03/10/2022 13:00,,
03/10/2022 13:30,,
03/10/2022 14:00,,
03/10/2022 14:30,,
03/10/2022 15:00,,
03/10/2022 15:30,,
03/10/2022 16:00,,
03/10/2022 16:30,,
03/10/2022 17:00,,
03/10/2022 17:30,,
03/10/2022 18:00,,
03/10/2022 18:30,,
03/10/2022 19:00,,
03/10/2022 19:30,,
03/10/2022 20:00,,
03/10/2022 20:30,,
03/10/2022 21:00,,
03/10/2022 21:30,,
03/10/2022 22:00,,
03/10/2022 22:30,,
03/10/2022 23:00,,
03/10/2022 23:30,,
04/10/2022 00:00,,
04/10/2022 00:30,,
04/10/2022 01:00,,
04/10/2022 01:30,,
04/10/2022 02:00,,
04/10/2022 02:30,,
04/10/2022 03:00,,
04/10/2022 03:30,,
04/10/2022 04:00,,
04/10/2022 04:30,,
04/10/2022 05:00,,
04/10/2022 05:30,,
04/10/2022 06:00,,
04/10/2022 06:30,,
04/10/2022 07:00,,
04/10/2022 07:30,,
04/10/2022 08:00,,
04/10/2022 08:30,,
04/10/2022 09:00,,
04/10/2022 09:30,,
04/10/2022 10:00,,
04/10/2022 10:30,,
04/10/2022 11:00,,
04/10/2022 11:30,,
04/10/2022 12:00,,
04/10/2022 12:30,,
04/10/2022 13:00,,
04/10/2022 13:30,,
04/10/2022 14:00,,
04/10/2022 14:30,,
04/10/2022 15:00,,
04/10/2022 15:30,,
04/10/2022 16:00,,
04/10/2022 16:30,,
04/10/2022 17:00,,
04/10/2022 17:30,,
04/10/2022 18:00,,
04/10/2022 18:30,,
04/10/2022 19:00,,
04/10/2022 19:30,,
04/10/2022 20:00,,
04/10/2022 20:30,,
04/10/2022 21:00,,
04/10/2022 21:30,,
04/10/2022 22:00,,
04/10/2022 22:30,,
04/10/2022 23:00,,
04/10/2022 23:30,,
05/10/2022 00:00,,
05/10/2022 00:30,,
05/10/2022 01:00,,
05/10/2022 01:30,,
05/10/2022 02:00,,
05/10/2022 02:30,,
05/10/2022 03:00,,
05/10/2022 03:30,,
05/10/2022 04:00,,
05/10/2022 04:30,,
05/10/2022 05:00,,
05/10/2022 05:30,,
05/10/2022 06:00,,
05/10/2022 06:30,,
05/10/2022 07:00,,
05/10/2022 07:30,,
05/10/2022 08:00,,
05/10/2022 08:30,,
05/10/2022 09:00,,
05/10/2022 09:30,,
05/10/2022 10:00,,
05/10/2022 10:30,,
05/10/2022 11:00,,
05/10/2022 11:30,,
05/10/2022 12:00,,
05/10/2022 12:30,,
05/10/2022 13:00,,
05/10/2022 13:30,,
05/10/2022 14:00,,
05/10/2022 14:30,,
05/10/2022 15:00,,
05/10/2022 15:30,,
05/10/2022 16:00,,
05/10/2022 16:30,,
05/10/2022 17:00,,
05/10/2022 17:30,,
05/10/2022 18:00,,
05/10/2022 18:30,,
05/10/2022 19:00,,
05/10/2022 19:30,,
05/10/2022 20:00,,
05/10/2022 20:30,,
05/10/2022 21:00,,
05/10/2022 21:30,,
05/10/2022 22:00,,
05/10/2022 22:30,,
05/10/2022 23:00,,
05/10/2022 23:30,,
06/10/2022 00:00,,
06/10/2022 00:30,,
06/10/2022 01:00,,
06/10/2022 01:30,,
06/10/2022 02:00,,
06/10/2022 02:30,,
06/10/2022 03:00,,
06/10/2022 03:30,,
06/10/2022 04:00,,
06/10/2022 04:30,,
06/10/2022 05:00,,
06/10/2022 05:30,,
06/10/2022 06:00,,
06/10/2022 06:30,,
06/10/2022 07:00,,
06/10/2022 07:30,,
06/10/2022 08:00,,
06/10/2022 08:30,,
06/10/2022 09:00,,
06/10/2022 09:30,,
06/10/2022 10:00,,
06/10/2022 10:30,,
06/10/2022 11:00,,
06/10/2022 11:30,,
06/10/2022 12:00,,
06/10/2022 12:30,,
06/10/2022 13:00,,
06/10/2022 13:30,,
06/10/2022 14:00,,
06/10/2022 14:30,,
06/10/2022 15:00,,
06/10/2022 15:30,,
06/10/2022 16:00,,
06/10/2022 16:30,,
06/10/2022 17:00,,
06/10/2022 17:30,,
06/10/2022 18:00,,
06/10/2022 18:30,,
06/10/2022 19:00,,
06/10/2022 19:30,,
06/10/2022 20:00,,
06/10/2022 20:30,,
06/10/2022 21:00,,
06/10/2022 21:30,,
06/10/2022 22:00,,
06/10/2022 22:30,,
06/10/2022 23:00,,
06/10/2022 23:30,,
07/10/2022 00:00,,
07/10/2022 00:30,,
07/10/2022 01:00,,
07/10/2022 01:30,,
07/10/2022 02:00,,
07/10/2022 02:30,,
07/10/2022 03:00,,
07/10/2022 03:30,,
07/10/2022 04:00,,
07/10/2022 04:30,,
07/10/2022 05:00,,
07/10/2022 05:30,,
07/10/2022 06:00,,
07/10/2022 06:30,,
07/10/2022 07:00,,
07/10/2022 07:30,,
07/10/2022 08:00,,
07/10/2022 08:30,,
07/10/2022 09:00,,
07/10/2022 09:30,,
07/10/2022 10:00,,
07/10/2022 10:30,,
07/10/2022 11:00,,
07/10/2022 11:30,,
07/10/2022 12:00,,
07/10/2022 12:30,,
07/10/2022 13:00,,
07/10/2022 13:30,,
07/10/2022 14:00,,
07/10/2022 14:30,,
07/10/2022 15:00,,
07/10/2022 15:30,,
07/10/2022 16:00,,
07/10/2022 16:30,,
07/10/2022 17:00,,
07/10/2022 17:30,,
07/10/2022 18:00,,
07/10/2022 18:30,,
07/10/2022 19:00,,
07/10/2022 19:30,,
07/10/2022 20:00,,
07/10/2022 20:30,,
07/10/2022 21:00,,
07/10/2022 21:30,,
07/10/2022 22:00,,
07/10/2022 22:30,,
07/10/2022 23:00,,
07/10/2022 23:30,,
08/10/2022 00:00,,
08/10/2022 00:30,,
08/10/2022 01:00,,
08/10/2022 01:30,,
08/10/2022 02:00,,
08/10/2022 02:30,,
08/10/2022 03:00,,
08/10/2022 03:30,,
08/10/2022 04:00,,
08/10/2022 04:30,,
08/10/2022 05:00,,
08/10/2022 05:30,,
08/10/2022 06:00,,
08/10/2022 06:30,,
08/10/2022 07:00,,
08/10/2022 07:30,,
08/10/2022 08:00,,
08/10/2022 08:30,,
08/10/2022 09:00,,
08/10/2022 09:30,,
08/10/2022 10:00,,
08/10/2022 10:30,,
08/10/2022 11:00,,
08/10/2022 11:30,,
08/10/2022 12:00,,
08/10/2022 12:30,,
08/10/2022 13:00,,
08/10/2022 13:30,,
08/10/2022 14:00,,
08/10/2022 14:30,,
08/10/2022 15:00,,
08/10/2022 15:30,,
08/10/2022 16:00,,
08/10/2022 16:30,,
08/10/2022 17:00,,
08/10/2022 17:30,,
08/10/2022 18:00,,
08/10/2022 18:30,,
08/10/2022 19:00,,
08/10/2022 19:30,,
08/10/2022 20:00,,
08/10/2022 20:30,,
08/10/2022 21:00,,
08/10/2022 21:30,,
08/10/2022 22:00,,
08/10/2022 22:30,,
08/10/2022 23:00,,
08/10/2022 23:30,,
09/10/2022 00:00,,
09/10/2022 00:30,,
09/10/2022 01:00,,
09/10/2022 01:30,,
09/10/2022 02:00,,
09/10/2022 02:30,,
09/10/2022 03:00,,
09/10/2022 03:30,,
09/10/2022 04:00,,
09/10/2022 04:30,,
09/10/2022 05:00,,
09/10/2022 05:30,,
09/10/2022 06:00,,
09/10/2022 06:30,,
09/10/2022 07:00,,
09/10/2022 07:30,,
09/10/2022 08:00,,
09/10/2022 08:30,,
09/10/2022 09:00,,
09/10/2022 09:30,,
09/10/2022 10:00,,
09/10/2022 10:30,,
09/10/2022 11:00,,
09/10/2022 11:30,,
09/10/2022 12:00,,
09/10/2022 12:30,,
09/10/2022 13:00,,
09/10/2022 13:30,,
09/10/2022 14:00,,
09/10/2022 14:30,,
09/10/2022 15:00,,
09/10/2022 15:30,,
09/10/2022 16:00,,
09/10/2022 16:30,,
09/10/2022 17:00,,
09/10/2022 17:30,,
09/10/2022 18:00,,
09/10/2022 18:30,,
09/10/2022 19:00,,
09/10/2022 19:30,,
09/10/2022 20:00,,
09/10/2022 20:30,,
09/10/2022 21:00,,
09/10/2022 21:30,,
09/10/2022 22:00,,
09/10/2022 22:30,,
09/10/2022 23:00,,
09/10/2022 23:30,,
10/10/2022 00:00,,
10/10/2022 00:30,,
10/10/2022 01:00,,
10/10/2022 01:30,,
10/10/2022 02:00,,
10/10/2022 02:30,,
10/10/2022 03:00,,
10/10/2022 03:30,,
10/10/2022 04:00,,
10/10/2022 04:30,,
10/10/2022 05:00,,
10/10/2022 05:30,,
10/10/2022 06:00,,
10/10/2022 06:30,,
10/10/2022 07:00,,
10/10/2022 07:30,,
10/10/2022 08:00,,
10/10/2022 08:30,,
10/10/2022 09:00,,
10/10/2022 09:30,,
10/10/2022 10:00,,
10/10/2022 10:30,,
10/10/2022 11:00,,
10/10/2022 11:30,,
10/10/2022 12:00,,
10/10/2022 12:30,,
10/10/2022 13:00,,
10/10/2022 13:30,,
10/10/2022 14:00,,
10/10/2022 14:30,,
10/10/2022 15:00,,
10/10/2022 15:30,,
10/10/2022 16:00,,
10/10/2022 16:30,,
10/10/2022 17:00,,
10/10/2022 17:30,,
10/10/2022 18:00,,
10/10/2022 18:30,,
10/10/2022 19:00,,
10/10/2022 19:30,,
10/10/2022 20:00,,
10/10/2022 20:30,,
10/10/2022 21:00,,
10/10/2022 21:30,,
10/10/2022 22:00,,
10/10/2022 22:30,,
10/10/2022 23:00,,
10/10/2022 23:30,,
11/10/2022 00:00,,
11/10/2022 00:30,,
11/10/2022 01:00,,
11/10/2022 01:30,,
11/10/2022 02:00,,
11/10/2022 02:30,,
11/10/2022 03:00,,
11/10/2022 03:30,,
11/10/2022 04:00,,
11/10/2022 04:30,,
11/10/2022 05:00,,
11/10/2022 05:30,,
11/10/2022 06:00,,
11/10/2022 06:30,,
11/10/2022 07:00,,
11/10/2022 07:30,,
11/10/2022 08:00,,
11/10/2022 08:30,,
11/10/2022 09:00,,
11/10/2022 09:30,,
11/10/2022 10:00,,
11/10/2022 10:30,,
11/10/2022 11:00,,
11/10/2022 11:30,,
11/10/2022 12:00,,
11/10/2022 12:30,,
11/10/2022 13:00,,
11/10/2022 13:30,,
11/10/2022 14:00,,
11/10/2022 14:30,,
11/10/2022 15:00,,
11/10/2022 15:30,,
11/10/2022 16:00,,
11/10/2022 16:30,,
11/10/2022 17:00,,
11/10/2022 17:30,,
11/10/2022 18:00,,
11/10/2022 18:30,,
11/10/2022 19:00,,
11/10/2022 19:30,,
11/10/2022 20:00,,
11/10/2022 20:30,,
11/10/2022 21:00,,
11/10/2022 21:30,,
11/10/2022 22:00,,
11/10/2022 22:30,,
11/10/2022 23:00,,
11/10/2022 23:30,,
12/10/2022 00:00,,
12/10/2022 00:30,,
12/10/2022 01:00,,
12/10/2022 01:30,,
12/10/2022 02:00,,
12/10/2022 02:30,,
12/10/2022 03:00,,
12/10/2022 03:30,,
12/10/2022 04:00,,
12/10/2022 04:30,,
12/10/2022 05:00,,
12/10/2022 05:30,,
12/10/2022 06:00,,
12/10/2022 06:30,,
12/10/2022 07:00,,
12/10/2022 07:30,,
12/10/2022 08:00,,
12/10/2022 08:30,,
12/10/2022 09:00,,
12/10/2022 09:30,,
12/10/2022 10:00,,
12/10/2022 10:30,,
12/10/2022 11:00,,
12/10/2022 11:30,,
12/10/2022 12:00,,
12/10/2022 12:30,,
12/10/2022 13:00,,
12/10/2022 13:30,,
12/10/2022 14:00,,
12/10/2022 14:30,,
12/10/2022 15:00,,
12/10/2022 15:30,,
12/10/2022 16:00,,
12/10/2022 16:30,,
12/10/2022 17:00,,
12/10/2022 17:30,,
12/10/2022 18:00,,
12/10/2022 18:30,,
12/10/2022 19:00,,
12/10/2022 19:30,,
12/10/2022 20:00,,
12/10/2022 20:30,,
12/10/2022 21:00,,
12/10/2022 21:30,,
12/10/2022 22:00,,
12/10/2022 22:30,,
12/10/2022 23:00,,
12/10/2022 23:30,,
13/10/2022 00:00,,
13/10/2022 00:30,,
13/10/2022 01:00,,
13/10/2022 01:30,,
13/10/2022 02:00,,
13/10/2022 02:30,,
13/10/2022 03:00,,
13/10/2022 03:30,,
13/10/2022 04:00,,
13/10/2022 04:30,,
13/10/2022 05:00,,
13/10/2022 05:30,,
13/10/2022 06:00,,
13/10/2022 06:30,,
13/10/2022 07:00,,
13/10/2022 07:30,,
13/10/2022 08:00,,
13/10/2022 08:30,,
13/10/2022 09:00,,
13/10/2022 09:30,,
13/10/2022 10:00,,
13/10/2022 10:30,,
13/10/2022 11:00,,
13/10/2022 11:30,,
13/10/2022 12:00,,
13/10/2022 12:30,,
13/10/2022 13:00,,
13/10/2022 13:30,,
13/10/2022 14:00,,
13/10/2022 14:30,,
13/10/2022 15:00,,
13/10/2022 15:30,,
13/10/2022 16:00,,
13/10/2022 16:30,,
13/10/2022 17:00,,
13/10/2022 17:30,,
13/10/2022 18:00,,
13/10/2022 18:30,,
13/10/2022 19:00,,
13/10/2022 19:30,,
13/10/2022 20:00,,
13/10/2022 20:30,,
13/10/2022 21:00,,
13/10/2022 21:30,,
13/10/2022 22:00,,
13/10/2022 22:30,,
13/10/2022 23:00,,
13/10/2022 23:30,,
14/10/2022 00:00,,
14/10/2022 00:30,,
14/10/2022 01:00,,
14/10/2022 01:30,,
14/10/2022 02:00,,
14/10/2022 02:30,,
14/10/2022 03:00,,
14/10/2022 03:30,,
14/10/2022 04:00,,
14/10/2022 04:30,,
14/10/2022 05:00,,
14/10/2022 05:30,,
14/10/2022 06:00,,
14/10/2022 06:30,,
14/10/2022 07:00,,
14/10/2022 07:30,,
14/10/2022 08:00,,
14/10/2022 08:30,,
14/10/2022 09:00,,
14/10/2022 09:30,,
14/10/2022 10:00,,
14/10/2022 10:30,,
14/10/2022 11:00,,
14/10/2022 11:30,,
14/10/2022 12:00,,
14/10/2022 12:30,,
14/10/2022 13:00,,
14/10/2022 13:30,,
14/10/2022 14:00,,
14/10/2022 14:30,,
14/10/2022 15:00,,
14/10/2022 15:30,,
14/10/2022 16:00,,
14/10/2022 16:30,,
14/10/2022 17:00,,
14/10/2022 17:30,,
14/10/2022 18:00,,
14/10/2022 18:30,,
14/10/2022 19:00,,
14/10/2022 19:30,,
14/10/2022 20:00,,
14/10/2022 20:30,,
14/10/2022 21:00,,
14/10/2022 21:30,,
14/10/2022 22:00,,
14/10/2022 22:30,,
14/10/2022 23:00,,
14/10/2022 23:30,,
15/10/2022 00:00,,
15/10/2022 00:30,,
15/10/2022 01:00,,
15/10/2022 01:30,,
15/10/2022 02:00,,
15/10/2022 02:30,,
15/10/2022 03:00,,
15/10/2022 03:30,,
15/10/2022 04:00,,
15/10/2022 04:30,,
15/10/2022 05:00,,
15/10/2022 05:30,,
15/10/2022 06:00,,
15/10/2022 06:30,,
15/10/2022 07:00,,
15/10/2022 07:30,,
15/10/2022 08:00,,
15/10/2022 08:30,,
15/10/2022 09:00,,
15/10/2022 09:30,,
15/10/2022 10:00,,
15/10/2022 10:30,,
15/10/2022 11:00,,
15/10/2022 11:30,,
15/10/2022 12:00,,
15/10/2022 12:30,,
15/10/2022 13:00,,
15/10/2022 13:30,,
15/10/2022 14:00,,
15/10/2022 14:30,,
15/10/2022 15:00,,
15/10/2022 15:30,,
15/10/2022 16:00,,
15/10/2022 16:30,,
15/10/2022 17:00,,
15/10/2022 17:30,,
15/10/2022 18:00,,
15/10/2022 18:30,,
15/10/2022 19:00,,
15/10/2022 19:30,,
15/10/2022 20:00,,
15/10/2022 20:30,,
15/10/2022 21:00,,
15/10/2022 21:30,,
15/10/2022 22:00,,
15/10/2022 22:30,,
15/10/2022 23:00,,
15/10/2022 23:30,,
16/10/2022 00:00,,
16/10/2022 00:30,,
16/10/2022 01:00,,
16/10/2022 01:30,,
16/10/2022 02:00,,
16/10/2022 02:30,,
16/10/2022 03:00,,
16/10/2022 03:30,,
16/10/2022 04:00,,
16/10/2022 04:30,,
16/10/2022 05:00,,
16/10/2022 05:30,,
16/10/2022 06:00,,
16/10/2022 06:30,,
16/10/2022 07:00,,
16/10/2022 07:30,,
16/10/2022 08:00,,
16/10/2022 08:30,,
16/10/2022 09:00,,
16/10/2022 09:30,,
16/10/2022 10:00,,
16/10/2022 10:30,,
16/10/2022 11:00,,
16/10/2022 11:30,,
16/10/2022 12:00,,
16/10/2022 12:30,,
16/10/2022 13:00,,
16/10/2022 13:30,,
16/10/2022 14:00,,
16/10/2022 14:30,,
16/10/2022 15:00,,
16/10/2022 15:30,,
16/10/2022 16:00,,
16/10/2022 16:30,,
16/10/2022 17:00,,
16/10/2022 17:30,,
16/10/2022 18:00,,
16/10/2022 18:30,,
16/10/2022 19:00,,
16/10/2022 19:30,,
16/10/2022 20:00,,
16/10/2022 20:30,,
16/10/2022 21:00,,
16/10/2022 21:30,,
16/10/2022 22:00,,
16/10/2022 22:30,,
16/10/2022 23:00,,
16/10/2022 23:30,,
17/10/2022 00:00,,
17/10/2022 00:30,,
17/10/2022 01:00,,
17/10/2022 01:30,,
17/10/2022 02:00,,
17/10/2022 02:30,,
17/10/2022 03:00,,
17/10/2022 03:30,,
17/10/2022 04:00,,
17/10/2022 04:30,,
17/10/2022 05:00,,
17/10/2022 05:30,,
17/10/2022 06:00,,
17/10/2022 06:30,,
17/10/2022 07:00,,
17/10/2022 07:30,,
17/10/2022 08:00,,
17/10/2022 08:30,,
17/10/2022 09:00,,
17/10/2022 09:30,,
17/10/2022 10:00,,
17/10/2022 10:30,,
17/10/2022 11:00,,
17/10/2022 11:30,,
17/10/2022 12:00,,
17/10/2022 12:30,,
17/10/2022 13:00,,
17/10/2022 13:30,,
17/10/2022 14:00,,
17/10/2022 14:30,,
17/10/2022 15:00,,
17/10/2022 15:30,,
17/10/2022 16:00,,
17/10/2022 16:30,,
17/10/2022 17:00,,
17/10/2022 17:30,,
17/10/2022 18:00,,
17/10/2022 18:30,,
17/10/2022 19:00,,
17/10/2022 19:30,,
17/10/2022 20:00,,
17/10/2022 20:30,,
17/10/2022 21:00,,
17/10/2022 21:30,,
17/10/2022 22:00,,
17/10/2022 22:30,,
17/10/2022 23:00,,
17/10/2022 23:30,,
18/10/2022 00:00,,
18/10/2022 00:30,,
18/10/2022 01:00,,
18/10/2022 01:30,,
18/10/2022 02:00,,
18/10/2022 02:30,,
18/10/2022 03:00,,
18/10/2022 03:30,,
18/10/2022 04:00,,
18/10/2022 04:30,,
18/10/2022 05:00,,
18/10/2022 05:30,,
18/10/2022 06:00,,
18/10/2022 06:30,,
18/10/2022 07:00,,
18/10/2022 07:30,,
18/10/2022 08:00,,
18/10/2022 08:30,,
18/10/2022 09:00,,
18/10/2022 09:30,,
18/10/2022 10:00,,
18/10/2022 10:30,,
18/10/2022 11:00,,
18/10/2022 11:30,,
18/10/2022 12:00,,
18/10/2022 12:30,,
18/10/2022 13:00,,
18/10/2022 13:30,,
18/10/2022 14:00,,
18/10/2022 14:30,,
18/10/2022 15:00,,
18/10/2022 15:30,,
18/10/2022 16:00,,
18/10/2022 16:30,,
18/10/2022 17:00,,
18/10/2022 17:30,,
18/10/2022 18:00,,
18/10/2022 18:30,,
18/10/2022 19:00,,
18/10/2022 19:30,,
18/10/2022 20:00,,
18/10/2022 20:30,,
18/10/2022 21:00,,
18/10/2022 21:30,,
18/10/2022 22:00,,
18/10/2022 22:30,,
18/10/2022 23:00,,
18/10/2022 23:30,,
19/10/2022 00:00,,
19/10/2022 00:30,,
19/10/2022 01:00,,
19/10/2022 01:30,,
19/10/2022 02:00,,
19/10/2022 02:30,,
19/10/2022 03:00,,
19/10/2022 03:30,,
19/10/2022 04:00,,
19/10/2022 04:30,,
19/10/2022 05:00,,
19/10/2022 05:30,,
19/10/2022 06:00,,
19/10/2022 06:30,,
19/10/2022 07:00,,
19/10/2022 07:30,,
19/10/2022 08:00,,
19/10/2022 08:30,,
19/10/2022 09:00,,
19/10/2022 09:30,,
19/10/2022 10:00,,
19/10/2022 10:30,,
19/10/2022 11:00,,
19/10/2022 11:30,,
19/10/2022 12:00,,
19/10/2022 12:30,,
19/10/2022 13:00,,
19/10/2022 13:30,,
19/10/2022 14:00,,
19/10/2022 14:30,,
19/10/2022 15:00,,
19/10/2022 15:30,,
19/10/2022 16:00,,
19/10/2022 16:30,,
19/10/2022 17:00,,
19/10/2022 17:30,,
19/10/2022 18:00,,
19/10/2022 18:30,,
19/10/2022 19:00,,
19/10/2022 19:30,,
19/10/2022 20:00,,
19/10/2022 20:30,,
19/10/2022 21:00,,
19/10/2022 21:30,,
19/10/2022 22:00,,
19/10/2022 22:30,,
19/10/2022 23:00,,
19/10/2022 23:30,,
20/10/2022 00:00,,
20/10/2022 00:30,,
20/10/2022 01:00,,
20/10/2022 01:30,,
20/10/2022 02:00,,
20/10/2022 02:30,,
20/10/2022 03:00,,
20/10/2022 03:30,,
20/10/2022 04:00,,
20/10/2022 04:30,,
20/10/2022 05:00,,
20/10/2022 05:30,,
20/10/2022 06:00,,
20/10/2022 06:30,,
20/10/2022 07:00,,
20/10/2022 07:30,,
20/10/2022 08:00,,
20/10/2022 08:30,,
20/10/2022 09:00,,
20/10/2022 09:30,,
20/10/2022 10:00,,
20/10/2022 10:30,,
20/10/2022 11:00,,
20/10/2022 11:30,,
20/10/2022 12:00,,
20/10/2022 12:30,,
20/10/2022 13:00,,
20/10/2022 13:30,,
20/10/2022 14:00,,
20/10/2022 14:30,,
20/10/2022 15:00,,
20/10/2022 15:30,,
20/10/2022 16:00,,
20/10/2022 16:30,,
20/10/2022 17:00,,
20/10/2022 17:30,,
20/10/2022 18:00,,
20/10/2022 18:30,,
20/10/2022 19:00,,
20/10/2022 19:30,,
20/10/2022 20:00,,
20/10/2022 20:30,,
20/10/2022 21:00,,
20/10/2022 21:30,,
20/10/2022 22:00,,
20/10/2022 22:30,,
20/10/2022 23:00,,
20/10/2022 23:30,,
21/10/2022 00:00,,
21/10/2022 00:30,,
21/10/2022 01:00,,
21/10/2022 01:30,,
21/10/2022 02:00,,
21/10/2022 02:30,,
21/10/2022 03:00,,
21/10/2022 03:30,,
21/10/2022 04:00,,
21/10/2022 04:30,,
21/10/2022 05:00,,
21/10/2022 05:30,,
21/10/2022 06:00,,
21/10/2022 06:30,,
21/10/2022 07:00,,
21/10/2022 07:30,,
21/10/2022 08:00,,
21/10/2022 08:30,,
21/10/2022 09:00,,
21/10/2022 09:30,,
21/10/2022 10:00,,
21/10/2022 10:30,,
21/10/2022 11:00,,
21/10/2022 11:30,,
21/10/2022 12:00,,
21/10/2022 12:30,,
21/10/2022 13:00,,
21/10/2022 13:30,,
21/10/2022 14:00,,
21/10/2022 14:30,,
21/10/2022 15:00,,
21/10/2022 15:30,,
21/10/2022 16:00,,
21/10/2022 16:30,,
21/10/2022 17:00,,
21/10/2022 17:30,,
21/10/2022 18:00,,
21/10/2022 18:30,,
21/10/2022 19:00,,
21/10/2022 19:30,,
21/10/2022 20:00,,
21/10/2022 20:30,,
21/10/2022 21:00,,
21/10/2022 21:30,,
21/10/2022 22:00,,
21/10/2022 22:30,,
21/10/2022 23:00,,
21/10/2022 23:30,,
22/10/2022 00:00,,
22/10/2022 00:30,,
22/10/2022 01:00,,
22/10/2022 01:30,,
22/10/2022 02:00,,
22/10/2022 02:30,,
22/10/2022 03:00,,
22/10/2022 03:30,,
22/10/2022 04:00,,
22/10/2022 04:30,,
22/10/2022 05:00,,
22/10/2022 05:30,,
22/10/2022 06:00,,
22/10/2022 06:30,,
22/10/2022 07:00,,
22/10/2022 07:30,,
22/10/2022 08:00,,
22/10/2022 08:30,,
22/10/2022 09:00,,
22/10/2022 09:30,,
22/10/2022 10:00,,
22/10/2022 10:30,,
22/10/2022 11:00,,
22/10/2022 11:30,,
22/10/2022 12:00,,
22/10/2022 12:30,,
22/10/2022 13:00,,
22/10/2022 13:30,,
22/10/2022 14:00,,
22/10/2022 14:30,,
22/10/2022 15:00,,
22/10/2022 15:30,,
22/10/2022 16:00,,
22/10/2022 16:30,,
22/10/2022 17:00,,
22/10/2022 17:30,,
22/10/2022 18:00,,
22/10/2022 18:30,,
22/10/2022 19:00,,
22/10/2022 19:30,,
22/10/2022 20:00,,
22/10/2022 20:30,,
22/10/2022 21:00,,
22/10/2022 21:30,,
22/10/2022 22:00,,
22/10/2022 22:30,,
22/10/2022 23:00,,
22/10/2022 23:30,,
23/10/2022 00:00,,
23/10/2022 00:30,,
23/10/2022 01:00,,
23/10/2022 01:30,,
23/10/2022 02:00,,
23/10/2022 02:30,,
23/10/2022 03:00,,
23/10/2022 03:30,,
23/10/2022 04:00,,
23/10/2022 04:30,,
23/10/2022 05:00,,
23/10/2022 05:30,,
23/10/2022 06:00,,
23/10/2022 06:30,,
23/10/2022 07:00,,
23/10/2022 07:30,,
23/10/2022 08:00,,
23/10/2022 08:30,,
23/10/2022 09:00,,
23/10/2022 09:30,,
23/10/2022 10:00,,
23/10/2022 10:30,,
23/10/2022 11:00,,
23/10/2022 11:30,,
23/10/2022 12:00,,
23/10/2022 12:30,,
23/10/2022 13:00,,
23/10/2022 13:30,,
23/10/2022 14:00,,
23/10/2022 14:30,,
23/10/2022 15:00,,
23/10/2022 15:30,,
23/10/2022 16:00,,
23/10/2022 16:30,,
23/10/2022 17:00,,
23/10/2022 17:30,,
23/10/2022 18:00,,
23/10/2022 18:30,,
23/10/2022 19:00,,
23/10/2022 19:30,,
23/10/2022 20:00,,
23/10/2022 20:30,,
23/10/2022 21:00,,
23/10/2022 21:30,,
23/10/2022 22:00,,
23/10/2022 22:30,,
23/10/2022 23:00,,
23/10/2022 23:30,,
24/10/2022 00:00,,
24/10/2022 00:30,,
24/10/2022 01:00,,
24/10/2022 01:30,,
24/10/2022 02:00,,
24/10/2022 02:30,,
24/10/2022 03:00,,
24/10/2022 03:30,,
24/10/2022 04:00,,
24/10/2022 04:30,,
24/10/2022 05:00,,
24/10/2022 05:30,,
24/10/2022 06:00,,
24/10/2022 06:30,,
24/10/2022 07:00,,
24/10/2022 07:30,,
24/10/2022 08:00,,
24/10/2022 08:30,,
24/10/2022 09:00,,
24/10/2022 09:30,,
24/10/2022 10:00,,
24/10/2022 10:30,,
24/10/2022 11:00,,
24/10/2022 11:30,,
24/10/2022 12:00,,
24/10/2022 12:30,,
24/10/2022 13:00,,
24/10/2022 13:30,,
24/10/2022 14:00,,
24/10/2022 14:30,,
24/10/2022 15:00,,
24/10/2022 15:30,,
24/10/2022 16:00,,
24/10/2022 16:30,,
24/10/2022 17:00,,
24/10/2022 17:30,,
24/10/2022 18:00,,
24/10/2022 18:30,,
24/10/2022 19:00,,
24/10/2022 19:30,,
24/10/2022 20:00,,
24/10/2022 20:30,,
24/10/2022 21:00,,
24/10/2022 21:30,,
24/10/2022 22:00,,
24/10/2022 22:30,,
24/10/2022 23:00,,
24/10/2022 23:30,,
25/10/2022 00:00,,
25/10/2022 00:30,,
25/10/2022 01:00,,
25/10/2022 01:30,,
25/10/2022 02:00,,
25/10/2022 02:30,,
25/10/2022 03:00,,
25/10/2022 03:30,,
25/10/2022 04:00,,
25/10/2022 04:30,,
25/10/2022 05:00,,
25/10/2022 05:30,,
25/10/2022 06:00,,
25/10/2022 06:30,,
25/10/2022 07:00,,
25/10/2022 07:30,,
25/10/2022 08:00,,
25/10/2022 08:30,,
25/10/2022 09:00,,
25/10/2022 09:30,,
25/10/2022 10:00,,
25/10/2022 10:30,,
25/10/2022 11:00,,
25/10/2022 11:30,,
25/10/2022 12:00,,
25/10/2022 12:30,,
25/10/2022 13:00,,
25/10/2022 13:30,,
25/10/2022 14:00,,
25/10/2022 14:30,,
25/10/2022 15:00,,
25/10/2022 15:30,,
25/10/2022 16:00,,
25/10/2022 16:30,,
25/10/2022 17:00,,
25/10/2022 17:30,,
25/10/2022 18:00,,
25/10/2022 18:30,,
25/10/2022 19:00,,
25/10/2022 19:30,,
25/10/2022 20:00,,
25/10/2022 20:30,,
25/10/2022 21:00,,
25/10/2022 21:30,,
25/10/2022 22:00,,
25/10/2022 22:30,,
25/10/2022 23:00,,
25/10/2022 23:30,,
26/10/2022 00:00,,
26/10/2022 00:30,,
26/10/2022 01:00,,
26/10/2022 01:30,,
26/10/2022 02:00,,
26/10/2022 02:30,,
26/10/2022 03:00,,
26/10/2022 03:30,,
26/10/2022 04:00,,
26/10/2022 04:30,,
26/10/2022 05:00,,
26/10/2022 05:30,,
26/10/2022 06:00,,
26/10/2022 06:30,,
26/10/2022 07:00,,
26/10/2022 07:30,,
26/10/2022 08:00,,
26/10/2022 08:30,,
26/10/2022 09:00,,
26/10/2022 09:30,,
26/10/2022 10:00,,
26/10/2022 10:30,,
26/10/2022 11:00,,
26/10/2022 11:30,,
26/10/2022 12:00,,
26/10/2022 12:30,,
26/10/2022 13:00,,
26/10/2022 13:30,,
26/10/2022 14:00,,
26/10/2022 14:30,,
26/10/2022 15:00,,
26/10/2022 15:30,,
26/10/2022 16:00,,
26/10/2022 16:30,,
26/10/2022 17:00,,
26/10/2022 17:30,,
26/10/2022 18:00,,
26/10/2022 18:30,,
26/10/2022 19:00,,
26/10/2022 19:30,,
26/10/2022 20:00,,
26/10/2022 20:30,,
26/10/2022 21:00,,
26/10/2022 21:30,,
26/10/2022 22:00,,
26/10/2022 22:30,,
26/10/2022 23:00,,
26/10/2022 23:30,,
27/10/2022 00:00,,
27/10/2022 00:30,,
27/10/2022 01:00,,
27/10/2022 01:30,,
27/10/2022 02:00,,
27/10/2022 02:30,,
27/10/2022 03:00,,
27/10/2022 03:30,,
27/10/2022 04:00,,
27/10/2022 04:30,,
27/10/2022 05:00,,
27/10/2022 05:30,,
27/10/2022 06:00,,
27/10/2022 06:30,,
27/10/2022 07:00,,
27/10/2022 07:30,,
27/10/2022 08:00,,
27/10/2022 08:30,,
27/10/2022 09:00,,
27/10/2022 09:30,,
27/10/2022 10:00,,
27/10/2022 10:30,,
27/10/2022 11:00,,
27/10/2022 11:30,,
27/10/2022 12:00,,
27/10/2022 12:30,,
27/10/2022 13:00,,
27/10/2022 13:30,,
27/10/2022 14:00,,
27/10/2022 14:30,,
27/10/2022 15:00,,
27/10/2022 15:30,,
27/10/2022 16:00,,
27/10/2022 16:30,,
27/10/2022 17:00,,
27/10/2022 17:30,,
27/10/2022 18:00,,
27/10/2022 18:30,,
27/10/2022 19:00,,
27/10/2022 19:30,,
27/10/2022 20:00,,
27/10/2022 20:30,,
27/10/2022 21:00,,
27/10/2022 21:30,,
27/10/2022 22:00,,
27/10/2022 22:30,,
27/10/2022 23:00,,
27/10/2022 23:30,,
28/10/2022 00:00,,
28/10/2022 00:30,,
28/10/2022 01:00,,
28/10/2022 01:30,,
28/10/2022 02:00,,
28/10/2022 02:30,,
28/10/2022 03:00,,
28/10/2022 03:30,,
28/10/2022 04:00,,
28/10/2022 04:30,,
28/10/2022 05:00,,
28/10/2022 05:30,,
28/10/2022 06:00,,
28/10/2022 06:30,,
28/10/2022 07:00,,
28/10/2022 07:30,,
28/10/2022 08:00,,
28/10/2022 08:30,,
28/10/2022 09:00,,
28/10/2022 09:30,,
28/10/2022 10:00,,
28/10/2022 10:30,,
28/10/2022 11:00,,
28/10/2022 11:30,,
28/10/2022 12:00,,
28/10/2022 12:30,,
28/10/2022 13:00,,
28/10/2022 13:30,,
28/10/2022 14:00,,
28/10/2022 14:30,,
28/10/2022 15:00,,
28/10/2022 15:30,,
28/10/2022 16:00,,
28/10/2022 16:30,,
28/10/2022 17:00,,
28/10/2022 17:30,,
28/10/2022 18:00,,
28/10/2022 18:30,,
28/10/2022 19:00,,
28/10/2022 19:30,,
28/10/2022 20:00,,
28/10/2022 20:30,,
28/10/2022 21:00,,
28/10/2022 21:30,,
28/10/2022 22:00,,
28/10/2022 22:30,,
28/10/2022 23:00,,
28/10/2022 23:30,,
29/10/2022 00:00,,
29/10/2022 00:30,,
29/10/2022 01:00,,
29/10/2022 01:30,,
29/10/2022 02:00,,
29/10/2022 02:30,,
29/10/2022 03:00,,
29/10/2022 03:30,,
29/10/2022 04:00,,
29/10/2022 04:30,,
29/10/2022 05:00,,
29/10/2022 05:30,,
29/10/2022 06:00,,
29/10/2022 06:30,,
29/10/2022 07:00,,
29/10/2022 07:30,,
29/10/2022 08:00,,
29/10/2022 08:30,,
29/10/2022 09:00,,
29/10/2022 09:30,,
29/10/2022 10:00,,
29/10/2022 10:30,,
29/10/2022 11:00,,
29/10/2022 11:30,,
29/10/2022 12:00,,
29/10/2022 12:30,,
29/10/2022 13:00,,
29/10/2022 13:30,,
29/10/2022 14:00,,
29/10/2022 14:30,,
29/10/2022 15:00,,
29/10/2022 15:30,,
29/10/2022 16:00,,
29/10/2022 16:30,,
29/10/2022 17:00,,
29/10/2022 17:30,,
29/10/2022 18:00,,
29/10/2022 18:30,,
29/10/2022 19:00,,
29/10/2022 19:30,,
29/10/2022 20:00,,
29/10/2022 20:30,,
29/10/2022 21:00,,
29/10/2022 21:30,,
29/10/2022 22:00,,
29/10/2022 22:30,,
29/10/2022 23:00,,
29/10/2022 23:30,,
30/10/2022 00:00,,
30/10/2022 00:30,,
30/10/2022 01:00,,
30/10/2022 01:30,,
30/10/2022 02:00,,
30/10/2022 02:30,,
30/10/2022 03:00,,
30/10/2022 03:30,,
30/10/2022 04:00,,
30/10/2022 04:30,,
30/10/2022 05:00,,
30/10/2022 05:30,,
30/10/2022 06:00,,
30/10/2022 06:30,,
30/10/2022 07:00,,
30/10/2022 07:30,,
30/10/2022 08:00,,
30/10/2022 08:30,,
30/10/2022 09:00,,
30/10/2022 09:30,,
30/10/2022 10:00,,
30/10/2022 10:30,,
30/10/2022 11:00,,
30/10/2022 11:30,,
30/10/2022 12:00,,
30/10/2022 12:30,,
30/10/2022 13:00,,
30/10/2022 13:30,,
30/10/2022 14:00,,
30/10/2022 14:30,,
30/10/2022 15:00,,
30/10/2022 15:30,,
30/10/2022 16:00,,
30/10/2022 16:30,,
30/10/2022 17:00,,
30/10/2022 17:30,,
30/10/2022 18:00,,
30/10/2022 18:30,,
30/10/2022 19:00,,
30/10/2022 19:30,,
30/10/2022 20:00,,
30/10/2022 20:30,,
30/10/2022 21:00,,
30/10/2022 21:30,,
30/10/2022 22:00,,
30/10/2022 22:30,,
30/10/2022 23:00,,
30/10/2022 23:30,,
31/10/2022 00:00,,
31/10/2022 00:30,,
31/10/2022 01:00,,
31/10/2022 01:30,,
31/10/2022 02:00,,
31/10/2022 02:30,,
31/10/2022 03:00,,
31/10/2022 03:30,,
31/10/2022 04:00,,
31/10/2022 04:30,,
31/10/2022 05:00,,
31/10/2022 05:30,,
31/10/2022 06:00,,
31/10/2022 06:30,,
31/10/2022 07:00,,
31/10/2022 07:30,,
31/10/2022 08:00,,
31/10/2022 08:30,,
31/10/2022 09:00,,
31/10/2022 09:30,,
31/10/2022 10:00,,
31/10/2022 10:30,,
31/10/2022 11:00,,
31/10/2022 11:30,,
31/10/2022 12:00,,
31/10/2022 12:30,,
31/10/2022 13:00,,
31/10/2022 13:30,,
31/10/2022 14:00,,
31/10/2022 14:30,,
31/10/2022 15:00,,
31/10/2022 15:30,,
31/10/2022 16:00,,
31/10/2022 16:30,,
31/10/2022 17:00,,
31/10/2022 17:30,,
31/10/2022 18:00,,
31/10/2022 18:30,,
31/10/2022 19:00,,
31/10/2022 19:30,,
31/10/2022 20:00,,
31/10/2022 20:30,,
31/10/2022 21:00,,
31/10/2022 21:30,,
31/10/2022 22:00,,
31/10/2022 22:30,,
31/10/2022 23:00,,
31/10/2022 23:30,,
01/11/2022 00:00,,
01/11/2022 00:30,,
01/11/2022 01:00,,
01/11/2022 01:30,,
01/11/2022 02:00,,
01/11/2022 02:30,,
01/11/2022 03:00,,
01/11/2022 03:30,,
01/11/2022 04:00,,
01/11/2022 04:30,,
01/11/2022 05:00,,
01/11/2022 05:30,,
01/11/2022 06:00,,
01/11/2022 06:30,,
01/11/2022 07:00,,
01/11/2022 07:30,,
01/11/2022 08:00,,
01/11/2022 08:30,,
01/11/2022 09:00,,
01/11/2022 09:30,,
01/11/2022 10:00,,
01/11/2022 10:30,,
01/11/2022 11:00,,
01/11/2022 11:30,,
01/11/2022 12:00,,
01/11/2022 12:30,,
01/11/2022 13:00,,
01/11/2022 13:30,,
01/11/2022 14:00,,
01/11/2022 14:30,,
01/11/2022 15:00,,
01/11/2022 15:30,,
01/11/2022 16:00,,
01/11/2022 16:30,,
01/11/2022 17:00,,
01/11/2022 17:30,,
01/11/2022 18:00,,
01/11/2022 18:30,,
01/11/2022 19:00,,
01/11/2022 19:30,,
01/11/2022 20:00,,
01/11/2022 20:30,,
01/11/2022 21:00,,
01/11/2022 21:30,,
01/11/2022 22:00,,
01/11/2022 22:30,,
01/11/2022 23:00,,
01/11/2022 23:30,,
02/11/2022 00:00,,
02/11/2022 00:30,,
02/11/2022 01:00,,
02/11/2022 01:30,,
02/11/2022 02:00,,
02/11/2022 02:30,,
02/11/2022 03:00,,
02/11/2022 03:30,,
02/11/2022 04:00,,
02/11/2022 04:30,,
02/11/2022 05:00,,
02/11/2022 05:30,,
02/11/2022 06:00,,
02/11/2022 06:30,,
02/11/2022 07:00,,
02/11/2022 07:30,,
02/11/2022 08:00,,
02/11/2022 08:30,,
02/11/2022 09:00,,
02/11/2022 09:30,,
02/11/2022 10:00,,
02/11/2022 10:30,,
02/11/2022 11:00,,
02/11/2022 11:30,,
02/11/2022 12:00,,
02/11/2022 12:30,,
02/11/2022 13:00,,
02/11/2022 13:30,,
02/11/2022 14:00,,
02/11/2022 14:30,,
02/11/2022 15:00,,
02/11/2022 15:30,,
02/11/2022 16:00,,
02/11/2022 16:30,,
02/11/2022 17:00,,
02/11/2022 17:30,,
02/11/2022 18:00,,
02/11/2022 18:30,,
02/11/2022 19:00,,
02/11/2022 19:30,,
02/11/2022 20:00,,
02/11/2022 20:30,,
02/11/2022 21:00,,
02/11/2022 21:30,,
02/11/2022 22:00,,
02/11/2022 22:30,,
02/11/2022 23:00,,
02/11/2022 23:30,,
03/11/2022 00:00,,
03/11/2022 00:30,,
03/11/2022 01:00,,
03/11/2022 01:30,,
03/11/2022 02:00,,
03/11/2022 02:30,,
03/11/2022 03:00,,
03/11/2022 03:30,,
03/11/2022 04:00,,
03/11/2022 04:30,,
03/11/2022 05:00,,
03/11/2022 05:30,,
03/11/2022 06:00,,
03/11/2022 06:30,,
03/11/2022 07:00,,
03/11/2022 07:30,,
03/11/2022 08:00,,
03/11/2022 08:30,,
03/11/2022 09:00,,
03/11/2022 09:30,,
03/11/2022 10:00,,
03/11/2022 10:30,,
03/11/2022 11:00,,
03/11/2022 11:30,,
03/11/2022 12:00,,
03/11/2022 12:30,,
03/11/2022 13:00,,
03/11/2022 13:30,,
03/11/2022 14:00,,
03/11/2022 14:30,,
03/11/2022 15:00,,
03/11/2022 15:30,,
03/11/2022 16:00,,
03/11/2022 16:30,,
03/11/2022 17:00,,
03/11/2022 17:30,,
03/11/2022 18:00,,
03/11/2022 18:30,,
03/11/2022 19:00,,
03/11/2022 19:30,,
03/11/2022 20:00,,
03/11/2022 20:30,,
03/11/2022 21:00,,
03/11/2022 21:30,,
03/11/2022 22:00,,
03/11/2022 22:30,,
03/11/2022 23:00,,
03/11/2022 23:30,,
04/11/2022 00:00,,
04/11/2022 00:30,,
04/11/2022 01:00,,
04/11/2022 01:30,,
04/11/2022 02:00,,
04/11/2022 02:30,,
04/11/2022 03:00,,
04/11/2022 03:30,,
04/11/2022 04:00,,
04/11/2022 04:30,,
04/11/2022 05:00,,
04/11/2022 05:30,,
04/11/2022 06:00,,
04/11/2022 06:30,,
04/11/2022 07:00,,
04/11/2022 07:30,,
04/11/2022 08:00,,
04/11/2022 08:30,,
04/11/2022 09:00,,
04/11/2022 09:30,,
04/11/2022 10:00,,
04/11/2022 10:30,,
04/11/2022 11:00,,
04/11/2022 11:30,,
04/11/2022 12:00,,
04/11/2022 12:30,,
04/11/2022 13:00,,
04/11/2022 13:30,,
04/11/2022 14:00,,
04/11/2022 14:30,,
04/11/2022 15:00,,
04/11/2022 15:30,,
04/11/2022 16:00,,
04/11/2022 16:30,,
04/11/2022 17:00,,
04/11/2022 17:30,,
04/11/2022 18:00,,
04/11/2022 18:30,,
04/11/2022 19:00,,
04/11/2022 19:30,,
04/11/2022 20:00,,
04/11/2022 20:30,,
04/11/2022 21:00,,
04/11/2022 21:30,,
04/11/2022 22:00,,
04/11/2022 22:30,,
04/11/2022 23:00,,
04/11/2022 23:30,,
05/11/2022 00:00,,
05/11/2022 00:30,,
05/11/2022 01:00,,
05/11/2022 01:30,,
05/11/2022 02:00,,
05/11/2022 02:30,,
05/11/2022 03:00,,
05/11/2022 03:30,,
05/11/2022 04:00,,
05/11/2022 04:30,,
05/11/2022 05:00,,
05/11/2022 05:30,,
05/11/2022 06:00,,
05/11/2022 06:30,,
05/11/2022 07:00,,
05/11/2022 07:30,,
05/11/2022 08:00,,
05/11/2022 08:30,,
05/11/2022 09:00,,
05/11/2022 09:30,,
05/11/2022 10:00,,
05/11/2022 10:30,,
05/11/2022 11:00,,
05/11/2022 11:30,,
05/11/2022 12:00,,
05/11/2022 12:30,,
05/11/2022 13:00,,
05/11/2022 13:30,,
05/11/2022 14:00,,
05/11/2022 14:30,,
05/11/2022 15:00,,
05/11/2022 15:30,,
05/11/2022 16:00,,
05/11/2022 16:30,,
05/11/2022 17:00,,
05/11/2022 17:30,,
05/11/2022 18:00,,
05/11/2022 18:30,,
05/11/2022 19:00,,
05/11/2022 19:30,,
05/11/2022 20:00,,
05/11/2022 20:30,,
05/11/2022 21:00,,
05/11/2022 21:30,,
05/11/2022 22:00,,
05/11/2022 22:30,,
05/11/2022 23:00,,
05/11/2022 23:30,,
06/11/2022 00:00,,
06/11/2022 00:30,,
06/11/2022 01:00,,
06/11/2022 01:30,,
06/11/2022 02:00,,
06/11/2022 02:30,,
06/11/2022 03:00,,
06/11/2022 03:30,,
06/11/2022 04:00,,
06/11/2022 04:30,,
06/11/2022 05:00,,
06/11/2022 05:30,,
06/11/2022 06:00,,
06/11/2022 06:30,,
06/11/2022 07:00,,
06/11/2022 07:30,,
06/11/2022 08:00,,
06/11/2022 08:30,,
06/11/2022 09:00,,
06/11/2022 09:30,,
06/11/2022 10:00,,
06/11/2022 10:30,,
06/11/2022 11:00,,
06/11/2022 11:30,,
06/11/2022 12:00,,
06/11/2022 12:30,,
06/11/2022 13:00,,
06/11/2022 13:30,,
06/11/2022 14:00,,
06/11/2022 14:30,,
06/11/2022 15:00,,
06/11/2022 15:30,,
06/11/2022 16:00,,
06/11/2022 16:30,,
06/11/2022 17:00,,
06/11/2022 17:30,,
06/11/2022 18:00,,
06/11/2022 18:30,,
06/11/2022 19:00,,
06/11/2022 19:30,,
06/11/2022 20:00,,
06/11/2022 20:30,,
06/11/2022 21:00,,
06/11/2022 21:30,,
06/11/2022 22:00,,
06/11/2022 22:30,,
06/11/2022 23:00,,
06/11/2022 23:30,,
07/11/2022 00:00,,
07/11/2022 00:30,,
07/11/2022 01:00,,
07/11/2022 01:30,,
07/11/2022 02:00,,
07/11/2022 02:30,,
07/11/2022 03:00,,
07/11/2022 03:30,,
07/11/2022 04:00,,
07/11/2022 04:30,,
07/11/2022 05:00,,
07/11/2022 05:30,,
07/11/2022 06:00,,
07/11/2022 06:30,,
07/11/2022 07:00,,
07/11/2022 07:30,,
07/11/2022 08:00,,
07/11/2022 08:30,,
07/11/2022 09:00,,
07/11/2022 09:30,,
07/11/2022 10:00,,
07/11/2022 10:30,,
07/11/2022 11:00,,
07/11/2022 11:30,,
07/11/2022 12:00,,
07/11/2022 12:30,,
07/11/2022 13:00,,
07/11/2022 13:30,,
07/11/2022 14:00,,
07/11/2022 14:30,,
07/11/2022 15:00,,
07/11/2022 15:30,,
07/11/2022 16:00,,
07/11/2022 16:30,,
07/11/2022 17:00,,
07/11/2022 17:30,,
07/11/2022 18:00,,
07/11/2022 18:30,,
07/11/2022 19:00,,
07/11/2022 19:30,,
07/11/2022 20:00,,
07/11/2022 20:30,,
07/11/2022 21:00,,
07/11/2022 21:30,,
07/11/2022 22:00,,
07/11/2022 22:30,,
07/11/2022 23:00,,
07/11/2022 23:30,,
08/11/2022 00:00,,
08/11/2022 00:30,,
08/11/2022 01:00,,
08/11/2022 01:30,,
08/11/2022 02:00,,
08/11/2022 02:30,,
08/11/2022 03:00,,
08/11/2022 03:30,,
08/11/2022 04:00,,
08/11/2022 04:30,,
08/11/2022 05:00,,
08/11/2022 05:30,,
08/11/2022 06:00,,
08/11/2022 06:30,,
08/11/2022 07:00,,
08/11/2022 07:30,,
08/11/2022 08:00,,
08/11/2022 08:30,,
08/11/2022 09:00,,
08/11/2022 09:30,,
08/11/2022 10:00,,
08/11/2022 10:30,,
08/11/2022 11:00,,
08/11/2022 11:30,,
08/11/2022 12:00,,
08/11/2022 12:30,,
08/11/2022 13:00,,
08/11/2022 13:30,,
08/11/2022 14:00,,
08/11/2022 14:30,,
08/11/2022 15:00,,
08/11/2022 15:30,,
08/11/2022 16:00,,
08/11/2022 16:30,,
08/11/2022 17:00,,
08/11/2022 17:30,,
08/11/2022 18:00,,
08/11/2022 18:30,,
08/11/2022 19:00,,
08/11/2022 19:30,,
08/11/2022 20:00,,
08/11/2022 20:30,,
08/11/2022 21:00,,
08/11/2022 21:30,,
08/11/2022 22:00,,
08/11/2022 22:30,,
08/11/2022 23:00,,
08/11/2022 23:30,,
09/11/2022 00:00,,
09/11/2022 00:30,,
09/11/2022 01:00,,
09/11/2022 01:30,,
09/11/2022 02:00,,
09/11/2022 02:30,,
09/11/2022 03:00,,
09/11/2022 03:30,,
09/11/2022 04:00,,
09/11/2022 04:30,,
09/11/2022 05:00,,
09/11/2022 05:30,,
09/11/2022 06:00,,
09/11/2022 06:30,,
09/11/2022 07:00,,
09/11/2022 07:30,,
09/11/2022 08:00,,
09/11/2022 08:30,,
09/11/2022 09:00,,
09/11/2022 09:30,,
09/11/2022 10:00,,
09/11/2022 10:30,,
09/11/2022 11:00,,
09/11/2022 11:30,,
09/11/2022 12:00,,
09/11/2022 12:30,,
09/11/2022 13:00,,
09/11/2022 13:30,,
09/11/2022 14:00,,
09/11/2022 14:30,,
09/11/2022 15:00,,
09/11/2022 15:30,,
09/11/2022 16:00,,
09/11/2022 16:30,,
09/11/2022 17:00,,
09/11/2022 17:30,,
09/11/2022 18:00,,
09/11/2022 18:30,,
09/11/2022 19:00,,
09/11/2022 19:30,,
09/11/2022 20:00,,
09/11/2022 20:30,,
09/11/2022 21:00,,
09/11/2022 21:30,,
09/11/2022 22:00,,
09/11/2022 22:30,,
09/11/2022 23:00,,
09/11/2022 23:30,,
10/11/2022 00:00,,
10/11/2022 00:30,,
10/11/2022 01:00,,
10/11/2022 01:30,,
10/11/2022 02:00,,
10/11/2022 02:30,,
10/11/2022 03:00,,
10/11/2022 03:30,,
10/11/2022 04:00,,
10/11/2022 04:30,,
10/11/2022 05:00,,
10/11/2022 05:30,,
10/11/2022 06:00,,
10/11/2022 06:30,,
10/11/2022 07:00,,
10/11/2022 07:30,,
10/11/2022 08:00,,
10/11/2022 08:30,,
10/11/2022 09:00,,
10/11/2022 09:30,,
10/11/2022 10:00,,
10/11/2022 10:30,,
10/11/2022 11:00,,
10/11/2022 11:30,,
10/11/2022 12:00,,
10/11/2022 12:30,,
10/11/2022 13:00,,
10/11/2022 13:30,,
10/11/2022 14:00,,
10/11/2022 14:30,,
10/11/2022 15:00,,
10/11/2022 15:30,,
10/11/2022 16:00,,
10/11/2022 16:30,,
10/11/2022 17:00,,
10/11/2022 17:30,,
10/11/2022 18:00,,
10/11/2022 18:30,,
10/11/2022 19:00,,
10/11/2022 19:30,,
10/11/2022 20:00,,
10/11/2022 20:30,,
10/11/2022 21:00,,
10/11/2022 21:30,,
10/11/2022 22:00,,
10/11/2022 22:30,,
10/11/2022 23:00,,
10/11/2022 23:30,,
11/11/2022 00:00,,
11/11/2022 00:30,,
11/11/2022 01:00,,
11/11/2022 01:30,,
11/11/2022 02:00,,
11/11/2022 02:30,,
11/11/2022 03:00,,
11/11/2022 03:30,,
11/11/2022 04:00,,
11/11/2022 04:30,,
11/11/2022 05:00,,
11/11/2022 05:30,,
11/11/2022 06:00,,
11/11/2022 06:30,,
11/11/2022 07:00,,
11/11/2022 07:30,,
11/11/2022 08:00,,
11/11/2022 08:30,,
11/11/2022 09:00,,
11/11/2022 09:30,,
11/11/2022 10:00,,
11/11/2022 10:30,,
11/11/2022 11:00,,
11/11/2022 11:30,,
11/11/2022 12:00,,
11/11/2022 12:30,,
11/11/2022 13:00,,
11/11/2022 13:30,,
11/11/2022 14:00,,
11/11/2022 14:30,,
11/11/2022 15:00,,
11/11/2022 15:30,,
11/11/2022 16:00,,
11/11/2022 16:30,,
11/11/2022 17:00,,
11/11/2022 17:30,,
11/11/2022 18:00,,
11/11/2022 18:30,,
11/11/2022 19:00,,
11/11/2022 19:30,,
11/11/2022 20:00,,
11/11/2022 20:30,,
11/11/2022 21:00,,
11/11/2022 21:30,,
11/11/2022 22:00,,
11/11/2022 22:30,,
11/11/2022 23:00,,
11/11/2022 23:30,,
12/11/2022 00:00,,
12/11/2022 00:30,,
12/11/2022 01:00,,
12/11/2022 01:30,,
12/11/2022 02:00,,
12/11/2022 02:30,,
12/11/2022 03:00,,
12/11/2022 03:30,,
12/11/2022 04:00,,
12/11/2022 04:30,,
12/11/2022 05:00,,
12/11/2022 05:30,,
12/11/2022 06:00,,
12/11/2022 06:30,,
12/11/2022 07:00,,
12/11/2022 07:30,,
12/11/2022 08:00,,
12/11/2022 08:30,,
12/11/2022 09:00,,
12/11/2022 09:30,,
12/11/2022 10:00,,
12/11/2022 10:30,,
12/11/2022 11:00,,
12/11/2022 11:30,,
12/11/2022 12:00,,
12/11/2022 12:30,,
12/11/2022 13:00,,
12/11/2022 13:30,,
12/11/2022 14:00,,
12/11/2022 14:30,,
12/11/2022 15:00,,
12/11/2022 15:30,,
12/11/2022 16:00,,
12/11/2022 16:30,,
12/11/2022 17:00,,
12/11/2022 17:30,,
12/11/2022 18:00,,
12/11/2022 18:30,,
12/11/2022 19:00,,
12/11/2022 19:30,,
12/11/2022 20:00,,
12/11/2022 20:30,,
12/11/2022 21:00,,
12/11/2022 21:30,,
12/11/2022 22:00,,
12/11/2022 22:30,,
12/11/2022 23:00,,
12/11/2022 23:30,,
13/11/2022 00:00,,
13/11/2022 00:30,,
13/11/2022 01:00,,
13/11/2022 01:30,,
13/11/2022 02:00,,
13/11/2022 02:30,,
13/11/2022 03:00,,
13/11/2022 03:30,,
13/11/2022 04:00,,
13/11/2022 04:30,,
13/11/2022 05:00,,
13/11/2022 05:30,,
13/11/2022 06:00,,
13/11/2022 06:30,,
13/11/2022 07:00,,
13/11/2022 07:30,,
13/11/2022 08:00,,
13/11/2022 08:30,,
13/11/2022 09:00,,
13/11/2022 09:30,,
13/11/2022 10:00,,
13/11/2022 10:30,,
13/11/2022 11:00,,
13/11/2022 11:30,,
13/11/2022 12:00,,
13/11/2022 12:30,,
13/11/2022 13:00,,
13/11/2022 13:30,,
13/11/2022 14:00,,
13/11/2022 14:30,,
13/11/2022 15:00,,
13/11/2022 15:30,,
13/11/2022 16:00,,
13/11/2022 16:30,,
13/11/2022 17:00,,
13/11/2022 17:30,,
13/11/2022 18:00,,
13/11/2022 18:30,,
13/11/2022 19:00,,
13/11/2022 19:30,,
13/11/2022 20:00,,
13/11/2022 20:30,,
13/11/2022 21:00,,
13/11/2022 21:30,,
13/11/2022 22:00,,
13/11/2022 22:30,,
13/11/2022 23:00,,
13/11/2022 23:30,,
14/11/2022 00:00,,
14/11/2022 00:30,,
14/11/2022 01:00,,
14/11/2022 01:30,,
14/11/2022 02:00,,
14/11/2022 02:30,,
14/11/2022 03:00,,
14/11/2022 03:30,,
14/11/2022 04:00,,
14/11/2022 04:30,,
14/11/2022 05:00,,
14/11/2022 05:30,,
14/11/2022 06:00,,
14/11/2022 06:30,,
14/11/2022 07:00,,
14/11/2022 07:30,,
14/11/2022 08:00,,
14/11/2022 08:30,,
14/11/2022 09:00,,
14/11/2022 09:30,,
14/11/2022 10:00,,
14/11/2022 10:30,,
14/11/2022 11:00,,
14/11/2022 11:30,,
14/11/2022 12:00,,
14/11/2022 12:30,,
14/11/2022 13:00,,
14/11/2022 13:30,,
14/11/2022 14:00,,
14/11/2022 14:30,,
14/11/2022 15:00,,
14/11/2022 15:30,,
14/11/2022 16:00,,
14/11/2022 16:30,,
14/11/2022 17:00,,
14/11/2022 17:30,,
14/11/2022 18:00,,
14/11/2022 18:30,,
14/11/2022 19:00,,
14/11/2022 19:30,,
14/11/2022 20:00,,
14/11/2022 20:30,,
14/11/2022 21:00,,
14/11/2022 21:30,,
14/11/2022 22:00,,
14/11/2022 22:30,,
14/11/2022 23:00,,
14/11/2022 23:30,,
15/11/2022 00:00,,
15/11/2022 00:30,,
15/11/2022 01:00,,
15/11/2022 01:30,,
15/11/2022 02:00,,
15/11/2022 02:30,,
15/11/2022 03:00,,
15/11/2022 03:30,,
15/11/2022 04:00,,
15/11/2022 04:30,,
15/11/2022 05:00,,
15/11/2022 05:30,,
15/11/2022 06:00,,
15/11/2022 06:30,,
15/11/2022 07:00,,
15/11/2022 07:30,,
15/11/2022 08:00,,
15/11/2022 08:30,,
15/11/2022 09:00,,
15/11/2022 09:30,,
15/11/2022 10:00,,
15/11/2022 10:30,,
15/11/2022 11:00,,
15/11/2022 11:30,,
15/11/2022 12:00,,
15/11/2022 12:30,,
15/11/2022 13:00,,
15/11/2022 13:30,,
15/11/2022 14:00,,
15/11/2022 14:30,,
15/11/2022 15:00,,
15/11/2022 15:30,,
15/11/2022 16:00,,
15/11/2022 16:30,,
15/11/2022 17:00,,
15/11/2022 17:30,,
15/11/2022 18:00,,
15/11/2022 18:30,,
15/11/2022 19:00,,
15/11/2022 19:30,,
15/11/2022 20:00,,
15/11/2022 20:30,,
15/11/2022 21:00,,
15/11/2022 21:30,,
15/11/2022 22:00,,
15/11/2022 22:30,,
15/11/2022 23:00,,
15/11/2022 23:30,,
16/11/2022 00:00,,
16/11/2022 00:30,,
16/11/2022 01:00,,
16/11/2022 01:30,,
16/11/2022 02:00,,
16/11/2022 02:30,,
16/11/2022 03:00,,
16/11/2022 03:30,,
16/11/2022 04:00,,
16/11/2022 04:30,,
16/11/2022 05:00,,
16/11/2022 05:30,,
16/11/2022 06:00,,
16/11/2022 06:30,,
16/11/2022 07:00,,
16/11/2022 07:30,,
16/11/2022 08:00,,
16/11/2022 08:30,,
16/11/2022 09:00,,
16/11/2022 09:30,,
16/11/2022 10:00,,
16/11/2022 10:30,,
16/11/2022 11:00,,
16/11/2022 11:30,,
16/11/2022 12:00,,
16/11/2022 12:30,,
16/11/2022 13:00,,
16/11/2022 13:30,,
16/11/2022 14:00,,
16/11/2022 14:30,,
16/11/2022 15:00,,
16/11/2022 15:30,,
16/11/2022 16:00,,
16/11/2022 16:30,,
16/11/2022 17:00,,
16/11/2022 17:30,,
16/11/2022 18:00,,
16/11/2022 18:30,,
16/11/2022 19:00,,
16/11/2022 19:30,,
16/11/2022 20:00,,
16/11/2022 20:30,,
16/11/2022 21:00,,
16/11/2022 21:30,,
16/11/2022 22:00,,
16/11/2022 22:30,,
16/11/2022 23:00,,
16/11/2022 23:30,,
17/11/2022 00:00,,
17/11/2022 00:30,,
17/11/2022 01:00,,
17/11/2022 01:30,,
17/11/2022 02:00,,
17/11/2022 02:30,,
17/11/2022 03:00,,
17/11/2022 03:30,,
17/11/2022 04:00,,
17/11/2022 04:30,,
17/11/2022 05:00,,
17/11/2022 05:30,,
17/11/2022 06:00,,
17/11/2022 06:30,,
17/11/2022 07:00,,
17/11/2022 07:30,,
17/11/2022 08:00,,
17/11/2022 08:30,,
17/11/2022 09:00,,
17/11/2022 09:30,,
17/11/2022 10:00,,
17/11/2022 10:30,,
17/11/2022 11:00,,
17/11/2022 11:30,,
17/11/2022 12:00,,
17/11/2022 12:30,,
17/11/2022 13:00,,
17/11/2022 13:30,,
17/11/2022 14:00,,
17/11/2022 14:30,,
17/11/2022 15:00,,
17/11/2022 15:30,,
17/11/2022 16:00,,
17/11/2022 16:30,,
17/11/2022 17:00,,
17/11/2022 17:30,,
17/11/2022 18:00,,
17/11/2022 18:30,,
17/11/2022 19:00,,
17/11/2022 19:30,,
17/11/2022 20:00,,
17/11/2022 20:30,,
17/11/2022 21:00,,
17/11/2022 21:30,,
17/11/2022 22:00,,
17/11/2022 22:30,,
17/11/2022 23:00,,
17/11/2022 23:30,,
18/11/2022 00:00,,
18/11/2022 00:30,,
18/11/2022 01:00,,
18/11/2022 01:30,,
18/11/2022 02:00,,
18/11/2022 02:30,,
18/11/2022 03:00,,
18/11/2022 03:30,,
18/11/2022 04:00,,
18/11/2022 04:30,,
18/11/2022 05:00,,
18/11/2022 05:30,,
18/11/2022 06:00,,
18/11/2022 06:30,,
18/11/2022 07:00,,
18/11/2022 07:30,,
18/11/2022 08:00,,
18/11/2022 08:30,,
18/11/2022 09:00,,
18/11/2022 09:30,,
18/11/2022 10:00,,
18/11/2022 10:30,,
18/11/2022 11:00,,
18/11/2022 11:30,,
18/11/2022 12:00,,
18/11/2022 12:30,,
18/11/2022 13:00,,
18/11/2022 13:30,,
18/11/2022 14:00,,
18/11/2022 14:30,,
18/11/2022 15:00,,
18/11/2022 15:30,,
18/11/2022 16:00,,
18/11/2022 16:30,,
18/11/2022 17:00,,
18/11/2022 17:30,,
18/11/2022 18:00,,
18/11/2022 18:30,,
18/11/2022 19:00,,
18/11/2022 19:30,,
18/11/2022 20:00,,
18/11/2022 20:30,,
18/11/2022 21:00,,
18/11/2022 21:30,,
18/11/2022 22:00,,
18/11/2022 22:30,,
18/11/2022 23:00,,
18/11/2022 23:30,,
19/11/2022 00:00,,
19/11/2022 00:30,,
19/11/2022 01:00,,
19/11/2022 01:30,,
19/11/2022 02:00,,
19/11/2022 02:30,,
19/11/2022 03:00,,
19/11/2022 03:30,,
19/11/2022 04:00,,
19/11/2022 04:30,,
19/11/2022 05:00,,
19/11/2022 05:30,,
19/11/2022 06:00,,
19/11/2022 06:30,,
19/11/2022 07:00,,
19/11/2022 07:30,,
19/11/2022 08:00,,
19/11/2022 08:30,,
19/11/2022 09:00,,
19/11/2022 09:30,,
19/11/2022 10:00,,
19/11/2022 10:30,,
19/11/2022 11:00,,
19/11/2022 11:30,,
19/11/2022 12:00,,
19/11/2022 12:30,,
19/11/2022 13:00,,
19/11/2022 13:30,,
19/11/2022 14:00,,
19/11/2022 14:30,,
19/11/2022 15:00,,
19/11/2022 15:30,,
19/11/2022 16:00,,
19/11/2022 16:30,,
19/11/2022 17:00,,
19/11/2022 17:30,,
19/11/2022 18:00,,
19/11/2022 18:30,,
19/11/2022 19:00,,
19/11/2022 19:30,,
19/11/2022 20:00,,
19/11/2022 20:30,,
19/11/2022 21:00,,
19/11/2022 21:30,,
19/11/2022 22:00,,
19/11/2022 22:30,,
19/11/2022 23:00,,
19/11/2022 23:30,,
20/11/2022 00:00,,
20/11/2022 00:30,,
20/11/2022 01:00,,
20/11/2022 01:30,,
20/11/2022 02:00,,
20/11/2022 02:30,,
20/11/2022 03:00,,
20/11/2022 03:30,,
20/11/2022 04:00,,
20/11/2022 04:30,,
20/11/2022 05:00,,
20/11/2022 05:30,,
20/11/2022 06:00,,
20/11/2022 06:30,,
20/11/2022 07:00,,
20/11/2022 07:30,,
20/11/2022 08:00,,
20/11/2022 08:30,,
20/11/2022 09:00,,
20/11/2022 09:30,,
20/11/2022 10:00,,
20/11/2022 10:30,,
20/11/2022 11:00,,
20/11/2022 11:30,,
20/11/2022 12:00,,
20/11/2022 12:30,,
20/11/2022 13:00,,
20/11/2022 13:30,,
20/11/2022 14:00,,
20/11/2022 14:30,,
20/11/2022 15:00,,
20/11/2022 15:30,,
20/11/2022 16:00,,
20/11/2022 16:30,,
20/11/2022 17:00,,
20/11/2022 17:30,,
20/11/2022 18:00,,
20/11/2022 18:30,,
20/11/2022 19:00,,
20/11/2022 19:30,,
20/11/2022 20:00,,
20/11/2022 20:30,,
20/11/2022 21:00,,
20/11/2022 21:30,,
20/11/2022 22:00,,
20/11/2022 22:30,,
20/11/2022 23:00,,
20/11/2022 23:30,,
21/11/2022 00:00,,
21/11/2022 00:30,,
21/11/2022 01:00,,
21/11/2022 01:30,,
21/11/2022 02:00,,
21/11/2022 02:30,,
21/11/2022 03:00,,
21/11/2022 03:30,,
21/11/2022 04:00,,
21/11/2022 04:30,,
21/11/2022 05:00,,
21/11/2022 05:30,,
21/11/2022 06:00,,
21/11/2022 06:30,,
21/11/2022 07:00,,
21/11/2022 07:30,,
21/11/2022 08:00,,
21/11/2022 08:30,,
21/11/2022 09:00,,
21/11/2022 09:30,,
21/11/2022 10:00,,
21/11/2022 10:30,,
21/11/2022 11:00,,
21/11/2022 11:30,,
21/11/2022 12:00,,
21/11/2022 12:30,,
21/11/2022 13:00,,
21/11/2022 13:30,,
21/11/2022 14:00,,
21/11/2022 14:30,,
21/11/2022 15:00,,
21/11/2022 15:30,,
21/11/2022 16:00,,
21/11/2022 16:30,,
21/11/2022 17:00,,
21/11/2022 17:30,,
21/11/2022 18:00,,
21/11/2022 18:30,,
21/11/2022 19:00,,
21/11/2022 19:30,,
21/11/2022 20:00,,
21/11/2022 20:30,,
21/11/2022 21:00,,
21/11/2022 21:30,,
21/11/2022 22:00,,
21/11/2022 22:30,,
21/11/2022 23:00,,
21/11/2022 23:30,,
22/11/2022 00:00,,
22/11/2022 00:30,,
22/11/2022 01:00,,
22/11/2022 01:30,,
22/11/2022 02:00,,
22/11/2022 02:30,,
22/11/2022 03:00,,
22/11/2022 03:30,,
22/11/2022 04:00,,
22/11/2022 04:30,,
22/11/2022 05:00,,
22/11/2022 05:30,,
22/11/2022 06:00,,
22/11/2022 06:30,,
22/11/2022 07:00,,
22/11/2022 07:30,,
22/11/2022 08:00,,
22/11/2022 08:30,,
22/11/2022 09:00,,
22/11/2022 09:30,,
22/11/2022 10:00,,
22/11/2022 10:30,,
22/11/2022 11:00,,
22/11/2022 11:30,,
22/11/2022 12:00,,
22/11/2022 12:30,,
22/11/2022 13:00,,
22/11/2022 13:30,,
22/11/2022 14:00,,
22/11/2022 14:30,,
22/11/2022 15:00,,
22/11/2022 15:30,,
22/11/2022 16:00,,
22/11/2022 16:30,,
22/11/2022 17:00,,
22/11/2022 17:30,,
22/11/2022 18:00,,
22/11/2022 18:30,,
22/11/2022 19:00,,
22/11/2022 19:30,,
22/11/2022 20:00,,
22/11/2022 20:30,,
22/11/2022 21:00,,
22/11/2022 21:30,,
22/11/2022 22:00,,
22/11/2022 22:30,,
22/11/2022 23:00,,
22/11/2022 23:30,,
23/11/2022 00:00,,
23/11/2022 00:30,,
23/11/2022 01:00,,
23/11/2022 01:30,,
23/11/2022 02:00,,
23/11/2022 02:30,,
23/11/2022 03:00,,
23/11/2022 03:30,,
23/11/2022 04:00,,
23/11/2022 04:30,,
23/11/2022 05:00,,
23/11/2022 05:30,,
23/11/2022 06:00,,
23/11/2022 06:30,,
23/11/2022 07:00,,
23/11/2022 07:30,,
23/11/2022 08:00,,
23/11/2022 08:30,,
23/11/2022 09:00,,
23/11/2022 09:30,,
23/11/2022 10:00,,
23/11/2022 10:30,,
23/11/2022 11:00,,
23/11/2022 11:30,,
23/11/2022 12:00,,
23/11/2022 12:30,,
23/11/2022 13:00,,
23/11/2022 13:30,,
23/11/2022 14:00,,
23/11/2022 14:30,,
23/11/2022 15:00,,
23/11/2022 15:30,,
23/11/2022 16:00,,
23/11/2022 16:30,,
23/11/2022 17:00,,
23/11/2022 17:30,,
23/11/2022 18:00,,
23/11/2022 18:30,,
23/11/2022 19:00,,
23/11/2022 19:30,,
23/11/2022 20:00,,
23/11/2022 20:30,,
23/11/2022 21:00,,
23/11/2022 21:30,,
23/11/2022 22:00,,
23/11/2022 22:30,,
23/11/2022 23:00,,
23/11/2022 23:30,,
24/11/2022 00:00,,
24/11/2022 00:30,,
24/11/2022 01:00,,
24/11/2022 01:30,,
24/11/2022 02:00,,
24/11/2022 02:30,,
24/11/2022 03:00,,
24/11/2022 03:30,,
24/11/2022 04:00,,
24/11/2022 04:30,,
24/11/2022 05:00,,
24/11/2022 05:30,,
24/11/2022 06:00,,
24/11/2022 06:30,,
24/11/2022 07:00,,
24/11/2022 07:30,,
24/11/2022 08:00,,
24/11/2022 08:30,,
24/11/2022 09:00,,
24/11/2022 09:30,,
24/11/2022 10:00,,
24/11/2022 10:30,,
24/11/2022 11:00,,
24/11/2022 11:30,,
24/11/2022 12:00,,
24/11/2022 12:30,,
24/11/2022 13:00,,
24/11/2022 13:30,,
24/11/2022 14:00,,
24/11/2022 14:30,,
24/11/2022 15:00,,
24/11/2022 15:30,,
24/11/2022 16:00,,
24/11/2022 16:30,,
24/11/2022 17:00,,
24/11/2022 17:30,,
24/11/2022 18:00,,
24/11/2022 18:30,,
24/11/2022 19:00,,
24/11/2022 19:30,,
24/11/2022 20:00,,
24/11/2022 20:30,,
24/11/2022 21:00,,
24/11/2022 21:30,,
24/11/2022 22:00,,
24/11/2022 22:30,,
24/11/2022 23:00,,
24/11/2022 23:30,,
25/11/2022 00:00,,
25/11/2022 00:30,,
25/11/2022 01:00,,
25/11/2022 01:30,,
25/11/2022 02:00,,
25/11/2022 02:30,,
25/11/2022 03:00,,
25/11/2022 03:30,,
25/11/2022 04:00,,
25/11/2022 04:30,,
25/11/2022 05:00,,
25/11/2022 05:30,,
25/11/2022 06:00,,
25/11/2022 06:30,,
25/11/2022 07:00,,
25/11/2022 07:30,,
25/11/2022 08:00,,
25/11/2022 08:30,,
25/11/2022 09:00,,
25/11/2022 09:30,,
25/11/2022 10:00,,
25/11/2022 10:30,,
25/11/2022 11:00,,
25/11/2022 11:30,,
25/11/2022 12:00,,
25/11/2022 12:30,,
25/11/2022 13:00,,
25/11/2022 13:30,,
25/11/2022 14:00,,
25/11/2022 14:30,,
25/11/2022 15:00,,
25/11/2022 15:30,,
25/11/2022 16:00,,
25/11/2022 16:30,,
25/11/2022 17:00,,
25/11/2022 17:30,,
25/11/2022 18:00,,
25/11/2022 18:30,,
25/11/2022 19:00,,
25/11/2022 19:30,,
25/11/2022 20:00,,
25/11/2022 20:30,,
25/11/2022 21:00,,
25/11/2022 21:30,,
25/11/2022 22:00,,
25/11/2022 22:30,,
25/11/2022 23:00,,
25/11/2022 23:30,,
26/11/2022 00:00,,
26/11/2022 00:30,,
26/11/2022 01:00,,
26/11/2022 01:30,,
26/11/2022 02:00,,
26/11/2022 02:30,,
26/11/2022 03:00,,
26/11/2022 03:30,,
26/11/2022 04:00,,
26/11/2022 04:30,,
26/11/2022 05:00,,
26/11/2022 05:30,,
26/11/2022 06:00,,
26/11/2022 06:30,,
26/11/2022 07:00,,
26/11/2022 07:30,,
26/11/2022 08:00,,
26/11/2022 08:30,,
26/11/2022 09:00,,
26/11/2022 09:30,,
26/11/2022 10:00,,
26/11/2022 10:30,,
26/11/2022 11:00,,
26/11/2022 11:30,,
26/11/2022 12:00,,
26/11/2022 12:30,,
26/11/2022 13:00,,
26/11/2022 13:30,,
26/11/2022 14:00,,
26/11/2022 14:30,,
26/11/2022 15:00,,
26/11/2022 15:30,,
26/11/2022 16:00,,
26/11/2022 16:30,,
26/11/2022 17:00,,
26/11/2022 17:30,,
26/11/2022 18:00,,
26/11/2022 18:30,,
26/11/2022 19:00,,
26/11/2022 19:30,,
26/11/2022 20:00,,
26/11/2022 20:30,,
26/11/2022 21:00,,
26/11/2022 21:30,,
26/11/2022 22:00,,
26/11/2022 22:30,,
26/11/2022 23:00,,
26/11/2022 23:30,,
27/11/2022 00:00,,
27/11/2022 00:30,,
27/11/2022 01:00,,
27/11/2022 01:30,,
27/11/2022 02:00,,
27/11/2022 02:30,,
27/11/2022 03:00,,
27/11/2022 03:30,,
27/11/2022 04:00,,
27/11/2022 04:30,,
27/11/2022 05:00,,
27/11/2022 05:30,,
27/11/2022 06:00,,
27/11/2022 06:30,,
27/11/2022 07:00,,
27/11/2022 07:30,,
27/11/2022 08:00,,
27/11/2022 08:30,,
27/11/2022 09:00,,
27/11/2022 09:30,,
27/11/2022 10:00,,
27/11/2022 10:30,,
27/11/2022 11:00,,
27/11/2022 11:30,,
27/11/2022 12:00,,
27/11/2022 12:30,,
27/11/2022 13:00,,
27/11/2022 13:30,,
27/11/2022 14:00,,
27/11/2022 14:30,,
27/11/2022 15:00,,
27/11/2022 15:30,,
27/11/2022 16:00,,
27/11/2022 16:30,,
27/11/2022 17:00,,
27/11/2022 17:30,,
27/11/2022 18:00,,
27/11/2022 18:30,,
27/11/2022 19:00,,
27/11/2022 19:30,,
27/11/2022 20:00,,
27/11/2022 20:30,,
27/11/2022 21:00,,
27/11/2022 21:30,,
27/11/2022 22:00,,
27/11/2022 22:30,,
27/11/2022 23:00,,
27/11/2022 23:30,,
28/11/2022 00:00,,
28/11/2022 00:30,,
28/11/2022 01:00,,
28/11/2022 01:30,,
28/11/2022 02:00,,
28/11/2022 02:30,,
28/11/2022 03:00,,
28/11/2022 03:30,,
28/11/2022 04:00,,
28/11/2022 04:30,,
28/11/2022 05:00,,
28/11/2022 05:30,,
28/11/2022 06:00,,
28/11/2022 06:30,,
28/11/2022 07:00,,
28/11/2022 07:30,,
28/11/2022 08:00,,
28/11/2022 08:30,,
28/11/2022 09:00,,
28/11/2022 09:30,,
28/11/2022 10:00,,
28/11/2022 10:30,,
28/11/2022 11:00,,
28/11/2022 11:30,,
28/11/2022 12:00,,
28/11/2022 12:30,,
28/11/2022 13:00,,
28/11/2022 13:30,,
28/11/2022 14:00,,
28/11/2022 14:30,,
28/11/2022 15:00,,
28/11/2022 15:30,,
28/11/2022 16:00,,
28/11/2022 16:30,,
28/11/2022 17:00,,
28/11/2022 17:30,,
28/11/2022 18:00,,
28/11/2022 18:30,,
28/11/2022 19:00,,
28/11/2022 19:30,,
28/11/2022 20:00,,
28/11/2022 20:30,,
28/11/2022 21:00,,
28/11/2022 21:30,,
28/11/2022 22:00,,
28/11/2022 22:30,,
28/11/2022 23:00,,
28/11/2022 23:30,,
29/11/2022 00:00,,
29/11/2022 00:30,,
29/11/2022 01:00,,
29/11/2022 01:30,,
29/11/2022 02:00,,
29/11/2022 02:30,,
29/11/2022 03:00,,
29/11/2022 03:30,,
29/11/2022 04:00,,
29/11/2022 04:30,,
29/11/2022 05:00,,
29/11/2022 05:30,,
29/11/2022 06:00,,
29/11/2022 06:30,,
29/11/2022 07:00,,
29/11/2022 07:30,,
29/11/2022 08:00,,
29/11/2022 08:30,,
29/11/2022 09:00,,
29/11/2022 09:30,,
29/11/2022 10:00,,
29/11/2022 10:30,,
29/11/2022 11:00,,
29/11/2022 11:30,,
29/11/2022 12:00,,
29/11/2022 12:30,,
29/11/2022 13:00,,
29/11/2022 13:30,,
29/11/2022 14:00,,
29/11/2022 14:30,,
29/11/2022 15:00,,
29/11/2022 15:30,,
29/11/2022 16:00,,
29/11/2022 16:30,,
29/11/2022 17:00,,
29/11/2022 17:30,,
29/11/2022 18:00,,
29/11/2022 18:30,,
29/11/2022 19:00,,
29/11/2022 19:30,,
29/11/2022 20:00,,
29/11/2022 20:30,,
29/11/2022 21:00,,
29/11/2022 21:30,,
29/11/2022 22:00,,
29/11/2022 22:30,,
29/11/2022 23:00,,
29/11/2022 23:30,,
30/11/2022 00:00,,
30/11/2022 00:30,,
30/11/2022 01:00,,
30/11/2022 01:30,,
30/11/2022 02:00,,
30/11/2022 02:30,,
30/11/2022 03:00,,
30/11/2022 03:30,,
30/11/2022 04:00,,
30/11/2022 04:30,,
30/11/2022 05:00,,
30/11/2022 05:30,,
30/11/2022 06:00,,
30/11/2022 06:30,,
30/11/2022 07:00,,
30/11/2022 07:30,,
30/11/2022 08:00,,
30/11/2022 08:30,,
30/11/2022 09:00,,
30/11/2022 09:30,,
30/11/2022 10:00,,
30/11/2022 10:30,,
30/11/2022 11:00,,
30/11/2022 11:30,,
30/11/2022 12:00,,
30/11/2022 12:30,,
30/11/2022 13:00,,
30/11/2022 13:30,,
30/11/2022 14:00,,
30/11/2022 14:30,,
30/11/2022 15:00,,
30/11/2022 15:30,,
30/11/2022 16:00,,
30/11/2022 16:30,,
30/11/2022 17:00,,
30/11/2022 17:30,,
30/11/2022 18:00,,
30/11/2022 18:30,,
30/11/2022 19:00,,
30/11/2022 19:30,,
30/11/2022 20:00,,
30/11/2022 20:30,,
30/11/2022 21:00,,
30/11/2022 21:30,,
30/11/2022 22:00,,
30/11/2022 22:30,,
30/11/2022 23:00,,
30/11/2022 23:30,,
01/12/2022 00:00,,
01/12/2022 00:30,,
01/12/2022 01:00,,
01/12/2022 01:30,,
01/12/2022 02:00,,
01/12/2022 02:30,,
01/12/2022 03:00,,
01/12/2022 03:30,,
01/12/2022 04:00,,
01/12/2022 04:30,,
01/12/2022 05:00,,
01/12/2022 05:30,,
01/12/2022 06:00,,
01/12/2022 06:30,,
01/12/2022 07:00,,
01/12/2022 07:30,,
01/12/2022 08:00,,
01/12/2022 08:30,,
01/12/2022 09:00,,
01/12/2022 09:30,,
01/12/2022 10:00,,
01/12/2022 10:30,,
01/12/2022 11:00,,
01/12/2022 11:30,,
01/12/2022 12:00,,
01/12/2022 12:30,,
01/12/2022 13:00,,
01/12/2022 13:30,,
01/12/2022 14:00,,
01/12/2022 14:30,,
01/12/2022 15:00,,
01/12/2022 15:30,,
01/12/2022 16:00,,
01/12/2022 16:30,,
01/12/2022 17:00,,
01/12/2022 17:30,,
01/12/2022 18:00,,
01/12/2022 18:30,,
01/12/2022 19:00,,
01/12/2022 19:30,,
01/12/2022 20:00,,
01/12/2022 20:30,,
01/12/2022 21:00,,
01/12/2022 21:30,,
01/12/2022 22:00,,
01/12/2022 22:30,,
01/12/2022 23:00,,
01/12/2022 23:30,,
02/12/2022 00:00,,
02/12/2022 00:30,,
02/12/2022 01:00,,
02/12/2022 01:30,,
02/12/2022 02:00,,
02/12/2022 02:30,,
02/12/2022 03:00,,
02/12/2022 03:30,,
02/12/2022 04:00,,
02/12/2022 04:30,,
02/12/2022 05:00,,
02/12/2022 05:30,,
02/12/2022 06:00,,
02/12/2022 06:30,,
02/12/2022 07:00,,
02/12/2022 07:30,,
02/12/2022 08:00,,
02/12/2022 08:30,,
02/12/2022 09:00,,
02/12/2022 09:30,,
02/12/2022 10:00,,
02/12/2022 10:30,,
02/12/2022 11:00,,
02/12/2022 11:30,,
02/12/2022 12:00,,
02/12/2022 12:30,,
02/12/2022 13:00,,
02/12/2022 13:30,,
02/12/2022 14:00,,
02/12/2022 14:30,,
02/12/2022 15:00,,
02/12/2022 15:30,,
02/12/2022 16:00,,
02/12/2022 16:30,,
02/12/2022 17:00,,
02/12/2022 17:30,,
02/12/2022 18:00,,
02/12/2022 18:30,,
02/12/2022 19:00,,
02/12/2022 19:30,,
02/12/2022 20:00,,
02/12/2022 20:30,,
02/12/2022 21:00,,
02/12/2022 21:30,,
02/12/2022 22:00,,
02/12/2022 22:30,,
02/12/2022 23:00,,
02/12/2022 23:30,,
03/12/2022 00:00,,
03/12/2022 00:30,,
03/12/2022 01:00,,
03/12/2022 01:30,,
03/12/2022 02:00,,
03/12/2022 02:30,,
03/12/2022 03:00,,
03/12/2022 03:30,,
03/12/2022 04:00,,
03/12/2022 04:30,,
03/12/2022 05:00,,
03/12/2022 05:30,,
03/12/2022 06:00,,
03/12/2022 06:30,,
03/12/2022 07:00,,
03/12/2022 07:30,,
03/12/2022 08:00,,
03/12/2022 08:30,,
03/12/2022 09:00,,
03/12/2022 09:30,,
03/12/2022 10:00,,
03/12/2022 10:30,,
03/12/2022 11:00,,
03/12/2022 11:30,,
03/12/2022 12:00,,
03/12/2022 12:30,,
03/12/2022 13:00,,
03/12/2022 13:30,,
03/12/2022 14:00,,
03/12/2022 14:30,,
03/12/2022 15:00,,
03/12/2022 15:30,,
03/12/2022 16:00,,
03/12/2022 16:30,,
03/12/2022 17:00,,
03/12/2022 17:30,,
03/12/2022 18:00,,
03/12/2022 18:30,,
03/12/2022 19:00,,
03/12/2022 19:30,,
03/12/2022 20:00,,
03/12/2022 20:30,,
03/12/2022 21:00,,
03/12/2022 21:30,,
03/12/2022 22:00,,
03/12/2022 22:30,,
03/12/2022 23:00,,
03/12/2022 23:30,,
04/12/2022 00:00,,
04/12/2022 00:30,,
04/12/2022 01:00,,
04/12/2022 01:30,,
04/12/2022 02:00,,
04/12/2022 02:30,,
04/12/2022 03:00,,
04/12/2022 03:30,,
04/12/2022 04:00,,
04/12/2022 04:30,,
04/12/2022 05:00,,
04/12/2022 05:30,,
04/12/2022 06:00,,
04/12/2022 06:30,,
04/12/2022 07:00,,
04/12/2022 07:30,,
04/12/2022 08:00,,
04/12/2022 08:30,,
04/12/2022 09:00,,
04/12/2022 09:30,,
04/12/2022 10:00,,
04/12/2022 10:30,,
04/12/2022 11:00,,
04/12/2022 11:30,,
04/12/2022 12:00,,
04/12/2022 12:30,,
04/12/2022 13:00,,
04/12/2022 13:30,,
04/12/2022 14:00,,
04/12/2022 14:30,,
04/12/2022 15:00,,
04/12/2022 15:30,,
04/12/2022 16:00,,
04/12/2022 16:30,,
04/12/2022 17:00,,
04/12/2022 17:30,,
04/12/2022 18:00,,
04/12/2022 18:30,,
04/12/2022 19:00,,
04/12/2022 19:30,,
04/12/2022 20:00,,
04/12/2022 20:30,,
04/12/2022 21:00,,
04/12/2022 21:30,,
04/12/2022 22:00,,
04/12/2022 22:30,,
04/12/2022 23:00,,
04/12/2022 23:30,,
05/12/2022 00:00,,
05/12/2022 00:30,,
05/12/2022 01:00,,
05/12/2022 01:30,,
05/12/2022 02:00,,
05/12/2022 02:30,,
05/12/2022 03:00,,
05/12/2022 03:30,,
05/12/2022 04:00,,
05/12/2022 04:30,,
05/12/2022 05:00,,
05/12/2022 05:30,,
05/12/2022 06:00,,
05/12/2022 06:30,,
05/12/2022 07:00,,
05/12/2022 07:30,,
05/12/2022 08:00,,
05/12/2022 08:30,,
05/12/2022 09:00,,
05/12/2022 09:30,,
05/12/2022 10:00,,
05/12/2022 10:30,,
05/12/2022 11:00,,
05/12/2022 11:30,,
05/12/2022 12:00,,
05/12/2022 12:30,,
05/12/2022 13:00,,
05/12/2022 13:30,,
05/12/2022 14:00,,
05/12/2022 14:30,,
05/12/2022 15:00,,
05/12/2022 15:30,,
05/12/2022 16:00,,
05/12/2022 16:30,,
05/12/2022 17:00,,
05/12/2022 17:30,,
05/12/2022 18:00,,
05/12/2022 18:30,,
05/12/2022 19:00,,
05/12/2022 19:30,,
05/12/2022 20:00,,
05/12/2022 20:30,,
05/12/2022 21:00,,
05/12/2022 21:30,,
05/12/2022 22:00,,
05/12/2022 22:30,,
05/12/2022 23:00,,
05/12/2022 23:30,,
06/12/2022 00:00,,
06/12/2022 00:30,,
06/12/2022 01:00,,
06/12/2022 01:30,,
06/12/2022 02:00,,
06/12/2022 02:30,,
06/12/2022 03:00,,
06/12/2022 03:30,,
06/12/2022 04:00,,
06/12/2022 04:30,,
06/12/2022 05:00,,
06/12/2022 05:30,,
06/12/2022 06:00,,
06/12/2022 06:30,,
06/12/2022 07:00,,
06/12/2022 07:30,,
06/12/2022 08:00,,
06/12/2022 08:30,,
06/12/2022 09:00,,
06/12/2022 09:30,,
06/12/2022 10:00,,
06/12/2022 10:30,,
06/12/2022 11:00,,
06/12/2022 11:30,,
06/12/2022 12:00,,
06/12/2022 12:30,,
06/12/2022 13:00,,
06/12/2022 13:30,,
06/12/2022 14:00,,
06/12/2022 14:30,,
06/12/2022 15:00,,
06/12/2022 15:30,,
06/12/2022 16:00,,
06/12/2022 16:30,,
06/12/2022 17:00,,
06/12/2022 17:30,,
06/12/2022 18:00,,
06/12/2022 18:30,,
06/12/2022 19:00,,
06/12/2022 19:30,,
06/12/2022 20:00,,
06/12/2022 20:30,,
06/12/2022 21:00,,
06/12/2022 21:30,,
06/12/2022 22:00,,
06/12/2022 22:30,,
06/12/2022 23:00,,
06/12/2022 23:30,,
07/12/2022 00:00,,
07/12/2022 00:30,,
07/12/2022 01:00,,
07/12/2022 01:30,,
07/12/2022 02:00,,
07/12/2022 02:30,,
07/12/2022 03:00,,
07/12/2022 03:30,,
07/12/2022 04:00,,
07/12/2022 04:30,,
07/12/2022 05:00,,
07/12/2022 05:30,,
07/12/2022 06:00,,
07/12/2022 06:30,,
07/12/2022 07:00,,
07/12/2022 07:30,,
07/12/2022 08:00,,
07/12/2022 08:30,,
07/12/2022 09:00,,
07/12/2022 09:30,,
07/12/2022 10:00,,
07/12/2022 10:30,,
07/12/2022 11:00,,
07/12/2022 11:30,,
07/12/2022 12:00,,
07/12/2022 12:30,,
07/12/2022 13:00,,
07/12/2022 13:30,,
07/12/2022 14:00,,
07/12/2022 14:30,,
07/12/2022 15:00,,
07/12/2022 15:30,,
07/12/2022 16:00,,
07/12/2022 16:30,,
07/12/2022 17:00,,
07/12/2022 17:30,,
07/12/2022 18:00,,
07/12/2022 18:30,,
07/12/2022 19:00,,
07/12/2022 19:30,,
07/12/2022 20:00,,
07/12/2022 20:30,,
07/12/2022 21:00,,
07/12/2022 21:30,,
07/12/2022 22:00,,
07/12/2022 22:30,,
07/12/2022 23:00,,
07/12/2022 23:30,,
08/12/2022 00:00,,
08/12/2022 00:30,,
08/12/2022 01:00,,
08/12/2022 01:30,,
08/12/2022 02:00,,
08/12/2022 02:30,,
08/12/2022 03:00,,
08/12/2022 03:30,,
08/12/2022 04:00,,
08/12/2022 04:30,,
08/12/2022 05:00,,
08/12/2022 05:30,,
08/12/2022 06:00,,
08/12/2022 06:30,,
08/12/2022 07:00,,
08/12/2022 07:30,,
08/12/2022 08:00,,
08/12/2022 08:30,,
08/12/2022 09:00,,
08/12/2022 09:30,,
08/12/2022 10:00,,
08/12/2022 10:30,,
08/12/2022 11:00,,
08/12/2022 11:30,,
08/12/2022 12:00,,
08/12/2022 12:30,,
08/12/2022 13:00,,
08/12/2022 13:30,,
08/12/2022 14:00,,
08/12/2022 14:30,,
08/12/2022 15:00,,
08/12/2022 15:30,,
08/12/2022 16:00,,
08/12/2022 16:30,,
08/12/2022 17:00,,
08/12/2022 17:30,,
08/12/2022 18:00,,
08/12/2022 18:30,,
08/12/2022 19:00,,
08/12/2022 19:30,,
08/12/2022 20:00,,
08/12/2022 20:30,,
08/12/2022 21:00,,
08/12/2022 21:30,,
08/12/2022 22:00,,
08/12/2022 22:30,,
08/12/2022 23:00,,
08/12/2022 23:30,,
09/12/2022 00:00,,
09/12/2022 00:30,,
09/12/2022 01:00,,
09/12/2022 01:30,,
09/12/2022 02:00,,
09/12/2022 02:30,,
09/12/2022 03:00,,
09/12/2022 03:30,,
09/12/2022 04:00,,
09/12/2022 04:30,,
09/12/2022 05:00,,
09/12/2022 05:30,,
09/12/2022 06:00,,
09/12/2022 06:30,,
09/12/2022 07:00,,
09/12/2022 07:30,,
09/12/2022 08:00,,
09/12/2022 08:30,,
09/12/2022 09:00,,
09/12/2022 09:30,,
09/12/2022 10:00,,
09/12/2022 10:30,,
09/12/2022 11:00,,
09/12/2022 11:30,,
09/12/2022 12:00,,
09/12/2022 12:30,,
09/12/2022 13:00,,
09/12/2022 13:30,,
09/12/2022 14:00,,
09/12/2022 14:30,,
09/12/2022 15:00,,
09/12/2022 15:30,,
09/12/2022 16:00,,
09/12/2022 16:30,,
09/12/2022 17:00,,
09/12/2022 17:30,,
09/12/2022 18:00,,
09/12/2022 18:30,,
09/12/2022 19:00,,
09/12/2022 19:30,,
09/12/2022 20:00,,
09/12/2022 20:30,,
09/12/2022 21:00,,
09/12/2022 21:30,,
09/12/2022 22:00,,
09/12/2022 22:30,,
09/12/2022 23:00,,
09/12/2022 23:30,,
10/12/2022 00:00,,
10/12/2022 00:30,,
10/12/2022 01:00,,
10/12/2022 01:30,,
10/12/2022 02:00,,
10/12/2022 02:30,,
10/12/2022 03:00,,
10/12/2022 03:30,,
10/12/2022 04:00,,
10/12/2022 04:30,,
10/12/2022 05:00,,
10/12/2022 05:30,,
10/12/2022 06:00,,
10/12/2022 06:30,,
10/12/2022 07:00,,
10/12/2022 07:30,,
10/12/2022 08:00,,
10/12/2022 08:30,,
10/12/2022 09:00,,
10/12/2022 09:30,,
10/12/2022 10:00,,
10/12/2022 10:30,,
10/12/2022 11:00,,
10/12/2022 11:30,,
10/12/2022 12:00,,
10/12/2022 12:30,,
10/12/2022 13:00,,
10/12/2022 13:30,,
10/12/2022 14:00,,
10/12/2022 14:30,,
10/12/2022 15:00,,
10/12/2022 15:30,,
10/12/2022 16:00,,
10/12/2022 16:30,,
10/12/2022 17:00,,
10/12/2022 17:30,,
10/12/2022 18:00,,
10/12/2022 18:30,,
10/12/2022 19:00,,
10/12/2022 19:30,,
10/12/2022 20:00,,
10/12/2022 20:30,,
10/12/2022 21:00,,
10/12/2022 21:30,,
10/12/2022 22:00,,
10/12/2022 22:30,,
10/12/2022 23:00,,
10/12/2022 23:30,,
11/12/2022 00:00,,
11/12/2022 00:30,,
11/12/2022 01:00,,
11/12/2022 01:30,,
11/12/2022 02:00,,
11/12/2022 02:30,,
11/12/2022 03:00,,
11/12/2022 03:30,,
11/12/2022 04:00,,
11/12/2022 04:30,,
11/12/2022 05:00,,
11/12/2022 05:30,,
11/12/2022 06:00,,
11/12/2022 06:30,,
11/12/2022 07:00,,
11/12/2022 07:30,,
11/12/2022 08:00,,
11/12/2022 08:30,,
11/12/2022 09:00,,
11/12/2022 09:30,,
11/12/2022 10:00,,
11/12/2022 10:30,,
11/12/2022 11:00,,
11/12/2022 11:30,,
11/12/2022 12:00,,
11/12/2022 12:30,,
11/12/2022 13:00,,
11/12/2022 13:30,,
11/12/2022 14:00,,
11/12/2022 14:30,,
11/12/2022 15:00,,
11/12/2022 15:30,,
11/12/2022 16:00,,
11/12/2022 16:30,,
11/12/2022 17:00,,
11/12/2022 17:30,,
11/12/2022 18:00,,
11/12/2022 18:30,,
11/12/2022 19:00,,
11/12/2022 19:30,,
11/12/2022 20:00,,
11/12/2022 20:30,,
11/12/2022 21:00,,
11/12/2022 21:30,,
11/12/2022 22:00,,
11/12/2022 22:30,,
11/12/2022 23:00,,
11/12/2022 23:30,,
12/12/2022 00:00,,
12/12/2022 00:30,,
12/12/2022 01:00,,
12/12/2022 01:30,,
12/12/2022 02:00,,
12/12/2022 02:30,,
12/12/2022 03:00,,
12/12/2022 03:30,,
12/12/2022 04:00,,
12/12/2022 04:30,,
12/12/2022 05:00,,
12/12/2022 05:30,,
12/12/2022 06:00,,
12/12/2022 06:30,,
12/12/2022 07:00,,
12/12/2022 07:30,,
12/12/2022 08:00,,
12/12/2022 08:30,,
12/12/2022 09:00,,
12/12/2022 09:30,,
12/12/2022 10:00,,
12/12/2022 10:30,,
12/12/2022 11:00,,
12/12/2022 11:30,,
12/12/2022 12:00,,
12/12/2022 12:30,,
12/12/2022 13:00,,
12/12/2022 13:30,,
12/12/2022 14:00,,
12/12/2022 14:30,,
12/12/2022 15:00,,
12/12/2022 15:30,,
12/12/2022 16:00,,
12/12/2022 16:30,,
12/12/2022 17:00,,
12/12/2022 17:30,,
12/12/2022 18:00,,
12/12/2022 18:30,,
12/12/2022 19:00,,
12/12/2022 19:30,,
12/12/2022 20:00,,
12/12/2022 20:30,,
12/12/2022 21:00,,
12/12/2022 21:30,,
12/12/2022 22:00,,
12/12/2022 22:30,,
12/12/2022 23:00,,
12/12/2022 23:30,,
13/12/2022 00:00,,
13/12/2022 00:30,,
13/12/2022 01:00,,
13/12/2022 01:30,,
13/12/2022 02:00,,
13/12/2022 02:30,,
13/12/2022 03:00,,
13/12/2022 03:30,,
13/12/2022 04:00,,
13/12/2022 04:30,,
13/12/2022 05:00,,
13/12/2022 05:30,,
13/12/2022 06:00,,
13/12/2022 06:30,,
13/12/2022 07:00,,
13/12/2022 07:30,,
13/12/2022 08:00,,
13/12/2022 08:30,,
13/12/2022 09:00,,
13/12/2022 09:30,,
13/12/2022 10:00,,
13/12/2022 10:30,,
13/12/2022 11:00,,
13/12/2022 11:30,,
13/12/2022 12:00,,
13/12/2022 12:30,,
13/12/2022 13:00,,
13/12/2022 13:30,,
13/12/2022 14:00,,
13/12/2022 14:30,,
13/12/2022 15:00,,
13/12/2022 15:30,,
13/12/2022 16:00,,
13/12/2022 16:30,,
13/12/2022 17:00,,
13/12/2022 17:30,,
13/12/2022 18:00,,
13/12/2022 18:30,,
13/12/2022 19:00,,
13/12/2022 19:30,,
13/12/2022 20:00,,
13/12/2022 20:30,,
13/12/2022 21:00,,
13/12/2022 21:30,,
13/12/2022 22:00,,
13/12/2022 22:30,,
13/12/2022 23:00,,
13/12/2022 23:30,,
14/12/2022 00:00,,
14/12/2022 00:30,,
14/12/2022 01:00,,
14/12/2022 01:30,,
14/12/2022 02:00,,
14/12/2022 02:30,,
14/12/2022 03:00,,
14/12/2022 03:30,,
14/12/2022 04:00,,
14/12/2022 04:30,,
14/12/2022 05:00,,
14/12/2022 05:30,,
14/12/2022 06:00,,
14/12/2022 06:30,,
14/12/2022 07:00,,
14/12/2022 07:30,,
14/12/2022 08:00,,
14/12/2022 08:30,,
14/12/2022 09:00,,
14/12/2022 09:30,,
14/12/2022 10:00,,
14/12/2022 10:30,,
14/12/2022 11:00,,
14/12/2022 11:30,,
14/12/2022 12:00,,
14/12/2022 12:30,,
14/12/2022 13:00,,
14/12/2022 13:30,,
14/12/2022 14:00,,
14/12/2022 14:30,,
14/12/2022 15:00,,
14/12/2022 15:30,,
14/12/2022 16:00,,
14/12/2022 16:30,,
14/12/2022 17:00,,
14/12/2022 17:30,,
14/12/2022 18:00,,
14/12/2022 18:30,,
14/12/2022 19:00,,
14/12/2022 19:30,,
14/12/2022 20:00,,
14/12/2022 20:30,,
14/12/2022 21:00,,
14/12/2022 21:30,,
14/12/2022 22:00,,
14/12/2022 22:30,,
14/12/2022 23:00,,
14/12/2022 23:30,,
15/12/2022 00:00,,
15/12/2022 00:30,,
15/12/2022 01:00,,
15/12/2022 01:30,,
15/12/2022 02:00,,
15/12/2022 02:30,,
15/12/2022 03:00,,
15/12/2022 03:30,,
15/12/2022 04:00,,
15/12/2022 04:30,,
15/12/2022 05:00,,
15/12/2022 05:30,,
15/12/2022 06:00,,
15/12/2022 06:30,,
15/12/2022 07:00,,
15/12/2022 07:30,,
15/12/2022 08:00,,
15/12/2022 08:30,,
15/12/2022 09:00,,
15/12/2022 09:30,,
15/12/2022 10:00,,
15/12/2022 10:30,,
15/12/2022 11:00,,
15/12/2022 11:30,,
15/12/2022 12:00,,
15/12/2022 12:30,,
15/12/2022 13:00,,
15/12/2022 13:30,,
15/12/2022 14:00,,
15/12/2022 14:30,,
15/12/2022 15:00,,
15/12/2022 15:30,,
15/12/2022 16:00,,
15/12/2022 16:30,,
15/12/2022 17:00,,
15/12/2022 17:30,,
15/12/2022 18:00,,
15/12/2022 18:30,,
15/12/2022 19:00,,
15/12/2022 19:30,,
15/12/2022 20:00,,
15/12/2022 20:30,,
15/12/2022 21:00,,
15/12/2022 21:30,,
15/12/2022 22:00,,
15/12/2022 22:30,,
15/12/2022 23:00,,
15/12/2022 23:30,,
16/12/2022 00:00,,
16/12/2022 00:30,,
16/12/2022 01:00,,
16/12/2022 01:30,,
16/12/2022 02:00,,
16/12/2022 02:30,,
16/12/2022 03:00,,
16/12/2022 03:30,,
16/12/2022 04:00,,
16/12/2022 04:30,,
16/12/2022 05:00,,
16/12/2022 05:30,,
16/12/2022 06:00,,
16/12/2022 06:30,,
16/12/2022 07:00,,
16/12/2022 07:30,,
16/12/2022 08:00,,
16/12/2022 08:30,,
16/12/2022 09:00,,
16/12/2022 09:30,,
16/12/2022 10:00,,
16/12/2022 10:30,,
16/12/2022 11:00,,
16/12/2022 11:30,,
16/12/2022 12:00,,
16/12/2022 12:30,,
16/12/2022 13:00,,
16/12/2022 13:30,,
16/12/2022 14:00,,
16/12/2022 14:30,,
16/12/2022 15:00,,
16/12/2022 15:30,,
16/12/2022 16:00,,
16/12/2022 16:30,,
16/12/2022 17:00,,
16/12/2022 17:30,,
16/12/2022 18:00,,
16/12/2022 18:30,,
16/12/2022 19:00,,
16/12/2022 19:30,,
16/12/2022 20:00,,
16/12/2022 20:30,,
16/12/2022 21:00,,
16/12/2022 21:30,,
16/12/2022 22:00,,
16/12/2022 22:30,,
16/12/2022 23:00,,
16/12/2022 23:30,,
17/12/2022 00:00,,
17/12/2022 00:30,,
17/12/2022 01:00,,
17/12/2022 01:30,,
17/12/2022 02:00,,
17/12/2022 02:30,,
17/12/2022 03:00,,
17/12/2022 03:30,,
17/12/2022 04:00,,
17/12/2022 04:30,,
17/12/2022 05:00,,
17/12/2022 05:30,,
17/12/2022 06:00,,
17/12/2022 06:30,,
17/12/2022 07:00,,
17/12/2022 07:30,,
17/12/2022 08:00,,
17/12/2022 08:30,,
17/12/2022 09:00,,
17/12/2022 09:30,,
17/12/2022 10:00,,
17/12/2022 10:30,,
17/12/2022 11:00,,
17/12/2022 11:30,,
17/12/2022 12:00,,
17/12/2022 12:30,,
17/12/2022 13:00,,
17/12/2022 13:30,,
17/12/2022 14:00,,
17/12/2022 14:30,,
17/12/2022 15:00,,
17/12/2022 15:30,,
17/12/2022 16:00,,
17/12/2022 16:30,,
17/12/2022 17:00,,
17/12/2022 17:30,,
17/12/2022 18:00,,
17/12/2022 18:30,,
17/12/2022 19:00,,
17/12/2022 19:30,,
17/12/2022 20:00,,
17/12/2022 20:30,,
17/12/2022 21:00,,
17/12/2022 21:30,,
17/12/2022 22:00,,
17/12/2022 22:30,,
17/12/2022 23:00,,
17/12/2022 23:30,,
18/12/2022 00:00,,
18/12/2022 00:30,,
18/12/2022 01:00,,
18/12/2022 01:30,,
18/12/2022 02:00,,
18/12/2022 02:30,,
18/12/2022 03:00,,
18/12/2022 03:30,,
18/12/2022 04:00,,
18/12/2022 04:30,,
18/12/2022 05:00,,
18/12/2022 05:30,,
18/12/2022 06:00,,
18/12/2022 06:30,,
18/12/2022 07:00,,
18/12/2022 07:30,,
18/12/2022 08:00,,
18/12/2022 08:30,,
18/12/2022 09:00,,
18/12/2022 09:30,,
18/12/2022 10:00,,
18/12/2022 10:30,,
18/12/2022 11:00,,
18/12/2022 11:30,,
18/12/2022 12:00,,
18/12/2022 12:30,,
18/12/2022 13:00,,
18/12/2022 13:30,,
18/12/2022 14:00,,
18/12/2022 14:30,,
18/12/2022 15:00,,
18/12/2022 15:30,,
18/12/2022 16:00,,
18/12/2022 16:30,,
18/12/2022 17:00,,
18/12/2022 17:30,,
18/12/2022 18:00,,
18/12/2022 18:30,,
18/12/2022 19:00,,
18/12/2022 19:30,,
18/12/2022 20:00,,
18/12/2022 20:30,,
18/12/2022 21:00,,
18/12/2022 21:30,,
18/12/2022 22:00,,
18/12/2022 22:30,,
18/12/2022 23:00,,
18/12/2022 23:30,,
19/12/2022 00:00,,
19/12/2022 00:30,,
19/12/2022 01:00,,
19/12/2022 01:30,,
19/12/2022 02:00,,
19/12/2022 02:30,,
19/12/2022 03:00,,
19/12/2022 03:30,,
19/12/2022 04:00,,
19/12/2022 04:30,,
19/12/2022 05:00,,
19/12/2022 05:30,,
19/12/2022 06:00,,
19/12/2022 06:30,,
19/12/2022 07:00,,
19/12/2022 07:30,,
19/12/2022 08:00,,
19/12/2022 08:30,,
19/12/2022 09:00,,
19/12/2022 09:30,,
19/12/2022 10:00,,
19/12/2022 10:30,,
19/12/2022 11:00,,
19/12/2022 11:30,,
19/12/2022 12:00,,
19/12/2022 12:30,,
19/12/2022 13:00,,
19/12/2022 13:30,,
19/12/2022 14:00,,
19/12/2022 14:30,,
19/12/2022 15:00,,
19/12/2022 15:30,,
19/12/2022 16:00,,
19/12/2022 16:30,,
19/12/2022 17:00,,
19/12/2022 17:30,,
19/12/2022 18:00,,
19/12/2022 18:30,,
19/12/2022 19:00,,
19/12/2022 19:30,,
19/12/2022 20:00,,
19/12/2022 20:30,,
19/12/2022 21:00,,
19/12/2022 21:30,,
19/12/2022 22:00,,
19/12/2022 22:30,,
19/12/2022 23:00,,
19/12/2022 23:30,,
20/12/2022 00:00,,
20/12/2022 00:30,,
20/12/2022 01:00,,
20/12/2022 01:30,,
20/12/2022 02:00,,
20/12/2022 02:30,,
20/12/2022 03:00,,
20/12/2022 03:30,,
20/12/2022 04:00,,
20/12/2022 04:30,,
20/12/2022 05:00,,
20/12/2022 05:30,,
20/12/2022 06:00,,
20/12/2022 06:30,,
20/12/2022 07:00,,
20/12/2022 07:30,,
20/12/2022 08:00,,
20/12/2022 08:30,,
20/12/2022 09:00,,
20/12/2022 09:30,,
20/12/2022 10:00,,
20/12/2022 10:30,,
20/12/2022 11:00,,
20/12/2022 11:30,,
20/12/2022 12:00,,
20/12/2022 12:30,,
20/12/2022 13:00,,
20/12/2022 13:30,,
20/12/2022 14:00,,
20/12/2022 14:30,,
20/12/2022 15:00,,
20/12/2022 15:30,,
20/12/2022 16:00,,
20/12/2022 16:30,,
20/12/2022 17:00,,
20/12/2022 17:30,,
20/12/2022 18:00,,
20/12/2022 18:30,,
20/12/2022 19:00,,
20/12/2022 19:30,,
20/12/2022 20:00,,
20/12/2022 20:30,,
20/12/2022 21:00,,
20/12/2022 21:30,,
20/12/2022 22:00,,
20/12/2022 22:30,,
20/12/2022 23:00,,
20/12/2022 23:30,,
21/12/2022 00:00,,
21/12/2022 00:30,,
21/12/2022 01:00,,
21/12/2022 01:30,,
21/12/2022 02:00,,
21/12/2022 02:30,,
21/12/2022 03:00,,
21/12/2022 03:30,,
21/12/2022 04:00,,
21/12/2022 04:30,,
21/12/2022 05:00,,
21/12/2022 05:30,,
21/12/2022 06:00,,
21/12/2022 06:30,,
21/12/2022 07:00,,
21/12/2022 07:30,,
21/12/2022 08:00,,
21/12/2022 08:30,,
21/12/2022 09:00,,
21/12/2022 09:30,,
21/12/2022 10:00,,
21/12/2022 10:30,,
21/12/2022 11:00,,
21/12/2022 11:30,,
21/12/2022 12:00,,
21/12/2022 12:30,,
21/12/2022 13:00,,
21/12/2022 13:30,,
21/12/2022 14:00,,
21/12/2022 14:30,,
21/12/2022 15:00,,
21/12/2022 15:30,,
21/12/2022 16:00,,
21/12/2022 16:30,,
21/12/2022 17:00,,
21/12/2022 17:30,,
21/12/2022 18:00,,
21/12/2022 18:30,,
21/12/2022 19:00,,
21/12/2022 19:30,,
21/12/2022 20:00,,
21/12/2022 20:30,,
21/12/2022 21:00,,
21/12/2022 21:30,,
21/12/2022 22:00,,
21/12/2022 22:30,,
21/12/2022 23:00,,
21/12/2022 23:30,,
22/12/2022 00:00,,
22/12/2022 00:30,,
22/12/2022 01:00,,
22/12/2022 01:30,,
22/12/2022 02:00,,
22/12/2022 02:30,,
22/12/2022 03:00,,
22/12/2022 03:30,,
22/12/2022 04:00,,
22/12/2022 04:30,,
22/12/2022 05:00,,
22/12/2022 05:30,,
22/12/2022 06:00,,
22/12/2022 06:30,,
22/12/2022 07:00,,
22/12/2022 07:30,,
22/12/2022 08:00,,
22/12/2022 08:30,,
22/12/2022 09:00,,
22/12/2022 09:30,,
22/12/2022 10:00,,
22/12/2022 10:30,,
22/12/2022 11:00,,
22/12/2022 11:30,,
22/12/2022 12:00,,
22/12/2022 12:30,,
22/12/2022 13:00,,
22/12/2022 13:30,,
22/12/2022 14:00,,
22/12/2022 14:30,,
22/12/2022 15:00,,
22/12/2022 15:30,,
22/12/2022 16:00,,
22/12/2022 16:30,,
22/12/2022 17:00,,
22/12/2022 17:30,,
22/12/2022 18:00,,
22/12/2022 18:30,,
22/12/2022 19:00,,
22/12/2022 19:30,,
22/12/2022 20:00,,
22/12/2022 20:30,,
22/12/2022 21:00,,
22/12/2022 21:30,,
22/12/2022 22:00,,
22/12/2022 22:30,,
22/12/2022 23:00,,
22/12/2022 23:30,,
23/12/2022 00:00,,
23/12/2022 00:30,,
23/12/2022 01:00,,
23/12/2022 01:30,,
23/12/2022 02:00,,
23/12/2022 02:30,,
23/12/2022 03:00,,
23/12/2022 03:30,,
23/12/2022 04:00,,
23/12/2022 04:30,,
23/12/2022 05:00,,
23/12/2022 05:30,,
23/12/2022 06:00,,
23/12/2022 06:30,,
23/12/2022 07:00,,
23/12/2022 07:30,,
23/12/2022 08:00,,
23/12/2022 08:30,,
23/12/2022 09:00,,
23/12/2022 09:30,,
23/12/2022 10:00,,
23/12/2022 10:30,,
23/12/2022 11:00,,
23/12/2022 11:30,,
23/12/2022 12:00,,
23/12/2022 12:30,,
23/12/2022 13:00,,
23/12/2022 13:30,,
23/12/2022 14:00,,
23/12/2022 14:30,,
23/12/2022 15:00,,
23/12/2022 15:30,,
23/12/2022 16:00,,
23/12/2022 16:30,,
23/12/2022 17:00,,
23/12/2022 17:30,,
23/12/2022 18:00,,
23/12/2022 18:30,,
23/12/2022 19:00,,
23/12/2022 19:30,,
23/12/2022 20:00,,
23/12/2022 20:30,,
23/12/2022 21:00,,
23/12/2022 21:30,,
23/12/2022 22:00,,
23/12/2022 22:30,,
23/12/2022 23:00,,
23/12/2022 23:30,,
24/12/2022 00:00,,
24/12/2022 00:30,,
24/12/2022 01:00,,
24/12/2022 01:30,,
24/12/2022 02:00,,
24/12/2022 02:30,,
24/12/2022 03:00,,
24/12/2022 03:30,,
24/12/2022 04:00,,
24/12/2022 04:30,,
24/12/2022 05:00,,
24/12/2022 05:30,,
24/12/2022 06:00,,
24/12/2022 06:30,,
24/12/2022 07:00,,
24/12/2022 07:30,,
24/12/2022 08:00,,
24/12/2022 08:30,,
24/12/2022 09:00,,
24/12/2022 09:30,,
24/12/2022 10:00,,
24/12/2022 10:30,,
24/12/2022 11:00,,
24/12/2022 11:30,,
24/12/2022 12:00,,
24/12/2022 12:30,,
24/12/2022 13:00,,
24/12/2022 13:30,,
24/12/2022 14:00,,
24/12/2022 14:30,,
24/12/2022 15:00,,
24/12/2022 15:30,,
24/12/2022 16:00,,
24/12/2022 16:30,,
24/12/2022 17:00,,
24/12/2022 17:30,,
24/12/2022 18:00,,
24/12/2022 18:30,,
24/12/2022 19:00,,
24/12/2022 19:30,,
24/12/2022 20:00,,
24/12/2022 20:30,,
24/12/2022 21:00,,
24/12/2022 21:30,,
24/12/2022 22:00,,
24/12/2022 22:30,,
24/12/2022 23:00,,
24/12/2022 23:30,,
25/12/2022 00:00,,
25/12/2022 00:30,,
25/12/2022 01:00,,
25/12/2022 01:30,,
25/12/2022 02:00,,
25/12/2022 02:30,,
25/12/2022 03:00,,
25/12/2022 03:30,,
25/12/2022 04:00,,
25/12/2022 04:30,,
25/12/2022 05:00,,
25/12/2022 05:30,,
25/12/2022 06:00,,
25/12/2022 06:30,,
25/12/2022 07:00,,
25/12/2022 07:30,,
25/12/2022 08:00,,
25/12/2022 08:30,,
25/12/2022 09:00,,
25/12/2022 09:30,,
25/12/2022 10:00,,
25/12/2022 10:30,,
25/12/2022 11:00,,
25/12/2022 11:30,,
25/12/2022 12:00,,
25/12/2022 12:30,,
25/12/2022 13:00,,
25/12/2022 13:30,,
25/12/2022 14:00,,
25/12/2022 14:30,,
25/12/2022 15:00,,
25/12/2022 15:30,,
25/12/2022 16:00,,
25/12/2022 16:30,,
25/12/2022 17:00,,
25/12/2022 17:30,,
25/12/2022 18:00,,
25/12/2022 18:30,,
25/12/2022 19:00,,
25/12/2022 19:30,,
25/12/2022 20:00,,
25/12/2022 20:30,,
25/12/2022 21:00,,
25/12/2022 21:30,,
25/12/2022 22:00,,
25/12/2022 22:30,,
25/12/2022 23:00,,
25/12/2022 23:30,,
26/12/2022 00:00,,
26/12/2022 00:30,,
26/12/2022 01:00,,
26/12/2022 01:30,,
26/12/2022 02:00,,
26/12/2022 02:30,,
26/12/2022 03:00,,
26/12/2022 03:30,,
26/12/2022 04:00,,
26/12/2022 04:30,,
26/12/2022 05:00,,
26/12/2022 05:30,,
26/12/2022 06:00,,
26/12/2022 06:30,,
26/12/2022 07:00,,
26/12/2022 07:30,,
26/12/2022 08:00,,
26/12/2022 08:30,,
26/12/2022 09:00,,
26/12/2022 09:30,,
26/12/2022 10:00,,
26/12/2022 10:30,,
26/12/2022 11:00,,
26/12/2022 11:30,,
26/12/2022 12:00,,
26/12/2022 12:30,,
26/12/2022 13:00,,
26/12/2022 13:30,,
26/12/2022 14:00,,
26/12/2022 14:30,,
26/12/2022 15:00,,
26/12/2022 15:30,,
26/12/2022 16:00,,
26/12/2022 16:30,,
26/12/2022 17:00,,
26/12/2022 17:30,,
26/12/2022 18:00,,
26/12/2022 18:30,,
26/12/2022 19:00,,
26/12/2022 19:30,,
26/12/2022 20:00,,
26/12/2022 20:30,,
26/12/2022 21:00,,
26/12/2022 21:30,,
26/12/2022 22:00,,
26/12/2022 22:30,,
26/12/2022 23:00,,
26/12/2022 23:30,,
27/12/2022 00:00,,
27/12/2022 00:30,,
27/12/2022 01:00,,
27/12/2022 01:30,,
27/12/2022 02:00,,
27/12/2022 02:30,,
27/12/2022 03:00,,
27/12/2022 03:30,,
27/12/2022 04:00,,
27/12/2022 04:30,,
27/12/2022 05:00,,
27/12/2022 05:30,,
27/12/2022 06:00,,
27/12/2022 06:30,,
27/12/2022 07:00,,
27/12/2022 07:30,,
27/12/2022 08:00,,
27/12/2022 08:30,,
27/12/2022 09:00,,
27/12/2022 09:30,,
27/12/2022 10:00,,
27/12/2022 10:30,,
27/12/2022 11:00,,
27/12/2022 11:30,,
27/12/2022 12:00,,
27/12/2022 12:30,,
27/12/2022 13:00,,
27/12/2022 13:30,,
27/12/2022 14:00,,
27/12/2022 14:30,,
27/12/2022 15:00,,
27/12/2022 15:30,,
27/12/2022 16:00,,
27/12/2022 16:30,,
27/12/2022 17:00,,
27/12/2022 17:30,,
27/12/2022 18:00,,
27/12/2022 18:30,,
27/12/2022 19:00,,
27/12/2022 19:30,,
27/12/2022 20:00,,
27/12/2022 20:30,,
27/12/2022 21:00,,
27/12/2022 21:30,,
27/12/2022 22:00,,
27/12/2022 22:30,,
27/12/2022 23:00,,
27/12/2022 23:30,,
28/12/2022 00:00,,
28/12/2022 00:30,,
28/12/2022 01:00,,
28/12/2022 01:30,,
28/12/2022 02:00,,
28/12/2022 02:30,,
28/12/2022 03:00,,
28/12/2022 03:30,,
28/12/2022 04:00,,
28/12/2022 04:30,,
28/12/2022 05:00,,
28/12/2022 05:30,,
28/12/2022 06:00,,
28/12/2022 06:30,,
28/12/2022 07:00,,
28/12/2022 07:30,,
28/12/2022 08:00,,
28/12/2022 08:30,,
28/12/2022 09:00,,
28/12/2022 09:30,,
28/12/2022 10:00,,
28/12/2022 10:30,,
28/12/2022 11:00,,
28/12/2022 11:30,,
28/12/2022 12:00,,
28/12/2022 12:30,,
28/12/2022 13:00,,
28/12/2022 13:30,,
28/12/2022 14:00,,
28/12/2022 14:30,,
28/12/2022 15:00,,
28/12/2022 15:30,,
28/12/2022 16:00,,
28/12/2022 16:30,,
28/12/2022 17:00,,
28/12/2022 17:30,,
28/12/2022 18:00,,
28/12/2022 18:30,,
28/12/2022 19:00,,
28/12/2022 19:30,,
28/12/2022 20:00,,
28/12/2022 20:30,,
28/12/2022 21:00,,
28/12/2022 21:30,,
28/12/2022 22:00,,
28/12/2022 22:30,,
28/12/2022 23:00,,
28/12/2022 23:30,,
29/12/2022 00:00,,
29/12/2022 00:30,,
29/12/2022 01:00,,
29/12/2022 01:30,,
29/12/2022 02:00,,
29/12/2022 02:30,,
29/12/2022 03:00,,
29/12/2022 03:30,,
29/12/2022 04:00,,
29/12/2022 04:30,,
29/12/2022 05:00,,
29/12/2022 05:30,,
29/12/2022 06:00,,
29/12/2022 06:30,,
29/12/2022 07:00,,
29/12/2022 07:30,,
29/12/2022 08:00,,
29/12/2022 08:30,,
29/12/2022 09:00,,
29/12/2022 09:30,,
29/12/2022 10:00,,
29/12/2022 10:30,,
29/12/2022 11:00,,
29/12/2022 11:30,,
29/12/2022 12:00,,
29/12/2022 12:30,,
29/12/2022 13:00,,
29/12/2022 13:30,,
29/12/2022 14:00,,
29/12/2022 14:30,,
29/12/2022 15:00,,
29/12/2022 15:30,,
29/12/2022 16:00,,
29/12/2022 16:30,,
29/12/2022 17:00,,
29/12/2022 17:30,,
29/12/2022 18:00,,
29/12/2022 18:30,,
29/12/2022 19:00,,
29/12/2022 19:30,,
29/12/2022 20:00,,
29/12/2022 20:30,,
29/12/2022 21:00,,
29/12/2022 21:30,,
29/12/2022 22:00,,
29/12/2022 22:30,,
29/12/2022 23:00,,
29/12/2022 23:30,,
30/12/2022 00:00,,
30/12/2022 00:30,,
30/12/2022 01:00,,
30/12/2022 01:30,,
30/12/2022 02:00,,
30/12/2022 02:30,,
30/12/2022 03:00,,
30/12/2022 03:30,,
30/12/2022 04:00,,
30/12/2022 04:30,,
30/12/2022 05:00,,
30/12/2022 05:30,,
30/12/2022 06:00,,
30/12/2022 06:30,,
30/12/2022 07:00,,
30/12/2022 07:30,,
30/12/2022 08:00,,
30/12/2022 08:30,,
30/12/2022 09:00,,
30/12/2022 09:30,,
30/12/2022 10:00,,
30/12/2022 10:30,,
30/12/2022 11:00,,
30/12/2022 11:30,,
30/12/2022 12:00,,
30/12/2022 12:30,,
30/12/2022 13:00,,
30/12/2022 13:30,,
30/12/2022 14:00,,
30/12/2022 14:30,,
30/12/2022 15:00,,
30/12/2022 15:30,,
30/12/2022 16:00,,
30/12/2022 16:30,,
30/12/2022 17:00,,
30/12/2022 17:30,,
30/12/2022 18:00,,
30/12/2022 18:30,,
30/12/2022 19:00,,
30/12/2022 19:30,,
30/12/2022 20:00,,
30/12/2022 20:30,,
30/12/2022 21:00,,
30/12/2022 21:30,,
30/12/2022 22:00,,
30/12/2022 22:30,,
30/12/2022 23:00,,
30/12/2022 23:30,,
31/12/2022 00:00,,
31/12/2022 00:30,,
31/12/2022 01:00,,
31/12/2022 01:30,,
31/12/2022 02:00,,
31/12/2022 02:30,,
31/12/2022 03:00,,
31/12/2022 03:30,,
31/12/2022 04:00,,
31/12/2022 04:30,,
31/12/2022 05:00,,
31/12/2022 05:30,,
31/12/2022 06:00,,
31/12/2022 06:30,,
31/12/2022 07:00,,
31/12/2022 07:30,,
31/12/2022 08:00,,
31/12/2022 08:30,,
31/12/2022 09:00,,
31/12/2022 09:30,,
31/12/2022 10:00,,
31/12/2022 10:30,,
31/12/2022 11:00,,
31/12/2022 11:30,,
31/12/2022 12:00,,
31/12/2022 12:30,,
31/12/2022 13:00,,
31/12/2022 13:30,,
31/12/2022 14:00,,
31/12/2022 14:30,,
31/12/2022 15:00,,
31/12/2022 15:30,,
31/12/2022 16:00,,
31/12/2022 16:30,,
31/12/2022 17:00,,
31/12/2022 17:30,,
31/12/2022 18:00,,
31/12/2022 18:30,,
31/12/2022 19:00,,
31/12/2022 19:30,,
31/12/2022 20:00,,
31/12/2022 20:30,,
31/12/2022 21:00,,
31/12/2022 21:30,,
31/12/2022 22:00,,
31/12/2022 22:30,,
31/12/2022 23:00,,
31/12/2022 23:30,,
01/01/2023 00:00,,
01/01/2023 00:30,,
01/01/2023 01:00,,
01/01/2023 01:30,,
01/01/2023 02:00,,
01/01/2023 02:30,,
01/01/2023 03:00,,
01/01/2023 03:30,,
01/01/2023 04:00,,
01/01/2023 04:30,,
01/01/2023 05:00,,
01/01/2023 05:30,,
01/01/2023 06:00,,
01/01/2023 06:30,,
01/01/2023 07:00,,
01/01/2023 07:30,,
01/01/2023 08:00,,
01/01/2023 08:30,,
01/01/2023 09:00,,
01/01/2023 09:30,,
01/01/2023 10:00,,
01/01/2023 10:30,,
01/01/2023 11:00,,
01/01/2023 11:30,,
01/01/2023 12:00,,
01/01/2023 12:30,,
01/01/2023 13:00,,
01/01/2023 13:30,,
01/01/2023 14:00,,
01/01/2023 14:30,,
01/01/2023 15:00,,
01/01/2023 15:30,,
01/01/2023 16:00,,
01/01/2023 16:30,,
01/01/2023 17:00,,
01/01/2023 17:30,,
01/01/2023 18:00,,
01/01/2023 18:30,,
01/01/2023 19:00,,
01/01/2023 19:30,,
01/01/2023 20:00,,
01/01/2023 20:30,,
01/01/2023 21:00,,
01/01/2023 21:30,,
01/01/2023 22:00,,
01/01/2023 22:30,,
01/01/2023 23:00,,
01/01/2023 23:30,,
02/01/2023 00:00,,
02/01/2023 00:30,,
02/01/2023 01:00,,
02/01/2023 01:30,,
02/01/2023 02:00,,
02/01/2023 02:30,,
02/01/2023 03:00,,
02/01/2023 03:30,,
02/01/2023 04:00,,
02/01/2023 04:30,,
02/01/2023 05:00,,
02/01/2023 05:30,,
02/01/2023 06:00,,
02/01/2023 06:30,,
02/01/2023 07:00,,
02/01/2023 07:30,,
02/01/2023 08:00,,
02/01/2023 08:30,,
02/01/2023 09:00,,
02/01/2023 09:30,,
02/01/2023 10:00,,
02/01/2023 10:30,,
02/01/2023 11:00,,
02/01/2023 11:30,,
02/01/2023 12:00,,
02/01/2023 12:30,,
02/01/2023 13:00,,
02/01/2023 13:30,,
02/01/2023 14:00,,
02/01/2023 14:30,,
02/01/2023 15:00,,
02/01/2023 15:30,,
02/01/2023 16:00,,
02/01/2023 16:30,,
02/01/2023 17:00,,
02/01/2023 17:30,,
02/01/2023 18:00,,
02/01/2023 18:30,,
02/01/2023 19:00,,
02/01/2023 19:30,,
02/01/2023 20:00,,
02/01/2023 20:30,,
02/01/2023 21:00,,
02/01/2023 21:30,,
02/01/2023 22:00,,
02/01/2023 22:30,,
02/01/2023 23:00,,
02/01/2023 23:30,,
03/01/2023 00:00,,
03/01/2023 00:30,,
03/01/2023 01:00,,
03/01/2023 01:30,,
03/01/2023 02:00,,
03/01/2023 02:30,,
03/01/2023 03:00,,
03/01/2023 03:30,,
03/01/2023 04:00,,
03/01/2023 04:30,,
03/01/2023 05:00,,
03/01/2023 05:30,,
03/01/2023 06:00,,
03/01/2023 06:30,,
03/01/2023 07:00,,
03/01/2023 07:30,,
03/01/2023 08:00,,
03/01/2023 08:30,,
03/01/2023 09:00,,
03/01/2023 09:30,,
03/01/2023 10:00,,
03/01/2023 10:30,,
03/01/2023 11:00,,
03/01/2023 11:30,,
03/01/2023 12:00,,
03/01/2023 12:30,,
03/01/2023 13:00,,
03/01/2023 13:30,,
03/01/2023 14:00,,
03/01/2023 14:30,,
03/01/2023 15:00,,
03/01/2023 15:30,,
03/01/2023 16:00,,
03/01/2023 16:30,,
03/01/2023 17:00,,
03/01/2023 17:30,,
03/01/2023 18:00,,
03/01/2023 18:30,,
03/01/2023 19:00,,
03/01/2023 19:30,,
03/01/2023 20:00,,
03/01/2023 20:30,,
03/01/2023 21:00,,
03/01/2023 21:30,,
03/01/2023 22:00,,
03/01/2023 22:30,,
03/01/2023 23:00,,
03/01/2023 23:30,,
04/01/2023 00:00,,
04/01/2023 00:30,,
04/01/2023 01:00,,
04/01/2023 01:30,,
04/01/2023 02:00,,
04/01/2023 02:30,,
04/01/2023 03:00,,
04/01/2023 03:30,,
04/01/2023 04:00,,
04/01/2023 04:30,,
04/01/2023 05:00,,
04/01/2023 05:30,,
04/01/2023 06:00,,
04/01/2023 06:30,,
04/01/2023 07:00,,
04/01/2023 07:30,,
04/01/2023 08:00,,
04/01/2023 08:30,,
04/01/2023 09:00,,
04/01/2023 09:30,,
04/01/2023 10:00,,
04/01/2023 10:30,,
04/01/2023 11:00,,
04/01/2023 11:30,,
04/01/2023 12:00,,
04/01/2023 12:30,,
04/01/2023 13:00,,
04/01/2023 13:30,,
04/01/2023 14:00,,
04/01/2023 14:30,,
04/01/2023 15:00,,
04/01/2023 15:30,,
04/01/2023 16:00,,
04/01/2023 16:30,,
04/01/2023 17:00,,
04/01/2023 17:30,,
04/01/2023 18:00,,
04/01/2023 18:30,,
04/01/2023 19:00,,
04/01/2023 19:30,,
04/01/2023 20:00,,
04/01/2023 20:30,,
04/01/2023 21:00,,
04/01/2023 21:30,,
04/01/2023 22:00,,
04/01/2023 22:30,,
04/01/2023 23:00,,
04/01/2023 23:30,,
05/01/2023 00:00,,
05/01/2023 00:30,,
05/01/2023 01:00,,
05/01/2023 01:30,,
05/01/2023 02:00,,
05/01/2023 02:30,,
05/01/2023 03:00,,
05/01/2023 03:30,,
05/01/2023 04:00,,
05/01/2023 04:30,,
05/01/2023 05:00,,
05/01/2023 05:30,,
05/01/2023 06:00,,
05/01/2023 06:30,,
05/01/2023 07:00,,
05/01/2023 07:30,,
05/01/2023 08:00,,
05/01/2023 08:30,,
05/01/2023 09:00,,
05/01/2023 09:30,,
05/01/2023 10:00,,
05/01/2023 10:30,,
05/01/2023 11:00,,
05/01/2023 11:30,,
05/01/2023 12:00,,
05/01/2023 12:30,,
05/01/2023 13:00,,
05/01/2023 13:30,,
05/01/2023 14:00,,
05/01/2023 14:30,,
05/01/2023 15:00,,
05/01/2023 15:30,,
05/01/2023 16:00,,
05/01/2023 16:30,,
05/01/2023 17:00,,
05/01/2023 17:30,,
05/01/2023 18:00,,
05/01/2023 18:30,,
05/01/2023 19:00,,
05/01/2023 19:30,,
05/01/2023 20:00,,
05/01/2023 20:30,,
05/01/2023 21:00,,
05/01/2023 21:30,,
05/01/2023 22:00,,
05/01/2023 22:30,,
05/01/2023 23:00,,
05/01/2023 23:30,,
06/01/2023 00:00,,
06/01/2023 00:30,,
06/01/2023 01:00,,
06/01/2023 01:30,,
06/01/2023 02:00,,
06/01/2023 02:30,,
06/01/2023 03:00,,
06/01/2023 03:30,,
06/01/2023 04:00,,
06/01/2023 04:30,,
06/01/2023 05:00,,
06/01/2023 05:30,,
06/01/2023 06:00,,
06/01/2023 06:30,,
06/01/2023 07:00,,
06/01/2023 07:30,,
06/01/2023 08:00,,
06/01/2023 08:30,,
06/01/2023 09:00,,
06/01/2023 09:30,,
06/01/2023 10:00,,
06/01/2023 10:30,,
06/01/2023 11:00,,
06/01/2023 11:30,,
06/01/2023 12:00,,
06/01/2023 12:30,,
06/01/2023 13:00,,
06/01/2023 13:30,,
06/01/2023 14:00,,
06/01/2023 14:30,,
06/01/2023 15:00,,
06/01/2023 15:30,,
06/01/2023 16:00,,
06/01/2023 16:30,,
06/01/2023 17:00,,
06/01/2023 17:30,,
06/01/2023 18:00,,
06/01/2023 18:30,,
06/01/2023 19:00,,
06/01/2023 19:30,,
06/01/2023 20:00,,
06/01/2023 20:30,,
06/01/2023 21:00,,
06/01/2023 21:30,,
06/01/2023 22:00,,
06/01/2023 22:30,,
06/01/2023 23:00,,
06/01/2023 23:30,,
07/01/2023 00:00,,
07/01/2023 00:30,,
07/01/2023 01:00,,
07/01/2023 01:30,,
07/01/2023 02:00,,
07/01/2023 02:30,,
07/01/2023 03:00,,
07/01/2023 03:30,,
07/01/2023 04:00,,
07/01/2023 04:30,,
07/01/2023 05:00,,
07/01/2023 05:30,,
07/01/2023 06:00,,
07/01/2023 06:30,,
07/01/2023 07:00,,
07/01/2023 07:30,,
07/01/2023 08:00,,
07/01/2023 08:30,,
07/01/2023 09:00,,
07/01/2023 09:30,,
07/01/2023 10:00,,
07/01/2023 10:30,,
07/01/2023 11:00,,
07/01/2023 11:30,,
07/01/2023 12:00,,
07/01/2023 12:30,,
07/01/2023 13:00,,
07/01/2023 13:30,,
07/01/2023 14:00,,
07/01/2023 14:30,,
07/01/2023 15:00,,
07/01/2023 15:30,,
07/01/2023 16:00,,
07/01/2023 16:30,,
07/01/2023 17:00,,
07/01/2023 17:30,,
07/01/2023 18:00,,
07/01/2023 18:30,,
07/01/2023 19:00,,
07/01/2023 19:30,,
07/01/2023 20:00,,
07/01/2023 20:30,,
07/01/2023 21:00,,
07/01/2023 21:30,,
07/01/2023 22:00,,
07/01/2023 22:30,,
07/01/2023 23:00,,
07/01/2023 23:30,,
08/01/2023 00:00,,
08/01/2023 00:30,,
08/01/2023 01:00,,
08/01/2023 01:30,,
08/01/2023 02:00,,
08/01/2023 02:30,,
08/01/2023 03:00,,
08/01/2023 03:30,,
08/01/2023 04:00,,
08/01/2023 04:30,,
08/01/2023 05:00,,
08/01/2023 05:30,,
08/01/2023 06:00,,
08/01/2023 06:30,,
08/01/2023 07:00,,
08/01/2023 07:30,,
08/01/2023 08:00,,
08/01/2023 08:30,,
08/01/2023 09:00,,
08/01/2023 09:30,,
08/01/2023 10:00,,
08/01/2023 10:30,,
08/01/2023 11:00,,
08/01/2023 11:30,,
08/01/2023 12:00,,
08/01/2023 12:30,,
08/01/2023 13:00,,
08/01/2023 13:30,,
08/01/2023 14:00,,
08/01/2023 14:30,,
08/01/2023 15:00,,
08/01/2023 15:30,,
08/01/2023 16:00,,
08/01/2023 16:30,,
08/01/2023 17:00,,
08/01/2023 17:30,,
08/01/2023 18:00,,
08/01/2023 18:30,,
08/01/2023 19:00,,
08/01/2023 19:30,,
08/01/2023 20:00,,
08/01/2023 20:30,,
08/01/2023 21:00,,
08/01/2023 21:30,,
08/01/2023 22:00,,
08/01/2023 22:30,,
08/01/2023 23:00,,
08/01/2023 23:30,,
09/01/2023 00:00,,
09/01/2023 00:30,,
09/01/2023 01:00,,
09/01/2023 01:30,,
09/01/2023 02:00,,
09/01/2023 02:30,,
09/01/2023 03:00,,
09/01/2023 03:30,,
09/01/2023 04:00,,
09/01/2023 04:30,,
09/01/2023 05:00,,
09/01/2023 05:30,,
09/01/2023 06:00,,
09/01/2023 06:30,,
09/01/2023 07:00,,
09/01/2023 07:30,,
09/01/2023 08:00,,
09/01/2023 08:30,,
09/01/2023 09:00,,
09/01/2023 09:30,,
09/01/2023 10:00,,
09/01/2023 10:30,,
09/01/2023 11:00,,
09/01/2023 11:30,,
09/01/2023 12:00,,
09/01/2023 12:30,,
09/01/2023 13:00,,
09/01/2023 13:30,,
09/01/2023 14:00,,
09/01/2023 14:30,,
09/01/2023 15:00,,
09/01/2023 15:30,,
09/01/2023 16:00,,
09/01/2023 16:30,,
09/01/2023 17:00,,
09/01/2023 17:30,,
09/01/2023 18:00,,
09/01/2023 18:30,,
09/01/2023 19:00,,
09/01/2023 19:30,,
09/01/2023 20:00,,
09/01/2023 20:30,,
09/01/2023 21:00,,
09/01/2023 21:30,,
09/01/2023 22:00,,
09/01/2023 22:30,,
09/01/2023 23:00,,
09/01/2023 23:30,,
10/01/2023 00:00,,
10/01/2023 00:30,,
10/01/2023 01:00,,
10/01/2023 01:30,,
10/01/2023 02:00,,
10/01/2023 02:30,,
10/01/2023 03:00,,
10/01/2023 03:30,,
10/01/2023 04:00,,
10/01/2023 04:30,,
10/01/2023 05:00,,
10/01/2023 05:30,,
10/01/2023 06:00,,
10/01/2023 06:30,,
10/01/2023 07:00,,
10/01/2023 07:30,,
10/01/2023 08:00,,
10/01/2023 08:30,,
10/01/2023 09:00,,
10/01/2023 09:30,,
10/01/2023 10:00,,
10/01/2023 10:30,,
10/01/2023 11:00,,
10/01/2023 11:30,,
10/01/2023 12:00,,
10/01/2023 12:30,,
10/01/2023 13:00,,
10/01/2023 13:30,,
10/01/2023 14:00,,
10/01/2023 14:30,,
10/01/2023 15:00,,
10/01/2023 15:30,,
10/01/2023 16:00,,
10/01/2023 16:30,,
10/01/2023 17:00,,
10/01/2023 17:30,,
10/01/2023 18:00,,
10/01/2023 18:30,,
10/01/2023 19:00,,
10/01/2023 19:30,,
10/01/2023 20:00,,
10/01/2023 20:30,,
10/01/2023 21:00,,
10/01/2023 21:30,,
10/01/2023 22:00,,
10/01/2023 22:30,,
10/01/2023 23:00,,
10/01/2023 23:30,,
11/01/2023 00:00,,
11/01/2023 00:30,,
11/01/2023 01:00,,
11/01/2023 01:30,,
11/01/2023 02:00,,
11/01/2023 02:30,,
11/01/2023 03:00,,
11/01/2023 03:30,,
11/01/2023 04:00,,
11/01/2023 04:30,,
11/01/2023 05:00,,
11/01/2023 05:30,,
11/01/2023 06:00,,
11/01/2023 06:30,,
11/01/2023 07:00,,
11/01/2023 07:30,,
11/01/2023 08:00,,
11/01/2023 08:30,,
11/01/2023 09:00,,
11/01/2023 09:30,,
11/01/2023 10:00,,
11/01/2023 10:30,,
11/01/2023 11:00,,
11/01/2023 11:30,,
11/01/2023 12:00,,
11/01/2023 12:30,,
11/01/2023 13:00,,
11/01/2023 13:30,,
11/01/2023 14:00,,
11/01/2023 14:30,,
11/01/2023 15:00,,
11/01/2023 15:30,,
11/01/2023 16:00,,
11/01/2023 16:30,,
11/01/2023 17:00,,
11/01/2023 17:30,,
11/01/2023 18:00,,
11/01/2023 18:30,,
11/01/2023 19:00,,
11/01/2023 19:30,,
11/01/2023 20:00,,
11/01/2023 20:30,,
11/01/2023 21:00,,
11/01/2023 21:30,,
11/01/2023 22:00,,
11/01/2023 22:30,,
11/01/2023 23:00,,
11/01/2023 23:30,,
12/01/2023 00:00,,
12/01/2023 00:30,,
12/01/2023 01:00,,
12/01/2023 01:30,,
12/01/2023 02:00,,
12/01/2023 02:30,,
12/01/2023 03:00,,
12/01/2023 03:30,,
12/01/2023 04:00,,
12/01/2023 04:30,,
12/01/2023 05:00,,
12/01/2023 05:30,,
12/01/2023 06:00,,
12/01/2023 06:30,,
12/01/2023 07:00,,
12/01/2023 07:30,,
12/01/2023 08:00,,
12/01/2023 08:30,,
12/01/2023 09:00,,
12/01/2023 09:30,,
12/01/2023 10:00,,
12/01/2023 10:30,,
12/01/2023 11:00,,
12/01/2023 11:30,,
12/01/2023 12:00,,
12/01/2023 12:30,,
12/01/2023 13:00,,
12/01/2023 13:30,,
12/01/2023 14:00,,
12/01/2023 14:30,,
12/01/2023 15:00,,
12/01/2023 15:30,,
12/01/2023 16:00,,
12/01/2023 16:30,,
12/01/2023 17:00,,
12/01/2023 17:30,,
12/01/2023 18:00,,
12/01/2023 18:30,,
12/01/2023 19:00,,
12/01/2023 19:30,,
12/01/2023 20:00,,
12/01/2023 20:30,,
12/01/2023 21:00,,
12/01/2023 21:30,,
12/01/2023 22:00,,
12/01/2023 22:30,,
12/01/2023 23:00,,
12/01/2023 23:30,,
13/01/2023 00:00,,
13/01/2023 00:30,,
13/01/2023 01:00,,
13/01/2023 01:30,,
13/01/2023 02:00,,
13/01/2023 02:30,,
13/01/2023 03:00,,
13/01/2023 03:30,,
13/01/2023 04:00,,
13/01/2023 04:30,,
13/01/2023 05:00,,
13/01/2023 05:30,,
13/01/2023 06:00,,
13/01/2023 06:30,,
13/01/2023 07:00,,
13/01/2023 07:30,,
13/01/2023 08:00,,
13/01/2023 08:30,,
13/01/2023 09:00,,
13/01/2023 09:30,,
13/01/2023 10:00,,
13/01/2023 10:30,,
13/01/2023 11:00,,
13/01/2023 11:30,,
13/01/2023 12:00,,
13/01/2023 12:30,,
13/01/2023 13:00,,
13/01/2023 13:30,,
13/01/2023 14:00,,
13/01/2023 14:30,,
13/01/2023 15:00,,
13/01/2023 15:30,,
13/01/2023 16:00,,
13/01/2023 16:30,,
13/01/2023 17:00,,
13/01/2023 17:30,,
13/01/2023 18:00,,
13/01/2023 18:30,,
13/01/2023 19:00,,
13/01/2023 19:30,,
13/01/2023 20:00,,
13/01/2023 20:30,,
13/01/2023 21:00,,
13/01/2023 21:30,,
13/01/2023 22:00,,
13/01/2023 22:30,,
13/01/2023 23:00,,
13/01/2023 23:30,,
14/01/2023 00:00,,
14/01/2023 00:30,,
14/01/2023 01:00,,
14/01/2023 01:30,,
14/01/2023 02:00,,
14/01/2023 02:30,,
14/01/2023 03:00,,
14/01/2023 03:30,,
14/01/2023 04:00,,
14/01/2023 04:30,,
14/01/2023 05:00,,
14/01/2023 05:30,,
14/01/2023 06:00,,
14/01/2023 06:30,,
14/01/2023 07:00,,
14/01/2023 07:30,,
14/01/2023 08:00,,
14/01/2023 08:30,,
14/01/2023 09:00,,
14/01/2023 09:30,,
14/01/2023 10:00,,
14/01/2023 10:30,,
14/01/2023 11:00,,
14/01/2023 11:30,,
14/01/2023 12:00,,
14/01/2023 12:30,,
14/01/2023 13:00,,
14/01/2023 13:30,,
14/01/2023 14:00,,
14/01/2023 14:30,,
14/01/2023 15:00,,
14/01/2023 15:30,,
14/01/2023 16:00,,
14/01/2023 16:30,,
14/01/2023 17:00,,
14/01/2023 17:30,,
14/01/2023 18:00,,
14/01/2023 18:30,,
14/01/2023 19:00,,
14/01/2023 19:30,,
14/01/2023 20:00,,
14/01/2023 20:30,,
14/01/2023 21:00,,
14/01/2023 21:30,,
14/01/2023 22:00,,
14/01/2023 22:30,,
14/01/2023 23:00,,
14/01/2023 23:30,,
15/01/2023 00:00,,
15/01/2023 00:30,,
15/01/2023 01:00,,
15/01/2023 01:30,,
15/01/2023 02:00,,
15/01/2023 02:30,,
15/01/2023 03:00,,
15/01/2023 03:30,,
15/01/2023 04:00,,
15/01/2023 04:30,,
15/01/2023 05:00,,
15/01/2023 05:30,,
15/01/2023 06:00,,
15/01/2023 06:30,,
15/01/2023 07:00,,
15/01/2023 07:30,,
15/01/2023 08:00,,
15/01/2023 08:30,,
15/01/2023 09:00,,
15/01/2023 09:30,,
15/01/2023 10:00,,
15/01/2023 10:30,,
15/01/2023 11:00,,
15/01/2023 11:30,,
15/01/2023 12:00,,
15/01/2023 12:30,,
15/01/2023 13:00,,
15/01/2023 13:30,,
15/01/2023 14:00,,
15/01/2023 14:30,,
15/01/2023 15:00,,
15/01/2023 15:30,,
15/01/2023 16:00,,
15/01/2023 16:30,,
15/01/2023 17:00,,
15/01/2023 17:30,,
15/01/2023 18:00,,
15/01/2023 18:30,,
15/01/2023 19:00,,
15/01/2023 19:30,,
15/01/2023 20:00,,
15/01/2023 20:30,,
15/01/2023 21:00,,
15/01/2023 21:30,,
15/01/2023 22:00,,
15/01/2023 22:30,,
15/01/2023 23:00,,
15/01/2023 23:30,,
16/01/2023 00:00,,
16/01/2023 00:30,,
16/01/2023 01:00,,
16/01/2023 01:30,,
16/01/2023 02:00,,
16/01/2023 02:30,,
16/01/2023 03:00,,
16/01/2023 03:30,,
16/01/2023 04:00,,
16/01/2023 04:30,,
16/01/2023 05:00,,
16/01/2023 05:30,,
16/01/2023 06:00,,
16/01/2023 06:30,,
16/01/2023 07:00,,
16/01/2023 07:30,,
16/01/2023 08:00,,
16/01/2023 08:30,,
16/01/2023 09:00,,
16/01/2023 09:30,,
16/01/2023 10:00,,
16/01/2023 10:30,,
16/01/2023 11:00,,
16/01/2023 11:30,,
16/01/2023 12:00,,
16/01/2023 12:30,,
16/01/2023 13:00,,
16/01/2023 13:30,,
16/01/2023 14:00,,
16/01/2023 14:30,,
16/01/2023 15:00,,
16/01/2023 15:30,,
16/01/2023 16:00,,
16/01/2023 16:30,,
16/01/2023 17:00,,
16/01/2023 17:30,,
16/01/2023 18:00,,
16/01/2023 18:30,,
16/01/2023 19:00,,
16/01/2023 19:30,,
16/01/2023 20:00,,
16/01/2023 20:30,,
16/01/2023 21:00,,
16/01/2023 21:30,,
16/01/2023 22:00,,
16/01/2023 22:30,,
16/01/2023 23:00,,
16/01/2023 23:30,,
17/01/2023 00:00,,
17/01/2023 00:30,,
17/01/2023 01:00,,
17/01/2023 01:30,,
17/01/2023 02:00,,
17/01/2023 02:30,,
17/01/2023 03:00,,
17/01/2023 03:30,,
17/01/2023 04:00,,
17/01/2023 04:30,,
17/01/2023 05:00,,
17/01/2023 05:30,,
17/01/2023 06:00,,
17/01/2023 06:30,,
17/01/2023 07:00,,
17/01/2023 07:30,,
17/01/2023 08:00,,
17/01/2023 08:30,,
17/01/2023 09:00,,
17/01/2023 09:30,,
17/01/2023 10:00,,
17/01/2023 10:30,,
17/01/2023 11:00,,
17/01/2023 11:30,,
17/01/2023 12:00,,
17/01/2023 12:30,,
17/01/2023 13:00,,
17/01/2023 13:30,,
17/01/2023 14:00,,
17/01/2023 14:30,,
17/01/2023 15:00,,
17/01/2023 15:30,,
17/01/2023 16:00,,
17/01/2023 16:30,,
17/01/2023 17:00,,
17/01/2023 17:30,,
17/01/2023 18:00,,
17/01/2023 18:30,,
17/01/2023 19:00,,
17/01/2023 19:30,,
17/01/2023 20:00,,
17/01/2023 20:30,,
17/01/2023 21:00,,
17/01/2023 21:30,,
17/01/2023 22:00,,
17/01/2023 22:30,,
17/01/2023 23:00,,
17/01/2023 23:30,,
18/01/2023 00:00,,
18/01/2023 00:30,,
18/01/2023 01:00,,
18/01/2023 01:30,,
18/01/2023 02:00,,
18/01/2023 02:30,,
18/01/2023 03:00,,
18/01/2023 03:30,,
18/01/2023 04:00,,
18/01/2023 04:30,,
18/01/2023 05:00,,
18/01/2023 05:30,,
18/01/2023 06:00,,
18/01/2023 06:30,,
18/01/2023 07:00,,
18/01/2023 07:30,,
18/01/2023 08:00,,
18/01/2023 08:30,,
18/01/2023 09:00,,
18/01/2023 09:30,,
18/01/2023 10:00,,
18/01/2023 10:30,,
18/01/2023 11:00,,
18/01/2023 11:30,,
18/01/2023 12:00,,
18/01/2023 12:30,,
18/01/2023 13:00,,
18/01/2023 13:30,,
18/01/2023 14:00,,
18/01/2023 14:30,,
18/01/2023 15:00,,
18/01/2023 15:30,,
18/01/2023 16:00,,
18/01/2023 16:30,,
18/01/2023 17:00,,
18/01/2023 17:30,,
18/01/2023 18:00,,
18/01/2023 18:30,,
18/01/2023 19:00,,
18/01/2023 19:30,,
18/01/2023 20:00,,
18/01/2023 20:30,,
18/01/2023 21:00,,
18/01/2023 21:30,,
18/01/2023 22:00,,
18/01/2023 22:30,,
18/01/2023 23:00,,
18/01/2023 23:30,,
19/01/2023 00:00,,
19/01/2023 00:30,,
19/01/2023 01:00,,
19/01/2023 01:30,,
19/01/2023 02:00,,
19/01/2023 02:30,,
19/01/2023 03:00,,
19/01/2023 03:30,,
19/01/2023 04:00,,
19/01/2023 04:30,,
19/01/2023 05:00,,
19/01/2023 05:30,,
19/01/2023 06:00,,
19/01/2023 06:30,,
19/01/2023 07:00,,
19/01/2023 07:30,,
19/01/2023 08:00,,
19/01/2023 08:30,,
19/01/2023 09:00,,
19/01/2023 09:30,,
19/01/2023 10:00,,
19/01/2023 10:30,,
19/01/2023 11:00,,
19/01/2023 11:30,,
19/01/2023 12:00,,
19/01/2023 12:30,,
19/01/2023 13:00,,
19/01/2023 13:30,,
19/01/2023 14:00,,
19/01/2023 14:30,,
19/01/2023 15:00,,
19/01/2023 15:30,,
19/01/2023 16:00,,
19/01/2023 16:30,,
19/01/2023 17:00,,
19/01/2023 17:30,,
19/01/2023 18:00,,
19/01/2023 18:30,,
19/01/2023 19:00,,
19/01/2023 19:30,,
19/01/2023 20:00,,
19/01/2023 20:30,,
19/01/2023 21:00,,
19/01/2023 21:30,,
19/01/2023 22:00,,
19/01/2023 22:30,,
19/01/2023 23:00,,
19/01/2023 23:30,,
20/01/2023 00:00,,
20/01/2023 00:30,,
20/01/2023 01:00,,
20/01/2023 01:30,,
20/01/2023 02:00,,
20/01/2023 02:30,,
20/01/2023 03:00,,
20/01/2023 03:30,,
20/01/2023 04:00,,
20/01/2023 04:30,,
20/01/2023 05:00,,
20/01/2023 05:30,,
20/01/2023 06:00,,
20/01/2023 06:30,,
20/01/2023 07:00,,
20/01/2023 07:30,,
20/01/2023 08:00,,
20/01/2023 08:30,,
20/01/2023 09:00,,
20/01/2023 09:30,,
20/01/2023 10:00,,
20/01/2023 10:30,,
20/01/2023 11:00,,
20/01/2023 11:30,,
20/01/2023 12:00,,
20/01/2023 12:30,,
20/01/2023 13:00,,
20/01/2023 13:30,,
20/01/2023 14:00,,
20/01/2023 14:30,,
20/01/2023 15:00,,
20/01/2023 15:30,,
20/01/2023 16:00,,
20/01/2023 16:30,,
20/01/2023 17:00,,
20/01/2023 17:30,,
20/01/2023 18:00,,
20/01/2023 18:30,,
20/01/2023 19:00,,
20/01/2023 19:30,,
20/01/2023 20:00,,
20/01/2023 20:30,,
20/01/2023 21:00,,
20/01/2023 21:30,,
20/01/2023 22:00,,
20/01/2023 22:30,,
20/01/2023 23:00,,
20/01/2023 23:30,,
21/01/2023 00:00,,
21/01/2023 00:30,,
21/01/2023 01:00,,
21/01/2023 01:30,,
21/01/2023 02:00,,
21/01/2023 02:30,,
21/01/2023 03:00,,
21/01/2023 03:30,,
21/01/2023 04:00,,
21/01/2023 04:30,,
21/01/2023 05:00,,
21/01/2023 05:30,,
21/01/2023 06:00,,
21/01/2023 06:30,,
21/01/2023 07:00,,
21/01/2023 07:30,,
21/01/2023 08:00,,
21/01/2023 08:30,,
21/01/2023 09:00,,
21/01/2023 09:30,,
21/01/2023 10:00,,
21/01/2023 10:30,,
21/01/2023 11:00,,
21/01/2023 11:30,,
21/01/2023 12:00,,
21/01/2023 12:30,,
21/01/2023 13:00,,
21/01/2023 13:30,,
21/01/2023 14:00,,
21/01/2023 14:30,,
21/01/2023 15:00,,
21/01/2023 15:30,,
21/01/2023 16:00,,
21/01/2023 16:30,,
21/01/2023 17:00,,
21/01/2023 17:30,,
21/01/2023 18:00,,
21/01/2023 18:30,,
21/01/2023 19:00,,
21/01/2023 19:30,,
21/01/2023 20:00,,
21/01/2023 20:30,,
21/01/2023 21:00,,
21/01/2023 21:30,,
21/01/2023 22:00,,
21/01/2023 22:30,,
21/01/2023 23:00,,
21/01/2023 23:30,,
22/01/2023 00:00,,
22/01/2023 00:30,,
22/01/2023 01:00,,
22/01/2023 01:30,,
22/01/2023 02:00,,
22/01/2023 02:30,,
22/01/2023 03:00,,
22/01/2023 03:30,,
22/01/2023 04:00,,
22/01/2023 04:30,,
22/01/2023 05:00,,
22/01/2023 05:30,,
22/01/2023 06:00,,
22/01/2023 06:30,,
22/01/2023 07:00,,
22/01/2023 07:30,,
22/01/2023 08:00,,
22/01/2023 08:30,,
22/01/2023 09:00,,
22/01/2023 09:30,,
22/01/2023 10:00,,
22/01/2023 10:30,,
22/01/2023 11:00,,
22/01/2023 11:30,,
22/01/2023 12:00,,
22/01/2023 12:30,,
22/01/2023 13:00,,
22/01/2023 13:30,,
22/01/2023 14:00,,
22/01/2023 14:30,,
22/01/2023 15:00,,
22/01/2023 15:30,,
22/01/2023 16:00,,
22/01/2023 16:30,,
22/01/2023 17:00,,
22/01/2023 17:30,,
22/01/2023 18:00,,
22/01/2023 18:30,,
22/01/2023 19:00,,
22/01/2023 19:30,,
22/01/2023 20:00,,
22/01/2023 20:30,,
22/01/2023 21:00,,
22/01/2023 21:30,,
22/01/2023 22:00,,
22/01/2023 22:30,,
22/01/2023 23:00,,
22/01/2023 23:30,,
23/01/2023 00:00,,
23/01/2023 00:30,,
23/01/2023 01:00,,
23/01/2023 01:30,,
23/01/2023 02:00,,
23/01/2023 02:30,,
23/01/2023 03:00,,
23/01/2023 03:30,,
23/01/2023 04:00,,
23/01/2023 04:30,,
23/01/2023 05:00,,
23/01/2023 05:30,,
23/01/2023 06:00,,
23/01/2023 06:30,,
23/01/2023 07:00,,
23/01/2023 07:30,,
23/01/2023 08:00,,
23/01/2023 08:30,,
23/01/2023 09:00,,
23/01/2023 09:30,,
23/01/2023 10:00,,
23/01/2023 10:30,,
23/01/2023 11:00,,
23/01/2023 11:30,,
23/01/2023 12:00,,
23/01/2023 12:30,,
23/01/2023 13:00,,
23/01/2023 13:30,,
23/01/2023 14:00,,
23/01/2023 14:30,,
23/01/2023 15:00,,
23/01/2023 15:30,,
23/01/2023 16:00,,
23/01/2023 16:30,,
23/01/2023 17:00,,
23/01/2023 17:30,,
23/01/2023 18:00,,
23/01/2023 18:30,,
23/01/2023 19:00,,
23/01/2023 19:30,,
23/01/2023 20:00,,
23/01/2023 20:30,,
23/01/2023 21:00,,
23/01/2023 21:30,,
23/01/2023 22:00,,
23/01/2023 22:30,,
23/01/2023 23:00,,
23/01/2023 23:30,,
24/01/2023 00:00,,
24/01/2023 00:30,,
24/01/2023 01:00,,
24/01/2023 01:30,,
24/01/2023 02:00,,
24/01/2023 02:30,,
24/01/2023 03:00,,
24/01/2023 03:30,,
24/01/2023 04:00,,
24/01/2023 04:30,,
24/01/2023 05:00,,
24/01/2023 05:30,,
24/01/2023 06:00,,
24/01/2023 06:30,,
24/01/2023 07:00,,
24/01/2023 07:30,,
24/01/2023 08:00,,
24/01/2023 08:30,,
24/01/2023 09:00,,
24/01/2023 09:30,,
24/01/2023 10:00,,
24/01/2023 10:30,,
24/01/2023 11:00,,
24/01/2023 11:30,,
24/01/2023 12:00,,
24/01/2023 12:30,,
24/01/2023 13:00,,
24/01/2023 13:30,,
24/01/2023 14:00,,
24/01/2023 14:30,,
24/01/2023 15:00,,
24/01/2023 15:30,,
24/01/2023 16:00,,
24/01/2023 16:30,,
24/01/2023 17:00,,
24/01/2023 17:30,,
24/01/2023 18:00,,
24/01/2023 18:30,,
24/01/2023 19:00,,
24/01/2023 19:30,,
24/01/2023 20:00,,
24/01/2023 20:30,,
24/01/2023 21:00,,
24/01/2023 21:30,,
24/01/2023 22:00,,
24/01/2023 22:30,,
24/01/2023 23:00,,
24/01/2023 23:30,,
25/01/2023 00:00,,
25/01/2023 00:30,,
25/01/2023 01:00,,
25/01/2023 01:30,,
25/01/2023 02:00,,
25/01/2023 02:30,,
25/01/2023 03:00,,
25/01/2023 03:30,,
25/01/2023 04:00,,
25/01/2023 04:30,,
25/01/2023 05:00,,
25/01/2023 05:30,,
25/01/2023 06:00,,
25/01/2023 06:30,,
25/01/2023 07:00,,
25/01/2023 07:30,,
25/01/2023 08:00,,
25/01/2023 08:30,,
25/01/2023 09:00,,
25/01/2023 09:30,,
25/01/2023 10:00,,
25/01/2023 10:30,,
25/01/2023 11:00,,
25/01/2023 11:30,,
25/01/2023 12:00,,
25/01/2023 12:30,,
25/01/2023 13:00,,
25/01/2023 13:30,,
25/01/2023 14:00,,
25/01/2023 14:30,,
25/01/2023 15:00,,
25/01/2023 15:30,,
25/01/2023 16:00,,
25/01/2023 16:30,,
25/01/2023 17:00,,
25/01/2023 17:30,,
25/01/2023 18:00,,
25/01/2023 18:30,,
25/01/2023 19:00,,
25/01/2023 19:30,,
25/01/2023 20:00,,
25/01/2023 20:30,,
25/01/2023 21:00,,
25/01/2023 21:30,,
25/01/2023 22:00,,
25/01/2023 22:30,,
25/01/2023 23:00,,
25/01/2023 23:30,,
26/01/2023 00:00,,
26/01/2023 00:30,,
26/01/2023 01:00,,
26/01/2023 01:30,,
26/01/2023 02:00,,
26/01/2023 02:30,,
26/01/2023 03:00,,
26/01/2023 03:30,,
26/01/2023 04:00,,
26/01/2023 04:30,,
26/01/2023 05:00,,
26/01/2023 05:30,,
26/01/2023 06:00,,
26/01/2023 06:30,,
26/01/2023 07:00,,
26/01/2023 07:30,,
26/01/2023 08:00,,
26/01/2023 08:30,,
26/01/2023 09:00,,
26/01/2023 09:30,,
26/01/2023 10:00,,
26/01/2023 10:30,,
26/01/2023 11:00,,
26/01/2023 11:30,,
26/01/2023 12:00,,
26/01/2023 12:30,,
26/01/2023 13:00,,
26/01/2023 13:30,,
26/01/2023 14:00,,
26/01/2023 14:30,,
26/01/2023 15:00,,
26/01/2023 15:30,,
26/01/2023 16:00,,
26/01/2023 16:30,,
26/01/2023 17:00,,
26/01/2023 17:30,,
26/01/2023 18:00,,
26/01/2023 18:30,,
26/01/2023 19:00,,
26/01/2023 19:30,,
26/01/2023 20:00,,
26/01/2023 20:30,,
26/01/2023 21:00,,
26/01/2023 21:30,,
26/01/2023 22:00,,
26/01/2023 22:30,,
26/01/2023 23:00,,
26/01/2023 23:30,,
27/01/2023 00:00,,
27/01/2023 00:30,,
27/01/2023 01:00,,
27/01/2023 01:30,,
27/01/2023 02:00,,
27/01/2023 02:30,,
27/01/2023 03:00,,
27/01/2023 03:30,,
27/01/2023 04:00,,
27/01/2023 04:30,,
27/01/2023 05:00,,
27/01/2023 05:30,,
27/01/2023 06:00,,
27/01/2023 06:30,,
27/01/2023 07:00,,
27/01/2023 07:30,,
27/01/2023 08:00,,
27/01/2023 08:30,,
27/01/2023 09:00,,
27/01/2023 09:30,,
27/01/2023 10:00,,
27/01/2023 10:30,,
27/01/2023 11:00,,
27/01/2023 11:30,,
27/01/2023 12:00,,
27/01/2023 12:30,,
27/01/2023 13:00,,
27/01/2023 13:30,,
27/01/2023 14:00,,
27/01/2023 14:30,,
27/01/2023 15:00,,
27/01/2023 15:30,,
27/01/2023 16:00,,
27/01/2023 16:30,,
27/01/2023 17:00,,
27/01/2023 17:30,,
27/01/2023 18:00,,
27/01/2023 18:30,,
27/01/2023 19:00,,
27/01/2023 19:30,,
27/01/2023 20:00,,
27/01/2023 20:30,,
27/01/2023 21:00,,
27/01/2023 21:30,,
27/01/2023 22:00,,
27/01/2023 22:30,,
27/01/2023 23:00,,
27/01/2023 23:30,,
28/01/2023 00:00,,
28/01/2023 00:30,,
28/01/2023 01:00,,
28/01/2023 01:30,,
28/01/2023 02:00,,
28/01/2023 02:30,,
28/01/2023 03:00,,
28/01/2023 03:30,,
28/01/2023 04:00,,
28/01/2023 04:30,,
28/01/2023 05:00,,
28/01/2023 05:30,,
28/01/2023 06:00,,
28/01/2023 06:30,,
28/01/2023 07:00,,
28/01/2023 07:30,,
28/01/2023 08:00,,
28/01/2023 08:30,,
28/01/2023 09:00,,
28/01/2023 09:30,,
28/01/2023 10:00,,
28/01/2023 10:30,,
28/01/2023 11:00,,
28/01/2023 11:30,,
28/01/2023 12:00,,
28/01/2023 12:30,,
28/01/2023 13:00,,
28/01/2023 13:30,,
28/01/2023 14:00,,
28/01/2023 14:30,,
28/01/2023 15:00,,
28/01/2023 15:30,,
28/01/2023 16:00,,
28/01/2023 16:30,,
28/01/2023 17:00,,
28/01/2023 17:30,,
28/01/2023 18:00,,
28/01/2023 18:30,,
28/01/2023 19:00,,
28/01/2023 19:30,,
28/01/2023 20:00,,
28/01/2023 20:30,,
28/01/2023 21:00,,
28/01/2023 21:30,,
28/01/2023 22:00,,
28/01/2023 22:30,,
28/01/2023 23:00,,
28/01/2023 23:30,,
29/01/2023 00:00,,
29/01/2023 00:30,,
29/01/2023 01:00,,
29/01/2023 01:30,,
29/01/2023 02:00,,
29/01/2023 02:30,,
29/01/2023 03:00,,
29/01/2023 03:30,,
29/01/2023 04:00,,
29/01/2023 04:30,,
29/01/2023 05:00,,
29/01/2023 05:30,,
29/01/2023 06:00,,
29/01/2023 06:30,,
29/01/2023 07:00,,
29/01/2023 07:30,,
29/01/2023 08:00,,
29/01/2023 08:30,,
29/01/2023 09:00,,
29/01/2023 09:30,,
29/01/2023 10:00,,
29/01/2023 10:30,,
29/01/2023 11:00,,
29/01/2023 11:30,,
29/01/2023 12:00,,
29/01/2023 12:30,,
29/01/2023 13:00,,
29/01/2023 13:30,,
29/01/2023 14:00,,
29/01/2023 14:30,,
29/01/2023 15:00,,
29/01/2023 15:30,,
29/01/2023 16:00,,
29/01/2023 16:30,,
29/01/2023 17:00,,
29/01/2023 17:30,,
29/01/2023 18:00,,
29/01/2023 18:30,,
29/01/2023 19:00,,
29/01/2023 19:30,,
29/01/2023 20:00,,
29/01/2023 20:30,,
29/01/2023 21:00,,
29/01/2023 21:30,,
29/01/2023 22:00,,
29/01/2023 22:30,,
29/01/2023 23:00,,
29/01/2023 23:30,,
30/01/2023 00:00,,
30/01/2023 00:30,,
30/01/2023 01:00,,
30/01/2023 01:30,,
30/01/2023 02:00,,
30/01/2023 02:30,,
30/01/2023 03:00,,
30/01/2023 03:30,,
30/01/2023 04:00,,
30/01/2023 04:30,,
30/01/2023 05:00,,
30/01/2023 05:30,,
30/01/2023 06:00,,
30/01/2023 06:30,,
30/01/2023 07:00,,
30/01/2023 07:30,,
30/01/2023 08:00,,
30/01/2023 08:30,,
30/01/2023 09:00,,
30/01/2023 09:30,,
30/01/2023 10:00,,
30/01/2023 10:30,,
30/01/2023 11:00,,
30/01/2023 11:30,,
30/01/2023 12:00,,
30/01/2023 12:30,,
30/01/2023 13:00,,
30/01/2023 13:30,,
30/01/2023 14:00,,
30/01/2023 14:30,,
30/01/2023 15:00,,
30/01/2023 15:30,,
30/01/2023 16:00,,
30/01/2023 16:30,,
30/01/2023 17:00,,
30/01/2023 17:30,,
30/01/2023 18:00,,
30/01/2023 18:30,,
30/01/2023 19:00,,
30/01/2023 19:30,,
30/01/2023 20:00,,
30/01/2023 20:30,,
30/01/2023 21:00,,
30/01/2023 21:30,,
30/01/2023 22:00,,
30/01/2023 22:30,,
30/01/2023 23:00,,
30/01/2023 23:30,,
31/01/2023 00:00,,
31/01/2023 00:30,,
31/01/2023 01:00,,
31/01/2023 01:30,,
31/01/2023 02:00,,
31/01/2023 02:30,,
31/01/2023 03:00,,
31/01/2023 03:30,,
31/01/2023 04:00,,
31/01/2023 04:30,,
31/01/2023 05:00,,
31/01/2023 05:30,,
31/01/2023 06:00,,
31/01/2023 06:30,,
31/01/2023 07:00,,
31/01/2023 07:30,,
31/01/2023 08:00,,
31/01/2023 08:30,,
31/01/2023 09:00,,
31/01/2023 09:30,,
31/01/2023 10:00,,
31/01/2023 10:30,,
31/01/2023 11:00,,
31/01/2023 11:30,,
31/01/2023 12:00,,
31/01/2023 12:30,,
31/01/2023 13:00,,
31/01/2023 13:30,,
31/01/2023 14:00,,
31/01/2023 14:30,,
31/01/2023 15:00,,
31/01/2023 15:30,,
31/01/2023 16:00,,
31/01/2023 16:30,,
31/01/2023 17:00,,
31/01/2023 17:30,,
31/01/2023 18:00,,
31/01/2023 18:30,,
31/01/2023 19:00,,
31/01/2023 19:30,,
31/01/2023 20:00,,
31/01/2023 20:30,,
31/01/2023 21:00,,
31/01/2023 21:30,,
31/01/2023 22:00,,
31/01/2023 22:30,,
31/01/2023 23:00,,
31/01/2023 23:30,,
01/02/2023 00:00,,
01/02/2023 00:30,,
01/02/2023 01:00,,
01/02/2023 01:30,,
01/02/2023 02:00,,
01/02/2023 02:30,,
01/02/2023 03:00,,
01/02/2023 03:30,,
01/02/2023 04:00,,
01/02/2023 04:30,,
01/02/2023 05:00,,
01/02/2023 05:30,,
01/02/2023 06:00,,
01/02/2023 06:30,,
01/02/2023 07:00,,
01/02/2023 07:30,,
01/02/2023 08:00,,
01/02/2023 08:30,,
01/02/2023 09:00,,
01/02/2023 09:30,,
01/02/2023 10:00,,
01/02/2023 10:30,,
01/02/2023 11:00,,
01/02/2023 11:30,,
01/02/2023 12:00,,
01/02/2023 12:30,,
01/02/2023 13:00,,
01/02/2023 13:30,,
01/02/2023 14:00,,
01/02/2023 14:30,,
01/02/2023 15:00,,
01/02/2023 15:30,,
01/02/2023 16:00,,
01/02/2023 16:30,,
01/02/2023 17:00,,
01/02/2023 17:30,,
01/02/2023 18:00,,
01/02/2023 18:30,,
01/02/2023 19:00,,
01/02/2023 19:30,,
01/02/2023 20:00,,
01/02/2023 20:30,,
01/02/2023 21:00,,
01/02/2023 21:30,,
01/02/2023 22:00,,
01/02/2023 22:30,,
01/02/2023 23:00,,
01/02/2023 23:30,,
02/02/2023 00:00,,
02/02/2023 00:30,,
02/02/2023 01:00,,
02/02/2023 01:30,,
02/02/2023 02:00,,
02/02/2023 02:30,,
02/02/2023 03:00,,
02/02/2023 03:30,,
02/02/2023 04:00,,
02/02/2023 04:30,,
02/02/2023 05:00,,
02/02/2023 05:30,,
02/02/2023 06:00,,
02/02/2023 06:30,,
02/02/2023 07:00,,
02/02/2023 07:30,,
02/02/2023 08:00,,
02/02/2023 08:30,,
02/02/2023 09:00,,
02/02/2023 09:30,,
02/02/2023 10:00,,
02/02/2023 10:30,,
02/02/2023 11:00,,
02/02/2023 11:30,,
02/02/2023 12:00,,
02/02/2023 12:30,,
02/02/2023 13:00,,
02/02/2023 13:30,,
02/02/2023 14:00,,
02/02/2023 14:30,,
02/02/2023 15:00,,
02/02/2023 15:30,,
02/02/2023 16:00,,
02/02/2023 16:30,,
02/02/2023 17:00,,
02/02/2023 17:30,,
02/02/2023 18:00,,
02/02/2023 18:30,,
02/02/2023 19:00,,
02/02/2023 19:30,,
02/02/2023 20:00,,
02/02/2023 20:30,,
02/02/2023 21:00,,
02/02/2023 21:30,,
02/02/2023 22:00,,
02/02/2023 22:30,,
02/02/2023 23:00,,
02/02/2023 23:30,,
03/02/2023 00:00,,
03/02/2023 00:30,,
03/02/2023 01:00,,
03/02/2023 01:30,,
03/02/2023 02:00,,
03/02/2023 02:30,,
03/02/2023 03:00,,
03/02/2023 03:30,,
03/02/2023 04:00,,
03/02/2023 04:30,,
03/02/2023 05:00,,
03/02/2023 05:30,,
03/02/2023 06:00,,
03/02/2023 06:30,,
03/02/2023 07:00,,
03/02/2023 07:30,,
03/02/2023 08:00,,
03/02/2023 08:30,,
03/02/2023 09:00,,
03/02/2023 09:30,,
03/02/2023 10:00,,
03/02/2023 10:30,,
03/02/2023 11:00,,
03/02/2023 11:30,,
03/02/2023 12:00,,
03/02/2023 12:30,,
03/02/2023 13:00,,
03/02/2023 13:30,,
03/02/2023 14:00,,
03/02/2023 14:30,,
03/02/2023 15:00,,
03/02/2023 15:30,,
03/02/2023 16:00,,
03/02/2023 16:30,,
03/02/2023 17:00,,
03/02/2023 17:30,,
03/02/2023 18:00,,
03/02/2023 18:30,,
03/02/2023 19:00,,
03/02/2023 19:30,,
03/02/2023 20:00,,
03/02/2023 20:30,,
03/02/2023 21:00,,
03/02/2023 21:30,,
03/02/2023 22:00,,
03/02/2023 22:30,,
03/02/2023 23:00,,
03/02/2023 23:30,,
04/02/2023 00:00,,
04/02/2023 00:30,,
04/02/2023 01:00,,
04/02/2023 01:30,,
04/02/2023 02:00,,
04/02/2023 02:30,,
04/02/2023 03:00,,
04/02/2023 03:30,,
04/02/2023 04:00,,
04/02/2023 04:30,,
04/02/2023 05:00,,
04/02/2023 05:30,,
04/02/2023 06:00,,
04/02/2023 06:30,,
04/02/2023 07:00,,
04/02/2023 07:30,,
04/02/2023 08:00,,
04/02/2023 08:30,,
04/02/2023 09:00,,
04/02/2023 09:30,,
04/02/2023 10:00,,
04/02/2023 10:30,,
04/02/2023 11:00,,
04/02/2023 11:30,,
04/02/2023 12:00,,
04/02/2023 12:30,,
04/02/2023 13:00,,
04/02/2023 13:30,,
04/02/2023 14:00,,
04/02/2023 14:30,,
04/02/2023 15:00,,
04/02/2023 15:30,,
04/02/2023 16:00,,
04/02/2023 16:30,,
04/02/2023 17:00,,
04/02/2023 17:30,,
04/02/2023 18:00,,
04/02/2023 18:30,,
04/02/2023 19:00,,
04/02/2023 19:30,,
04/02/2023 20:00,,
04/02/2023 20:30,,
04/02/2023 21:00,,
04/02/2023 21:30,,
04/02/2023 22:00,,
04/02/2023 22:30,,
04/02/2023 23:00,,
04/02/2023 23:30,,
05/02/2023 00:00,,
05/02/2023 00:30,,
05/02/2023 01:00,,
05/02/2023 01:30,,
05/02/2023 02:00,,
05/02/2023 02:30,,
05/02/2023 03:00,,
05/02/2023 03:30,,
05/02/2023 04:00,,
05/02/2023 04:30,,
05/02/2023 05:00,,
05/02/2023 05:30,,
05/02/2023 06:00,,
05/02/2023 06:30,,
05/02/2023 07:00,,
05/02/2023 07:30,,
05/02/2023 08:00,,
05/02/2023 08:30,,
05/02/2023 09:00,,
05/02/2023 09:30,,
05/02/2023 10:00,,
05/02/2023 10:30,,
05/02/2023 11:00,,
05/02/2023 11:30,,
05/02/2023 12:00,,
05/02/2023 12:30,,
05/02/2023 13:00,,
05/02/2023 13:30,,
05/02/2023 14:00,,
05/02/2023 14:30,,
05/02/2023 15:00,,
05/02/2023 15:30,,
05/02/2023 16:00,,
05/02/2023 16:30,,
05/02/2023 17:00,,
05/02/2023 17:30,,
05/02/2023 18:00,,
05/02/2023 18:30,,
05/02/2023 19:00,,
05/02/2023 19:30,,
05/02/2023 20:00,,
05/02/2023 20:30,,
05/02/2023 21:00,,
05/02/2023 21:30,,
05/02/2023 22:00,,
05/02/2023 22:30,,
05/02/2023 23:00,,
05/02/2023 23:30,,
06/02/2023 00:00,,
06/02/2023 00:30,,
06/02/2023 01:00,,
06/02/2023 01:30,,
06/02/2023 02:00,,
06/02/2023 02:30,,
06/02/2023 03:00,,
06/02/2023 03:30,,
06/02/2023 04:00,,
06/02/2023 04:30,,
06/02/2023 05:00,,
06/02/2023 05:30,,
06/02/2023 06:00,,
06/02/2023 06:30,,
06/02/2023 07:00,,
06/02/2023 07:30,,
06/02/2023 08:00,,
06/02/2023 08:30,,
06/02/2023 09:00,,
06/02/2023 09:30,,
06/02/2023 10:00,,
06/02/2023 10:30,,
06/02/2023 11:00,,
06/02/2023 11:30,,
06/02/2023 12:00,,
06/02/2023 12:30,,
06/02/2023 13:00,,
06/02/2023 13:30,,
06/02/2023 14:00,,
06/02/2023 14:30,,
06/02/2023 15:00,,
06/02/2023 15:30,,
06/02/2023 16:00,,
06/02/2023 16:30,,
06/02/2023 17:00,,
06/02/2023 17:30,,
06/02/2023 18:00,,
06/02/2023 18:30,,
06/02/2023 19:00,,
06/02/2023 19:30,,
06/02/2023 20:00,,
06/02/2023 20:30,,
06/02/2023 21:00,,
06/02/2023 21:30,,
06/02/2023 22:00,,
06/02/2023 22:30,,
06/02/2023 23:00,,
06/02/2023 23:30,,
07/02/2023 00:00,,
07/02/2023 00:30,,
07/02/2023 01:00,,
07/02/2023 01:30,,
07/02/2023 02:00,,
07/02/2023 02:30,,
07/02/2023 03:00,,
07/02/2023 03:30,,
07/02/2023 04:00,,
07/02/2023 04:30,,
07/02/2023 05:00,,
07/02/2023 05:30,,
07/02/2023 06:00,,
07/02/2023 06:30,,
07/02/2023 07:00,,
07/02/2023 07:30,,
07/02/2023 08:00,,
07/02/2023 08:30,,
07/02/2023 09:00,,
07/02/2023 09:30,,
07/02/2023 10:00,,
07/02/2023 10:30,,
07/02/2023 11:00,,
07/02/2023 11:30,,
07/02/2023 12:00,,
07/02/2023 12:30,,
07/02/2023 13:00,,
07/02/2023 13:30,,
07/02/2023 14:00,,
07/02/2023 14:30,,
07/02/2023 15:00,,
07/02/2023 15:30,,
07/02/2023 16:00,,
07/02/2023 16:30,,
07/02/2023 17:00,,
07/02/2023 17:30,,
07/02/2023 18:00,,
07/02/2023 18:30,,
07/02/2023 19:00,,
07/02/2023 19:30,,
07/02/2023 20:00,,
07/02/2023 20:30,,
07/02/2023 21:00,,
07/02/2023 21:30,,
07/02/2023 22:00,,
07/02/2023 22:30,,
07/02/2023 23:00,,
07/02/2023 23:30,,
08/02/2023 00:00,,
08/02/2023 00:30,,
08/02/2023 01:00,,
08/02/2023 01:30,,
08/02/2023 02:00,,
08/02/2023 02:30,,
08/02/2023 03:00,,
08/02/2023 03:30,,
08/02/2023 04:00,,
08/02/2023 04:30,,
08/02/2023 05:00,,
08/02/2023 05:30,,
08/02/2023 06:00,,
08/02/2023 06:30,,
08/02/2023 07:00,,
08/02/2023 07:30,,
08/02/2023 08:00,,
08/02/2023 08:30,,
08/02/2023 09:00,,
08/02/2023 09:30,,
08/02/2023 10:00,,
08/02/2023 10:30,,
08/02/2023 11:00,,
08/02/2023 11:30,,
08/02/2023 12:00,,
08/02/2023 12:30,,
08/02/2023 13:00,,
08/02/2023 13:30,,
08/02/2023 14:00,,
08/02/2023 14:30,,
08/02/2023 15:00,,
08/02/2023 15:30,,
08/02/2023 16:00,,
08/02/2023 16:30,,
08/02/2023 17:00,,
08/02/2023 17:30,,
08/02/2023 18:00,,
08/02/2023 18:30,,
08/02/2023 19:00,,
08/02/2023 19:30,,
08/02/2023 20:00,,
08/02/2023 20:30,,
08/02/2023 21:00,,
08/02/2023 21:30,,
08/02/2023 22:00,,
08/02/2023 22:30,,
08/02/2023 23:00,,
08/02/2023 23:30,,
09/02/2023 00:00,,
09/02/2023 00:30,,
09/02/2023 01:00,,
09/02/2023 01:30,,
09/02/2023 02:00,,
09/02/2023 02:30,,
09/02/2023 03:00,,
09/02/2023 03:30,,
09/02/2023 04:00,,
09/02/2023 04:30,,
09/02/2023 05:00,,
09/02/2023 05:30,,
09/02/2023 06:00,,
09/02/2023 06:30,,
09/02/2023 07:00,,
09/02/2023 07:30,,
09/02/2023 08:00,,
09/02/2023 08:30,,
09/02/2023 09:00,,
09/02/2023 09:30,,
09/02/2023 10:00,,
09/02/2023 10:30,,
09/02/2023 11:00,,
09/02/2023 11:30,,
09/02/2023 12:00,,
09/02/2023 12:30,,
09/02/2023 13:00,,
09/02/2023 13:30,,
09/02/2023 14:00,,
09/02/2023 14:30,,
09/02/2023 15:00,,
09/02/2023 15:30,,
09/02/2023 16:00,,
09/02/2023 16:30,,
09/02/2023 17:00,,
09/02/2023 17:30,,
09/02/2023 18:00,,
09/02/2023 18:30,,
09/02/2023 19:00,,
09/02/2023 19:30,,
09/02/2023 20:00,,
09/02/2023 20:30,,
09/02/2023 21:00,,
09/02/2023 21:30,,
09/02/2023 22:00,,
09/02/2023 22:30,,
09/02/2023 23:00,,
09/02/2023 23:30,,
10/02/2023 00:00,,
10/02/2023 00:30,,
10/02/2023 01:00,,
10/02/2023 01:30,,
10/02/2023 02:00,,
10/02/2023 02:30,,
10/02/2023 03:00,,
10/02/2023 03:30,,
10/02/2023 04:00,,
10/02/2023 04:30,,
10/02/2023 05:00,,
10/02/2023 05:30,,
10/02/2023 06:00,,
10/02/2023 06:30,,
10/02/2023 07:00,,
10/02/2023 07:30,,
10/02/2023 08:00,,
10/02/2023 08:30,,
10/02/2023 09:00,,
10/02/2023 09:30,,
10/02/2023 10:00,,
10/02/2023 10:30,,
10/02/2023 11:00,,
10/02/2023 11:30,,
10/02/2023 12:00,,
10/02/2023 12:30,,
10/02/2023 13:00,,
10/02/2023 13:30,,
10/02/2023 14:00,,
10/02/2023 14:30,,
10/02/2023 15:00,,
10/02/2023 15:30,,
10/02/2023 16:00,,
10/02/2023 16:30,,
10/02/2023 17:00,,
10/02/2023 17:30,,
10/02/2023 18:00,,
10/02/2023 18:30,,
10/02/2023 19:00,,
10/02/2023 19:30,,
10/02/2023 20:00,,
10/02/2023 20:30,,
10/02/2023 21:00,,
10/02/2023 21:30,,
10/02/2023 22:00,,
10/02/2023 22:30,,
10/02/2023 23:00,,
10/02/2023 23:30,,
11/02/2023 00:00,,
11/02/2023 00:30,,
11/02/2023 01:00,,
11/02/2023 01:30,,
11/02/2023 02:00,,
11/02/2023 02:30,,
11/02/2023 03:00,,
11/02/2023 03:30,,
11/02/2023 04:00,,
11/02/2023 04:30,,
11/02/2023 05:00,,
11/02/2023 05:30,,
11/02/2023 06:00,,
11/02/2023 06:30,,
11/02/2023 07:00,,
11/02/2023 07:30,,
11/02/2023 08:00,,
11/02/2023 08:30,,
11/02/2023 09:00,,
11/02/2023 09:30,,
11/02/2023 10:00,,
11/02/2023 10:30,,
11/02/2023 11:00,,
11/02/2023 11:30,,
11/02/2023 12:00,,
11/02/2023 12:30,,
11/02/2023 13:00,,
11/02/2023 13:30,,
11/02/2023 14:00,,
11/02/2023 14:30,,
11/02/2023 15:00,,
11/02/2023 15:30,,
11/02/2023 16:00,,
11/02/2023 16:30,,
11/02/2023 17:00,,
11/02/2023 17:30,,
11/02/2023 18:00,,
11/02/2023 18:30,,
11/02/2023 19:00,,
11/02/2023 19:30,,
11/02/2023 20:00,,
11/02/2023 20:30,,
11/02/2023 21:00,,
11/02/2023 21:30,,
11/02/2023 22:00,,
11/02/2023 22:30,,
11/02/2023 23:00,,
11/02/2023 23:30,,
12/02/2023 00:00,,
12/02/2023 00:30,,
12/02/2023 01:00,,
12/02/2023 01:30,,
12/02/2023 02:00,,
12/02/2023 02:30,,
12/02/2023 03:00,,
12/02/2023 03:30,,
12/02/2023 04:00,,
12/02/2023 04:30,,
12/02/2023 05:00,,
12/02/2023 05:30,,
12/02/2023 06:00,,
12/02/2023 06:30,,
12/02/2023 07:00,,
12/02/2023 07:30,,
12/02/2023 08:00,,
12/02/2023 08:30,,
12/02/2023 09:00,,
12/02/2023 09:30,,
12/02/2023 10:00,,
12/02/2023 10:30,,
12/02/2023 11:00,,
12/02/2023 11:30,,
12/02/2023 12:00,,
12/02/2023 12:30,,
12/02/2023 13:00,,
12/02/2023 13:30,,
12/02/2023 14:00,,
12/02/2023 14:30,,
12/02/2023 15:00,,
12/02/2023 15:30,,
12/02/2023 16:00,,
12/02/2023 16:30,,
12/02/2023 17:00,,
12/02/2023 17:30,,
12/02/2023 18:00,,
12/02/2023 18:30,,
12/02/2023 19:00,,
12/02/2023 19:30,,
12/02/2023 20:00,,
12/02/2023 20:30,,
12/02/2023 21:00,,
12/02/2023 21:30,,
12/02/2023 22:00,,
12/02/2023 22:30,,
12/02/2023 23:00,,
12/02/2023 23:30,,
13/02/2023 00:00,,
13/02/2023 00:30,,
13/02/2023 01:00,,
13/02/2023 01:30,,
13/02/2023 02:00,,
13/02/2023 02:30,,
13/02/2023 03:00,,
13/02/2023 03:30,,
13/02/2023 04:00,,
13/02/2023 04:30,,
13/02/2023 05:00,,
13/02/2023 05:30,,
13/02/2023 06:00,,
13/02/2023 06:30,,
13/02/2023 07:00,,
13/02/2023 07:30,,
13/02/2023 08:00,,
13/02/2023 08:30,,
13/02/2023 09:00,,
13/02/2023 09:30,,
13/02/2023 10:00,,
13/02/2023 10:30,,
13/02/2023 11:00,,
13/02/2023 11:30,,
13/02/2023 12:00,,
13/02/2023 12:30,,
13/02/2023 13:00,,
13/02/2023 13:30,,
13/02/2023 14:00,,
13/02/2023 14:30,,
13/02/2023 15:00,,
13/02/2023 15:30,,
13/02/2023 16:00,,
13/02/2023 16:30,,
13/02/2023 17:00,,
13/02/2023 17:30,,
13/02/2023 18:00,,
13/02/2023 18:30,,
13/02/2023 19:00,,
13/02/2023 19:30,,
13/02/2023 20:00,,
13/02/2023 20:30,,
13/02/2023 21:00,,
13/02/2023 21:30,,
13/02/2023 22:00,,
13/02/2023 22:30,,
13/02/2023 23:00,,
13/02/2023 23:30,,
14/02/2023 00:00,,
14/02/2023 00:30,,
14/02/2023 01:00,,
14/02/2023 01:30,,
14/02/2023 02:00,,
14/02/2023 02:30,,
14/02/2023 03:00,,
14/02/2023 03:30,,
14/02/2023 04:00,,
14/02/2023 04:30,,
14/02/2023 05:00,,
14/02/2023 05:30,,
14/02/2023 06:00,,
14/02/2023 06:30,,
14/02/2023 07:00,,
14/02/2023 07:30,,
14/02/2023 08:00,,
14/02/2023 08:30,,
14/02/2023 09:00,,
14/02/2023 09:30,,
14/02/2023 10:00,,
14/02/2023 10:30,,
14/02/2023 11:00,,
14/02/2023 11:30,,
14/02/2023 12:00,,
14/02/2023 12:30,,
14/02/2023 13:00,,
14/02/2023 13:30,,
14/02/2023 14:00,,
14/02/2023 14:30,,
14/02/2023 15:00,,
14/02/2023 15:30,,
14/02/2023 16:00,,
14/02/2023 16:30,,
14/02/2023 17:00,,
14/02/2023 17:30,,
14/02/2023 18:00,,
14/02/2023 18:30,,
14/02/2023 19:00,,
14/02/2023 19:30,,
14/02/2023 20:00,,
14/02/2023 20:30,,
14/02/2023 21:00,,
14/02/2023 21:30,,
14/02/2023 22:00,,
14/02/2023 22:30,,
14/02/2023 23:00,,
14/02/2023 23:30,,
15/02/2023 00:00,,
15/02/2023 00:30,,
15/02/2023 01:00,,
15/02/2023 01:30,,
15/02/2023 02:00,,
15/02/2023 02:30,,
15/02/2023 03:00,,
15/02/2023 03:30,,
15/02/2023 04:00,,
15/02/2023 04:30,,
15/02/2023 05:00,,
15/02/2023 05:30,,
15/02/2023 06:00,,
15/02/2023 06:30,,
15/02/2023 07:00,,
15/02/2023 07:30,,
15/02/2023 08:00,,
15/02/2023 08:30,,
15/02/2023 09:00,,
15/02/2023 09:30,,
15/02/2023 10:00,,
15/02/2023 10:30,,
15/02/2023 11:00,,
15/02/2023 11:30,,
15/02/2023 12:00,,
15/02/2023 12:30,,
15/02/2023 13:00,,
15/02/2023 13:30,,
15/02/2023 14:00,,
15/02/2023 14:30,,
15/02/2023 15:00,,
15/02/2023 15:30,,
15/02/2023 16:00,,
15/02/2023 16:30,,
15/02/2023 17:00,,
15/02/2023 17:30,,
15/02/2023 18:00,,
15/02/2023 18:30,,
15/02/2023 19:00,,
15/02/2023 19:30,,
15/02/2023 20:00,,
15/02/2023 20:30,,
15/02/2023 21:00,,
15/02/2023 21:30,,
15/02/2023 22:00,,
15/02/2023 22:30,,
15/02/2023 23:00,,
15/02/2023 23:30,,
16/02/2023 00:00,,
16/02/2023 00:30,,
16/02/2023 01:00,,
16/02/2023 01:30,,
16/02/2023 02:00,,
16/02/2023 02:30,,
16/02/2023 03:00,,
16/02/2023 03:30,,
16/02/2023 04:00,,
16/02/2023 04:30,,
16/02/2023 05:00,,
16/02/2023 05:30,,
16/02/2023 06:00,,
16/02/2023 06:30,,
16/02/2023 07:00,,
16/02/2023 07:30,,
16/02/2023 08:00,,
16/02/2023 08:30,,
16/02/2023 09:00,,
16/02/2023 09:30,,
16/02/2023 10:00,,
16/02/2023 10:30,,
16/02/2023 11:00,,
16/02/2023 11:30,,
16/02/2023 12:00,,
16/02/2023 12:30,,
16/02/2023 13:00,,
16/02/2023 13:30,,
16/02/2023 14:00,,
16/02/2023 14:30,,
16/02/2023 15:00,,
16/02/2023 15:30,,
16/02/2023 16:00,,
16/02/2023 16:30,,
16/02/2023 17:00,,
16/02/2023 17:30,,
16/02/2023 18:00,,
16/02/2023 18:30,,
16/02/2023 19:00,,
16/02/2023 19:30,,
16/02/2023 20:00,,
16/02/2023 20:30,,
16/02/2023 21:00,,
16/02/2023 21:30,,
16/02/2023 22:00,,
16/02/2023 22:30,,
16/02/2023 23:00,,
16/02/2023 23:30,,
17/02/2023 00:00,,
17/02/2023 00:30,,
17/02/2023 01:00,,
17/02/2023 01:30,,
17/02/2023 02:00,,
17/02/2023 02:30,,
17/02/2023 03:00,,
17/02/2023 03:30,,
17/02/2023 04:00,,
17/02/2023 04:30,,
17/02/2023 05:00,,
17/02/2023 05:30,,
17/02/2023 06:00,,
17/02/2023 06:30,,
17/02/2023 07:00,,
17/02/2023 07:30,,
17/02/2023 08:00,,
17/02/2023 08:30,,
17/02/2023 09:00,,
17/02/2023 09:30,,
17/02/2023 10:00,,
17/02/2023 10:30,,
17/02/2023 11:00,,
17/02/2023 11:30,,
17/02/2023 12:00,,
17/02/2023 12:30,,
17/02/2023 13:00,,
17/02/2023 13:30,,
17/02/2023 14:00,,
17/02/2023 14:30,,
17/02/2023 15:00,,
17/02/2023 15:30,,
17/02/2023 16:00,,
17/02/2023 16:30,,
17/02/2023 17:00,,
17/02/2023 17:30,,
17/02/2023 18:00,,
17/02/2023 18:30,,
17/02/2023 19:00,,
17/02/2023 19:30,,
17/02/2023 20:00,,
17/02/2023 20:30,,
17/02/2023 21:00,,
17/02/2023 21:30,,
17/02/2023 22:00,,
17/02/2023 22:30,,
17/02/2023 23:00,,
17/02/2023 23:30,,
18/02/2023 00:00,,
18/02/2023 00:30,,
18/02/2023 01:00,,
18/02/2023 01:30,,
18/02/2023 02:00,,
18/02/2023 02:30,,
18/02/2023 03:00,,
18/02/2023 03:30,,
18/02/2023 04:00,,
18/02/2023 04:30,,
18/02/2023 05:00,,
18/02/2023 05:30,,
18/02/2023 06:00,,
18/02/2023 06:30,,
18/02/2023 07:00,,
18/02/2023 07:30,,
18/02/2023 08:00,,
18/02/2023 08:30,,
18/02/2023 09:00,,
18/02/2023 09:30,,
18/02/2023 10:00,,
18/02/2023 10:30,,
18/02/2023 11:00,,
18/02/2023 11:30,,
18/02/2023 12:00,,
18/02/2023 12:30,,
18/02/2023 13:00,,
18/02/2023 13:30,,
18/02/2023 14:00,,
18/02/2023 14:30,,
18/02/2023 15:00,,
18/02/2023 15:30,,
18/02/2023 16:00,,
18/02/2023 16:30,,
18/02/2023 17:00,,
18/02/2023 17:30,,
18/02/2023 18:00,,
18/02/2023 18:30,,
18/02/2023 19:00,,
18/02/2023 19:30,,
18/02/2023 20:00,,
18/02/2023 20:30,,
18/02/2023 21:00,,
18/02/2023 21:30,,
18/02/2023 22:00,,
18/02/2023 22:30,,
18/02/2023 23:00,,
18/02/2023 23:30,,
19/02/2023 00:00,,
19/02/2023 00:30,,
19/02/2023 01:00,,
19/02/2023 01:30,,
19/02/2023 02:00,,
19/02/2023 02:30,,
19/02/2023 03:00,,
19/02/2023 03:30,,
19/02/2023 04:00,,
19/02/2023 04:30,,
19/02/2023 05:00,,
19/02/2023 05:30,,
19/02/2023 06:00,,
19/02/2023 06:30,,
19/02/2023 07:00,,
19/02/2023 07:30,,
19/02/2023 08:00,,
19/02/2023 08:30,,
19/02/2023 09:00,,
19/02/2023 09:30,,
19/02/2023 10:00,,
19/02/2023 10:30,,
19/02/2023 11:00,,
19/02/2023 11:30,,
19/02/2023 12:00,,
19/02/2023 12:30,,
19/02/2023 13:00,,
19/02/2023 13:30,,
19/02/2023 14:00,,
19/02/2023 14:30,,
19/02/2023 15:00,,
19/02/2023 15:30,,
19/02/2023 16:00,,
19/02/2023 16:30,,
19/02/2023 17:00,,
19/02/2023 17:30,,
19/02/2023 18:00,,
19/02/2023 18:30,,
19/02/2023 19:00,,
19/02/2023 19:30,,
19/02/2023 20:00,,
19/02/2023 20:30,,
19/02/2023 21:00,,
19/02/2023 21:30,,
19/02/2023 22:00,,
19/02/2023 22:30,,
19/02/2023 23:00,,
19/02/2023 23:30,,
20/02/2023 00:00,,
20/02/2023 00:30,,
20/02/2023 01:00,,
20/02/2023 01:30,,
20/02/2023 02:00,,
20/02/2023 02:30,,
20/02/2023 03:00,,
20/02/2023 03:30,,
20/02/2023 04:00,,
20/02/2023 04:30,,
20/02/2023 05:00,,
20/02/2023 05:30,,
20/02/2023 06:00,,
20/02/2023 06:30,,
20/02/2023 07:00,,
20/02/2023 07:30,,
20/02/2023 08:00,,
20/02/2023 08:30,,
20/02/2023 09:00,,
20/02/2023 09:30,,
20/02/2023 10:00,,
20/02/2023 10:30,,
20/02/2023 11:00,,
20/02/2023 11:30,,
20/02/2023 12:00,,
20/02/2023 12:30,,
20/02/2023 13:00,,
20/02/2023 13:30,,
20/02/2023 14:00,,
20/02/2023 14:30,,
20/02/2023 15:00,,
20/02/2023 15:30,,
20/02/2023 16:00,,
20/02/2023 16:30,,
20/02/2023 17:00,,
20/02/2023 17:30,,
20/02/2023 18:00,,
20/02/2023 18:30,,
20/02/2023 19:00,,
20/02/2023 19:30,,
20/02/2023 20:00,,
20/02/2023 20:30,,
20/02/2023 21:00,,
20/02/2023 21:30,,
20/02/2023 22:00,,
20/02/2023 22:30,,
20/02/2023 23:00,,
20/02/2023 23:30,,
21/02/2023 00:00,,
21/02/2023 00:30,,
21/02/2023 01:00,,
21/02/2023 01:30,,
21/02/2023 02:00,,
21/02/2023 02:30,,
21/02/2023 03:00,,
21/02/2023 03:30,,
21/02/2023 04:00,,
21/02/2023 04:30,,
21/02/2023 05:00,,
21/02/2023 05:30,,
21/02/2023 06:00,,
21/02/2023 06:30,,
21/02/2023 07:00,,
21/02/2023 07:30,,
21/02/2023 08:00,,
21/02/2023 08:30,,
21/02/2023 09:00,,
21/02/2023 09:30,,
21/02/2023 10:00,,
21/02/2023 10:30,,
21/02/2023 11:00,,
21/02/2023 11:30,,
21/02/2023 12:00,,
21/02/2023 12:30,,
21/02/2023 13:00,,
21/02/2023 13:30,,
21/02/2023 14:00,,
21/02/2023 14:30,,
21/02/2023 15:00,,
21/02/2023 15:30,,
21/02/2023 16:00,,
21/02/2023 16:30,,
21/02/2023 17:00,,
21/02/2023 17:30,,
21/02/2023 18:00,,
21/02/2023 18:30,,
21/02/2023 19:00,,
21/02/2023 19:30,,
21/02/2023 20:00,,
21/02/2023 20:30,,
21/02/2023 21:00,,
21/02/2023 21:30,,
21/02/2023 22:00,,
21/02/2023 22:30,,
21/02/2023 23:00,,
21/02/2023 23:30,,
22/02/2023 00:00,,
22/02/2023 00:30,,
22/02/2023 01:00,,
22/02/2023 01:30,,
22/02/2023 02:00,,
22/02/2023 02:30,,
22/02/2023 03:00,,
22/02/2023 03:30,,
22/02/2023 04:00,,
22/02/2023 04:30,,
22/02/2023 05:00,,
22/02/2023 05:30,,
22/02/2023 06:00,,
22/02/2023 06:30,,
22/02/2023 07:00,,
22/02/2023 07:30,,
22/02/2023 08:00,,
22/02/2023 08:30,,
22/02/2023 09:00,,
22/02/2023 09:30,,
22/02/2023 10:00,,
22/02/2023 10:30,,
22/02/2023 11:00,,
22/02/2023 11:30,,
22/02/2023 12:00,,
22/02/2023 12:30,,
22/02/2023 13:00,,
22/02/2023 13:30,,
22/02/2023 14:00,,
22/02/2023 14:30,,
22/02/2023 15:00,,
22/02/2023 15:30,,
22/02/2023 16:00,,
22/02/2023 16:30,,
22/02/2023 17:00,,
22/02/2023 17:30,,
22/02/2023 18:00,,
22/02/2023 18:30,,
22/02/2023 19:00,,
22/02/2023 19:30,,
22/02/2023 20:00,,
22/02/2023 20:30,,
22/02/2023 21:00,,
22/02/2023 21:30,,
22/02/2023 22:00,,
22/02/2023 22:30,,
22/02/2023 23:00,,
22/02/2023 23:30,,
23/02/2023 00:00,,
23/02/2023 00:30,,
23/02/2023 01:00,,
23/02/2023 01:30,,
23/02/2023 02:00,,
23/02/2023 02:30,,
23/02/2023 03:00,,
23/02/2023 03:30,,
23/02/2023 04:00,,
23/02/2023 04:30,,
23/02/2023 05:00,,
23/02/2023 05:30,,
23/02/2023 06:00,,
23/02/2023 06:30,,
23/02/2023 07:00,,
23/02/2023 07:30,,
23/02/2023 08:00,,
23/02/2023 08:30,,
23/02/2023 09:00,,
23/02/2023 09:30,,
23/02/2023 10:00,,
23/02/2023 10:30,,
23/02/2023 11:00,,
23/02/2023 11:30,,
23/02/2023 12:00,,
23/02/2023 12:30,,
23/02/2023 13:00,,
23/02/2023 13:30,,
23/02/2023 14:00,,
23/02/2023 14:30,,
23/02/2023 15:00,,
23/02/2023 15:30,,
23/02/2023 16:00,,
23/02/2023 16:30,,
23/02/2023 17:00,,
23/02/2023 17:30,,
23/02/2023 18:00,,
23/02/2023 18:30,,
23/02/2023 19:00,,
23/02/2023 19:30,,
23/02/2023 20:00,,
23/02/2023 20:30,,
23/02/2023 21:00,,
23/02/2023 21:30,,
23/02/2023 22:00,,
23/02/2023 22:30,,
23/02/2023 23:00,,
23/02/2023 23:30,,
24/02/2023 00:00,,
24/02/2023 00:30,,
24/02/2023 01:00,,
24/02/2023 01:30,,
24/02/2023 02:00,,
24/02/2023 02:30,,
24/02/2023 03:00,,
24/02/2023 03:30,,
24/02/2023 04:00,,
24/02/2023 04:30,,
24/02/2023 05:00,,
24/02/2023 05:30,,
24/02/2023 06:00,,
24/02/2023 06:30,,
24/02/2023 07:00,,
24/02/2023 07:30,,
24/02/2023 08:00,,
24/02/2023 08:30,,
24/02/2023 09:00,,
24/02/2023 09:30,,
24/02/2023 10:00,,
24/02/2023 10:30,,
24/02/2023 11:00,,
24/02/2023 11:30,,
24/02/2023 12:00,,
24/02/2023 12:30,,
24/02/2023 13:00,,
24/02/2023 13:30,,
24/02/2023 14:00,,
24/02/2023 14:30,,
24/02/2023 15:00,,
24/02/2023 15:30,,
24/02/2023 16:00,,
24/02/2023 16:30,,
24/02/2023 17:00,,
24/02/2023 17:30,,
24/02/2023 18:00,,
24/02/2023 18:30,,
24/02/2023 19:00,,
24/02/2023 19:30,,
24/02/2023 20:00,,
24/02/2023 20:30,,
24/02/2023 21:00,,
24/02/2023 21:30,,
24/02/2023 22:00,,
24/02/2023 22:30,,
24/02/2023 23:00,,
24/02/2023 23:30,,
25/02/2023 00:00,,
25/02/2023 00:30,,
25/02/2023 01:00,,
25/02/2023 01:30,,
25/02/2023 02:00,,
25/02/2023 02:30,,
25/02/2023 03:00,,
25/02/2023 03:30,,
25/02/2023 04:00,,
25/02/2023 04:30,,
25/02/2023 05:00,,
25/02/2023 05:30,,
25/02/2023 06:00,,
25/02/2023 06:30,,
25/02/2023 07:00,,
25/02/2023 07:30,,
25/02/2023 08:00,,
25/02/2023 08:30,,
25/02/2023 09:00,,
25/02/2023 09:30,,
25/02/2023 10:00,,
25/02/2023 10:30,,
25/02/2023 11:00,,
25/02/2023 11:30,,
25/02/2023 12:00,,
25/02/2023 12:30,,
25/02/2023 13:00,,
25/02/2023 13:30,,
25/02/2023 14:00,,
25/02/2023 14:30,,
25/02/2023 15:00,,
25/02/2023 15:30,,
25/02/2023 16:00,,
25/02/2023 16:30,,
25/02/2023 17:00,,
25/02/2023 17:30,,
25/02/2023 18:00,,
25/02/2023 18:30,,
25/02/2023 19:00,,
25/02/2023 19:30,,
25/02/2023 20:00,,
25/02/2023 20:30,,
25/02/2023 21:00,,
25/02/2023 21:30,,
25/02/2023 22:00,,
25/02/2023 22:30,,
25/02/2023 23:00,,
25/02/2023 23:30,,
26/02/2023 00:00,,
26/02/2023 00:30,,
26/02/2023 01:00,,
26/02/2023 01:30,,
26/02/2023 02:00,,
26/02/2023 02:30,,
26/02/2023 03:00,,
26/02/2023 03:30,,
26/02/2023 04:00,,
26/02/2023 04:30,,
26/02/2023 05:00,,
26/02/2023 05:30,,
26/02/2023 06:00,,
26/02/2023 06:30,,
26/02/2023 07:00,,
26/02/2023 07:30,,
26/02/2023 08:00,,
26/02/2023 08:30,,
26/02/2023 09:00,,
26/02/2023 09:30,,
26/02/2023 10:00,,
26/02/2023 10:30,,
26/02/2023 11:00,,
26/02/2023 11:30,,
26/02/2023 12:00,,
26/02/2023 12:30,,
26/02/2023 13:00,,
26/02/2023 13:30,,
26/02/2023 14:00,,
26/02/2023 14:30,,
26/02/2023 15:00,,
26/02/2023 15:30,,
26/02/2023 16:00,,
26/02/2023 16:30,,
26/02/2023 17:00,,
26/02/2023 17:30,,
26/02/2023 18:00,,
26/02/2023 18:30,,
26/02/2023 19:00,,
26/02/2023 19:30,,
26/02/2023 20:00,,
26/02/2023 20:30,,
26/02/2023 21:00,,
26/02/2023 21:30,,
26/02/2023 22:00,,
26/02/2023 22:30,,
26/02/2023 23:00,,
26/02/2023 23:30,,
27/02/2023 00:00,,
27/02/2023 00:30,,
27/02/2023 01:00,,
27/02/2023 01:30,,
27/02/2023 02:00,,
27/02/2023 02:30,,
27/02/2023 03:00,,
27/02/2023 03:30,,
27/02/2023 04:00,,
27/02/2023 04:30,,
27/02/2023 05:00,,
27/02/2023 05:30,,
27/02/2023 06:00,,
27/02/2023 06:30,,
27/02/2023 07:00,,
27/02/2023 07:30,,
27/02/2023 08:00,,
27/02/2023 08:30,,
27/02/2023 09:00,,
27/02/2023 09:30,,
27/02/2023 10:00,,
27/02/2023 10:30,,
27/02/2023 11:00,,
27/02/2023 11:30,,
27/02/2023 12:00,,
27/02/2023 12:30,,
27/02/2023 13:00,,
27/02/2023 13:30,,
27/02/2023 14:00,,
27/02/2023 14:30,,
27/02/2023 15:00,,
27/02/2023 15:30,,
27/02/2023 16:00,,
27/02/2023 16:30,,
27/02/2023 17:00,,
27/02/2023 17:30,,
27/02/2023 18:00,,
27/02/2023 18:30,,
27/02/2023 19:00,,
27/02/2023 19:30,,
27/02/2023 20:00,,
27/02/2023 20:30,,
27/02/2023 21:00,,
27/02/2023 21:30,,
27/02/2023 22:00,,
27/02/2023 22:30,,
27/02/2023 23:00,,
27/02/2023 23:30,,
28/02/2023 00:00,,
28/02/2023 00:30,,
28/02/2023 01:00,,
28/02/2023 01:30,,
28/02/2023 02:00,,
28/02/2023 02:30,,
28/02/2023 03:00,,
28/02/2023 03:30,,
28/02/2023 04:00,,
28/02/2023 04:30,,
28/02/2023 05:00,,
28/02/2023 05:30,,
28/02/2023 06:00,,
28/02/2023 06:30,,
28/02/2023 07:00,,
28/02/2023 07:30,,
28/02/2023 08:00,,
28/02/2023 08:30,,
28/02/2023 09:00,,
28/02/2023 09:30,,
28/02/2023 10:00,,
28/02/2023 10:30,,
28/02/2023 11:00,,
28/02/2023 11:30,,
28/02/2023 12:00,,
28/02/2023 12:30,,
28/02/2023 13:00,,
28/02/2023 13:30,,
28/02/2023 14:00,,
28/02/2023 14:30,,
28/02/2023 15:00,,
28/02/2023 15:30,,
28/02/2023 16:00,,
28/02/2023 16:30,,
28/02/2023 17:00,,
28/02/2023 17:30,,
28/02/2023 18:00,,
28/02/2023 18:30,,
28/02/2023 19:00,,
28/02/2023 19:30,,
28/02/2023 20:00,,
28/02/2023 20:30,,
28/02/2023 21:00,,
28/02/2023 21:30,,
28/02/2023 22:00,,
28/02/2023 22:30,,
28/02/2023 23:00,,
28/02/2023 23:30,,
01/03/2023 00:00,,
01/03/2023 00:30,,
01/03/2023 01:00,,
01/03/2023 01:30,,
01/03/2023 02:00,,
01/03/2023 02:30,,
01/03/2023 03:00,,
01/03/2023 03:30,,
01/03/2023 04:00,,
01/03/2023 04:30,,
01/03/2023 05:00,,
01/03/2023 05:30,,
01/03/2023 06:00,,
01/03/2023 06:30,,
01/03/2023 07:00,,
01/03/2023 07:30,,
01/03/2023 08:00,,
01/03/2023 08:30,,
01/03/2023 09:00,,
01/03/2023 09:30,,
01/03/2023 10:00,,
01/03/2023 10:30,,
01/03/2023 11:00,,
01/03/2023 11:30,,
01/03/2023 12:00,,
01/03/2023 12:30,,
01/03/2023 13:00,,
01/03/2023 13:30,,
01/03/2023 14:00,,
01/03/2023 14:30,,
01/03/2023 15:00,,
01/03/2023 15:30,,
01/03/2023 16:00,,
01/03/2023 16:30,,
01/03/2023 17:00,,
01/03/2023 17:30,,
01/03/2023 18:00,,
01/03/2023 18:30,,
01/03/2023 19:00,,
01/03/2023 19:30,,
01/03/2023 20:00,,
01/03/2023 20:30,,
01/03/2023 21:00,,
01/03/2023 21:30,,
01/03/2023 22:00,,
01/03/2023 22:30,,
01/03/2023 23:00,,
01/03/2023 23:30,,
02/03/2023 00:00,,
02/03/2023 00:30,,
02/03/2023 01:00,,
02/03/2023 01:30,,
02/03/2023 02:00,,
02/03/2023 02:30,,
02/03/2023 03:00,,
02/03/2023 03:30,,
02/03/2023 04:00,,
02/03/2023 04:30,,
02/03/2023 05:00,,
02/03/2023 05:30,,
02/03/2023 06:00,,
02/03/2023 06:30,,
02/03/2023 07:00,,
02/03/2023 07:30,,
02/03/2023 08:00,,
02/03/2023 08:30,,
02/03/2023 09:00,,
02/03/2023 09:30,,
02/03/2023 10:00,,
02/03/2023 10:30,,
02/03/2023 11:00,,
02/03/2023 11:30,,
02/03/2023 12:00,,
02/03/2023 12:30,,
02/03/2023 13:00,,
02/03/2023 13:30,,
02/03/2023 14:00,,
02/03/2023 14:30,,
02/03/2023 15:00,,
02/03/2023 15:30,,
02/03/2023 16:00,,
02/03/2023 16:30,,
02/03/2023 17:00,,
02/03/2023 17:30,,
02/03/2023 18:00,,
02/03/2023 18:30,,
02/03/2023 19:00,,
02/03/2023 19:30,,
02/03/2023 20:00,,
02/03/2023 20:30,,
02/03/2023 21:00,,
02/03/2023 21:30,,
02/03/2023 22:00,,
02/03/2023 22:30,,
02/03/2023 23:00,,
02/03/2023 23:30,,
03/03/2023 00:00,,
03/03/2023 00:30,,
03/03/2023 01:00,,
03/03/2023 01:30,,
03/03/2023 02:00,,
03/03/2023 02:30,,
03/03/2023 03:00,,
03/03/2023 03:30,,
03/03/2023 04:00,,
03/03/2023 04:30,,
03/03/2023 05:00,,
03/03/2023 05:30,,
03/03/2023 06:00,,
03/03/2023 06:30,,
03/03/2023 07:00,,
03/03/2023 07:30,,
03/03/2023 08:00,,
03/03/2023 08:30,,
03/03/2023 09:00,,
03/03/2023 09:30,,
03/03/2023 10:00,,
03/03/2023 10:30,,
03/03/2023 11:00,,
03/03/2023 11:30,,
03/03/2023 12:00,,
03/03/2023 12:30,,
03/03/2023 13:00,,
03/03/2023 13:30,,
03/03/2023 14:00,,
03/03/2023 14:30,,
03/03/2023 15:00,,
03/03/2023 15:30,,
03/03/2023 16:00,,
03/03/2023 16:30,,
03/03/2023 17:00,,
03/03/2023 17:30,,
03/03/2023 18:00,,
03/03/2023 18:30,,
03/03/2023 19:00,,
03/03/2023 19:30,,
03/03/2023 20:00,,
03/03/2023 20:30,,
03/03/2023 21:00,,
03/03/2023 21:30,,
03/03/2023 22:00,,
03/03/2023 22:30,,
03/03/2023 23:00,,
03/03/2023 23:30,,
04/03/2023 00:00,,
04/03/2023 00:30,,
04/03/2023 01:00,,
04/03/2023 01:30,,
04/03/2023 02:00,,
04/03/2023 02:30,,
04/03/2023 03:00,,
04/03/2023 03:30,,
04/03/2023 04:00,,
04/03/2023 04:30,,
04/03/2023 05:00,,
04/03/2023 05:30,,
04/03/2023 06:00,,
04/03/2023 06:30,,
04/03/2023 07:00,,
04/03/2023 07:30,,
04/03/2023 08:00,,
04/03/2023 08:30,,
04/03/2023 09:00,,
04/03/2023 09:30,,
04/03/2023 10:00,,
04/03/2023 10:30,,
04/03/2023 11:00,,
04/03/2023 11:30,,
04/03/2023 12:00,,
04/03/2023 12:30,,
04/03/2023 13:00,,
04/03/2023 13:30,,
04/03/2023 14:00,,
04/03/2023 14:30,,
04/03/2023 15:00,,
04/03/2023 15:30,,
04/03/2023 16:00,,
04/03/2023 16:30,,
04/03/2023 17:00,,
04/03/2023 17:30,,
04/03/2023 18:00,,
04/03/2023 18:30,,
04/03/2023 19:00,,
04/03/2023 19:30,,
04/03/2023 20:00,,
04/03/2023 20:30,,
04/03/2023 21:00,,
04/03/2023 21:30,,
04/03/2023 22:00,,
04/03/2023 22:30,,
04/03/2023 23:00,,
04/03/2023 23:30,,
05/03/2023 00:00,,
05/03/2023 00:30,,
05/03/2023 01:00,,
05/03/2023 01:30,,
05/03/2023 02:00,,
05/03/2023 02:30,,
05/03/2023 03:00,,
05/03/2023 03:30,,
05/03/2023 04:00,,
05/03/2023 04:30,,
05/03/2023 05:00,,
05/03/2023 05:30,,
05/03/2023 06:00,,
05/03/2023 06:30,,
05/03/2023 07:00,,
05/03/2023 07:30,,
05/03/2023 08:00,,
05/03/2023 08:30,,
05/03/2023 09:00,,
05/03/2023 09:30,,
05/03/2023 10:00,,
05/03/2023 10:30,,
05/03/2023 11:00,,
05/03/2023 11:30,,
05/03/2023 12:00,,
05/03/2023 12:30,,
05/03/2023 13:00,,
05/03/2023 13:30,,
05/03/2023 14:00,,
05/03/2023 14:30,,
05/03/2023 15:00,,
05/03/2023 15:30,,
05/03/2023 16:00,,
05/03/2023 16:30,,
05/03/2023 17:00,,
05/03/2023 17:30,,
05/03/2023 18:00,,
05/03/2023 18:30,,
05/03/2023 19:00,,
05/03/2023 19:30,,
05/03/2023 20:00,,
05/03/2023 20:30,,
05/03/2023 21:00,,
05/03/2023 21:30,,
05/03/2023 22:00,,
05/03/2023 22:30,,
05/03/2023 23:00,,
05/03/2023 23:30,,
06/03/2023 00:00,,
06/03/2023 00:30,,
06/03/2023 01:00,,
06/03/2023 01:30,,
06/03/2023 02:00,,
06/03/2023 02:30,,
06/03/2023 03:00,,
06/03/2023 03:30,,
06/03/2023 04:00,,
06/03/2023 04:30,,
06/03/2023 05:00,,
06/03/2023 05:30,,
06/03/2023 06:00,,
06/03/2023 06:30,,
06/03/2023 07:00,,
06/03/2023 07:30,,
06/03/2023 08:00,,
06/03/2023 08:30,,
06/03/2023 09:00,,
06/03/2023 09:30,,
06/03/2023 10:00,,
06/03/2023 10:30,,
06/03/2023 11:00,,
06/03/2023 11:30,,
06/03/2023 12:00,,
06/03/2023 12:30,,
06/03/2023 13:00,,
06/03/2023 13:30,,
06/03/2023 14:00,,
06/03/2023 14:30,,
06/03/2023 15:00,,
06/03/2023 15:30,,
06/03/2023 16:00,,
06/03/2023 16:30,,
06/03/2023 17:00,,
06/03/2023 17:30,,
06/03/2023 18:00,,
06/03/2023 18:30,,
06/03/2023 19:00,,
06/03/2023 19:30,,
06/03/2023 20:00,,
06/03/2023 20:30,,
06/03/2023 21:00,,
06/03/2023 21:30,,
06/03/2023 22:00,,
06/03/2023 22:30,,
06/03/2023 23:00,,
06/03/2023 23:30,,
07/03/2023 00:00,,
07/03/2023 00:30,,
07/03/2023 01:00,,
07/03/2023 01:30,,
07/03/2023 02:00,,
07/03/2023 02:30,,
07/03/2023 03:00,,
07/03/2023 03:30,,
07/03/2023 04:00,,
07/03/2023 04:30,,
07/03/2023 05:00,,
07/03/2023 05:30,,
07/03/2023 06:00,,
07/03/2023 06:30,,
07/03/2023 07:00,,
07/03/2023 07:30,,
07/03/2023 08:00,,
07/03/2023 08:30,,
07/03/2023 09:00,,
07/03/2023 09:30,,
07/03/2023 10:00,,
07/03/2023 10:30,,
07/03/2023 11:00,,
07/03/2023 11:30,,
07/03/2023 12:00,,
07/03/2023 12:30,,
07/03/2023 13:00,,
07/03/2023 13:30,,
07/03/2023 14:00,,
07/03/2023 14:30,,
07/03/2023 15:00,,
07/03/2023 15:30,,
07/03/2023 16:00,,
07/03/2023 16:30,,
07/03/2023 17:00,,
07/03/2023 17:30,,
07/03/2023 18:00,,
07/03/2023 18:30,,
07/03/2023 19:00,,
07/03/2023 19:30,,
07/03/2023 20:00,,
07/03/2023 20:30,,
07/03/2023 21:00,,
07/03/2023 21:30,,
07/03/2023 22:00,,
07/03/2023 22:30,,
07/03/2023 23:00,,
07/03/2023 23:30,,
08/03/2023 00:00,,
08/03/2023 00:30,,
08/03/2023 01:00,,
08/03/2023 01:30,,
08/03/2023 02:00,,
08/03/2023 02:30,,
08/03/2023 03:00,,
08/03/2023 03:30,,
08/03/2023 04:00,,
08/03/2023 04:30,,
08/03/2023 05:00,,
08/03/2023 05:30,,
08/03/2023 06:00,,
08/03/2023 06:30,,
08/03/2023 07:00,,
08/03/2023 07:30,,
08/03/2023 08:00,,
08/03/2023 08:30,,
08/03/2023 09:00,,
08/03/2023 09:30,,
08/03/2023 10:00,,
08/03/2023 10:30,,
08/03/2023 11:00,,
08/03/2023 11:30,,
08/03/2023 12:00,,
08/03/2023 12:30,,
08/03/2023 13:00,,
08/03/2023 13:30,,
08/03/2023 14:00,,
08/03/2023 14:30,,
08/03/2023 15:00,,
08/03/2023 15:30,,
08/03/2023 16:00,,
08/03/2023 16:30,,
08/03/2023 17:00,,
08/03/2023 17:30,,
08/03/2023 18:00,,
08/03/2023 18:30,,
08/03/2023 19:00,,
08/03/2023 19:30,,
08/03/2023 20:00,,
08/03/2023 20:30,,
08/03/2023 21:00,,
08/03/2023 21:30,,
08/03/2023 22:00,,
08/03/2023 22:30,,
08/03/2023 23:00,,
08/03/2023 23:30,,
09/03/2023 00:00,,
09/03/2023 00:30,,
09/03/2023 01:00,,
09/03/2023 01:30,,
09/03/2023 02:00,,
09/03/2023 02:30,,
09/03/2023 03:00,,
09/03/2023 03:30,,
09/03/2023 04:00,,
09/03/2023 04:30,,
09/03/2023 05:00,,
09/03/2023 05:30,,
09/03/2023 06:00,,
09/03/2023 06:30,,
09/03/2023 07:00,,
09/03/2023 07:30,,
09/03/2023 08:00,,
09/03/2023 08:30,,
09/03/2023 09:00,,
09/03/2023 09:30,,
09/03/2023 10:00,,
09/03/2023 10:30,,
09/03/2023 11:00,,
09/03/2023 11:30,,
09/03/2023 12:00,,
09/03/2023 12:30,,
09/03/2023 13:00,,
09/03/2023 13:30,,
09/03/2023 14:00,,
09/03/2023 14:30,,
09/03/2023 15:00,,
09/03/2023 15:30,,
09/03/2023 16:00,,
09/03/2023 16:30,,
09/03/2023 17:00,,
09/03/2023 17:30,,
09/03/2023 18:00,,
09/03/2023 18:30,,
09/03/2023 19:00,,
09/03/2023 19:30,,
09/03/2023 20:00,,
09/03/2023 20:30,,
09/03/2023 21:00,,
09/03/2023 21:30,,
09/03/2023 22:00,,
09/03/2023 22:30,,
09/03/2023 23:00,,
09/03/2023 23:30,,
10/03/2023 00:00,,
10/03/2023 00:30,,
10/03/2023 01:00,,
10/03/2023 01:30,,
10/03/2023 02:00,,
10/03/2023 02:30,,
10/03/2023 03:00,,
10/03/2023 03:30,,
10/03/2023 04:00,,
10/03/2023 04:30,,
10/03/2023 05:00,,
10/03/2023 05:30,,
10/03/2023 06:00,,
10/03/2023 06:30,,
10/03/2023 07:00,,
10/03/2023 07:30,,
10/03/2023 08:00,,
10/03/2023 08:30,,
10/03/2023 09:00,,
10/03/2023 09:30,,
10/03/2023 10:00,,
10/03/2023 10:30,,
10/03/2023 11:00,,
10/03/2023 11:30,,
10/03/2023 12:00,,
10/03/2023 12:30,,
10/03/2023 13:00,,
10/03/2023 13:30,,
10/03/2023 14:00,,
10/03/2023 14:30,,
10/03/2023 15:00,,
10/03/2023 15:30,,
10/03/2023 16:00,,
10/03/2023 16:30,,
10/03/2023 17:00,,
10/03/2023 17:30,,
10/03/2023 18:00,,
10/03/2023 18:30,,
10/03/2023 19:00,,
10/03/2023 19:30,,
10/03/2023 20:00,,
10/03/2023 20:30,,
10/03/2023 21:00,,
10/03/2023 21:30,,
10/03/2023 22:00,,
10/03/2023 22:30,,
10/03/2023 23:00,,
10/03/2023 23:30,,
11/03/2023 00:00,,
11/03/2023 00:30,,
11/03/2023 01:00,,
11/03/2023 01:30,,
11/03/2023 02:00,,
11/03/2023 02:30,,
11/03/2023 03:00,,
11/03/2023 03:30,,
11/03/2023 04:00,,
11/03/2023 04:30,,
11/03/2023 05:00,,
11/03/2023 05:30,,
11/03/2023 06:00,,
11/03/2023 06:30,,
11/03/2023 07:00,,
11/03/2023 07:30,,
11/03/2023 08:00,,
11/03/2023 08:30,,
11/03/2023 09:00,,
11/03/2023 09:30,,
11/03/2023 10:00,,
11/03/2023 10:30,,
11/03/2023 11:00,,
11/03/2023 11:30,,
11/03/2023 12:00,,
11/03/2023 12:30,,
11/03/2023 13:00,,
11/03/2023 13:30,,
11/03/2023 14:00,,
11/03/2023 14:30,,
11/03/2023 15:00,,
11/03/2023 15:30,,
11/03/2023 16:00,,
11/03/2023 16:30,,
11/03/2023 17:00,,
11/03/2023 17:30,,
11/03/2023 18:00,,
11/03/2023 18:30,,
11/03/2023 19:00,,
11/03/2023 19:30,,
11/03/2023 20:00,,
11/03/2023 20:30,,
11/03/2023 21:00,,
11/03/2023 21:30,,
11/03/2023 22:00,,
11/03/2023 22:30,,
11/03/2023 23:00,,
11/03/2023 23:30,,
12/03/2023 00:00,,
12/03/2023 00:30,,
12/03/2023 01:00,,
12/03/2023 01:30,,
12/03/2023 02:00,,
12/03/2023 02:30,,
12/03/2023 03:00,,
12/03/2023 03:30,,
12/03/2023 04:00,,
12/03/2023 04:30,,
12/03/2023 05:00,,
12/03/2023 05:30,,
12/03/2023 06:00,,
12/03/2023 06:30,,
12/03/2023 07:00,,
12/03/2023 07:30,,
12/03/2023 08:00,,
12/03/2023 08:30,,
12/03/2023 09:00,,
12/03/2023 09:30,,
12/03/2023 10:00,,
12/03/2023 10:30,,
12/03/2023 11:00,,
12/03/2023 11:30,,
12/03/2023 12:00,,
12/03/2023 12:30,,
12/03/2023 13:00,,
12/03/2023 13:30,,
12/03/2023 14:00,,
12/03/2023 14:30,,
12/03/2023 15:00,,
12/03/2023 15:30,,
12/03/2023 16:00,,
12/03/2023 16:30,,
12/03/2023 17:00,,
12/03/2023 17:30,,
12/03/2023 18:00,,
12/03/2023 18:30,,
12/03/2023 19:00,,
12/03/2023 19:30,,
12/03/2023 20:00,,
12/03/2023 20:30,,
12/03/2023 21:00,,
12/03/2023 21:30,,
12/03/2023 22:00,,
12/03/2023 22:30,,
12/03/2023 23:00,,
12/03/2023 23:30,,
13/03/2023 00:00,,
13/03/2023 00:30,,
13/03/2023 01:00,,
13/03/2023 01:30,,
13/03/2023 02:00,,
13/03/2023 02:30,,
13/03/2023 03:00,,
13/03/2023 03:30,,
13/03/2023 04:00,,
13/03/2023 04:30,,
13/03/2023 05:00,,
13/03/2023 05:30,,
13/03/2023 06:00,,
13/03/2023 06:30,,
13/03/2023 07:00,,
13/03/2023 07:30,,
13/03/2023 08:00,,
13/03/2023 08:30,,
13/03/2023 09:00,,
13/03/2023 09:30,,
13/03/2023 10:00,,
13/03/2023 10:30,,
13/03/2023 11:00,,
13/03/2023 11:30,,
13/03/2023 12:00,,
13/03/2023 12:30,,
13/03/2023 13:00,,
13/03/2023 13:30,,
13/03/2023 14:00,,
13/03/2023 14:30,,
13/03/2023 15:00,,
13/03/2023 15:30,,
13/03/2023 16:00,,
13/03/2023 16:30,,
13/03/2023 17:00,,
13/03/2023 17:30,,
13/03/2023 18:00,,
13/03/2023 18:30,,
13/03/2023 19:00,,
13/03/2023 19:30,,
13/03/2023 20:00,,
13/03/2023 20:30,,
13/03/2023 21:00,,
13/03/2023 21:30,,
13/03/2023 22:00,,
13/03/2023 22:30,,
13/03/2023 23:00,,
13/03/2023 23:30,,
14/03/2023 00:00,,
14/03/2023 00:30,,
14/03/2023 01:00,,
14/03/2023 01:30,,
14/03/2023 02:00,,
14/03/2023 02:30,,
14/03/2023 03:00,,
14/03/2023 03:30,,
14/03/2023 04:00,,
14/03/2023 04:30,,
14/03/2023 05:00,,
14/03/2023 05:30,,
14/03/2023 06:00,,
14/03/2023 06:30,,
14/03/2023 07:00,,
14/03/2023 07:30,,
14/03/2023 08:00,,
14/03/2023 08:30,,
14/03/2023 09:00,,
14/03/2023 09:30,,
14/03/2023 10:00,,
14/03/2023 10:30,,
14/03/2023 11:00,,
14/03/2023 11:30,,
14/03/2023 12:00,,
14/03/2023 12:30,,
14/03/2023 13:00,,
14/03/2023 13:30,,
14/03/2023 14:00,,
14/03/2023 14:30,,
14/03/2023 15:00,,
14/03/2023 15:30,,
14/03/2023 16:00,,
14/03/2023 16:30,,
14/03/2023 17:00,,
14/03/2023 17:30,,
14/03/2023 18:00,,
14/03/2023 18:30,,
14/03/2023 19:00,,
14/03/2023 19:30,,
14/03/2023 20:00,,
14/03/2023 20:30,,
14/03/2023 21:00,,
14/03/2023 21:30,,
14/03/2023 22:00,,
14/03/2023 22:30,,
14/03/2023 23:00,,
14/03/2023 23:30,,
15/03/2023 00:00,,
15/03/2023 00:30,,
15/03/2023 01:00,,
15/03/2023 01:30,,
15/03/2023 02:00,,
15/03/2023 02:30,,
15/03/2023 03:00,,
15/03/2023 03:30,,
15/03/2023 04:00,,
15/03/2023 04:30,,
15/03/2023 05:00,,
15/03/2023 05:30,,
15/03/2023 06:00,,
15/03/2023 06:30,,
15/03/2023 07:00,,
15/03/2023 07:30,,
15/03/2023 08:00,,
15/03/2023 08:30,,
15/03/2023 09:00,,
15/03/2023 09:30,,
15/03/2023 10:00,,
15/03/2023 10:30,,
15/03/2023 11:00,,
15/03/2023 11:30,,
15/03/2023 12:00,,
15/03/2023 12:30,,
15/03/2023 13:00,,
15/03/2023 13:30,,
15/03/2023 14:00,,
15/03/2023 14:30,,
15/03/2023 15:00,,
15/03/2023 15:30,,
15/03/2023 16:00,,
15/03/2023 16:30,,
15/03/2023 17:00,,
15/03/2023 17:30,,
15/03/2023 18:00,,
15/03/2023 18:30,,
15/03/2023 19:00,,
15/03/2023 19:30,,
15/03/2023 20:00,,
15/03/2023 20:30,,
15/03/2023 21:00,,
15/03/2023 21:30,,
15/03/2023 22:00,,
15/03/2023 22:30,,
15/03/2023 23:00,,
15/03/2023 23:30,,
16/03/2023 00:00,,
16/03/2023 00:30,,
16/03/2023 01:00,,
16/03/2023 01:30,,
16/03/2023 02:00,,
16/03/2023 02:30,,
16/03/2023 03:00,,
16/03/2023 03:30,,
16/03/2023 04:00,,
16/03/2023 04:30,,
16/03/2023 05:00,,
16/03/2023 05:30,,
16/03/2023 06:00,,
16/03/2023 06:30,,
16/03/2023 07:00,,
16/03/2023 07:30,,
16/03/2023 08:00,,
16/03/2023 08:30,,
16/03/2023 09:00,,
16/03/2023 09:30,,
16/03/2023 10:00,,
16/03/2023 10:30,,
16/03/2023 11:00,,
16/03/2023 11:30,,
16/03/2023 12:00,,
16/03/2023 12:30,,
16/03/2023 13:00,,
16/03/2023 13:30,,
16/03/2023 14:00,,
16/03/2023 14:30,,
16/03/2023 15:00,,
16/03/2023 15:30,,
16/03/2023 16:00,,
16/03/2023 16:30,,
16/03/2023 17:00,,
16/03/2023 17:30,,
16/03/2023 18:00,,
16/03/2023 18:30,,
16/03/2023 19:00,,
16/03/2023 19:30,,
16/03/2023 20:00,,
16/03/2023 20:30,,
16/03/2023 21:00,,
16/03/2023 21:30,,
16/03/2023 22:00,,
16/03/2023 22:30,,
16/03/2023 23:00,,
16/03/2023 23:30,,
17/03/2023 00:00,,
17/03/2023 00:30,,
17/03/2023 01:00,,
17/03/2023 01:30,,
17/03/2023 02:00,,
17/03/2023 02:30,,
17/03/2023 03:00,,
17/03/2023 03:30,,
17/03/2023 04:00,,
17/03/2023 04:30,,
17/03/2023 05:00,,
17/03/2023 05:30,,
17/03/2023 06:00,,
17/03/2023 06:30,,
17/03/2023 07:00,,
17/03/2023 07:30,,
17/03/2023 08:00,,
17/03/2023 08:30,,
17/03/2023 09:00,,
17/03/2023 09:30,,
17/03/2023 10:00,,
17/03/2023 10:30,,
17/03/2023 11:00,,
17/03/2023 11:30,,
17/03/2023 12:00,,
17/03/2023 12:30,,
17/03/2023 13:00,,
17/03/2023 13:30,,
17/03/2023 14:00,,
17/03/2023 14:30,,
17/03/2023 15:00,,
17/03/2023 15:30,,
17/03/2023 16:00,,
17/03/2023 16:30,,
17/03/2023 17:00,,
17/03/2023 17:30,,
17/03/2023 18:00,,
17/03/2023 18:30,,
17/03/2023 19:00,,
17/03/2023 19:30,,
17/03/2023 20:00,,
17/03/2023 20:30,,
17/03/2023 21:00,,
17/03/2023 21:30,,
17/03/2023 22:00,,
17/03/2023 22:30,,
17/03/2023 23:00,,
17/03/2023 23:30,,
18/03/2023 00:00,,
18/03/2023 00:30,,
18/03/2023 01:00,,
18/03/2023 01:30,,
18/03/2023 02:00,,
18/03/2023 02:30,,
18/03/2023 03:00,,
18/03/2023 03:30,,
18/03/2023 04:00,,
18/03/2023 04:30,,
18/03/2023 05:00,,
18/03/2023 05:30,,
18/03/2023 06:00,,
18/03/2023 06:30,,
18/03/2023 07:00,,
18/03/2023 07:30,,
18/03/2023 08:00,,
18/03/2023 08:30,,
18/03/2023 09:00,,
18/03/2023 09:30,,
18/03/2023 10:00,,
18/03/2023 10:30,,
18/03/2023 11:00,,
18/03/2023 11:30,,
18/03/2023 12:00,,
18/03/2023 12:30,,
18/03/2023 13:00,,
18/03/2023 13:30,,
18/03/2023 14:00,,
18/03/2023 14:30,,
18/03/2023 15:00,,
18/03/2023 15:30,,
18/03/2023 16:00,,
18/03/2023 16:30,,
18/03/2023 17:00,,
18/03/2023 17:30,,
18/03/2023 18:00,,
18/03/2023 18:30,,
18/03/2023 19:00,,
18/03/2023 19:30,,
18/03/2023 20:00,,
18/03/2023 20:30,,
18/03/2023 21:00,,
18/03/2023 21:30,,
18/03/2023 22:00,,
18/03/2023 22:30,,
18/03/2023 23:00,,
18/03/2023 23:30,,
19/03/2023 00:00,,
19/03/2023 00:30,,
19/03/2023 01:00,,
19/03/2023 01:30,,
19/03/2023 02:00,,
19/03/2023 02:30,,
19/03/2023 03:00,,
19/03/2023 03:30,,
19/03/2023 04:00,,
19/03/2023 04:30,,
19/03/2023 05:00,,
19/03/2023 05:30,,
19/03/2023 06:00,,
19/03/2023 06:30,,
19/03/2023 07:00,,
19/03/2023 07:30,,
19/03/2023 08:00,,
19/03/2023 08:30,,
19/03/2023 09:00,,
19/03/2023 09:30,,
19/03/2023 10:00,,
19/03/2023 10:30,,
19/03/2023 11:00,,
19/03/2023 11:30,,
19/03/2023 12:00,,
19/03/2023 12:30,,
19/03/2023 13:00,,
19/03/2023 13:30,,
19/03/2023 14:00,,
19/03/2023 14:30,,
19/03/2023 15:00,,
19/03/2023 15:30,,
19/03/2023 16:00,,
19/03/2023 16:30,,
19/03/2023 17:00,,
19/03/2023 17:30,,
19/03/2023 18:00,,
19/03/2023 18:30,,
19/03/2023 19:00,,
19/03/2023 19:30,,
19/03/2023 20:00,,
19/03/2023 20:30,,
19/03/2023 21:00,,
19/03/2023 21:30,,
19/03/2023 22:00,,
19/03/2023 22:30,,
19/03/2023 23:00,,
19/03/2023 23:30,,
20/03/2023 00:00,,
20/03/2023 00:30,,
20/03/2023 01:00,,
20/03/2023 01:30,,
20/03/2023 02:00,,
20/03/2023 02:30,,
20/03/2023 03:00,,
20/03/2023 03:30,,
20/03/2023 04:00,,
20/03/2023 04:30,,
20/03/2023 05:00,,
20/03/2023 05:30,,
20/03/2023 06:00,,
20/03/2023 06:30,,
20/03/2023 07:00,,
20/03/2023 07:30,,
20/03/2023 08:00,,
20/03/2023 08:30,,
20/03/2023 09:00,,
20/03/2023 09:30,,
20/03/2023 10:00,,
20/03/2023 10:30,,
20/03/2023 11:00,,
20/03/2023 11:30,,
20/03/2023 12:00,,
20/03/2023 12:30,,
20/03/2023 13:00,,
20/03/2023 13:30,,
20/03/2023 14:00,,
20/03/2023 14:30,,
20/03/2023 15:00,,
20/03/2023 15:30,,
20/03/2023 16:00,,
20/03/2023 16:30,,
20/03/2023 17:00,,
20/03/2023 17:30,,
20/03/2023 18:00,,
20/03/2023 18:30,,
20/03/2023 19:00,,
20/03/2023 19:30,,
20/03/2023 20:00,,
20/03/2023 20:30,,
20/03/2023 21:00,,
20/03/2023 21:30,,
20/03/2023 22:00,,
20/03/2023 22:30,,
20/03/2023 23:00,,
20/03/2023 23:30,,
21/03/2023 00:00,,
21/03/2023 00:30,,
21/03/2023 01:00,,
21/03/2023 01:30,,
21/03/2023 02:00,,
21/03/2023 02:30,,
21/03/2023 03:00,,
21/03/2023 03:30,,
21/03/2023 04:00,,
21/03/2023 04:30,,
21/03/2023 05:00,,
21/03/2023 05:30,,
21/03/2023 06:00,,
21/03/2023 06:30,,
21/03/2023 07:00,,
21/03/2023 07:30,,
21/03/2023 08:00,,
21/03/2023 08:30,,
21/03/2023 09:00,,
21/03/2023 09:30,,
21/03/2023 10:00,,
21/03/2023 10:30,,
21/03/2023 11:00,,
21/03/2023 11:30,,
21/03/2023 12:00,,
21/03/2023 12:30,,
21/03/2023 13:00,,
21/03/2023 13:30,,
21/03/2023 14:00,,
21/03/2023 14:30,,
21/03/2023 15:00,,
21/03/2023 15:30,,
21/03/2023 16:00,,
21/03/2023 16:30,,
21/03/2023 17:00,,
21/03/2023 17:30,,
21/03/2023 18:00,,
21/03/2023 18:30,,
21/03/2023 19:00,,
21/03/2023 19:30,,
21/03/2023 20:00,,
21/03/2023 20:30,,
21/03/2023 21:00,,
21/03/2023 21:30,,
21/03/2023 22:00,,
21/03/2023 22:30,,
21/03/2023 23:00,,
21/03/2023 23:30,,
22/03/2023 00:00,,
22/03/2023 00:30,,
22/03/2023 01:00,,
22/03/2023 01:30,,
22/03/2023 02:00,,
22/03/2023 02:30,,
22/03/2023 03:00,,
22/03/2023 03:30,,
22/03/2023 04:00,,
22/03/2023 04:30,,
22/03/2023 05:00,,
22/03/2023 05:30,,
22/03/2023 06:00,,
22/03/2023 06:30,,
22/03/2023 07:00,,
22/03/2023 07:30,,
22/03/2023 08:00,,
22/03/2023 08:30,,
22/03/2023 09:00,,
22/03/2023 09:30,,
22/03/2023 10:00,,
22/03/2023 10:30,,
22/03/2023 11:00,,
22/03/2023 11:30,,
22/03/2023 12:00,,
22/03/2023 12:30,,
22/03/2023 13:00,,
22/03/2023 13:30,,
22/03/2023 14:00,,
22/03/2023 14:30,,
22/03/2023 15:00,,
22/03/2023 15:30,,
22/03/2023 16:00,,
22/03/2023 16:30,,
22/03/2023 17:00,,
22/03/2023 17:30,,
22/03/2023 18:00,,
22/03/2023 18:30,,
22/03/2023 19:00,,
22/03/2023 19:30,,
22/03/2023 20:00,,
22/03/2023 20:30,,
22/03/2023 21:00,,
22/03/2023 21:30,,
22/03/2023 22:00,,
22/03/2023 22:30,,
22/03/2023 23:00,,
22/03/2023 23:30,,
23/03/2023 00:00,,
23/03/2023 00:30,,
23/03/2023 01:00,,
23/03/2023 01:30,,
23/03/2023 02:00,,
23/03/2023 02:30,,
23/03/2023 03:00,,
23/03/2023 03:30,,
23/03/2023 04:00,,
23/03/2023 04:30,,
23/03/2023 05:00,,
23/03/2023 05:30,,
23/03/2023 06:00,,
23/03/2023 06:30,,
23/03/2023 07:00,,
23/03/2023 07:30,,
23/03/2023 08:00,,
23/03/2023 08:30,,
23/03/2023 09:00,,
23/03/2023 09:30,,
23/03/2023 10:00,,
23/03/2023 10:30,,
23/03/2023 11:00,,
23/03/2023 11:30,,
23/03/2023 12:00,,
23/03/2023 12:30,,
23/03/2023 13:00,,
23/03/2023 13:30,,
23/03/2023 14:00,,
23/03/2023 14:30,,
23/03/2023 15:00,,
23/03/2023 15:30,,
23/03/2023 16:00,,
23/03/2023 16:30,,
23/03/2023 17:00,,
23/03/2023 17:30,,
23/03/2023 18:00,,
23/03/2023 18:30,,
23/03/2023 19:00,,
23/03/2023 19:30,,
23/03/2023 20:00,,
23/03/2023 20:30,,
23/03/2023 21:00,,
23/03/2023 21:30,,
23/03/2023 22:00,,
23/03/2023 22:30,,
23/03/2023 23:00,,
23/03/2023 23:30,,
24/03/2023 00:00,,
24/03/2023 00:30,,
24/03/2023 01:00,,
24/03/2023 01:30,,
24/03/2023 02:00,,
24/03/2023 02:30,,
24/03/2023 03:00,,
24/03/2023 03:30,,
24/03/2023 04:00,,
24/03/2023 04:30,,
24/03/2023 05:00,,
24/03/2023 05:30,,
24/03/2023 06:00,,
24/03/2023 06:30,,
24/03/2023 07:00,,
24/03/2023 07:30,,
24/03/2023 08:00,,
24/03/2023 08:30,,
24/03/2023 09:00,,
24/03/2023 09:30,,
24/03/2023 10:00,,
24/03/2023 10:30,,
24/03/2023 11:00,,
24/03/2023 11:30,,
24/03/2023 12:00,,
24/03/2023 12:30,,
24/03/2023 13:00,,
24/03/2023 13:30,,
24/03/2023 14:00,,
24/03/2023 14:30,,
24/03/2023 15:00,,
24/03/2023 15:30,,
24/03/2023 16:00,,
24/03/2023 16:30,,
24/03/2023 17:00,,
24/03/2023 17:30,,
24/03/2023 18:00,,
24/03/2023 18:30,,
24/03/2023 19:00,,
24/03/2023 19:30,,
24/03/2023 20:00,,
24/03/2023 20:30,,
24/03/2023 21:00,,
24/03/2023 21:30,,
24/03/2023 22:00,,
24/03/2023 22:30,,
24/03/2023 23:00,,
24/03/2023 23:30,,
25/03/2023 00:00,,
25/03/2023 00:30,,
25/03/2023 01:00,,
25/03/2023 01:30,,
25/03/2023 02:00,,
25/03/2023 02:30,,
25/03/2023 03:00,,
25/03/2023 03:30,,
25/03/2023 04:00,,
25/03/2023 04:30,,
25/03/2023 05:00,,
25/03/2023 05:30,,
25/03/2023 06:00,,
25/03/2023 06:30,,
25/03/2023 07:00,,
25/03/2023 07:30,,
25/03/2023 08:00,,
25/03/2023 08:30,,
25/03/2023 09:00,,
25/03/2023 09:30,,
25/03/2023 10:00,,
25/03/2023 10:30,,
25/03/2023 11:00,,
25/03/2023 11:30,,
25/03/2023 12:00,,
25/03/2023 12:30,,
25/03/2023 13:00,,
25/03/2023 13:30,,
25/03/2023 14:00,,
25/03/2023 14:30,,
25/03/2023 15:00,,
25/03/2023 15:30,,
25/03/2023 16:00,,
25/03/2023 16:30,,
25/03/2023 17:00,,
25/03/2023 17:30,,
25/03/2023 18:00,,
25/03/2023 18:30,,
25/03/2023 19:00,,
25/03/2023 19:30,,
25/03/2023 20:00,,
25/03/2023 20:30,,
25/03/2023 21:00,,
25/03/2023 21:30,,
25/03/2023 22:00,,
25/03/2023 22:30,,
25/03/2023 23:00,,
25/03/2023 23:30,,
26/03/2023 00:00,,
26/03/2023 00:30,,
26/03/2023 01:00,,
26/03/2023 01:30,,
26/03/2023 02:00,,
26/03/2023 02:30,,
26/03/2023 03:00,,
26/03/2023 03:30,,
26/03/2023 04:00,,
26/03/2023 04:30,,
26/03/2023 05:00,,
26/03/2023 05:30,,
26/03/2023 06:00,,
26/03/2023 06:30,,
26/03/2023 07:00,,
26/03/2023 07:30,,
26/03/2023 08:00,,
26/03/2023 08:30,,
26/03/2023 09:00,,
26/03/2023 09:30,,
26/03/2023 10:00,,
26/03/2023 10:30,,
26/03/2023 11:00,,
26/03/2023 11:30,,
26/03/2023 12:00,,
26/03/2023 12:30,,
26/03/2023 13:00,,
26/03/2023 13:30,,
26/03/2023 14:00,,
26/03/2023 14:30,,
26/03/2023 15:00,,
26/03/2023 15:30,,
26/03/2023 16:00,,
26/03/2023 16:30,,
26/03/2023 17:00,,
26/03/2023 17:30,,
26/03/2023 18:00,,
26/03/2023 18:30,,
26/03/2023 19:00,,
26/03/2023 19:30,,
26/03/2023 20:00,,
26/03/2023 20:30,,
26/03/2023 21:00,,
26/03/2023 21:30,,
26/03/2023 22:00,,
26/03/2023 22:30,,
26/03/2023 23:00,,
26/03/2023 23:30,,
27/03/2023 00:00,,
27/03/2023 00:30,,
27/03/2023 01:00,,
27/03/2023 01:30,,
27/03/2023 02:00,,
27/03/2023 02:30,,
27/03/2023 03:00,,
27/03/2023 03:30,,
27/03/2023 04:00,,
27/03/2023 04:30,,
27/03/2023 05:00,,
27/03/2023 05:30,,
27/03/2023 06:00,,
27/03/2023 06:30,,
27/03/2023 07:00,,
27/03/2023 07:30,,
27/03/2023 08:00,,
27/03/2023 08:30,,
27/03/2023 09:00,,
27/03/2023 09:30,,
27/03/2023 10:00,,
27/03/2023 10:30,,
27/03/2023 11:00,,
27/03/2023 11:30,,
27/03/2023 12:00,,
27/03/2023 12:30,,
27/03/2023 13:00,,
27/03/2023 13:30,,
27/03/2023 14:00,,
27/03/2023 14:30,,
27/03/2023 15:00,,
27/03/2023 15:30,,
27/03/2023 16:00,,
27/03/2023 16:30,,
27/03/2023 17:00,,
27/03/2023 17:30,,
27/03/2023 18:00,,
27/03/2023 18:30,,
27/03/2023 19:00,,
27/03/2023 19:30,,
27/03/2023 20:00,,
27/03/2023 20:30,,
27/03/2023 21:00,,
27/03/2023 21:30,,
27/03/2023 22:00,,
27/03/2023 22:30,,
27/03/2023 23:00,,
27/03/2023 23:30,,
28/03/2023 00:00,,
28/03/2023 00:30,,
28/03/2023 01:00,,
28/03/2023 01:30,,
28/03/2023 02:00,,
28/03/2023 02:30,,
28/03/2023 03:00,,
28/03/2023 03:30,,
28/03/2023 04:00,,
28/03/2023 04:30,,
28/03/2023 05:00,,
28/03/2023 05:30,,
28/03/2023 06:00,,
28/03/2023 06:30,,
28/03/2023 07:00,,
28/03/2023 07:30,,
28/03/2023 08:00,,
28/03/2023 08:30,,
28/03/2023 09:00,,
28/03/2023 09:30,,
28/03/2023 10:00,,
28/03/2023 10:30,,
28/03/2023 11:00,,
28/03/2023 11:30,,
28/03/2023 12:00,,
28/03/2023 12:30,,
28/03/2023 13:00,,
28/03/2023 13:30,,
28/03/2023 14:00,,
28/03/2023 14:30,,
28/03/2023 15:00,,
28/03/2023 15:30,,
28/03/2023 16:00,,
28/03/2023 16:30,,
28/03/2023 17:00,,
28/03/2023 17:30,,
28/03/2023 18:00,,
28/03/2023 18:30,,
28/03/2023 19:00,,
28/03/2023 19:30,,
28/03/2023 20:00,,
28/03/2023 20:30,,
28/03/2023 21:00,,
28/03/2023 21:30,,
28/03/2023 22:00,,
28/03/2023 22:30,,
28/03/2023 23:00,,
28/03/2023 23:30,,
29/03/2023 00:00,,
29/03/2023 00:30,,
29/03/2023 01:00,,
29/03/2023 01:30,,
29/03/2023 02:00,,
29/03/2023 02:30,,
29/03/2023 03:00,,
29/03/2023 03:30,,
29/03/2023 04:00,,
29/03/2023 04:30,,
29/03/2023 05:00,,
29/03/2023 05:30,,
29/03/2023 06:00,,
29/03/2023 06:30,,
29/03/2023 07:00,,
29/03/2023 07:30,,
29/03/2023 08:00,,
29/03/2023 08:30,,
29/03/2023 09:00,,
29/03/2023 09:30,,
29/03/2023 10:00,,
29/03/2023 10:30,,
29/03/2023 11:00,,
29/03/2023 11:30,,
29/03/2023 12:00,,
29/03/2023 12:30,,
29/03/2023 13:00,,
29/03/2023 13:30,,
29/03/2023 14:00,,
29/03/2023 14:30,,
29/03/2023 15:00,,
29/03/2023 15:30,,
29/03/2023 16:00,,
29/03/2023 16:30,,
29/03/2023 17:00,,
29/03/2023 17:30,,
29/03/2023 18:00,,
29/03/2023 18:30,,
29/03/2023 19:00,,
29/03/2023 19:30,,
29/03/2023 20:00,,
29/03/2023 20:30,,
29/03/2023 21:00,,
29/03/2023 21:30,,
29/03/2023 22:00,,
29/03/2023 22:30,,
29/03/2023 23:00,,
29/03/2023 23:30,,
30/03/2023 00:00,,
30/03/2023 00:30,,
30/03/2023 01:00,,
30/03/2023 01:30,,
30/03/2023 02:00,,
30/03/2023 02:30,,
30/03/2023 03:00,,
30/03/2023 03:30,,
30/03/2023 04:00,,
30/03/2023 04:30,,
30/03/2023 05:00,,
30/03/2023 05:30,,
30/03/2023 06:00,,
30/03/2023 06:30,,
30/03/2023 07:00,,
30/03/2023 07:30,,
30/03/2023 08:00,,
30/03/2023 08:30,,
30/03/2023 09:00,,
30/03/2023 09:30,,
30/03/2023 10:00,,
30/03/2023 10:30,,
30/03/2023 11:00,,
30/03/2023 11:30,,
30/03/2023 12:00,,
30/03/2023 12:30,,
30/03/2023 13:00,,
30/03/2023 13:30,,
30/03/2023 14:00,,
30/03/2023 14:30,,
30/03/2023 15:00,,
30/03/2023 15:30,,
30/03/2023 16:00,,
30/03/2023 16:30,,
30/03/2023 17:00,,
30/03/2023 17:30,,
30/03/2023 18:00,,
30/03/2023 18:30,,
30/03/2023 19:00,,
30/03/2023 19:30,,
30/03/2023 20:00,,
30/03/2023 20:30,,
30/03/2023 21:00,,
30/03/2023 21:30,,
30/03/2023 22:00,,
30/03/2023 22:30,,
30/03/2023 23:00,,
30/03/2023 23:30,,
31/03/2023 00:00,,
31/03/2023 00:30,,
31/03/2023 01:00,,
31/03/2023 01:30,,
31/03/2023 02:00,,
31/03/2023 02:30,,
31/03/2023 03:00,,
31/03/2023 03:30,,
31/03/2023 04:00,,
31/03/2023 04:30,,
31/03/2023 05:00,,
31/03/2023 05:30,,
31/03/2023 06:00,,
31/03/2023 06:30,,
31/03/2023 07:00,,
31/03/2023 07:30,,
31/03/2023 08:00,,
31/03/2023 08:30,,
31/03/2023 09:00,,
31/03/2023 09:30,,
31/03/2023 10:00,,
31/03/2023 10:30,,
31/03/2023 11:00,,
31/03/2023 11:30,,
31/03/2023 12:00,,
31/03/2023 12:30,,
31/03/2023 13:00,,
31/03/2023 13:30,,
31/03/2023 14:00,,
31/03/2023 14:30,,
31/03/2023 15:00,,
31/03/2023 15:30,,
31/03/2023 16:00,,
31/03/2023 16:30,,
31/03/2023 17:00,,
31/03/2023 17:30,,
31/03/2023 18:00,,
31/03/2023 18:30,,
31/03/2023 19:00,,
31/03/2023 19:30,,
31/03/2023 20:00,,
31/03/2023 20:30,,
31/03/2023 21:00,,
31/03/2023 21:30,,
31/03/2023 22:00,,
31/03/2023 22:30,,
31/03/2023 23:00,,
31/03/2023 23:30,,
01/04/2023 00:00,,
01/04/2023 00:30,,
01/04/2023 01:00,,
01/04/2023 01:30,,
01/04/2023 02:00,,
01/04/2023 02:30,,
01/04/2023 03:00,,
01/04/2023 03:30,,
01/04/2023 04:00,,
01/04/2023 04:30,,
01/04/2023 05:00,,
01/04/2023 05:30,,
01/04/2023 06:00,,
01/04/2023 06:30,,
01/04/2023 07:00,,
01/04/2023 07:30,,
01/04/2023 08:00,,
01/04/2023 08:30,,
01/04/2023 09:00,,
01/04/2023 09:30,,
01/04/2023 10:00,,
01/04/2023 10:30,,
01/04/2023 11:00,,
01/04/2023 11:30,,
01/04/2023 12:00,,
01/04/2023 12:30,,
01/04/2023 13:00,,
01/04/2023 13:30,,
01/04/2023 14:00,,
01/04/2023 14:30,,
01/04/2023 15:00,,
01/04/2023 15:30,,
01/04/2023 16:00,,
01/04/2023 16:30,,
01/04/2023 17:00,,
01/04/2023 17:30,,
01/04/2023 18:00,,
01/04/2023 18:30,,
01/04/2023 19:00,,
01/04/2023 19:30,,
01/04/2023 20:00,,
01/04/2023 20:30,,
01/04/2023 21:00,,
01/04/2023 21:30,,
01/04/2023 22:00,,
01/04/2023 22:30,,
01/04/2023 23:00,,
01/04/2023 23:30,,
02/04/2023 00:00,,
02/04/2023 00:30,,
02/04/2023 01:00,,
02/04/2023 01:30,,
02/04/2023 02:00,,
02/04/2023 02:30,,
02/04/2023 03:00,,
02/04/2023 03:30,,
02/04/2023 04:00,,
02/04/2023 04:30,,
02/04/2023 05:00,,
02/04/2023 05:30,,
02/04/2023 06:00,,
02/04/2023 06:30,,
02/04/2023 07:00,,
02/04/2023 07:30,,
02/04/2023 08:00,,
02/04/2023 08:30,,
02/04/2023 09:00,,
02/04/2023 09:30,,
02/04/2023 10:00,,
02/04/2023 10:30,,
02/04/2023 11:00,,
02/04/2023 11:30,,
02/04/2023 12:00,,
02/04/2023 12:30,,
02/04/2023 13:00,,
02/04/2023 13:30,,
02/04/2023 14:00,,
02/04/2023 14:30,,
02/04/2023 15:00,,
02/04/2023 15:30,,
02/04/2023 16:00,,
02/04/2023 16:30,,
02/04/2023 17:00,,
02/04/2023 17:30,,
02/04/2023 18:00,,
02/04/2023 18:30,,
02/04/2023 19:00,,
02/04/2023 19:30,,
02/04/2023 20:00,,
02/04/2023 20:30,,
02/04/2023 21:00,,
02/04/2023 21:30,,
02/04/2023 22:00,,
02/04/2023 22:30,,
02/04/2023 23:00,,
02/04/2023 23:30,,
03/04/2023 00:00,,
03/04/2023 00:30,,
03/04/2023 01:00,,
03/04/2023 01:30,,
03/04/2023 02:00,,
03/04/2023 02:30,,
03/04/2023 03:00,,
03/04/2023 03:30,,
03/04/2023 04:00,,
03/04/2023 04:30,,
03/04/2023 05:00,,
03/04/2023 05:30,,
03/04/2023 06:00,,
03/04/2023 06:30,,
03/04/2023 07:00,,
03/04/2023 07:30,,
03/04/2023 08:00,,
03/04/2023 08:30,,
03/04/2023 09:00,,
03/04/2023 09:30,,
03/04/2023 10:00,,
03/04/2023 10:30,,
03/04/2023 11:00,,
03/04/2023 11:30,,
03/04/2023 12:00,,
03/04/2023 12:30,,
03/04/2023 13:00,,
03/04/2023 13:30,,
03/04/2023 14:00,,
03/04/2023 14:30,,
03/04/2023 15:00,,
03/04/2023 15:30,,
03/04/2023 16:00,,
03/04/2023 16:30,,
03/04/2023 17:00,,
03/04/2023 17:30,,
03/04/2023 18:00,,
03/04/2023 18:30,,
03/04/2023 19:00,,
03/04/2023 19:30,,
03/04/2023 20:00,,
03/04/2023 20:30,,
03/04/2023 21:00,,
03/04/2023 21:30,,
03/04/2023 22:00,,
03/04/2023 22:30,,
03/04/2023 23:00,,
03/04/2023 23:30,,
04/04/2023 00:00,,
04/04/2023 00:30,,
04/04/2023 01:00,,
04/04/2023 01:30,,
04/04/2023 02:00,,
04/04/2023 02:30,,
04/04/2023 03:00,,
04/04/2023 03:30,,
04/04/2023 04:00,,
04/04/2023 04:30,,
04/04/2023 05:00,,
04/04/2023 05:30,,
04/04/2023 06:00,,
04/04/2023 06:30,,
04/04/2023 07:00,,
04/04/2023 07:30,,
04/04/2023 08:00,,
04/04/2023 08:30,,
04/04/2023 09:00,,
04/04/2023 09:30,,
04/04/2023 10:00,,
04/04/2023 10:30,,
04/04/2023 11:00,,
04/04/2023 11:30,,
04/04/2023 12:00,,
04/04/2023 12:30,,
04/04/2023 13:00,,
04/04/2023 13:30,,
04/04/2023 14:00,,
04/04/2023 14:30,,
04/04/2023 15:00,,
04/04/2023 15:30,,
04/04/2023 16:00,,
04/04/2023 16:30,,
04/04/2023 17:00,,
04/04/2023 17:30,,
04/04/2023 18:00,,
04/04/2023 18:30,,
04/04/2023 19:00,,
04/04/2023 19:30,,
04/04/2023 20:00,,
04/04/2023 20:30,,
04/04/2023 21:00,,
04/04/2023 21:30,,
04/04/2023 22:00,,
04/04/2023 22:30,,
04/04/2023 23:00,,
04/04/2023 23:30,,
05/04/2023 00:00,,
05/04/2023 00:30,,
05/04/2023 01:00,,
05/04/2023 01:30,,
05/04/2023 02:00,,
05/04/2023 02:30,,
05/04/2023 03:00,,
05/04/2023 03:30,,
05/04/2023 04:00,,
05/04/2023 04:30,,
05/04/2023 05:00,,
05/04/2023 05:30,,
05/04/2023 06:00,,
05/04/2023 06:30,,
05/04/2023 07:00,,
05/04/2023 07:30,,
05/04/2023 08:00,,
05/04/2023 08:30,,
05/04/2023 09:00,,
05/04/2023 09:30,,
05/04/2023 10:00,,
05/04/2023 10:30,,
05/04/2023 11:00,,
05/04/2023 11:30,,
05/04/2023 12:00,,
05/04/2023 12:30,,
05/04/2023 13:00,,
05/04/2023 13:30,,
05/04/2023 14:00,,
05/04/2023 14:30,,
05/04/2023 15:00,,
05/04/2023 15:30,,
05/04/2023 16:00,,
05/04/2023 16:30,,
05/04/2023 17:00,,
05/04/2023 17:30,,
05/04/2023 18:00,,
05/04/2023 18:30,,
05/04/2023 19:00,,
05/04/2023 19:30,,
05/04/2023 20:00,,
05/04/2023 20:30,,
05/04/2023 21:00,,
05/04/2023 21:30,,
05/04/2023 22:00,,
05/04/2023 22:30,,
05/04/2023 23:00,,
05/04/2023 23:30,,
06/04/2023 00:00,,
06/04/2023 00:30,,
06/04/2023 01:00,,
06/04/2023 01:30,,
06/04/2023 02:00,,
06/04/2023 02:30,,
06/04/2023 03:00,,
06/04/2023 03:30,,
06/04/2023 04:00,,
06/04/2023 04:30,,
06/04/2023 05:00,,
06/04/2023 05:30,,
06/04/2023 06:00,,
06/04/2023 06:30,,
06/04/2023 07:00,,
06/04/2023 07:30,,
06/04/2023 08:00,,
06/04/2023 08:30,,
06/04/2023 09:00,,
06/04/2023 09:30,,
06/04/2023 10:00,,
06/04/2023 10:30,,
06/04/2023 11:00,,
06/04/2023 11:30,,
06/04/2023 12:00,,
06/04/2023 12:30,,
06/04/2023 13:00,,
06/04/2023 13:30,,
06/04/2023 14:00,,
06/04/2023 14:30,,
06/04/2023 15:00,,
06/04/2023 15:30,,
06/04/2023 16:00,,
06/04/2023 16:30,,
06/04/2023 17:00,,
06/04/2023 17:30,,
06/04/2023 18:00,,
06/04/2023 18:30,,
06/04/2023 19:00,,
06/04/2023 19:30,,
06/04/2023 20:00,,
06/04/2023 20:30,,
06/04/2023 21:00,,
06/04/2023 21:30,,
06/04/2023 22:00,,
06/04/2023 22:30,,
06/04/2023 23:00,,
06/04/2023 23:30,,
07/04/2023 00:00,,
07/04/2023 00:30,,
07/04/2023 01:00,,
07/04/2023 01:30,,
07/04/2023 02:00,,
07/04/2023 02:30,,
07/04/2023 03:00,,
07/04/2023 03:30,,
07/04/2023 04:00,,
07/04/2023 04:30,,
07/04/2023 05:00,,
07/04/2023 05:30,,
07/04/2023 06:00,,
07/04/2023 06:30,,
07/04/2023 07:00,,
07/04/2023 07:30,,
07/04/2023 08:00,,
07/04/2023 08:30,,
07/04/2023 09:00,,
07/04/2023 09:30,,
07/04/2023 10:00,,
07/04/2023 10:30,,
07/04/2023 11:00,,
07/04/2023 11:30,,
07/04/2023 12:00,,
07/04/2023 12:30,,
07/04/2023 13:00,,
07/04/2023 13:30,,
07/04/2023 14:00,,
07/04/2023 14:30,,
07/04/2023 15:00,,
07/04/2023 15:30,,
07/04/2023 16:00,,
07/04/2023 16:30,,
07/04/2023 17:00,,
07/04/2023 17:30,,
07/04/2023 18:00,,
07/04/2023 18:30,,
07/04/2023 19:00,,
07/04/2023 19:30,,
07/04/2023 20:00,,
07/04/2023 20:30,,
07/04/2023 21:00,,
07/04/2023 21:30,,
07/04/2023 22:00,,
07/04/2023 22:30,,
07/04/2023 23:00,,
07/04/2023 23:30,,
08/04/2023 00:00,,
08/04/2023 00:30,,
08/04/2023 01:00,,
08/04/2023 01:30,,
08/04/2023 02:00,,
08/04/2023 02:30,,
08/04/2023 03:00,,
08/04/2023 03:30,,
08/04/2023 04:00,,
08/04/2023 04:30,,
08/04/2023 05:00,,
08/04/2023 05:30,,
08/04/2023 06:00,,
08/04/2023 06:30,,
08/04/2023 07:00,,
08/04/2023 07:30,,
08/04/2023 08:00,,
08/04/2023 08:30,,
08/04/2023 09:00,,
08/04/2023 09:30,,
08/04/2023 10:00,,
08/04/2023 10:30,,
08/04/2023 11:00,,
08/04/2023 11:30,,
08/04/2023 12:00,,
08/04/2023 12:30,,
08/04/2023 13:00,,
08/04/2023 13:30,,
08/04/2023 14:00,,
08/04/2023 14:30,,
08/04/2023 15:00,,
08/04/2023 15:30,,
08/04/2023 16:00,,
08/04/2023 16:30,,
08/04/2023 17:00,,
08/04/2023 17:30,,
08/04/2023 18:00,,
08/04/2023 18:30,,
08/04/2023 19:00,,
08/04/2023 19:30,,
08/04/2023 20:00,,
08/04/2023 20:30,,
08/04/2023 21:00,,
08/04/2023 21:30,,
08/04/2023 22:00,,
08/04/2023 22:30,,
08/04/2023 23:00,,
08/04/2023 23:30,,
09/04/2023 00:00,,
09/04/2023 00:30,,
09/04/2023 01:00,,
09/04/2023 01:30,,
09/04/2023 02:00,,
09/04/2023 02:30,,
09/04/2023 03:00,,
09/04/2023 03:30,,
09/04/2023 04:00,,
09/04/2023 04:30,,
09/04/2023 05:00,,
09/04/2023 05:30,,
09/04/2023 06:00,,
09/04/2023 06:30,,
09/04/2023 07:00,,
09/04/2023 07:30,,
09/04/2023 08:00,,
09/04/2023 08:30,,
09/04/2023 09:00,,
09/04/2023 09:30,,
09/04/2023 10:00,,
09/04/2023 10:30,,
09/04/2023 11:00,,
09/04/2023 11:30,,
09/04/2023 12:00,,
09/04/2023 12:30,,
09/04/2023 13:00,,
09/04/2023 13:30,,
09/04/2023 14:00,,
09/04/2023 14:30,,
09/04/2023 15:00,,
09/04/2023 15:30,,
09/04/2023 16:00,,
09/04/2023 16:30,,
09/04/2023 17:00,,
09/04/2023 17:30,,
09/04/2023 18:00,,
09/04/2023 18:30,,
09/04/2023 19:00,,
09/04/2023 19:30,,
09/04/2023 20:00,,
09/04/2023 20:30,,
09/04/2023 21:00,,
09/04/2023 21:30,,
09/04/2023 22:00,,
09/04/2023 22:30,,
09/04/2023 23:00,,
09/04/2023 23:30,,
10/04/2023 00:00,,
10/04/2023 00:30,,
10/04/2023 01:00,,
10/04/2023 01:30,,
10/04/2023 02:00,,
10/04/2023 02:30,,
10/04/2023 03:00,,
10/04/2023 03:30,,
10/04/2023 04:00,,
10/04/2023 04:30,,
10/04/2023 05:00,,
10/04/2023 05:30,,
10/04/2023 06:00,,
10/04/2023 06:30,,
10/04/2023 07:00,,
10/04/2023 07:30,,
10/04/2023 08:00,,
10/04/2023 08:30,,
10/04/2023 09:00,,
10/04/2023 09:30,,
10/04/2023 10:00,,
10/04/2023 10:30,,
10/04/2023 11:00,,
10/04/2023 11:30,,
10/04/2023 12:00,,
10/04/2023 12:30,,
10/04/2023 13:00,,
10/04/2023 13:30,,
10/04/2023 14:00,,
10/04/2023 14:30,,
10/04/2023 15:00,,
10/04/2023 15:30,,
10/04/2023 16:00,,
10/04/2023 16:30,,
10/04/2023 17:00,,
10/04/2023 17:30,,
10/04/2023 18:00,,
10/04/2023 18:30,,
10/04/2023 19:00,,
10/04/2023 19:30,,
10/04/2023 20:00,,
10/04/2023 20:30,,
10/04/2023 21:00,,
10/04/2023 21:30,,
10/04/2023 22:00,,
10/04/2023 22:30,,
10/04/2023 23:00,,
10/04/2023 23:30,,
11/04/2023 00:00,,
11/04/2023 00:30,,
11/04/2023 01:00,,
11/04/2023 01:30,,
11/04/2023 02:00,,
11/04/2023 02:30,,
11/04/2023 03:00,,
11/04/2023 03:30,,
11/04/2023 04:00,,
11/04/2023 04:30,,
11/04/2023 05:00,,
11/04/2023 05:30,,
11/04/2023 06:00,,
11/04/2023 06:30,,
11/04/2023 07:00,,
11/04/2023 07:30,,
11/04/2023 08:00,,
11/04/2023 08:30,,
11/04/2023 09:00,,
11/04/2023 09:30,,
11/04/2023 10:00,,
11/04/2023 10:30,,
11/04/2023 11:00,,
11/04/2023 11:30,,
11/04/2023 12:00,,
11/04/2023 12:30,,
11/04/2023 13:00,,
11/04/2023 13:30,,
11/04/2023 14:00,,
11/04/2023 14:30,,
11/04/2023 15:00,,
11/04/2023 15:30,,
11/04/2023 16:00,,
11/04/2023 16:30,,
11/04/2023 17:00,,
11/04/2023 17:30,,
11/04/2023 18:00,,
11/04/2023 18:30,,
11/04/2023 19:00,,
11/04/2023 19:30,,
11/04/2023 20:00,,
11/04/2023 20:30,,
11/04/2023 21:00,,
11/04/2023 21:30,,
11/04/2023 22:00,,
11/04/2023 22:30,,
11/04/2023 23:00,,
11/04/2023 23:30,,
12/04/2023 00:00,,
12/04/2023 00:30,,
12/04/2023 01:00,,
12/04/2023 01:30,,
12/04/2023 02:00,,
12/04/2023 02:30,,
12/04/2023 03:00,,
12/04/2023 03:30,,
12/04/2023 04:00,,
12/04/2023 04:30,,
12/04/2023 05:00,,
12/04/2023 05:30,,
12/04/2023 06:00,,
12/04/2023 06:30,,
12/04/2023 07:00,,
12/04/2023 07:30,,
12/04/2023 08:00,,
12/04/2023 08:30,,
12/04/2023 09:00,,
12/04/2023 09:30,,
12/04/2023 10:00,,
12/04/2023 10:30,,
12/04/2023 11:00,,
12/04/2023 11:30,,
12/04/2023 12:00,,
12/04/2023 12:30,,
12/04/2023 13:00,,
12/04/2023 13:30,,
12/04/2023 14:00,,
12/04/2023 14:30,,
12/04/2023 15:00,,
12/04/2023 15:30,,
12/04/2023 16:00,,
12/04/2023 16:30,,
12/04/2023 17:00,,
12/04/2023 17:30,,
12/04/2023 18:00,,
12/04/2023 18:30,,
12/04/2023 19:00,,
12/04/2023 19:30,,
12/04/2023 20:00,,
12/04/2023 20:30,,
12/04/2023 21:00,,
12/04/2023 21:30,,
12/04/2023 22:00,,
12/04/2023 22:30,,
12/04/2023 23:00,,
12/04/2023 23:30,,
13/04/2023 00:00,,
13/04/2023 00:30,,
13/04/2023 01:00,,
13/04/2023 01:30,,
13/04/2023 02:00,,
13/04/2023 02:30,,
13/04/2023 03:00,,
13/04/2023 03:30,,
13/04/2023 04:00,,
13/04/2023 04:30,,
13/04/2023 05:00,,
13/04/2023 05:30,,
13/04/2023 06:00,,
13/04/2023 06:30,,
13/04/2023 07:00,,
13/04/2023 07:30,,
13/04/2023 08:00,,
13/04/2023 08:30,,
13/04/2023 09:00,,
13/04/2023 09:30,,
13/04/2023 10:00,,
13/04/2023 10:30,,
13/04/2023 11:00,,
13/04/2023 11:30,,
13/04/2023 12:00,,
13/04/2023 12:30,,
13/04/2023 13:00,,
13/04/2023 13:30,,
13/04/2023 14:00,,
13/04/2023 14:30,,
13/04/2023 15:00,,
13/04/2023 15:30,,
13/04/2023 16:00,,
13/04/2023 16:30,,
13/04/2023 17:00,,
13/04/2023 17:30,,
13/04/2023 18:00,,
13/04/2023 18:30,,
13/04/2023 19:00,,
13/04/2023 19:30,,
13/04/2023 20:00,,
13/04/2023 20:30,,
13/04/2023 21:00,,
13/04/2023 21:30,,
13/04/2023 22:00,,
13/04/2023 22:30,,
13/04/2023 23:00,,
13/04/2023 23:30,,
14/04/2023 00:00,,
14/04/2023 00:30,,
14/04/2023 01:00,,
14/04/2023 01:30,,
14/04/2023 02:00,,
14/04/2023 02:30,,
14/04/2023 03:00,,
14/04/2023 03:30,,
14/04/2023 04:00,,
14/04/2023 04:30,,
14/04/2023 05:00,,
14/04/2023 05:30,,
14/04/2023 06:00,,
14/04/2023 06:30,,
14/04/2023 07:00,,
14/04/2023 07:30,,
14/04/2023 08:00,,
14/04/2023 08:30,,
14/04/2023 09:00,,
14/04/2023 09:30,,
14/04/2023 10:00,,
14/04/2023 10:30,,
14/04/2023 11:00,,
14/04/2023 11:30,,
14/04/2023 12:00,,
14/04/2023 12:30,,
14/04/2023 13:00,,
14/04/2023 13:30,,
14/04/2023 14:00,,
14/04/2023 14:30,,
14/04/2023 15:00,,
14/04/2023 15:30,,
14/04/2023 16:00,,
14/04/2023 16:30,,
14/04/2023 17:00,,
14/04/2023 17:30,,
14/04/2023 18:00,,
14/04/2023 18:30,,
14/04/2023 19:00,,
14/04/2023 19:30,,
14/04/2023 20:00,,
14/04/2023 20:30,,
14/04/2023 21:00,,
14/04/2023 21:30,,
14/04/2023 22:00,,
14/04/2023 22:30,,
14/04/2023 23:00,,
14/04/2023 23:30,,
15/04/2023 00:00,,
15/04/2023 00:30,,
15/04/2023 01:00,,
15/04/2023 01:30,,
15/04/2023 02:00,,
15/04/2023 02:30,,
15/04/2023 03:00,,
15/04/2023 03:30,,
15/04/2023 04:00,,
15/04/2023 04:30,,
15/04/2023 05:00,,
15/04/2023 05:30,,
15/04/2023 06:00,,
15/04/2023 06:30,,
15/04/2023 07:00,,
15/04/2023 07:30,,
15/04/2023 08:00,,
15/04/2023 08:30,,
15/04/2023 09:00,,
15/04/2023 09:30,,
15/04/2023 10:00,,
15/04/2023 10:30,,
15/04/2023 11:00,,
15/04/2023 11:30,,
15/04/2023 12:00,,
15/04/2023 12:30,,
15/04/2023 13:00,,
15/04/2023 13:30,,
15/04/2023 14:00,,
15/04/2023 14:30,,
15/04/2023 15:00,,
15/04/2023 15:30,,
15/04/2023 16:00,,
15/04/2023 16:30,,
15/04/2023 17:00,,
15/04/2023 17:30,,
15/04/2023 18:00,,
15/04/2023 18:30,,
15/04/2023 19:00,,
15/04/2023 19:30,,
15/04/2023 20:00,,
15/04/2023 20:30,,
15/04/2023 21:00,,
15/04/2023 21:30,,
15/04/2023 22:00,,
15/04/2023 22:30,,
15/04/2023 23:00,,
15/04/2023 23:30,,
16/04/2023 00:00,,
16/04/2023 00:30,,
16/04/2023 01:00,,
16/04/2023 01:30,,
16/04/2023 02:00,,
16/04/2023 02:30,,
16/04/2023 03:00,,
16/04/2023 03:30,,
16/04/2023 04:00,,
16/04/2023 04:30,,
16/04/2023 05:00,,
16/04/2023 05:30,,
16/04/2023 06:00,,
16/04/2023 06:30,,
16/04/2023 07:00,,
16/04/2023 07:30,,
16/04/2023 08:00,,
16/04/2023 08:30,,
16/04/2023 09:00,,
16/04/2023 09:30,,
16/04/2023 10:00,,
16/04/2023 10:30,,
16/04/2023 11:00,,
16/04/2023 11:30,,
16/04/2023 12:00,,
16/04/2023 12:30,,
16/04/2023 13:00,,
16/04/2023 13:30,,
16/04/2023 14:00,,
16/04/2023 14:30,,
16/04/2023 15:00,,
16/04/2023 15:30,,
16/04/2023 16:00,,
16/04/2023 16:30,,
16/04/2023 17:00,,
16/04/2023 17:30,,
16/04/2023 18:00,,
16/04/2023 18:30,,
16/04/2023 19:00,,
16/04/2023 19:30,,
16/04/2023 20:00,,
16/04/2023 20:30,,
16/04/2023 21:00,,
16/04/2023 21:30,,
16/04/2023 22:00,,
16/04/2023 22:30,,
16/04/2023 23:00,,
16/04/2023 23:30,,
17/04/2023 00:00,,
17/04/2023 00:30,,
17/04/2023 01:00,,
17/04/2023 01:30,,
17/04/2023 02:00,,
17/04/2023 02:30,,
17/04/2023 03:00,,
17/04/2023 03:30,,
17/04/2023 04:00,,
17/04/2023 04:30,,
17/04/2023 05:00,,
17/04/2023 05:30,,
17/04/2023 06:00,,
17/04/2023 06:30,,
17/04/2023 07:00,,
17/04/2023 07:30,,
17/04/2023 08:00,,
17/04/2023 08:30,,
17/04/2023 09:00,,
17/04/2023 09:30,,
17/04/2023 10:00,,
17/04/2023 10:30,,
17/04/2023 11:00,,
17/04/2023 11:30,,
17/04/2023 12:00,,
17/04/2023 12:30,,
17/04/2023 13:00,,
17/04/2023 13:30,,
17/04/2023 14:00,,
17/04/2023 14:30,,
17/04/2023 15:00,,
17/04/2023 15:30,,
17/04/2023 16:00,,
17/04/2023 16:30,,
17/04/2023 17:00,,
17/04/2023 17:30,,
17/04/2023 18:00,,
17/04/2023 18:30,,
17/04/2023 19:00,,
17/04/2023 19:30,,
17/04/2023 20:00,,
17/04/2023 20:30,,
17/04/2023 21:00,,
17/04/2023 21:30,,
17/04/2023 22:00,,
17/04/2023 22:30,,
17/04/2023 23:00,,
17/04/2023 23:30,,
18/04/2023 00:00,,
18/04/2023 00:30,,
18/04/2023 01:00,,
18/04/2023 01:30,,
18/04/2023 02:00,,
18/04/2023 02:30,,
18/04/2023 03:00,,
18/04/2023 03:30,,
18/04/2023 04:00,,
18/04/2023 04:30,,
18/04/2023 05:00,,
18/04/2023 05:30,,
18/04/2023 06:00,,
18/04/2023 06:30,,
18/04/2023 07:00,,
18/04/2023 07:30,,
18/04/2023 08:00,,
18/04/2023 08:30,,
18/04/2023 09:00,,
18/04/2023 09:30,,
18/04/2023 10:00,,
18/04/2023 10:30,,
18/04/2023 11:00,,
18/04/2023 11:30,,
18/04/2023 12:00,,
18/04/2023 12:30,,
18/04/2023 13:00,,
18/04/2023 13:30,,
18/04/2023 14:00,,
18/04/2023 14:30,,
18/04/2023 15:00,,
18/04/2023 15:30,,
18/04/2023 16:00,,
18/04/2023 16:30,,
18/04/2023 17:00,,
18/04/2023 17:30,,
18/04/2023 18:00,,
18/04/2023 18:30,,
18/04/2023 19:00,,
18/04/2023 19:30,,
18/04/2023 20:00,,
18/04/2023 20:30,,
18/04/2023 21:00,,
18/04/2023 21:30,,
18/04/2023 22:00,,
18/04/2023 22:30,,
18/04/2023 23:00,,
18/04/2023 23:30,,
19/04/2023 00:00,,
19/04/2023 00:30,,
19/04/2023 01:00,,
19/04/2023 01:30,,
19/04/2023 02:00,,
19/04/2023 02:30,,
19/04/2023 03:00,,
19/04/2023 03:30,,
19/04/2023 04:00,,
19/04/2023 04:30,,
19/04/2023 05:00,,
19/04/2023 05:30,,
19/04/2023 06:00,,
19/04/2023 06:30,,
19/04/2023 07:00,,
19/04/2023 07:30,,
19/04/2023 08:00,,
19/04/2023 08:30,,
19/04/2023 09:00,,
19/04/2023 09:30,,
19/04/2023 10:00,,
19/04/2023 10:30,,
19/04/2023 11:00,,
19/04/2023 11:30,,
19/04/2023 12:00,,
19/04/2023 12:30,,
19/04/2023 13:00,,
19/04/2023 13:30,,
19/04/2023 14:00,,
19/04/2023 14:30,,
19/04/2023 15:00,,
19/04/2023 15:30,,
19/04/2023 16:00,,
19/04/2023 16:30,,
19/04/2023 17:00,,
19/04/2023 17:30,,
19/04/2023 18:00,,
19/04/2023 18:30,,
19/04/2023 19:00,,
19/04/2023 19:30,,
19/04/2023 20:00,,
19/04/2023 20:30,,
19/04/2023 21:00,,
19/04/2023 21:30,,
19/04/2023 22:00,,
19/04/2023 22:30,,
19/04/2023 23:00,,
19/04/2023 23:30,,
20/04/2023 00:00,,
20/04/2023 00:30,,
20/04/2023 01:00,,
20/04/2023 01:30,,
20/04/2023 02:00,,
20/04/2023 02:30,,
20/04/2023 03:00,,
20/04/2023 03:30,,
20/04/2023 04:00,,
20/04/2023 04:30,,
20/04/2023 05:00,,
20/04/2023 05:30,,
20/04/2023 06:00,,
20/04/2023 06:30,,
20/04/2023 07:00,,
20/04/2023 07:30,,
20/04/2023 08:00,,
20/04/2023 08:30,,
20/04/2023 09:00,,
20/04/2023 09:30,,
20/04/2023 10:00,,
20/04/2023 10:30,,
20/04/2023 11:00,,
20/04/2023 11:30,,
20/04/2023 12:00,,
20/04/2023 12:30,,
20/04/2023 13:00,,
20/04/2023 13:30,,
20/04/2023 14:00,,
20/04/2023 14:30,,
20/04/2023 15:00,,
20/04/2023 15:30,,
20/04/2023 16:00,,
20/04/2023 16:30,,
20/04/2023 17:00,,
20/04/2023 17:30,,
20/04/2023 18:00,,
20/04/2023 18:30,,
20/04/2023 19:00,,
20/04/2023 19:30,,
20/04/2023 20:00,,
20/04/2023 20:30,,
20/04/2023 21:00,,
20/04/2023 21:30,,
20/04/2023 22:00,,
20/04/2023 22:30,,
20/04/2023 23:00,,
20/04/2023 23:30,,
21/04/2023 00:00,,
21/04/2023 00:30,,
21/04/2023 01:00,,
21/04/2023 01:30,,
21/04/2023 02:00,,
21/04/2023 02:30,,
21/04/2023 03:00,,
21/04/2023 03:30,,
21/04/2023 04:00,,
21/04/2023 04:30,,
21/04/2023 05:00,,
21/04/2023 05:30,,
21/04/2023 06:00,,
21/04/2023 06:30,,
21/04/2023 07:00,,
21/04/2023 07:30,,
21/04/2023 08:00,,
21/04/2023 08:30,,
21/04/2023 09:00,,
21/04/2023 09:30,,
21/04/2023 10:00,,
21/04/2023 10:30,,
21/04/2023 11:00,,
21/04/2023 11:30,,
21/04/2023 12:00,,
21/04/2023 12:30,,
21/04/2023 13:00,,
21/04/2023 13:30,,
21/04/2023 14:00,,
21/04/2023 14:30,,
21/04/2023 15:00,,
21/04/2023 15:30,,
21/04/2023 16:00,,
21/04/2023 16:30,,
21/04/2023 17:00,,
21/04/2023 17:30,,
21/04/2023 18:00,,
21/04/2023 18:30,,
21/04/2023 19:00,,
21/04/2023 19:30,,
21/04/2023 20:00,,
21/04/2023 20:30,,
21/04/2023 21:00,,
21/04/2023 21:30,,
21/04/2023 22:00,,
21/04/2023 22:30,,
21/04/2023 23:00,,
21/04/2023 23:30,,
22/04/2023 00:00,,
22/04/2023 00:30,,
22/04/2023 01:00,,
22/04/2023 01:30,,
22/04/2023 02:00,,
22/04/2023 02:30,,
22/04/2023 03:00,,
22/04/2023 03:30,,
22/04/2023 04:00,,
22/04/2023 04:30,,
22/04/2023 05:00,,
22/04/2023 05:30,,
22/04/2023 06:00,,
22/04/2023 06:30,,
22/04/2023 07:00,,
22/04/2023 07:30,,
22/04/2023 08:00,,
22/04/2023 08:30,,
22/04/2023 09:00,,
22/04/2023 09:30,,
22/04/2023 10:00,,
22/04/2023 10:30,,
22/04/2023 11:00,,
22/04/2023 11:30,,
22/04/2023 12:00,,
22/04/2023 12:30,,
22/04/2023 13:00,,
22/04/2023 13:30,,
22/04/2023 14:00,,
22/04/2023 14:30,,
22/04/2023 15:00,,
22/04/2023 15:30,,
22/04/2023 16:00,,
22/04/2023 16:30,,
22/04/2023 17:00,,
22/04/2023 17:30,,
22/04/2023 18:00,,
22/04/2023 18:30,,
22/04/2023 19:00,,
22/04/2023 19:30,,
22/04/2023 20:00,,
22/04/2023 20:30,,
22/04/2023 21:00,,
22/04/2023 21:30,,
22/04/2023 22:00,,
22/04/2023 22:30,,
22/04/2023 23:00,,
22/04/2023 23:30,,
23/04/2023 00:00,,
23/04/2023 00:30,,
23/04/2023 01:00,,
23/04/2023 01:30,,
23/04/2023 02:00,,
23/04/2023 02:30,,
23/04/2023 03:00,,
23/04/2023 03:30,,
23/04/2023 04:00,,
23/04/2023 04:30,,
23/04/2023 05:00,,
23/04/2023 05:30,,
23/04/2023 06:00,,
23/04/2023 06:30,,
23/04/2023 07:00,,
23/04/2023 07:30,,
23/04/2023 08:00,,
23/04/2023 08:30,,
23/04/2023 09:00,,
23/04/2023 09:30,,
23/04/2023 10:00,,
23/04/2023 10:30,,
23/04/2023 11:00,,
23/04/2023 11:30,,
23/04/2023 12:00,,
23/04/2023 12:30,,
23/04/2023 13:00,,
23/04/2023 13:30,,
23/04/2023 14:00,,
23/04/2023 14:30,,
23/04/2023 15:00,,
23/04/2023 15:30,,
23/04/2023 16:00,,
23/04/2023 16:30,,
23/04/2023 17:00,,
23/04/2023 17:30,,
23/04/2023 18:00,,
23/04/2023 18:30,,
23/04/2023 19:00,,
23/04/2023 19:30,,
23/04/2023 20:00,,
23/04/2023 20:30,,
23/04/2023 21:00,,
23/04/2023 21:30,,
23/04/2023 22:00,,
23/04/2023 22:30,,
23/04/2023 23:00,,
23/04/2023 23:30,,
24/04/2023 00:00,,
24/04/2023 00:30,,
24/04/2023 01:00,,
24/04/2023 01:30,,
24/04/2023 02:00,,
24/04/2023 02:30,,
24/04/2023 03:00,,
24/04/2023 03:30,,
24/04/2023 04:00,,
24/04/2023 04:30,,
24/04/2023 05:00,,
24/04/2023 05:30,,
24/04/2023 06:00,,
24/04/2023 06:30,,
24/04/2023 07:00,,
24/04/2023 07:30,,
24/04/2023 08:00,,
24/04/2023 08:30,,
24/04/2023 09:00,,
24/04/2023 09:30,,
24/04/2023 10:00,,
24/04/2023 10:30,,
24/04/2023 11:00,,
24/04/2023 11:30,,
24/04/2023 12:00,,
24/04/2023 12:30,,
24/04/2023 13:00,,
24/04/2023 13:30,,
24/04/2023 14:00,,
24/04/2023 14:30,,
24/04/2023 15:00,,
24/04/2023 15:30,,
24/04/2023 16:00,,
24/04/2023 16:30,,
24/04/2023 17:00,,
24/04/2023 17:30,,
24/04/2023 18:00,,
24/04/2023 18:30,,
24/04/2023 19:00,,
24/04/2023 19:30,,
24/04/2023 20:00,,
24/04/2023 20:30,,
24/04/2023 21:00,,
24/04/2023 21:30,,
24/04/2023 22:00,,
24/04/2023 22:30,,
24/04/2023 23:00,,
24/04/2023 23:30,,
25/04/2023 00:00,,
25/04/2023 00:30,,
25/04/2023 01:00,,
25/04/2023 01:30,,
25/04/2023 02:00,,
25/04/2023 02:30,,
25/04/2023 03:00,,
25/04/2023 03:30,,
25/04/2023 04:00,,
25/04/2023 04:30,,
25/04/2023 05:00,,
25/04/2023 05:30,,
25/04/2023 06:00,,
25/04/2023 06:30,,
25/04/2023 07:00,,
25/04/2023 07:30,,
25/04/2023 08:00,,
25/04/2023 08:30,,
25/04/2023 09:00,,
25/04/2023 09:30,,
25/04/2023 10:00,,
25/04/2023 10:30,,
25/04/2023 11:00,,
25/04/2023 11:30,,
25/04/2023 12:00,,
25/04/2023 12:30,,
25/04/2023 13:00,,
25/04/2023 13:30,,
25/04/2023 14:00,,
25/04/2023 14:30,,
25/04/2023 15:00,,
25/04/2023 15:30,,
25/04/2023 16:00,,
25/04/2023 16:30,,
25/04/2023 17:00,,
25/04/2023 17:30,,
25/04/2023 18:00,,
25/04/2023 18:30,,
25/04/2023 19:00,,
25/04/2023 19:30,,
25/04/2023 20:00,,
25/04/2023 20:30,,
25/04/2023 21:00,,
25/04/2023 21:30,,
25/04/2023 22:00,,
25/04/2023 22:30,,
25/04/2023 23:00,,
25/04/2023 23:30,,
26/04/2023 00:00,,
26/04/2023 00:30,,
26/04/2023 01:00,,
26/04/2023 01:30,,
26/04/2023 02:00,,
26/04/2023 02:30,,
26/04/2023 03:00,,
26/04/2023 03:30,,
26/04/2023 04:00,,
26/04/2023 04:30,,
26/04/2023 05:00,,
26/04/2023 05:30,,
26/04/2023 06:00,,
26/04/2023 06:30,,
26/04/2023 07:00,,
26/04/2023 07:30,,
26/04/2023 08:00,,
26/04/2023 08:30,,
26/04/2023 09:00,,
26/04/2023 09:30,,
26/04/2023 10:00,,
26/04/2023 10:30,,
26/04/2023 11:00,,
26/04/2023 11:30,,
26/04/2023 12:00,,
26/04/2023 12:30,,
26/04/2023 13:00,,
26/04/2023 13:30,,
26/04/2023 14:00,,
26/04/2023 14:30,,
26/04/2023 15:00,,
26/04/2023 15:30,,
26/04/2023 16:00,,
26/04/2023 16:30,,
26/04/2023 17:00,,
26/04/2023 17:30,,
26/04/2023 18:00,,
26/04/2023 18:30,,
26/04/2023 19:00,,
26/04/2023 19:30,,
26/04/2023 20:00,,
26/04/2023 20:30,,
26/04/2023 21:00,,
26/04/2023 21:30,,
26/04/2023 22:00,,
26/04/2023 22:30,,
26/04/2023 23:00,,
26/04/2023 23:30,,
27/04/2023 00:00,,
27/04/2023 00:30,,
27/04/2023 01:00,,
27/04/2023 01:30,,
27/04/2023 02:00,,
27/04/2023 02:30,,
27/04/2023 03:00,,
27/04/2023 03:30,,
27/04/2023 04:00,,
27/04/2023 04:30,,
27/04/2023 05:00,,
27/04/2023 05:30,,
27/04/2023 06:00,,
27/04/2023 06:30,,
27/04/2023 07:00,,
27/04/2023 07:30,,
27/04/2023 08:00,,
27/04/2023 08:30,,
27/04/2023 09:00,,
27/04/2023 09:30,,
27/04/2023 10:00,,
27/04/2023 10:30,,
27/04/2023 11:00,,
27/04/2023 11:30,,
27/04/2023 12:00,,
27/04/2023 12:30,,
27/04/2023 13:00,,
27/04/2023 13:30,,
27/04/2023 14:00,,
27/04/2023 14:30,,
27/04/2023 15:00,,
27/04/2023 15:30,,
27/04/2023 16:00,,
27/04/2023 16:30,,
27/04/2023 17:00,,
27/04/2023 17:30,,
27/04/2023 18:00,,
27/04/2023 18:30,,
27/04/2023 19:00,,
27/04/2023 19:30,,
27/04/2023 20:00,,
27/04/2023 20:30,,
27/04/2023 21:00,,
27/04/2023 21:30,,
27/04/2023 22:00,,
27/04/2023 22:30,,
27/04/2023 23:00,,
27/04/2023 23:30,,
28/04/2023 00:00,,
28/04/2023 00:30,,
28/04/2023 01:00,,
28/04/2023 01:30,,
28/04/2023 02:00,,
28/04/2023 02:30,,
28/04/2023 03:00,,
28/04/2023 03:30,,
28/04/2023 04:00,,
28/04/2023 04:30,,
28/04/2023 05:00,,
28/04/2023 05:30,,
28/04/2023 06:00,,
28/04/2023 06:30,,
28/04/2023 07:00,,
28/04/2023 07:30,,
28/04/2023 08:00,,
28/04/2023 08:30,,
28/04/2023 09:00,,
28/04/2023 09:30,,
28/04/2023 10:00,,
28/04/2023 10:30,,
28/04/2023 11:00,,
28/04/2023 11:30,,
28/04/2023 12:00,,
28/04/2023 12:30,,
28/04/2023 13:00,,
28/04/2023 13:30,,
28/04/2023 14:00,,
28/04/2023 14:30,,
28/04/2023 15:00,,
28/04/2023 15:30,,
28/04/2023 16:00,,
28/04/2023 16:30,,
28/04/2023 17:00,,
28/04/2023 17:30,,
28/04/2023 18:00,,
28/04/2023 18:30,,
28/04/2023 19:00,,
28/04/2023 19:30,,
28/04/2023 20:00,,
28/04/2023 20:30,,
28/04/2023 21:00,,
28/04/2023 21:30,,
28/04/2023 22:00,,
28/04/2023 22:30,,
28/04/2023 23:00,,
28/04/2023 23:30,,
29/04/2023 00:00,,
29/04/2023 00:30,,
29/04/2023 01:00,,
29/04/2023 01:30,,
29/04/2023 02:00,,
29/04/2023 02:30,,
29/04/2023 03:00,,
29/04/2023 03:30,,
29/04/2023 04:00,,
29/04/2023 04:30,,
29/04/2023 05:00,,
29/04/2023 05:30,,
29/04/2023 06:00,,
29/04/2023 06:30,,
29/04/2023 07:00,,
29/04/2023 07:30,,
29/04/2023 08:00,,
29/04/2023 08:30,,
29/04/2023 09:00,,
29/04/2023 09:30,,
29/04/2023 10:00,,
29/04/2023 10:30,,
29/04/2023 11:00,,
29/04/2023 11:30,,
29/04/2023 12:00,,
29/04/2023 12:30,,
29/04/2023 13:00,,
29/04/2023 13:30,,
29/04/2023 14:00,,
29/04/2023 14:30,,
29/04/2023 15:00,,
29/04/2023 15:30,,
29/04/2023 16:00,,
29/04/2023 16:30,,
29/04/2023 17:00,,
29/04/2023 17:30,,
29/04/2023 18:00,,
29/04/2023 18:30,,
29/04/2023 19:00,,
29/04/2023 19:30,,
29/04/2023 20:00,,
29/04/2023 20:30,,
29/04/2023 21:00,,
29/04/2023 21:30,,
29/04/2023 22:00,,
29/04/2023 22:30,,
29/04/2023 23:00,,
29/04/2023 23:30,,
30/04/2023 00:00,,
30/04/2023 00:30,,
30/04/2023 01:00,,
30/04/2023 01:30,,
30/04/2023 02:00,,
30/04/2023 02:30,,
30/04/2023 03:00,,
30/04/2023 03:30,,
30/04/2023 04:00,,
30/04/2023 04:30,,
30/04/2023 05:00,,
30/04/2023 05:30,,
30/04/2023 06:00,,
30/04/2023 06:30,,
30/04/2023 07:00,,
30/04/2023 07:30,,
30/04/2023 08:00,,
30/04/2023 08:30,,
30/04/2023 09:00,,
30/04/2023 09:30,,
30/04/2023 10:00,,
30/04/2023 10:30,,
30/04/2023 11:00,,
30/04/2023 11:30,,
30/04/2023 12:00,,
30/04/2023 12:30,,
30/04/2023 13:00,,
30/04/2023 13:30,,
30/04/2023 14:00,,
30/04/2023 14:30,,
30/04/2023 15:00,,
30/04/2023 15:30,,
30/04/2023 16:00,,
30/04/2023 16:30,,
30/04/2023 17:00,,
30/04/2023 17:30,,
30/04/2023 18:00,,
30/04/2023 18:30,,
30/04/2023 19:00,,
30/04/2023 19:30,,
30/04/2023 20:00,,
30/04/2023 20:30,,
30/04/2023 21:00,,
30/04/2023 21:30,,
30/04/2023 22:00,,
30/04/2023 22:30,,
30/04/2023 23:00,,
30/04/2023 23:30,,
01/05/2023 00:00,,
01/05/2023 00:30,,
01/05/2023 01:00,,
01/05/2023 01:30,,
01/05/2023 02:00,,
01/05/2023 02:30,,
01/05/2023 03:00,,
01/05/2023 03:30,,
01/05/2023 04:00,,
01/05/2023 04:30,,
01/05/2023 05:00,,
01/05/2023 05:30,,
01/05/2023 06:00,,
01/05/2023 06:30,,
01/05/2023 07:00,,
01/05/2023 07:30,,
01/05/2023 08:00,,
01/05/2023 08:30,,
01/05/2023 09:00,,
01/05/2023 09:30,,
01/05/2023 10:00,,
01/05/2023 10:30,,
01/05/2023 11:00,,
01/05/2023 11:30,,
01/05/2023 12:00,,
01/05/2023 12:30,,
01/05/2023 13:00,,
01/05/2023 13:30,,
01/05/2023 14:00,,
01/05/2023 14:30,,
01/05/2023 15:00,,
01/05/2023 15:30,,
01/05/2023 16:00,,
01/05/2023 16:30,,
01/05/2023 17:00,,
01/05/2023 17:30,,
01/05/2023 18:00,,
01/05/2023 18:30,,
01/05/2023 19:00,,
01/05/2023 19:30,,
01/05/2023 20:00,,
01/05/2023 20:30,,
01/05/2023 21:00,,
01/05/2023 21:30,,
01/05/2023 22:00,,
01/05/2023 22:30,,
01/05/2023 23:00,,
01/05/2023 23:30,,
02/05/2023 00:00,,
02/05/2023 00:30,,
02/05/2023 01:00,,
02/05/2023 01:30,,
02/05/2023 02:00,,
02/05/2023 02:30,,
02/05/2023 03:00,,
02/05/2023 03:30,,
02/05/2023 04:00,,
02/05/2023 04:30,,
02/05/2023 05:00,,
02/05/2023 05:30,,
02/05/2023 06:00,,
02/05/2023 06:30,,
02/05/2023 07:00,,
02/05/2023 07:30,,
02/05/2023 08:00,,
02/05/2023 08:30,,
02/05/2023 09:00,,
02/05/2023 09:30,,
02/05/2023 10:00,,
02/05/2023 10:30,,
02/05/2023 11:00,,
02/05/2023 11:30,,
02/05/2023 12:00,,
02/05/2023 12:30,,
02/05/2023 13:00,,
02/05/2023 13:30,,
02/05/2023 14:00,,
02/05/2023 14:30,,
02/05/2023 15:00,,
02/05/2023 15:30,,
02/05/2023 16:00,,
02/05/2023 16:30,,
02/05/2023 17:00,,
02/05/2023 17:30,,
02/05/2023 18:00,,
02/05/2023 18:30,,
02/05/2023 19:00,,
02/05/2023 19:30,,
02/05/2023 20:00,,
02/05/2023 20:30,,
02/05/2023 21:00,,
02/05/2023 21:30,,
02/05/2023 22:00,,
02/05/2023 22:30,,
02/05/2023 23:00,,
02/05/2023 23:30,,
03/05/2023 00:00,,
03/05/2023 00:30,,
03/05/2023 01:00,,
03/05/2023 01:30,,
03/05/2023 02:00,,
03/05/2023 02:30,,
03/05/2023 03:00,,
03/05/2023 03:30,,
03/05/2023 04:00,,
03/05/2023 04:30,,
03/05/2023 05:00,,
03/05/2023 05:30,,
03/05/2023 06:00,,
03/05/2023 06:30,,
03/05/2023 07:00,,
03/05/2023 07:30,,
03/05/2023 08:00,,
03/05/2023 08:30,,
03/05/2023 09:00,,
03/05/2023 09:30,,
03/05/2023 10:00,,
03/05/2023 10:30,,
03/05/2023 11:00,,
03/05/2023 11:30,,
03/05/2023 12:00,,
03/05/2023 12:30,,
03/05/2023 13:00,,
03/05/2023 13:30,,
03/05/2023 14:00,,
03/05/2023 14:30,,
03/05/2023 15:00,,
03/05/2023 15:30,,
03/05/2023 16:00,,
03/05/2023 16:30,,
03/05/2023 17:00,,
03/05/2023 17:30,,
03/05/2023 18:00,,
03/05/2023 18:30,,
03/05/2023 19:00,,
03/05/2023 19:30,,
03/05/2023 20:00,,
03/05/2023 20:30,,
03/05/2023 21:00,,
03/05/2023 21:30,,
03/05/2023 22:00,,
03/05/2023 22:30,,
03/05/2023 23:00,,
03/05/2023 23:30,,
04/05/2023 00:00,,
04/05/2023 00:30,,
04/05/2023 01:00,,
04/05/2023 01:30,,
04/05/2023 02:00,,
04/05/2023 02:30,,
04/05/2023 03:00,,
04/05/2023 03:30,,
04/05/2023 04:00,,
04/05/2023 04:30,,
04/05/2023 05:00,,
04/05/2023 05:30,,
04/05/2023 06:00,,
04/05/2023 06:30,,
04/05/2023 07:00,,
04/05/2023 07:30,,
04/05/2023 08:00,,
04/05/2023 08:30,,
04/05/2023 09:00,,
04/05/2023 09:30,,
04/05/2023 10:00,,
04/05/2023 10:30,,
04/05/2023 11:00,,
04/05/2023 11:30,,
04/05/2023 12:00,,
04/05/2023 12:30,,
04/05/2023 13:00,,
04/05/2023 13:30,,
04/05/2023 14:00,,
04/05/2023 14:30,,
04/05/2023 15:00,,
04/05/2023 15:30,,
04/05/2023 16:00,,
04/05/2023 16:30,,
04/05/2023 17:00,,
04/05/2023 17:30,,
04/05/2023 18:00,,
04/05/2023 18:30,,
04/05/2023 19:00,,
04/05/2023 19:30,,
04/05/2023 20:00,,
04/05/2023 20:30,,
04/05/2023 21:00,,
04/05/2023 21:30,,
04/05/2023 22:00,,
04/05/2023 22:30,,
04/05/2023 23:00,,
04/05/2023 23:30,,
05/05/2023 00:00,,
05/05/2023 00:30,,
05/05/2023 01:00,,
05/05/2023 01:30,,
05/05/2023 02:00,,
05/05/2023 02:30,,
05/05/2023 03:00,,
05/05/2023 03:30,,
05/05/2023 04:00,,
05/05/2023 04:30,,
05/05/2023 05:00,,
05/05/2023 05:30,,
05/05/2023 06:00,,
05/05/2023 06:30,,
05/05/2023 07:00,,
05/05/2023 07:30,,
05/05/2023 08:00,,
05/05/2023 08:30,,
05/05/2023 09:00,,
05/05/2023 09:30,,
05/05/2023 10:00,,
05/05/2023 10:30,,
05/05/2023 11:00,,
05/05/2023 11:30,,
05/05/2023 12:00,,
05/05/2023 12:30,,
05/05/2023 13:00,,
05/05/2023 13:30,,
05/05/2023 14:00,,
05/05/2023 14:30,,
05/05/2023 15:00,,
05/05/2023 15:30,,
05/05/2023 16:00,,
05/05/2023 16:30,,
05/05/2023 17:00,,
05/05/2023 17:30,,
05/05/2023 18:00,,
05/05/2023 18:30,,
05/05/2023 19:00,,
05/05/2023 19:30,,
05/05/2023 20:00,,
05/05/2023 20:30,,
05/05/2023 21:00,,
05/05/2023 21:30,,
05/05/2023 22:00,,
05/05/2023 22:30,,
05/05/2023 23:00,,
05/05/2023 23:30,,
06/05/2023 00:00,,
06/05/2023 00:30,,
06/05/2023 01:00,,
06/05/2023 01:30,,
06/05/2023 02:00,,
06/05/2023 02:30,,
06/05/2023 03:00,,
06/05/2023 03:30,,
06/05/2023 04:00,,
06/05/2023 04:30,,
06/05/2023 05:00,,
06/05/2023 05:30,,
06/05/2023 06:00,,
06/05/2023 06:30,,
06/05/2023 07:00,,
06/05/2023 07:30,,
06/05/2023 08:00,,
06/05/2023 08:30,,
06/05/2023 09:00,,
06/05/2023 09:30,,
06/05/2023 10:00,,
06/05/2023 10:30,,
06/05/2023 11:00,,
06/05/2023 11:30,,
06/05/2023 12:00,,
06/05/2023 12:30,,
06/05/2023 13:00,,
06/05/2023 13:30,,
06/05/2023 14:00,,
06/05/2023 14:30,,
06/05/2023 15:00,,
06/05/2023 15:30,,
06/05/2023 16:00,,
06/05/2023 16:30,,
06/05/2023 17:00,,
06/05/2023 17:30,,
06/05/2023 18:00,,
06/05/2023 18:30,,
06/05/2023 19:00,,
06/05/2023 19:30,,
06/05/2023 20:00,,
06/05/2023 20:30,,
06/05/2023 21:00,,
06/05/2023 21:30,,
06/05/2023 22:00,,
06/05/2023 22:30,,
06/05/2023 23:00,,
06/05/2023 23:30,,
07/05/2023 00:00,,
07/05/2023 00:30,,
07/05/2023 01:00,,
07/05/2023 01:30,,
07/05/2023 02:00,,
07/05/2023 02:30,,
07/05/2023 03:00,,
07/05/2023 03:30,,
07/05/2023 04:00,,
07/05/2023 04:30,,
07/05/2023 05:00,,
07/05/2023 05:30,,
07/05/2023 06:00,,
07/05/2023 06:30,,
07/05/2023 07:00,,
07/05/2023 07:30,,
07/05/2023 08:00,,
07/05/2023 08:30,,
07/05/2023 09:00,,
07/05/2023 09:30,,
07/05/2023 10:00,,
07/05/2023 10:30,,
07/05/2023 11:00,,
07/05/2023 11:30,,
07/05/2023 12:00,,
07/05/2023 12:30,,
07/05/2023 13:00,,
07/05/2023 13:30,,
07/05/2023 14:00,,
07/05/2023 14:30,,
07/05/2023 15:00,,
07/05/2023 15:30,,
07/05/2023 16:00,,
07/05/2023 16:30,,
07/05/2023 17:00,,
07/05/2023 17:30,,
07/05/2023 18:00,,
07/05/2023 18:30,,
07/05/2023 19:00,,
07/05/2023 19:30,,
07/05/2023 20:00,,
07/05/2023 20:30,,
07/05/2023 21:00,,
07/05/2023 21:30,,
07/05/2023 22:00,,
07/05/2023 22:30,,
07/05/2023 23:00,,
07/05/2023 23:30,,
08/05/2023 00:00,,
08/05/2023 00:30,,
08/05/2023 01:00,,
08/05/2023 01:30,,
08/05/2023 02:00,,
08/05/2023 02:30,,
08/05/2023 03:00,,
08/05/2023 03:30,,
08/05/2023 04:00,,
08/05/2023 04:30,,
08/05/2023 05:00,,
08/05/2023 05:30,,
08/05/2023 06:00,,
08/05/2023 06:30,,
08/05/2023 07:00,,
08/05/2023 07:30,,
08/05/2023 08:00,,
08/05/2023 08:30,,
08/05/2023 09:00,,
08/05/2023 09:30,,
08/05/2023 10:00,,
08/05/2023 10:30,,
08/05/2023 11:00,,
08/05/2023 11:30,,
08/05/2023 12:00,,
08/05/2023 12:30,,
08/05/2023 13:00,,
08/05/2023 13:30,,
08/05/2023 14:00,,
08/05/2023 14:30,,
08/05/2023 15:00,,
08/05/2023 15:30,,
08/05/2023 16:00,,
08/05/2023 16:30,,
08/05/2023 17:00,,
08/05/2023 17:30,,
08/05/2023 18:00,,
08/05/2023 18:30,,
08/05/2023 19:00,,
08/05/2023 19:30,,
08/05/2023 20:00,,
08/05/2023 20:30,,
08/05/2023 21:00,,
08/05/2023 21:30,,
08/05/2023 22:00,,
08/05/2023 22:30,,
08/05/2023 23:00,,
08/05/2023 23:30,,
09/05/2023 00:00,,
09/05/2023 00:30,,
09/05/2023 01:00,,
09/05/2023 01:30,,
09/05/2023 02:00,,
09/05/2023 02:30,,
09/05/2023 03:00,,
09/05/2023 03:30,,
09/05/2023 04:00,,
09/05/2023 04:30,,
09/05/2023 05:00,,
09/05/2023 05:30,,
09/05/2023 06:00,,
09/05/2023 06:30,,
09/05/2023 07:00,,
09/05/2023 07:30,,
09/05/2023 08:00,,
09/05/2023 08:30,,
09/05/2023 09:00,,
09/05/2023 09:30,,
09/05/2023 10:00,,
09/05/2023 10:30,,
09/05/2023 11:00,,
09/05/2023 11:30,,
09/05/2023 12:00,,
09/05/2023 12:30,,
09/05/2023 13:00,,
09/05/2023 13:30,,
09/05/2023 14:00,,
09/05/2023 14:30,,
09/05/2023 15:00,,
09/05/2023 15:30,,
09/05/2023 16:00,,
09/05/2023 16:30,,
09/05/2023 17:00,,
09/05/2023 17:30,,
09/05/2023 18:00,,
09/05/2023 18:30,,
09/05/2023 19:00,,
09/05/2023 19:30,,
09/05/2023 20:00,,
09/05/2023 20:30,,
09/05/2023 21:00,,
09/05/2023 21:30,,
09/05/2023 22:00,,
09/05/2023 22:30,,
09/05/2023 23:00,,
09/05/2023 23:30,,
10/05/2023 00:00,,
10/05/2023 00:30,,
10/05/2023 01:00,,
10/05/2023 01:30,,
10/05/2023 02:00,,
10/05/2023 02:30,,
10/05/2023 03:00,,
10/05/2023 03:30,,
10/05/2023 04:00,,
10/05/2023 04:30,,
10/05/2023 05:00,,
10/05/2023 05:30,,
10/05/2023 06:00,,
10/05/2023 06:30,,
10/05/2023 07:00,,
10/05/2023 07:30,,
10/05/2023 08:00,,
10/05/2023 08:30,,
10/05/2023 09:00,,
10/05/2023 09:30,,
10/05/2023 10:00,,
10/05/2023 10:30,,
10/05/2023 11:00,,
10/05/2023 11:30,,
10/05/2023 12:00,,
10/05/2023 12:30,,
10/05/2023 13:00,,
10/05/2023 13:30,,
10/05/2023 14:00,,
10/05/2023 14:30,,
10/05/2023 15:00,,
10/05/2023 15:30,,
10/05/2023 16:00,,
10/05/2023 16:30,,
10/05/2023 17:00,,
10/05/2023 17:30,,
10/05/2023 18:00,,
10/05/2023 18:30,,
10/05/2023 19:00,,
10/05/2023 19:30,,
10/05/2023 20:00,,
10/05/2023 20:30,,
10/05/2023 21:00,,
10/05/2023 21:30,,
10/05/2023 22:00,,
10/05/2023 22:30,,
10/05/2023 23:00,,
10/05/2023 23:30,,
11/05/2023 00:00,,
11/05/2023 00:30,,
11/05/2023 01:00,,
11/05/2023 01:30,,
11/05/2023 02:00,,
11/05/2023 02:30,,
11/05/2023 03:00,,
11/05/2023 03:30,,
11/05/2023 04:00,,
11/05/2023 04:30,,
11/05/2023 05:00,,
11/05/2023 05:30,,
11/05/2023 06:00,,
11/05/2023 06:30,,
11/05/2023 07:00,,
11/05/2023 07:30,,
11/05/2023 08:00,,
11/05/2023 08:30,,
11/05/2023 09:00,,
11/05/2023 09:30,,
11/05/2023 10:00,,
11/05/2023 10:30,,
11/05/2023 11:00,,
11/05/2023 11:30,,
11/05/2023 12:00,,
11/05/2023 12:30,,
11/05/2023 13:00,,
11/05/2023 13:30,,
11/05/2023 14:00,,
11/05/2023 14:30,,
11/05/2023 15:00,,
11/05/2023 15:30,,
11/05/2023 16:00,,
11/05/2023 16:30,,
11/05/2023 17:00,,
11/05/2023 17:30,,
11/05/2023 18:00,,
11/05/2023 18:30,,
11/05/2023 19:00,,
11/05/2023 19:30,,
11/05/2023 20:00,,
11/05/2023 20:30,,
11/05/2023 21:00,,
11/05/2023 21:30,,
11/05/2023 22:00,,
11/05/2023 22:30,,
11/05/2023 23:00,,
11/05/2023 23:30,,
12/05/2023 00:00,,
12/05/2023 00:30,,
12/05/2023 01:00,,
12/05/2023 01:30,,
12/05/2023 02:00,,
12/05/2023 02:30,,
12/05/2023 03:00,,
12/05/2023 03:30,,
12/05/2023 04:00,,
12/05/2023 04:30,,
12/05/2023 05:00,,
12/05/2023 05:30,,
12/05/2023 06:00,,
12/05/2023 06:30,,
12/05/2023 07:00,,
12/05/2023 07:30,,
12/05/2023 08:00,,
12/05/2023 08:30,,
12/05/2023 09:00,,
12/05/2023 09:30,,
12/05/2023 10:00,,
12/05/2023 10:30,,
12/05/2023 11:00,,
12/05/2023 11:30,,
12/05/2023 12:00,,
12/05/2023 12:30,,
12/05/2023 13:00,,
12/05/2023 13:30,,
12/05/2023 14:00,,
12/05/2023 14:30,,
12/05/2023 15:00,,
12/05/2023 15:30,,
12/05/2023 16:00,,
12/05/2023 16:30,,
12/05/2023 17:00,,
12/05/2023 17:30,,
12/05/2023 18:00,,
12/05/2023 18:30,,
12/05/2023 19:00,,
12/05/2023 19:30,,
12/05/2023 20:00,,
12/05/2023 20:30,,
12/05/2023 21:00,,
12/05/2023 21:30,,
12/05/2023 22:00,,
12/05/2023 22:30,,
12/05/2023 23:00,,
12/05/2023 23:30,,
13/05/2023 00:00,,
13/05/2023 00:30,,
13/05/2023 01:00,,
13/05/2023 01:30,,
13/05/2023 02:00,,
13/05/2023 02:30,,
13/05/2023 03:00,,
13/05/2023 03:30,,
13/05/2023 04:00,,
13/05/2023 04:30,,
13/05/2023 05:00,,
13/05/2023 05:30,,
13/05/2023 06:00,,
13/05/2023 06:30,,
13/05/2023 07:00,,
13/05/2023 07:30,,
13/05/2023 08:00,,
13/05/2023 08:30,,
13/05/2023 09:00,,
13/05/2023 09:30,,
13/05/2023 10:00,,
13/05/2023 10:30,,
13/05/2023 11:00,,
13/05/2023 11:30,,
13/05/2023 12:00,,
13/05/2023 12:30,,
13/05/2023 13:00,,
13/05/2023 13:30,,
13/05/2023 14:00,,
13/05/2023 14:30,,
13/05/2023 15:00,,
13/05/2023 15:30,,
13/05/2023 16:00,,
13/05/2023 16:30,,
13/05/2023 17:00,,
13/05/2023 17:30,,
13/05/2023 18:00,,
13/05/2023 18:30,,
13/05/2023 19:00,,
13/05/2023 19:30,,
13/05/2023 20:00,,
13/05/2023 20:30,,
13/05/2023 21:00,,
13/05/2023 21:30,,
13/05/2023 22:00,,
13/05/2023 22:30,,
13/05/2023 23:00,,
13/05/2023 23:30,,
14/05/2023 00:00,,
14/05/2023 00:30,,
14/05/2023 01:00,,
14/05/2023 01:30,,
14/05/2023 02:00,,
14/05/2023 02:30,,
14/05/2023 03:00,,
14/05/2023 03:30,,
14/05/2023 04:00,,
14/05/2023 04:30,,
14/05/2023 05:00,,
14/05/2023 05:30,,
14/05/2023 06:00,,
14/05/2023 06:30,,
14/05/2023 07:00,,
14/05/2023 07:30,,
14/05/2023 08:00,,
14/05/2023 08:30,,
14/05/2023 09:00,,
14/05/2023 09:30,,
14/05/2023 10:00,,
14/05/2023 10:30,,
14/05/2023 11:00,,
14/05/2023 11:30,,
14/05/2023 12:00,,
14/05/2023 12:30,,
14/05/2023 13:00,,
14/05/2023 13:30,,
14/05/2023 14:00,,
14/05/2023 14:30,,
14/05/2023 15:00,,
14/05/2023 15:30,,
14/05/2023 16:00,,
14/05/2023 16:30,,
14/05/2023 17:00,,
14/05/2023 17:30,,
14/05/2023 18:00,,
14/05/2023 18:30,,
14/05/2023 19:00,,
14/05/2023 19:30,,
14/05/2023 20:00,,
14/05/2023 20:30,,
14/05/2023 21:00,,
14/05/2023 21:30,,
14/05/2023 22:00,,
14/05/2023 22:30,,
14/05/2023 23:00,,
14/05/2023 23:30,,
15/05/2023 00:00,,
15/05/2023 00:30,,
15/05/2023 01:00,,
15/05/2023 01:30,,
15/05/2023 02:00,,
15/05/2023 02:30,,
15/05/2023 03:00,,
15/05/2023 03:30,,
15/05/2023 04:00,,
15/05/2023 04:30,,
15/05/2023 05:00,,
15/05/2023 05:30,,
15/05/2023 06:00,,
15/05/2023 06:30,,
15/05/2023 07:00,,
15/05/2023 07:30,,
15/05/2023 08:00,,
15/05/2023 08:30,,
15/05/2023 09:00,,
15/05/2023 09:30,,
15/05/2023 10:00,,
15/05/2023 10:30,,
15/05/2023 11:00,,
15/05/2023 11:30,,
15/05/2023 12:00,,
15/05/2023 12:30,,
15/05/2023 13:00,,
15/05/2023 13:30,,
15/05/2023 14:00,,
15/05/2023 14:30,,
15/05/2023 15:00,,
15/05/2023 15:30,,
15/05/2023 16:00,,
15/05/2023 16:30,,
15/05/2023 17:00,,
15/05/2023 17:30,,
15/05/2023 18:00,,
15/05/2023 18:30,,
15/05/2023 19:00,,
15/05/2023 19:30,,
15/05/2023 20:00,,
15/05/2023 20:30,,
15/05/2023 21:00,,
15/05/2023 21:30,,
15/05/2023 22:00,,
15/05/2023 22:30,,
15/05/2023 23:00,,
15/05/2023 23:30,,
16/05/2023 00:00,,
16/05/2023 00:30,,
16/05/2023 01:00,,
16/05/2023 01:30,,
16/05/2023 02:00,,
16/05/2023 02:30,,
16/05/2023 03:00,,
16/05/2023 03:30,,
16/05/2023 04:00,,
16/05/2023 04:30,,
16/05/2023 05:00,,
16/05/2023 05:30,,
16/05/2023 06:00,,
16/05/2023 06:30,,
16/05/2023 07:00,,
16/05/2023 07:30,,
16/05/2023 08:00,,
16/05/2023 08:30,,
16/05/2023 09:00,,
16/05/2023 09:30,,
16/05/2023 10:00,,
16/05/2023 10:30,,
16/05/2023 11:00,,
16/05/2023 11:30,,
16/05/2023 12:00,,
16/05/2023 12:30,,
16/05/2023 13:00,,
16/05/2023 13:30,,
16/05/2023 14:00,,
16/05/2023 14:30,,
16/05/2023 15:00,,
16/05/2023 15:30,,
16/05/2023 16:00,,
16/05/2023 16:30,,
16/05/2023 17:00,,
16/05/2023 17:30,,
16/05/2023 18:00,,
16/05/2023 18:30,,
16/05/2023 19:00,,
16/05/2023 19:30,,
16/05/2023 20:00,,
16/05/2023 20:30,,
16/05/2023 21:00,,
16/05/2023 21:30,,
16/05/2023 22:00,,
16/05/2023 22:30,,
16/05/2023 23:00,,
16/05/2023 23:30,,
17/05/2023 00:00,,
17/05/2023 00:30,,
17/05/2023 01:00,,
17/05/2023 01:30,,
17/05/2023 02:00,,
17/05/2023 02:30,,
17/05/2023 03:00,,
17/05/2023 03:30,,
17/05/2023 04:00,,
17/05/2023 04:30,,
17/05/2023 05:00,,
17/05/2023 05:30,,
17/05/2023 06:00,,
17/05/2023 06:30,,
17/05/2023 07:00,,
17/05/2023 07:30,,
17/05/2023 08:00,,
17/05/2023 08:30,,
17/05/2023 09:00,,
17/05/2023 09:30,,
17/05/2023 10:00,,
17/05/2023 10:30,,
17/05/2023 11:00,,
17/05/2023 11:30,,
17/05/2023 12:00,,
17/05/2023 12:30,,
17/05/2023 13:00,,
17/05/2023 13:30,,
17/05/2023 14:00,,
17/05/2023 14:30,,
17/05/2023 15:00,,
17/05/2023 15:30,,
17/05/2023 16:00,,
17/05/2023 16:30,,
17/05/2023 17:00,,
17/05/2023 17:30,,
17/05/2023 18:00,,
17/05/2023 18:30,,
17/05/2023 19:00,,
17/05/2023 19:30,,
17/05/2023 20:00,,
17/05/2023 20:30,,
17/05/2023 21:00,,
17/05/2023 21:30,,
17/05/2023 22:00,,
17/05/2023 22:30,,
17/05/2023 23:00,,
17/05/2023 23:30,,
18/05/2023 00:00,,
18/05/2023 00:30,,
18/05/2023 01:00,,
18/05/2023 01:30,,
18/05/2023 02:00,,
18/05/2023 02:30,,
18/05/2023 03:00,,
18/05/2023 03:30,,
18/05/2023 04:00,,
18/05/2023 04:30,,
18/05/2023 05:00,,
18/05/2023 05:30,,
18/05/2023 06:00,,
18/05/2023 06:30,,
18/05/2023 07:00,,
18/05/2023 07:30,,
18/05/2023 08:00,,
18/05/2023 08:30,,
18/05/2023 09:00,,
18/05/2023 09:30,,
18/05/2023 10:00,,
18/05/2023 10:30,,
18/05/2023 11:00,,
18/05/2023 11:30,,
18/05/2023 12:00,,
18/05/2023 12:30,,
18/05/2023 13:00,,
18/05/2023 13:30,,
18/05/2023 14:00,,
18/05/2023 14:30,,
18/05/2023 15:00,,
18/05/2023 15:30,,
18/05/2023 16:00,,
18/05/2023 16:30,,
18/05/2023 17:00,,
18/05/2023 17:30,,
18/05/2023 18:00,,
18/05/2023 18:30,,
18/05/2023 19:00,,
18/05/2023 19:30,,
18/05/2023 20:00,,
18/05/2023 20:30,,
18/05/2023 21:00,,
18/05/2023 21:30,,
18/05/2023 22:00,,
18/05/2023 22:30,,
18/05/2023 23:00,,
18/05/2023 23:30,,
19/05/2023 00:00,,
19/05/2023 00:30,,
19/05/2023 01:00,,
19/05/2023 01:30,,
19/05/2023 02:00,,
19/05/2023 02:30,,
19/05/2023 03:00,,
19/05/2023 03:30,,
19/05/2023 04:00,,
19/05/2023 04:30,,
19/05/2023 05:00,,
19/05/2023 05:30,,
19/05/2023 06:00,,
19/05/2023 06:30,,
19/05/2023 07:00,,
19/05/2023 07:30,,
19/05/2023 08:00,,
19/05/2023 08:30,,
19/05/2023 09:00,,
19/05/2023 09:30,,
19/05/2023 10:00,,
19/05/2023 10:30,,
19/05/2023 11:00,,
19/05/2023 11:30,,
19/05/2023 12:00,,
19/05/2023 12:30,,
19/05/2023 13:00,,
19/05/2023 13:30,,
19/05/2023 14:00,,
19/05/2023 14:30,,
19/05/2023 15:00,,
19/05/2023 15:30,,
19/05/2023 16:00,,
19/05/2023 16:30,,
19/05/2023 17:00,,
19/05/2023 17:30,,
19/05/2023 18:00,,
19/05/2023 18:30,,
19/05/2023 19:00,,
19/05/2023 19:30,,
19/05/2023 20:00,,
19/05/2023 20:30,,
19/05/2023 21:00,,
19/05/2023 21:30,,
19/05/2023 22:00,,
19/05/2023 22:30,,
19/05/2023 23:00,,
19/05/2023 23:30,,
20/05/2023 00:00,,
20/05/2023 00:30,,
20/05/2023 01:00,,
20/05/2023 01:30,,
20/05/2023 02:00,,
20/05/2023 02:30,,
20/05/2023 03:00,,
20/05/2023 03:30,,
20/05/2023 04:00,,
20/05/2023 04:30,,
20/05/2023 05:00,,
20/05/2023 05:30,,
20/05/2023 06:00,,
20/05/2023 06:30,,
20/05/2023 07:00,,
20/05/2023 07:30,,
20/05/2023 08:00,,
20/05/2023 08:30,,
20/05/2023 09:00,,
20/05/2023 09:30,,
20/05/2023 10:00,,
20/05/2023 10:30,,
20/05/2023 11:00,,
20/05/2023 11:30,,
20/05/2023 12:00,,
20/05/2023 12:30,,
20/05/2023 13:00,,
20/05/2023 13:30,,
20/05/2023 14:00,,
20/05/2023 14:30,,
20/05/2023 15:00,,
20/05/2023 15:30,,
20/05/2023 16:00,,
20/05/2023 16:30,,
20/05/2023 17:00,,
20/05/2023 17:30,,
20/05/2023 18:00,,
20/05/2023 18:30,,
20/05/2023 19:00,,
20/05/2023 19:30,,
20/05/2023 20:00,,
20/05/2023 20:30,,
20/05/2023 21:00,,
20/05/2023 21:30,,
20/05/2023 22:00,,
20/05/2023 22:30,,
20/05/2023 23:00,,
20/05/2023 23:30,,
21/05/2023 00:00,,
21/05/2023 00:30,,
21/05/2023 01:00,,
21/05/2023 01:30,,
21/05/2023 02:00,,
21/05/2023 02:30,,
21/05/2023 03:00,,
21/05/2023 03:30,,
21/05/2023 04:00,,
21/05/2023 04:30,,
21/05/2023 05:00,,
21/05/2023 05:30,,
21/05/2023 06:00,,
21/05/2023 06:30,,
21/05/2023 07:00,,
21/05/2023 07:30,,
21/05/2023 08:00,,
21/05/2023 08:30,,
21/05/2023 09:00,,
21/05/2023 09:30,,
21/05/2023 10:00,,
21/05/2023 10:30,,
21/05/2023 11:00,,
21/05/2023 11:30,,
21/05/2023 12:00,,
21/05/2023 12:30,,
21/05/2023 13:00,,
21/05/2023 13:30,,
21/05/2023 14:00,,
21/05/2023 14:30,,
21/05/2023 15:00,,
21/05/2023 15:30,,
21/05/2023 16:00,,
21/05/2023 16:30,,
21/05/2023 17:00,,
21/05/2023 17:30,,
21/05/2023 18:00,,
21/05/2023 18:30,,
21/05/2023 19:00,,
21/05/2023 19:30,,
21/05/2023 20:00,,
21/05/2023 20:30,,
21/05/2023 21:00,,
21/05/2023 21:30,,
21/05/2023 22:00,,
21/05/2023 22:30,,
21/05/2023 23:00,,
21/05/2023 23:30,,
22/05/2023 00:00,,
22/05/2023 00:30,,
22/05/2023 01:00,,
22/05/2023 01:30,,
22/05/2023 02:00,,
22/05/2023 02:30,,
22/05/2023 03:00,,
22/05/2023 03:30,,
22/05/2023 04:00,,
22/05/2023 04:30,,
22/05/2023 05:00,,
22/05/2023 05:30,,
22/05/2023 06:00,,
22/05/2023 06:30,,
22/05/2023 07:00,,
22/05/2023 07:30,,
22/05/2023 08:00,,
22/05/2023 08:30,,
22/05/2023 09:00,,
22/05/2023 09:30,,
22/05/2023 10:00,,
22/05/2023 10:30,,
22/05/2023 11:00,,
22/05/2023 11:30,,
22/05/2023 12:00,,
22/05/2023 12:30,,
22/05/2023 13:00,,
22/05/2023 13:30,,
22/05/2023 14:00,,
22/05/2023 14:30,,
22/05/2023 15:00,,
22/05/2023 15:30,,
22/05/2023 16:00,,
22/05/2023 16:30,,
22/05/2023 17:00,,
22/05/2023 17:30,,
22/05/2023 18:00,,
22/05/2023 18:30,,
22/05/2023 19:00,,
22/05/2023 19:30,,
22/05/2023 20:00,,
22/05/2023 20:30,,
22/05/2023 21:00,,
22/05/2023 21:30,,
22/05/2023 22:00,,
22/05/2023 22:30,,
22/05/2023 23:00,,
22/05/2023 23:30,,
23/05/2023 00:00,,
23/05/2023 00:30,,
23/05/2023 01:00,,
23/05/2023 01:30,,
23/05/2023 02:00,,
23/05/2023 02:30,,
23/05/2023 03:00,,
23/05/2023 03:30,,
23/05/2023 04:00,,
23/05/2023 04:30,,
23/05/2023 05:00,,
23/05/2023 05:30,,
23/05/2023 06:00,,
23/05/2023 06:30,,
23/05/2023 07:00,,
23/05/2023 07:30,,
23/05/2023 08:00,,
23/05/2023 08:30,,
23/05/2023 09:00,,
23/05/2023 09:30,,
23/05/2023 10:00,,
23/05/2023 10:30,,
23/05/2023 11:00,,
23/05/2023 11:30,,
23/05/2023 12:00,,
23/05/2023 12:30,,
23/05/2023 13:00,,
23/05/2023 13:30,,
23/05/2023 14:00,,
23/05/2023 14:30,,
23/05/2023 15:00,,
23/05/2023 15:30,,
23/05/2023 16:00,,
23/05/2023 16:30,,
23/05/2023 17:00,,
23/05/2023 17:30,,
23/05/2023 18:00,,
23/05/2023 18:30,,
23/05/2023 19:00,,
23/05/2023 19:30,,
23/05/2023 20:00,,
23/05/2023 20:30,,
23/05/2023 21:00,,
23/05/2023 21:30,,
23/05/2023 22:00,,
23/05/2023 22:30,,
23/05/2023 23:00,,
23/05/2023 23:30,,
24/05/2023 00:00,,
24/05/2023 00:30,,
24/05/2023 01:00,,
24/05/2023 01:30,,
24/05/2023 02:00,,
24/05/2023 02:30,,
24/05/2023 03:00,,
24/05/2023 03:30,,
24/05/2023 04:00,,
24/05/2023 04:30,,
24/05/2023 05:00,,
24/05/2023 05:30,,
24/05/2023 06:00,,
24/05/2023 06:30,,
24/05/2023 07:00,,
24/05/2023 07:30,,
24/05/2023 08:00,,
24/05/2023 08:30,,
24/05/2023 09:00,,
24/05/2023 09:30,,
24/05/2023 10:00,,
24/05/2023 10:30,,
24/05/2023 11:00,,
24/05/2023 11:30,,
24/05/2023 12:00,,
24/05/2023 12:30,,
24/05/2023 13:00,,
24/05/2023 13:30,,
24/05/2023 14:00,,
24/05/2023 14:30,,
24/05/2023 15:00,,
24/05/2023 15:30,,
24/05/2023 16:00,,
24/05/2023 16:30,,
24/05/2023 17:00,,
24/05/2023 17:30,,
24/05/2023 18:00,,
24/05/2023 18:30,,
24/05/2023 19:00,,
24/05/2023 19:30,,
24/05/2023 20:00,,
24/05/2023 20:30,,
24/05/2023 21:00,,
24/05/2023 21:30,,
24/05/2023 22:00,,
24/05/2023 22:30,,
24/05/2023 23:00,,
24/05/2023 23:30,,
25/05/2023 00:00,,
25/05/2023 00:30,,
25/05/2023 01:00,,
25/05/2023 01:30,,
25/05/2023 02:00,,
25/05/2023 02:30,,
25/05/2023 03:00,,
25/05/2023 03:30,,
25/05/2023 04:00,,
25/05/2023 04:30,,
25/05/2023 05:00,,
25/05/2023 05:30,,
25/05/2023 06:00,,
25/05/2023 06:30,,
25/05/2023 07:00,,
25/05/2023 07:30,,
25/05/2023 08:00,,
25/05/2023 08:30,,
25/05/2023 09:00,,
25/05/2023 09:30,,
25/05/2023 10:00,,
25/05/2023 10:30,,
25/05/2023 11:00,,
25/05/2023 11:30,,
25/05/2023 12:00,,
25/05/2023 12:30,,
25/05/2023 13:00,,
25/05/2023 13:30,,
25/05/2023 14:00,,
25/05/2023 14:30,,
25/05/2023 15:00,,
25/05/2023 15:30,,
25/05/2023 16:00,,
25/05/2023 16:30,,
25/05/2023 17:00,,
25/05/2023 17:30,,
25/05/2023 18:00,,
25/05/2023 18:30,,
25/05/2023 19:00,,
25/05/2023 19:30,,
25/05/2023 20:00,,
25/05/2023 20:30,,
25/05/2023 21:00,,
25/05/2023 21:30,,
25/05/2023 22:00,,
25/05/2023 22:30,,
25/05/2023 23:00,,
25/05/2023 23:30,,
26/05/2023 00:00,,
26/05/2023 00:30,,
26/05/2023 01:00,,
26/05/2023 01:30,,
26/05/2023 02:00,,
26/05/2023 02:30,,
26/05/2023 03:00,,
26/05/2023 03:30,,
26/05/2023 04:00,,
26/05/2023 04:30,,
26/05/2023 05:00,,
26/05/2023 05:30,,
26/05/2023 06:00,,
26/05/2023 06:30,,
26/05/2023 07:00,,
26/05/2023 07:30,,
26/05/2023 08:00,,
26/05/2023 08:30,,
26/05/2023 09:00,,
26/05/2023 09:30,,
26/05/2023 10:00,,
26/05/2023 10:30,,
26/05/2023 11:00,,
26/05/2023 11:30,,
26/05/2023 12:00,,
26/05/2023 12:30,,
26/05/2023 13:00,,
26/05/2023 13:30,,
26/05/2023 14:00,,
26/05/2023 14:30,,
26/05/2023 15:00,,
26/05/2023 15:30,,
26/05/2023 16:00,,
26/05/2023 16:30,,
26/05/2023 17:00,,
26/05/2023 17:30,,
26/05/2023 18:00,,
26/05/2023 18:30,,
26/05/2023 19:00,,
26/05/2023 19:30,,
26/05/2023 20:00,,
26/05/2023 20:30,,
26/05/2023 21:00,,
26/05/2023 21:30,,
26/05/2023 22:00,,
26/05/2023 22:30,,
26/05/2023 23:00,,
26/05/2023 23:30,,
27/05/2023 00:00,,
27/05/2023 00:30,,
27/05/2023 01:00,,
27/05/2023 01:30,,
27/05/2023 02:00,,
27/05/2023 02:30,,
27/05/2023 03:00,,
27/05/2023 03:30,,
27/05/2023 04:00,,
27/05/2023 04:30,,
27/05/2023 05:00,,
27/05/2023 05:30,,
27/05/2023 06:00,,
27/05/2023 06:30,,
27/05/2023 07:00,,
27/05/2023 07:30,,
27/05/2023 08:00,,
27/05/2023 08:30,,
27/05/2023 09:00,,
27/05/2023 09:30,,
27/05/2023 10:00,,
27/05/2023 10:30,,
27/05/2023 11:00,,
27/05/2023 11:30,,
27/05/2023 12:00,,
27/05/2023 12:30,,
27/05/2023 13:00,,
27/05/2023 13:30,,
27/05/2023 14:00,,
27/05/2023 14:30,,
27/05/2023 15:00,,
27/05/2023 15:30,,
27/05/2023 16:00,,
27/05/2023 16:30,,
27/05/2023 17:00,,
27/05/2023 17:30,,
27/05/2023 18:00,,
27/05/2023 18:30,,
27/05/2023 19:00,,
27/05/2023 19:30,,
27/05/2023 20:00,,
27/05/2023 20:30,,
27/05/2023 21:00,,
27/05/2023 21:30,,
27/05/2023 22:00,,
27/05/2023 22:30,,
27/05/2023 23:00,,
27/05/2023 23:30,,
28/05/2023 00:00,,
28/05/2023 00:30,,
28/05/2023 01:00,,
28/05/2023 01:30,,
28/05/2023 02:00,,
28/05/2023 02:30,,
28/05/2023 03:00,,
28/05/2023 03:30,,
28/05/2023 04:00,,
28/05/2023 04:30,,
28/05/2023 05:00,,
28/05/2023 05:30,,
28/05/2023 06:00,,
28/05/2023 06:30,,
28/05/2023 07:00,,
28/05/2023 07:30,,
28/05/2023 08:00,,
28/05/2023 08:30,,
28/05/2023 09:00,,
28/05/2023 09:30,,
28/05/2023 10:00,,
28/05/2023 10:30,,
28/05/2023 11:00,,
28/05/2023 11:30,,
28/05/2023 12:00,,
28/05/2023 12:30,,
28/05/2023 13:00,,
28/05/2023 13:30,,
28/05/2023 14:00,,
28/05/2023 14:30,,
28/05/2023 15:00,,
28/05/2023 15:30,,
28/05/2023 16:00,,
28/05/2023 16:30,,
28/05/2023 17:00,,
28/05/2023 17:30,,
28/05/2023 18:00,,
28/05/2023 18:30,,
28/05/2023 19:00,,
28/05/2023 19:30,,
28/05/2023 20:00,,
28/05/2023 20:30,,
28/05/2023 21:00,,
28/05/2023 21:30,,
28/05/2023 22:00,,
28/05/2023 22:30,,
28/05/2023 23:00,,
28/05/2023 23:30,,
29/05/2023 00:00,,
29/05/2023 00:30,,
29/05/2023 01:00,,
29/05/2023 01:30,,
29/05/2023 02:00,,
29/05/2023 02:30,,
29/05/2023 03:00,,
29/05/2023 03:30,,
29/05/2023 04:00,,
29/05/2023 04:30,,
29/05/2023 05:00,,
29/05/2023 05:30,,
29/05/2023 06:00,,
29/05/2023 06:30,,
29/05/2023 07:00,,
29/05/2023 07:30,,
29/05/2023 08:00,,
29/05/2023 08:30,,
29/05/2023 09:00,,
29/05/2023 09:30,,
29/05/2023 10:00,,
29/05/2023 10:30,,
29/05/2023 11:00,,
29/05/2023 11:30,,
29/05/2023 12:00,,
29/05/2023 12:30,,
29/05/2023 13:00,,
29/05/2023 13:30,,
29/05/2023 14:00,,
29/05/2023 14:30,,
29/05/2023 15:00,,
29/05/2023 15:30,,
29/05/2023 16:00,,
29/05/2023 16:30,,
29/05/2023 17:00,,
29/05/2023 17:30,,
29/05/2023 18:00,,
29/05/2023 18:30,,
29/05/2023 19:00,,
29/05/2023 19:30,,
29/05/2023 20:00,,
29/05/2023 20:30,,
29/05/2023 21:00,,
29/05/2023 21:30,,
29/05/2023 22:00,,
29/05/2023 22:30,,
29/05/2023 23:00,,
29/05/2023 23:30,,
30/05/2023 00:00,,
30/05/2023 00:30,,
30/05/2023 01:00,,
30/05/2023 01:30,,
30/05/2023 02:00,,
30/05/2023 02:30,,
30/05/2023 03:00,,
30/05/2023 03:30,,
30/05/2023 04:00,,
30/05/2023 04:30,,
30/05/2023 05:00,,
30/05/2023 05:30,,
30/05/2023 06:00,,
30/05/2023 06:30,,
30/05/2023 07:00,,
30/05/2023 07:30,,
30/05/2023 08:00,,
30/05/2023 08:30,,
30/05/2023 09:00,,
30/05/2023 09:30,,
30/05/2023 10:00,,
30/05/2023 10:30,,
30/05/2023 11:00,,
30/05/2023 11:30,,
30/05/2023 12:00,,
30/05/2023 12:30,,
30/05/2023 13:00,,
30/05/2023 13:30,,
30/05/2023 14:00,,
30/05/2023 14:30,,
30/05/2023 15:00,,
30/05/2023 15:30,,
30/05/2023 16:00,,
30/05/2023 16:30,,
30/05/2023 17:00,,
30/05/2023 17:30,,
30/05/2023 18:00,,
30/05/2023 18:30,,
30/05/2023 19:00,,
30/05/2023 19:30,,
30/05/2023 20:00,,
30/05/2023 20:30,,
30/05/2023 21:00,,
30/05/2023 21:30,,
30/05/2023 22:00,,
30/05/2023 22:30,,
30/05/2023 23:00,,
30/05/2023 23:30,,
31/05/2023 00:00,,
31/05/2023 00:30,,
31/05/2023 01:00,,
31/05/2023 01:30,,
31/05/2023 02:00,,
31/05/2023 02:30,,
31/05/2023 03:00,,
31/05/2023 03:30,,
31/05/2023 04:00,,
31/05/2023 04:30,,
31/05/2023 05:00,,
31/05/2023 05:30,,
31/05/2023 06:00,,
31/05/2023 06:30,,
31/05/2023 07:00,,
31/05/2023 07:30,,
31/05/2023 08:00,,
31/05/2023 08:30,,
31/05/2023 09:00,,
31/05/2023 09:30,,
31/05/2023 10:00,,
31/05/2023 10:30,,
31/05/2023 11:00,,
31/05/2023 11:30,,
31/05/2023 12:00,,
31/05/2023 12:30,,
31/05/2023 13:00,,
31/05/2023 13:30,,
31/05/2023 14:00,,
31/05/2023 14:30,,
31/05/2023 15:00,,
31/05/2023 15:30,,
31/05/2023 16:00,,
31/05/2023 16:30,,
31/05/2023 17:00,,
31/05/2023 17:30,,
31/05/2023 18:00,,
31/05/2023 18:30,,
31/05/2023 19:00,,
31/05/2023 19:30,,
31/05/2023 20:00,,
31/05/2023 20:30,,
31/05/2023 21:00,,
31/05/2023 21:30,,
31/05/2023 22:00,,
31/05/2023 22:30,,
31/05/2023 23:00,,
31/05/2023 23:30,,
01/06/2023 00:00,,
01/06/2023 00:30,,
01/06/2023 01:00,,
01/06/2023 01:30,,
01/06/2023 02:00,,
01/06/2023 02:30,,
01/06/2023 03:00,,
01/06/2023 03:30,,
01/06/2023 04:00,,
01/06/2023 04:30,,
01/06/2023 05:00,,
01/06/2023 05:30,,
01/06/2023 06:00,,
01/06/2023 06:30,,
01/06/2023 07:00,,
01/06/2023 07:30,,
01/06/2023 08:00,,
01/06/2023 08:30,,
01/06/2023 09:00,,
01/06/2023 09:30,,
01/06/2023 10:00,,
01/06/2023 10:30,,
01/06/2023 11:00,,
01/06/2023 11:30,,
01/06/2023 12:00,,
01/06/2023 12:30,,
01/06/2023 13:00,,
01/06/2023 13:30,,
01/06/2023 14:00,,
01/06/2023 14:30,,
01/06/2023 15:00,,
01/06/2023 15:30,,
01/06/2023 16:00,,
01/06/2023 16:30,,
01/06/2023 17:00,,
01/06/2023 17:30,,
01/06/2023 18:00,,
01/06/2023 18:30,,
01/06/2023 19:00,,
01/06/2023 19:30,,
01/06/2023 20:00,,
01/06/2023 20:30,,
01/06/2023 21:00,,
01/06/2023 21:30,,
01/06/2023 22:00,,
01/06/2023 22:30,,
01/06/2023 23:00,,
01/06/2023 23:30,,
02/06/2023 00:00,,
02/06/2023 00:30,,
02/06/2023 01:00,,
02/06/2023 01:30,,
02/06/2023 02:00,,
02/06/2023 02:30,,
02/06/2023 03:00,,
02/06/2023 03:30,,
02/06/2023 04:00,,
02/06/2023 04:30,,
02/06/2023 05:00,,
02/06/2023 05:30,,
02/06/2023 06:00,,
02/06/2023 06:30,,
02/06/2023 07:00,,
02/06/2023 07:30,,
02/06/2023 08:00,,
02/06/2023 08:30,,
02/06/2023 09:00,,
02/06/2023 09:30,,
02/06/2023 10:00,,
02/06/2023 10:30,,
02/06/2023 11:00,,
02/06/2023 11:30,,
02/06/2023 12:00,,
02/06/2023 12:30,,
02/06/2023 13:00,,
02/06/2023 13:30,,
02/06/2023 14:00,,
02/06/2023 14:30,,
02/06/2023 15:00,,
02/06/2023 15:30,,
02/06/2023 16:00,,
02/06/2023 16:30,,
02/06/2023 17:00,,
02/06/2023 17:30,,
02/06/2023 18:00,,
02/06/2023 18:30,,
02/06/2023 19:00,,
02/06/2023 19:30,,
02/06/2023 20:00,,
02/06/2023 20:30,,
02/06/2023 21:00,,
02/06/2023 21:30,,
02/06/2023 22:00,,
02/06/2023 22:30,,
02/06/2023 23:00,,
02/06/2023 23:30,,
03/06/2023 00:00,,
03/06/2023 00:30,,
03/06/2023 01:00,,
03/06/2023 01:30,,
03/06/2023 02:00,,
03/06/2023 02:30,,
03/06/2023 03:00,,
03/06/2023 03:30,,
03/06/2023 04:00,,
03/06/2023 04:30,,
03/06/2023 05:00,,
03/06/2023 05:30,,
03/06/2023 06:00,,
03/06/2023 06:30,,
03/06/2023 07:00,,
03/06/2023 07:30,,
03/06/2023 08:00,,
03/06/2023 08:30,,
03/06/2023 09:00,,
03/06/2023 09:30,,
03/06/2023 10:00,,
03/06/2023 10:30,,
03/06/2023 11:00,,
03/06/2023 11:30,,
03/06/2023 12:00,,
03/06/2023 12:30,,
03/06/2023 13:00,,
03/06/2023 13:30,,
03/06/2023 14:00,,
03/06/2023 14:30,,
03/06/2023 15:00,,
03/06/2023 15:30,,
03/06/2023 16:00,,
03/06/2023 16:30,,
03/06/2023 17:00,,
03/06/2023 17:30,,
03/06/2023 18:00,,
03/06/2023 18:30,,
03/06/2023 19:00,,
03/06/2023 19:30,,
03/06/2023 20:00,,
03/06/2023 20:30,,
03/06/2023 21:00,,
03/06/2023 21:30,,
03/06/2023 22:00,,
03/06/2023 22:30,,
03/06/2023 23:00,,
03/06/2023 23:30,,
04/06/2023 00:00,,
04/06/2023 00:30,,
04/06/2023 01:00,,
04/06/2023 01:30,,
04/06/2023 02:00,,
04/06/2023 02:30,,
04/06/2023 03:00,,
04/06/2023 03:30,,
04/06/2023 04:00,,
04/06/2023 04:30,,
04/06/2023 05:00,,
04/06/2023 05:30,,
04/06/2023 06:00,,
04/06/2023 06:30,,
04/06/2023 07:00,,
04/06/2023 07:30,,
04/06/2023 08:00,,
04/06/2023 08:30,,
04/06/2023 09:00,,
04/06/2023 09:30,,
04/06/2023 10:00,,
04/06/2023 10:30,,
04/06/2023 11:00,,
04/06/2023 11:30,,
04/06/2023 12:00,,
04/06/2023 12:30,,
04/06/2023 13:00,,
04/06/2023 13:30,,
04/06/2023 14:00,,
04/06/2023 14:30,,
04/06/2023 15:00,,
04/06/2023 15:30,,
04/06/2023 16:00,,
04/06/2023 16:30,,
04/06/2023 17:00,,
04/06/2023 17:30,,
04/06/2023 18:00,,
04/06/2023 18:30,,
04/06/2023 19:00,,
04/06/2023 19:30,,
04/06/2023 20:00,,
04/06/2023 20:30,,
04/06/2023 21:00,,
04/06/2023 21:30,,
04/06/2023 22:00,,
04/06/2023 22:30,,
04/06/2023 23:00,,
04/06/2023 23:30,,
05/06/2023 00:00,,
05/06/2023 00:30,,
05/06/2023 01:00,,
05/06/2023 01:30,,
05/06/2023 02:00,,
05/06/2023 02:30,,
05/06/2023 03:00,,
05/06/2023 03:30,,
05/06/2023 04:00,,
05/06/2023 04:30,,
05/06/2023 05:00,,
05/06/2023 05:30,,
05/06/2023 06:00,,
05/06/2023 06:30,,
05/06/2023 07:00,,
05/06/2023 07:30,,
05/06/2023 08:00,,
05/06/2023 08:30,,
05/06/2023 09:00,,
05/06/2023 09:30,,
05/06/2023 10:00,,
05/06/2023 10:30,,
05/06/2023 11:00,,
05/06/2023 11:30,,
05/06/2023 12:00,,
05/06/2023 12:30,,
05/06/2023 13:00,,
05/06/2023 13:30,,
05/06/2023 14:00,,
05/06/2023 14:30,,
05/06/2023 15:00,,
05/06/2023 15:30,,
05/06/2023 16:00,,
05/06/2023 16:30,,
05/06/2023 17:00,,
05/06/2023 17:30,,
05/06/2023 18:00,,
05/06/2023 18:30,,
05/06/2023 19:00,,
05/06/2023 19:30,,
05/06/2023 20:00,,
05/06/2023 20:30,,
05/06/2023 21:00,,
05/06/2023 21:30,,
05/06/2023 22:00,,
05/06/2023 22:30,,
05/06/2023 23:00,,
05/06/2023 23:30,,
06/06/2023 00:00,,
06/06/2023 00:30,,
06/06/2023 01:00,,
06/06/2023 01:30,,
06/06/2023 02:00,,
06/06/2023 02:30,,
06/06/2023 03:00,,
06/06/2023 03:30,,
06/06/2023 04:00,,
06/06/2023 04:30,,
06/06/2023 05:00,,
06/06/2023 05:30,,
06/06/2023 06:00,,
06/06/2023 06:30,,
06/06/2023 07:00,,
06/06/2023 07:30,,
06/06/2023 08:00,,
06/06/2023 08:30,,
06/06/2023 09:00,,
06/06/2023 09:30,,
06/06/2023 10:00,,
06/06/2023 10:30,,
06/06/2023 11:00,,
06/06/2023 11:30,,
06/06/2023 12:00,,
06/06/2023 12:30,,
06/06/2023 13:00,,
06/06/2023 13:30,,
06/06/2023 14:00,,
06/06/2023 14:30,,
06/06/2023 15:00,,
06/06/2023 15:30,,
06/06/2023 16:00,,
06/06/2023 16:30,,
06/06/2023 17:00,,
06/06/2023 17:30,,
06/06/2023 18:00,,
06/06/2023 18:30,,
06/06/2023 19:00,,
06/06/2023 19:30,,
06/06/2023 20:00,,
06/06/2023 20:30,,
06/06/2023 21:00,,
06/06/2023 21:30,,
06/06/2023 22:00,,
06/06/2023 22:30,,
06/06/2023 23:00,,
06/06/2023 23:30,,
07/06/2023 00:00,,
07/06/2023 00:30,,
07/06/2023 01:00,,
07/06/2023 01:30,,
07/06/2023 02:00,,
07/06/2023 02:30,,
07/06/2023 03:00,,
07/06/2023 03:30,,
07/06/2023 04:00,,
07/06/2023 04:30,,
07/06/2023 05:00,,
07/06/2023 05:30,,
07/06/2023 06:00,,
07/06/2023 06:30,,
07/06/2023 07:00,,
07/06/2023 07:30,,
07/06/2023 08:00,,
07/06/2023 08:30,,
07/06/2023 09:00,,
07/06/2023 09:30,,
07/06/2023 10:00,,
07/06/2023 10:30,,
07/06/2023 11:00,,
07/06/2023 11:30,,
07/06/2023 12:00,,
07/06/2023 12:30,,
07/06/2023 13:00,,
07/06/2023 13:30,,
07/06/2023 14:00,,
07/06/2023 14:30,,
07/06/2023 15:00,,
07/06/2023 15:30,,
07/06/2023 16:00,,
07/06/2023 16:30,,
07/06/2023 17:00,,
07/06/2023 17:30,,
07/06/2023 18:00,,
07/06/2023 18:30,,
07/06/2023 19:00,,
07/06/2023 19:30,,
07/06/2023 20:00,,
07/06/2023 20:30,,
07/06/2023 21:00,,
07/06/2023 21:30,,
07/06/2023 22:00,,
07/06/2023 22:30,,
07/06/2023 23:00,,
07/06/2023 23:30,,
08/06/2023 00:00,,
08/06/2023 00:30,,
08/06/2023 01:00,,
08/06/2023 01:30,,
08/06/2023 02:00,,
08/06/2023 02:30,,
08/06/2023 03:00,,
08/06/2023 03:30,,
08/06/2023 04:00,,
08/06/2023 04:30,,
08/06/2023 05:00,,
08/06/2023 05:30,,
08/06/2023 06:00,,
08/06/2023 06:30,,
08/06/2023 07:00,,
08/06/2023 07:30,,
08/06/2023 08:00,,
08/06/2023 08:30,,
08/06/2023 09:00,,
08/06/2023 09:30,,
08/06/2023 10:00,,
08/06/2023 10:30,,
08/06/2023 11:00,,
08/06/2023 11:30,,
08/06/2023 12:00,,
08/06/2023 12:30,,
08/06/2023 13:00,,
08/06/2023 13:30,,
08/06/2023 14:00,,
08/06/2023 14:30,,
08/06/2023 15:00,,
08/06/2023 15:30,,
08/06/2023 16:00,,
08/06/2023 16:30,,
08/06/2023 17:00,,
08/06/2023 17:30,,
08/06/2023 18:00,,
08/06/2023 18:30,,
08/06/2023 19:00,,
08/06/2023 19:30,,
08/06/2023 20:00,,
08/06/2023 20:30,,
08/06/2023 21:00,,
08/06/2023 21:30,,
08/06/2023 22:00,,
08/06/2023 22:30,,
08/06/2023 23:00,,
08/06/2023 23:30,,
09/06/2023 00:00,,
09/06/2023 00:30,,
09/06/2023 01:00,,
09/06/2023 01:30,,
09/06/2023 02:00,,
09/06/2023 02:30,,
09/06/2023 03:00,,
09/06/2023 03:30,,
09/06/2023 04:00,,
09/06/2023 04:30,,
09/06/2023 05:00,,
09/06/2023 05:30,,
09/06/2023 06:00,,
09/06/2023 06:30,,
09/06/2023 07:00,,
09/06/2023 07:30,,
09/06/2023 08:00,,
09/06/2023 08:30,,
09/06/2023 09:00,,
09/06/2023 09:30,,
09/06/2023 10:00,,
09/06/2023 10:30,,
09/06/2023 11:00,,
09/06/2023 11:30,,
09/06/2023 12:00,,
09/06/2023 12:30,,
09/06/2023 13:00,,
09/06/2023 13:30,,
09/06/2023 14:00,,
09/06/2023 14:30,,
09/06/2023 15:00,,
09/06/2023 15:30,,
09/06/2023 16:00,,
09/06/2023 16:30,,
09/06/2023 17:00,,
09/06/2023 17:30,,
09/06/2023 18:00,,
09/06/2023 18:30,,
09/06/2023 19:00,,
09/06/2023 19:30,,
09/06/2023 20:00,,
09/06/2023 20:30,,
09/06/2023 21:00,,
09/06/2023 21:30,,
09/06/2023 22:00,,
09/06/2023 22:30,,
09/06/2023 23:00,,
09/06/2023 23:30,,
10/06/2023 00:00,,
10/06/2023 00:30,,
10/06/2023 01:00,,
10/06/2023 01:30,,
10/06/2023 02:00,,
10/06/2023 02:30,,
10/06/2023 03:00,,
10/06/2023 03:30,,
10/06/2023 04:00,,
10/06/2023 04:30,,
10/06/2023 05:00,,
10/06/2023 05:30,,
10/06/2023 06:00,,
10/06/2023 06:30,,
10/06/2023 07:00,,
10/06/2023 07:30,,
10/06/2023 08:00,,
10/06/2023 08:30,,
10/06/2023 09:00,,
10/06/2023 09:30,,
10/06/2023 10:00,,
10/06/2023 10:30,,
10/06/2023 11:00,,
10/06/2023 11:30,,
10/06/2023 12:00,,
10/06/2023 12:30,,
10/06/2023 13:00,,
10/06/2023 13:30,,
10/06/2023 14:00,,
10/06/2023 14:30,,
10/06/2023 15:00,,
10/06/2023 15:30,,
10/06/2023 16:00,,
10/06/2023 16:30,,
10/06/2023 17:00,,
10/06/2023 17:30,,
10/06/2023 18:00,,
10/06/2023 18:30,,
10/06/2023 19:00,,
10/06/2023 19:30,,
10/06/2023 20:00,,
10/06/2023 20:30,,
10/06/2023 21:00,,
10/06/2023 21:30,,
10/06/2023 22:00,,
10/06/2023 22:30,,
10/06/2023 23:00,,
10/06/2023 23:30,,
11/06/2023 00:00,,
11/06/2023 00:30,,
11/06/2023 01:00,,
11/06/2023 01:30,,
11/06/2023 02:00,,
11/06/2023 02:30,,
11/06/2023 03:00,,
11/06/2023 03:30,,
11/06/2023 04:00,,
11/06/2023 04:30,,
11/06/2023 05:00,,
11/06/2023 05:30,,
11/06/2023 06:00,,
11/06/2023 06:30,,
11/06/2023 07:00,,
11/06/2023 07:30,,
11/06/2023 08:00,,
11/06/2023 08:30,,
11/06/2023 09:00,,
11/06/2023 09:30,,
11/06/2023 10:00,,
11/06/2023 10:30,,
11/06/2023 11:00,,
11/06/2023 11:30,,
11/06/2023 12:00,,
11/06/2023 12:30,,
11/06/2023 13:00,,
11/06/2023 13:30,,
11/06/2023 14:00,,
11/06/2023 14:30,,
11/06/2023 15:00,,
11/06/2023 15:30,,
11/06/2023 16:00,,
11/06/2023 16:30,,
11/06/2023 17:00,,
11/06/2023 17:30,,
11/06/2023 18:00,,
11/06/2023 18:30,,
11/06/2023 19:00,,
11/06/2023 19:30,,
11/06/2023 20:00,,
11/06/2023 20:30,,
11/06/2023 21:00,,
11/06/2023 21:30,,
11/06/2023 22:00,,
11/06/2023 22:30,,
11/06/2023 23:00,,
11/06/2023 23:30,,
12/06/2023 00:00,,
12/06/2023 00:30,,
12/06/2023 01:00,,
12/06/2023 01:30,,
12/06/2023 02:00,,
12/06/2023 02:30,,
12/06/2023 03:00,,
12/06/2023 03:30,,
12/06/2023 04:00,,
12/06/2023 04:30,,
12/06/2023 05:00,,
12/06/2023 05:30,,
12/06/2023 06:00,,
12/06/2023 06:30,,
12/06/2023 07:00,,
12/06/2023 07:30,,
12/06/2023 08:00,,
12/06/2023 08:30,,
12/06/2023 09:00,,
12/06/2023 09:30,,
12/06/2023 10:00,,
12/06/2023 10:30,,
12/06/2023 11:00,,
12/06/2023 11:30,,
12/06/2023 12:00,,
12/06/2023 12:30,,
12/06/2023 13:00,,
12/06/2023 13:30,,
12/06/2023 14:00,,
12/06/2023 14:30,,
12/06/2023 15:00,,
12/06/2023 15:30,,
12/06/2023 16:00,,
12/06/2023 16:30,,
12/06/2023 17:00,,
12/06/2023 17:30,,
12/06/2023 18:00,,
12/06/2023 18:30,,
12/06/2023 19:00,,
12/06/2023 19:30,,
12/06/2023 20:00,,
12/06/2023 20:30,,
12/06/2023 21:00,,
12/06/2023 21:30,,
12/06/2023 22:00,,
12/06/2023 22:30,,
12/06/2023 23:00,,
12/06/2023 23:30,,
13/06/2023 00:00,,
13/06/2023 00:30,,
13/06/2023 01:00,,
13/06/2023 01:30,,
13/06/2023 02:00,,
13/06/2023 02:30,,
13/06/2023 03:00,,
13/06/2023 03:30,,
13/06/2023 04:00,,
13/06/2023 04:30,,
13/06/2023 05:00,,
13/06/2023 05:30,,
13/06/2023 06:00,,
13/06/2023 06:30,,
13/06/2023 07:00,,
13/06/2023 07:30,,
13/06/2023 08:00,,
13/06/2023 08:30,,
13/06/2023 09:00,,
13/06/2023 09:30,,
13/06/2023 10:00,,
13/06/2023 10:30,,
13/06/2023 11:00,,
13/06/2023 11:30,,
13/06/2023 12:00,,
13/06/2023 12:30,,
13/06/2023 13:00,,
13/06/2023 13:30,,
13/06/2023 14:00,,
13/06/2023 14:30,,
13/06/2023 15:00,,
13/06/2023 15:30,,
13/06/2023 16:00,,
13/06/2023 16:30,,
13/06/2023 17:00,,
13/06/2023 17:30,,
13/06/2023 18:00,,
13/06/2023 18:30,,
13/06/2023 19:00,,
13/06/2023 19:30,,
13/06/2023 20:00,,
13/06/2023 20:30,,
13/06/2023 21:00,,
13/06/2023 21:30,,
13/06/2023 22:00,,
13/06/2023 22:30,,
13/06/2023 23:00,,
13/06/2023 23:30,,
14/06/2023 00:00,,
14/06/2023 00:30,,
14/06/2023 01:00,,
14/06/2023 01:30,,
14/06/2023 02:00,,
14/06/2023 02:30,,
14/06/2023 03:00,,
14/06/2023 03:30,,
14/06/2023 04:00,,
14/06/2023 04:30,,
14/06/2023 05:00,,
14/06/2023 05:30,,
14/06/2023 06:00,,
14/06/2023 06:30,,
14/06/2023 07:00,,
14/06/2023 07:30,,
14/06/2023 08:00,,
14/06/2023 08:30,,
14/06/2023 09:00,,
14/06/2023 09:30,,
14/06/2023 10:00,,
14/06/2023 10:30,,
14/06/2023 11:00,,
14/06/2023 11:30,,
14/06/2023 12:00,,
14/06/2023 12:30,,
14/06/2023 13:00,,
14/06/2023 13:30,,
14/06/2023 14:00,,
14/06/2023 14:30,,
14/06/2023 15:00,,
14/06/2023 15:30,,
14/06/2023 16:00,,
14/06/2023 16:30,,
14/06/2023 17:00,,
14/06/2023 17:30,,
14/06/2023 18:00,,
14/06/2023 18:30,,
14/06/2023 19:00,,
14/06/2023 19:30,,
14/06/2023 20:00,,
14/06/2023 20:30,,
14/06/2023 21:00,,
14/06/2023 21:30,,
14/06/2023 22:00,,
14/06/2023 22:30,,
14/06/2023 23:00,,
14/06/2023 23:30,,
15/06/2023 00:00,,
15/06/2023 00:30,,
15/06/2023 01:00,,
15/06/2023 01:30,,
15/06/2023 02:00,,
15/06/2023 02:30,,
15/06/2023 03:00,,
15/06/2023 03:30,,
15/06/2023 04:00,,
15/06/2023 04:30,,
15/06/2023 05:00,,
15/06/2023 05:30,,
15/06/2023 06:00,,
15/06/2023 06:30,,
15/06/2023 07:00,,
15/06/2023 07:30,,
15/06/2023 08:00,,
15/06/2023 08:30,,
15/06/2023 09:00,,
15/06/2023 09:30,,
15/06/2023 10:00,,
15/06/2023 10:30,,
15/06/2023 11:00,,
15/06/2023 11:30,,
15/06/2023 12:00,,
15/06/2023 12:30,,
15/06/2023 13:00,,
15/06/2023 13:30,,
15/06/2023 14:00,,
15/06/2023 14:30,,
15/06/2023 15:00,,
15/06/2023 15:30,,
15/06/2023 16:00,,
15/06/2023 16:30,,
15/06/2023 17:00,,
15/06/2023 17:30,,
15/06/2023 18:00,,
15/06/2023 18:30,,
15/06/2023 19:00,,
15/06/2023 19:30,,
15/06/2023 20:00,,
15/06/2023 20:30,,
15/06/2023 21:00,,
15/06/2023 21:30,,
15/06/2023 22:00,,
15/06/2023 22:30,,
15/06/2023 23:00,,
15/06/2023 23:30,,
16/06/2023 00:00,,
16/06/2023 00:30,,
16/06/2023 01:00,,
16/06/2023 01:30,,
16/06/2023 02:00,,
16/06/2023 02:30,,
16/06/2023 03:00,,
16/06/2023 03:30,,
16/06/2023 04:00,,
16/06/2023 04:30,,
16/06/2023 05:00,,
16/06/2023 05:30,,
16/06/2023 06:00,,
16/06/2023 06:30,,
16/06/2023 07:00,,
16/06/2023 07:30,,
16/06/2023 08:00,,
16/06/2023 08:30,,
16/06/2023 09:00,,
16/06/2023 09:30,,
16/06/2023 10:00,,
16/06/2023 10:30,,
16/06/2023 11:00,,
16/06/2023 11:30,,
16/06/2023 12:00,,
16/06/2023 12:30,,
16/06/2023 13:00,,
16/06/2023 13:30,,
16/06/2023 14:00,,
16/06/2023 14:30,,
16/06/2023 15:00,,
16/06/2023 15:30,,
16/06/2023 16:00,,
16/06/2023 16:30,,
16/06/2023 17:00,,
16/06/2023 17:30,,
16/06/2023 18:00,,
16/06/2023 18:30,,
16/06/2023 19:00,,
16/06/2023 19:30,,
16/06/2023 20:00,,
16/06/2023 20:30,,
16/06/2023 21:00,,
16/06/2023 21:30,,
16/06/2023 22:00,,
16/06/2023 22:30,,
16/06/2023 23:00,,
16/06/2023 23:30,,
17/06/2023 00:00,,
17/06/2023 00:30,,
17/06/2023 01:00,,
17/06/2023 01:30,,
17/06/2023 02:00,,
17/06/2023 02:30,,
17/06/2023 03:00,,
17/06/2023 03:30,,
17/06/2023 04:00,,
17/06/2023 04:30,,
17/06/2023 05:00,,
17/06/2023 05:30,,
17/06/2023 06:00,,
17/06/2023 06:30,,
17/06/2023 07:00,,
17/06/2023 07:30,,
17/06/2023 08:00,,
17/06/2023 08:30,,
17/06/2023 09:00,,
17/06/2023 09:30,,
17/06/2023 10:00,,
17/06/2023 10:30,,
17/06/2023 11:00,,
17/06/2023 11:30,,
17/06/2023 12:00,,
17/06/2023 12:30,,
17/06/2023 13:00,,
17/06/2023 13:30,,
17/06/2023 14:00,,
17/06/2023 14:30,,
17/06/2023 15:00,,
17/06/2023 15:30,,
17/06/2023 16:00,,
17/06/2023 16:30,,
17/06/2023 17:00,,
17/06/2023 17:30,,
17/06/2023 18:00,,
17/06/2023 18:30,,
17/06/2023 19:00,,
17/06/2023 19:30,,
17/06/2023 20:00,,
17/06/2023 20:30,,
17/06/2023 21:00,,
17/06/2023 21:30,,
17/06/2023 22:00,,
17/06/2023 22:30,,
17/06/2023 23:00,,
17/06/2023 23:30,,
18/06/2023 00:00,,
18/06/2023 00:30,,
18/06/2023 01:00,,
18/06/2023 01:30,,
18/06/2023 02:00,,
18/06/2023 02:30,,
18/06/2023 03:00,,
18/06/2023 03:30,,
18/06/2023 04:00,,
18/06/2023 04:30,,
18/06/2023 05:00,,
18/06/2023 05:30,,
18/06/2023 06:00,,
18/06/2023 06:30,,
18/06/2023 07:00,,
18/06/2023 07:30,,
18/06/2023 08:00,,
18/06/2023 08:30,,
18/06/2023 09:00,,
18/06/2023 09:30,,
18/06/2023 10:00,,
18/06/2023 10:30,,
18/06/2023 11:00,,
18/06/2023 11:30,,
18/06/2023 12:00,,
18/06/2023 12:30,,
18/06/2023 13:00,,
18/06/2023 13:30,,
18/06/2023 14:00,,
18/06/2023 14:30,,
18/06/2023 15:00,,
18/06/2023 15:30,,
18/06/2023 16:00,,
18/06/2023 16:30,,
18/06/2023 17:00,,
18/06/2023 17:30,,
18/06/2023 18:00,,
18/06/2023 18:30,,
18/06/2023 19:00,,
18/06/2023 19:30,,
18/06/2023 20:00,,
18/06/2023 20:30,,
18/06/2023 21:00,,
18/06/2023 21:30,,
18/06/2023 22:00,,
18/06/2023 22:30,,
18/06/2023 23:00,,
18/06/2023 23:30,,
19/06/2023 00:00,,
19/06/2023 00:30,,
19/06/2023 01:00,,
19/06/2023 01:30,,
19/06/2023 02:00,,
19/06/2023 02:30,,
19/06/2023 03:00,,
19/06/2023 03:30,,
19/06/2023 04:00,,
19/06/2023 04:30,,
19/06/2023 05:00,,
19/06/2023 05:30,,
19/06/2023 06:00,,
19/06/2023 06:30,,
19/06/2023 07:00,,
19/06/2023 07:30,,
19/06/2023 08:00,,
19/06/2023 08:30,,
19/06/2023 09:00,,
19/06/2023 09:30,,
19/06/2023 10:00,,
19/06/2023 10:30,,
19/06/2023 11:00,,
19/06/2023 11:30,,
19/06/2023 12:00,,
19/06/2023 12:30,,
19/06/2023 13:00,,
19/06/2023 13:30,,
19/06/2023 14:00,,
19/06/2023 14:30,,
19/06/2023 15:00,,
19/06/2023 15:30,,
19/06/2023 16:00,,
19/06/2023 16:30,,
19/06/2023 17:00,,
19/06/2023 17:30,,
19/06/2023 18:00,,
19/06/2023 18:30,,
19/06/2023 19:00,,
19/06/2023 19:30,,
19/06/2023 20:00,,
19/06/2023 20:30,,
19/06/2023 21:00,,
19/06/2023 21:30,,
19/06/2023 22:00,,
19/06/2023 22:30,,
19/06/2023 23:00,,
19/06/2023 23:30,,
20/06/2023 00:00,,
20/06/2023 00:30,,
20/06/2023 01:00,,
20/06/2023 01:30,,
20/06/2023 02:00,,
20/06/2023 02:30,,
20/06/2023 03:00,,
20/06/2023 03:30,,
20/06/2023 04:00,,
20/06/2023 04:30,,
20/06/2023 05:00,,
20/06/2023 05:30,,
20/06/2023 06:00,,
20/06/2023 06:30,,
20/06/2023 07:00,,
20/06/2023 07:30,,
20/06/2023 08:00,,
20/06/2023 08:30,,
20/06/2023 09:00,,
20/06/2023 09:30,,
20/06/2023 10:00,,
20/06/2023 10:30,,
20/06/2023 11:00,,
20/06/2023 11:30,,
20/06/2023 12:00,,
20/06/2023 12:30,,
20/06/2023 13:00,,
20/06/2023 13:30,,
20/06/2023 14:00,,
20/06/2023 14:30,,
20/06/2023 15:00,,
20/06/2023 15:30,,
20/06/2023 16:00,,
20/06/2023 16:30,,
20/06/2023 17:00,,
20/06/2023 17:30,,
20/06/2023 18:00,,
20/06/2023 18:30,,
20/06/2023 19:00,,
20/06/2023 19:30,,
20/06/2023 20:00,,
20/06/2023 20:30,,
20/06/2023 21:00,,
20/06/2023 21:30,,
20/06/2023 22:00,,
20/06/2023 22:30,,
20/06/2023 23:00,,
20/06/2023 23:30,,
21/06/2023 00:00,,
21/06/2023 00:30,,
21/06/2023 01:00,,
21/06/2023 01:30,,
21/06/2023 02:00,,
21/06/2023 02:30,,
21/06/2023 03:00,,
21/06/2023 03:30,,
21/06/2023 04:00,,
21/06/2023 04:30,,
21/06/2023 05:00,,
21/06/2023 05:30,,
21/06/2023 06:00,,
21/06/2023 06:30,,
21/06/2023 07:00,,
21/06/2023 07:30,,
21/06/2023 08:00,,
21/06/2023 08:30,,
21/06/2023 09:00,,
21/06/2023 09:30,,
21/06/2023 10:00,,
21/06/2023 10:30,,
21/06/2023 11:00,,
21/06/2023 11:30,,
21/06/2023 12:00,,
21/06/2023 12:30,,
21/06/2023 13:00,,
21/06/2023 13:30,,
21/06/2023 14:00,,
21/06/2023 14:30,,
21/06/2023 15:00,,
21/06/2023 15:30,,
21/06/2023 16:00,,
21/06/2023 16:30,,
21/06/2023 17:00,,
21/06/2023 17:30,,
21/06/2023 18:00,,
21/06/2023 18:30,,
21/06/2023 19:00,,
21/06/2023 19:30,,
21/06/2023 20:00,,
21/06/2023 20:30,,
21/06/2023 21:00,,
21/06/2023 21:30,,
21/06/2023 22:00,,
21/06/2023 22:30,,
21/06/2023 23:00,,
21/06/2023 23:30,,
22/06/2023 00:00,,
22/06/2023 00:30,,
22/06/2023 01:00,,
22/06/2023 01:30,,
22/06/2023 02:00,,
22/06/2023 02:30,,
22/06/2023 03:00,,
22/06/2023 03:30,,
22/06/2023 04:00,,
22/06/2023 04:30,,
22/06/2023 05:00,,
22/06/2023 05:30,,
22/06/2023 06:00,,
22/06/2023 06:30,,
22/06/2023 07:00,,
22/06/2023 07:30,,
22/06/2023 08:00,,
22/06/2023 08:30,,
22/06/2023 09:00,,
22/06/2023 09:30,,
22/06/2023 10:00,,
22/06/2023 10:30,,
22/06/2023 11:00,,
22/06/2023 11:30,,
22/06/2023 12:00,,
22/06/2023 12:30,,
22/06/2023 13:00,,
22/06/2023 13:30,,
22/06/2023 14:00,,
22/06/2023 14:30,,
22/06/2023 15:00,,
22/06/2023 15:30,,
22/06/2023 16:00,,
22/06/2023 16:30,,
22/06/2023 17:00,,
22/06/2023 17:30,,
22/06/2023 18:00,,
22/06/2023 18:30,,
22/06/2023 19:00,,
22/06/2023 19:30,,
22/06/2023 20:00,,
22/06/2023 20:30,,
22/06/2023 21:00,,
22/06/2023 21:30,,
22/06/2023 22:00,,
22/06/2023 22:30,,
22/06/2023 23:00,,
22/06/2023 23:30,,
23/06/2023 00:00,,
23/06/2023 00:30,,
23/06/2023 01:00,,
23/06/2023 01:30,,
23/06/2023 02:00,,
23/06/2023 02:30,,
23/06/2023 03:00,,
23/06/2023 03:30,,
23/06/2023 04:00,,
23/06/2023 04:30,,
23/06/2023 05:00,,
23/06/2023 05:30,,
23/06/2023 06:00,,
23/06/2023 06:30,,
23/06/2023 07:00,,
23/06/2023 07:30,,
23/06/2023 08:00,,
23/06/2023 08:30,,
23/06/2023 09:00,,
23/06/2023 09:30,,
23/06/2023 10:00,,
23/06/2023 10:30,,
23/06/2023 11:00,,
23/06/2023 11:30,,
23/06/2023 12:00,,
23/06/2023 12:30,,
23/06/2023 13:00,,
23/06/2023 13:30,,
23/06/2023 14:00,,
23/06/2023 14:30,,
23/06/2023 15:00,,
23/06/2023 15:30,,
23/06/2023 16:00,,
23/06/2023 16:30,,
23/06/2023 17:00,,
23/06/2023 17:30,,
23/06/2023 18:00,,
23/06/2023 18:30,,
23/06/2023 19:00,,
23/06/2023 19:30,,
23/06/2023 20:00,,
23/06/2023 20:30,,
23/06/2023 21:00,,
23/06/2023 21:30,,
23/06/2023 22:00,,
23/06/2023 22:30,,
23/06/2023 23:00,,
23/06/2023 23:30,,
24/06/2023 00:00,,
24/06/2023 00:30,,
24/06/2023 01:00,,
24/06/2023 01:30,,
24/06/2023 02:00,,
24/06/2023 02:30,,
24/06/2023 03:00,,
24/06/2023 03:30,,
24/06/2023 04:00,,
24/06/2023 04:30,,
24/06/2023 05:00,,
24/06/2023 05:30,,
24/06/2023 06:00,,
24/06/2023 06:30,,
24/06/2023 07:00,,
24/06/2023 07:30,,
24/06/2023 08:00,,
24/06/2023 08:30,,
24/06/2023 09:00,,
24/06/2023 09:30,,
24/06/2023 10:00,,
24/06/2023 10:30,,
24/06/2023 11:00,,
24/06/2023 11:30,,
24/06/2023 12:00,,
24/06/2023 12:30,,
24/06/2023 13:00,,
24/06/2023 13:30,,
24/06/2023 14:00,,
24/06/2023 14:30,,
24/06/2023 15:00,,
24/06/2023 15:30,,
24/06/2023 16:00,,
24/06/2023 16:30,,
24/06/2023 17:00,,
24/06/2023 17:30,,
24/06/2023 18:00,,
24/06/2023 18:30,,
24/06/2023 19:00,,
24/06/2023 19:30,,
24/06/2023 20:00,,
24/06/2023 20:30,,
24/06/2023 21:00,,
24/06/2023 21:30,,
24/06/2023 22:00,,
24/06/2023 22:30,,
24/06/2023 23:00,,
24/06/2023 23:30,,
25/06/2023 00:00,,
25/06/2023 00:30,,
25/06/2023 01:00,,
25/06/2023 01:30,,
25/06/2023 02:00,,
25/06/2023 02:30,,
25/06/2023 03:00,,
25/06/2023 03:30,,
25/06/2023 04:00,,
25/06/2023 04:30,,
25/06/2023 05:00,,
25/06/2023 05:30,,
25/06/2023 06:00,,
25/06/2023 06:30,,
25/06/2023 07:00,,
25/06/2023 07:30,,
25/06/2023 08:00,,
25/06/2023 08:30,,
25/06/2023 09:00,,
25/06/2023 09:30,,
25/06/2023 10:00,,
25/06/2023 10:30,,
25/06/2023 11:00,,
25/06/2023 11:30,,
25/06/2023 12:00,,
25/06/2023 12:30,,
25/06/2023 13:00,,
25/06/2023 13:30,,
25/06/2023 14:00,,
25/06/2023 14:30,,
25/06/2023 15:00,,
25/06/2023 15:30,,
25/06/2023 16:00,,
25/06/2023 16:30,,
25/06/2023 17:00,,
25/06/2023 17:30,,
25/06/2023 18:00,,
25/06/2023 18:30,,
25/06/2023 19:00,,
25/06/2023 19:30,,
25/06/2023 20:00,,
25/06/2023 20:30,,
25/06/2023 21:00,,
25/06/2023 21:30,,
25/06/2023 22:00,,
25/06/2023 22:30,,
25/06/2023 23:00,,
25/06/2023 23:30,,
26/06/2023 00:00,,
26/06/2023 00:30,,
26/06/2023 01:00,,
26/06/2023 01:30,,
26/06/2023 02:00,,
26/06/2023 02:30,,
26/06/2023 03:00,,
26/06/2023 03:30,,
26/06/2023 04:00,,
26/06/2023 04:30,,
26/06/2023 05:00,,
26/06/2023 05:30,,
26/06/2023 06:00,,
26/06/2023 06:30,,
26/06/2023 07:00,,
26/06/2023 07:30,,
26/06/2023 08:00,,
26/06/2023 08:30,,
26/06/2023 09:00,,
26/06/2023 09:30,,
26/06/2023 10:00,,
26/06/2023 10:30,,
26/06/2023 11:00,,
26/06/2023 11:30,,
26/06/2023 12:00,,
26/06/2023 12:30,,
26/06/2023 13:00,,
26/06/2023 13:30,,
26/06/2023 14:00,,
26/06/2023 14:30,,
26/06/2023 15:00,,
26/06/2023 15:30,,
26/06/2023 16:00,,
26/06/2023 16:30,,
26/06/2023 17:00,,
26/06/2023 17:30,,
26/06/2023 18:00,,
26/06/2023 18:30,,
26/06/2023 19:00,,
26/06/2023 19:30,,
26/06/2023 20:00,,
26/06/2023 20:30,,
26/06/2023 21:00,,
26/06/2023 21:30,,
26/06/2023 22:00,,
26/06/2023 22:30,,
26/06/2023 23:00,,
26/06/2023 23:30,,
27/06/2023 00:00,,
27/06/2023 00:30,,
27/06/2023 01:00,,
27/06/2023 01:30,,
27/06/2023 02:00,,
27/06/2023 02:30,,
27/06/2023 03:00,,
27/06/2023 03:30,,
27/06/2023 04:00,,
27/06/2023 04:30,,
27/06/2023 05:00,,
27/06/2023 05:30,,
27/06/2023 06:00,,
27/06/2023 06:30,,
27/06/2023 07:00,,
27/06/2023 07:30,,
27/06/2023 08:00,,
27/06/2023 08:30,,
27/06/2023 09:00,,
27/06/2023 09:30,,
27/06/2023 10:00,,
27/06/2023 10:30,,
27/06/2023 11:00,,
27/06/2023 11:30,,
27/06/2023 12:00,,
27/06/2023 12:30,,
27/06/2023 13:00,,
27/06/2023 13:30,,
27/06/2023 14:00,,
27/06/2023 14:30,,
27/06/2023 15:00,,
27/06/2023 15:30,,
27/06/2023 16:00,,
27/06/2023 16:30,,
27/06/2023 17:00,,
27/06/2023 17:30,,
27/06/2023 18:00,,
27/06/2023 18:30,,
27/06/2023 19:00,,
27/06/2023 19:30,,
27/06/2023 20:00,,
27/06/2023 20:30,,
27/06/2023 21:00,,
27/06/2023 21:30,,
27/06/2023 22:00,,
27/06/2023 22:30,,
27/06/2023 23:00,,
27/06/2023 23:30,,
28/06/2023 00:00,,
28/06/2023 00:30,,
28/06/2023 01:00,,
28/06/2023 01:30,,
28/06/2023 02:00,,
28/06/2023 02:30,,
28/06/2023 03:00,,
28/06/2023 03:30,,
28/06/2023 04:00,,
28/06/2023 04:30,,
28/06/2023 05:00,,
28/06/2023 05:30,,
28/06/2023 06:00,,
28/06/2023 06:30,,
28/06/2023 07:00,,
28/06/2023 07:30,,
28/06/2023 08:00,,
28/06/2023 08:30,,
28/06/2023 09:00,,
28/06/2023 09:30,,
28/06/2023 10:00,,
28/06/2023 10:30,,
28/06/2023 11:00,,
28/06/2023 11:30,,
28/06/2023 12:00,,
28/06/2023 12:30,,
28/06/2023 13:00,,
28/06/2023 13:30,,
28/06/2023 14:00,,
28/06/2023 14:30,,
28/06/2023 15:00,,
28/06/2023 15:30,,
28/06/2023 16:00,,
28/06/2023 16:30,,
28/06/2023 17:00,,
28/06/2023 17:30,,
28/06/2023 18:00,,
28/06/2023 18:30,,
28/06/2023 19:00,,
28/06/2023 19:30,,
28/06/2023 20:00,,
28/06/2023 20:30,,
28/06/2023 21:00,,
28/06/2023 21:30,,
28/06/2023 22:00,,
28/06/2023 22:30,,
28/06/2023 23:00,,
28/06/2023 23:30,,
29/06/2023 00:00,,
29/06/2023 00:30,,
29/06/2023 01:00,,
29/06/2023 01:30,,
29/06/2023 02:00,,
29/06/2023 02:30,,
29/06/2023 03:00,,
29/06/2023 03:30,,
29/06/2023 04:00,,
29/06/2023 04:30,,
29/06/2023 05:00,,
29/06/2023 05:30,,
29/06/2023 06:00,,
29/06/2023 06:30,,
29/06/2023 07:00,,
29/06/2023 07:30,,
29/06/2023 08:00,,
29/06/2023 08:30,,
29/06/2023 09:00,,
29/06/2023 09:30,,
29/06/2023 10:00,,
29/06/2023 10:30,,
29/06/2023 11:00,,
29/06/2023 11:30,,
29/06/2023 12:00,,
29/06/2023 12:30,,
29/06/2023 13:00,,
29/06/2023 13:30,,
29/06/2023 14:00,,
29/06/2023 14:30,,
29/06/2023 15:00,,
29/06/2023 15:30,,
29/06/2023 16:00,,
29/06/2023 16:30,,
29/06/2023 17:00,,
29/06/2023 17:30,,
29/06/2023 18:00,,
29/06/2023 18:30,,
29/06/2023 19:00,,
29/06/2023 19:30,,
29/06/2023 20:00,,
29/06/2023 20:30,,
29/06/2023 21:00,,
29/06/2023 21:30,,
29/06/2023 22:00,,
29/06/2023 22:30,,
29/06/2023 23:00,,
29/06/2023 23:30,,
30/06/2023 00:00,,
30/06/2023 00:30,,
30/06/2023 01:00,,
30/06/2023 01:30,,
30/06/2023 02:00,,
30/06/2023 02:30,,
30/06/2023 03:00,,
30/06/2023 03:30,,
30/06/2023 04:00,,
30/06/2023 04:30,,
30/06/2023 05:00,,
30/06/2023 05:30,,
30/06/2023 06:00,,
30/06/2023 06:30,,
30/06/2023 07:00,,
30/06/2023 07:30,,
30/06/2023 08:00,,
30/06/2023 08:30,,
30/06/2023 09:00,,
30/06/2023 09:30,,
30/06/2023 10:00,,
30/06/2023 10:30,,
30/06/2023 11:00,,
30/06/2023 11:30,,
30/06/2023 12:00,,
30/06/2023 12:30,,
30/06/2023 13:00,,
30/06/2023 13:30,,
30/06/2023 14:00,,
30/06/2023 14:30,,
30/06/2023 15:00,,
30/06/2023 15:30,,
30/06/2023 16:00,,
30/06/2023 16:30,,
30/06/2023 17:00,,
30/06/2023 17:30,,
30/06/2023 18:00,,
30/06/2023 18:30,,
30/06/2023 19:00,,
30/06/2023 19:30,,
30/06/2023 20:00,,
30/06/2023 20:30,,
30/06/2023 21:00,,
30/06/2023 21:30,,
30/06/2023 22:00,,
30/06/2023 22:30,,
30/06/2023 23:00,,
30/06/2023 23:30,,
01/07/2023 00:00,,
01/07/2023 00:30,,
01/07/2023 01:00,,
01/07/2023 01:30,,
01/07/2023 02:00,,
01/07/2023 02:30,,
01/07/2023 03:00,,
01/07/2023 03:30,,
01/07/2023 04:00,,
01/07/2023 04:30,,
01/07/2023 05:00,,
01/07/2023 05:30,,
01/07/2023 06:00,,
01/07/2023 06:30,,
01/07/2023 07:00,,
01/07/2023 07:30,,
01/07/2023 08:00,,
01/07/2023 08:30,,
01/07/2023 09:00,,
01/07/2023 09:30,,
01/07/2023 10:00,,
01/07/2023 10:30,,
01/07/2023 11:00,,
01/07/2023 11:30,,
01/07/2023 12:00,,
01/07/2023 12:30,,
01/07/2023 13:00,,
01/07/2023 13:30,,
01/07/2023 14:00,,
01/07/2023 14:30,,
01/07/2023 15:00,,
01/07/2023 15:30,,
01/07/2023 16:00,,
01/07/2023 16:30,,
01/07/2023 17:00,,
01/07/2023 17:30,,
01/07/2023 18:00,,
01/07/2023 18:30,,
01/07/2023 19:00,,
01/07/2023 19:30,,
01/07/2023 20:00,,
01/07/2023 20:30,,
01/07/2023 21:00,,
01/07/2023 21:30,,
01/07/2023 22:00,,
01/07/2023 22:30,,
01/07/2023 23:00,,
01/07/2023 23:30,,
02/07/2023 00:00,,
02/07/2023 00:30,,
02/07/2023 01:00,,
02/07/2023 01:30,,
02/07/2023 02:00,,
02/07/2023 02:30,,
02/07/2023 03:00,,
02/07/2023 03:30,,
02/07/2023 04:00,,
02/07/2023 04:30,,
02/07/2023 05:00,,
02/07/2023 05:30,,
02/07/2023 06:00,,
02/07/2023 06:30,,
02/07/2023 07:00,,
02/07/2023 07:30,,
02/07/2023 08:00,,
02/07/2023 08:30,,
02/07/2023 09:00,,
02/07/2023 09:30,,
02/07/2023 10:00,,
02/07/2023 10:30,,
02/07/2023 11:00,,
02/07/2023 11:30,,
02/07/2023 12:00,,
02/07/2023 12:30,,
02/07/2023 13:00,,
02/07/2023 13:30,,
02/07/2023 14:00,,
02/07/2023 14:30,,
02/07/2023 15:00,,
02/07/2023 15:30,,
02/07/2023 16:00,,
02/07/2023 16:30,,
02/07/2023 17:00,,
02/07/2023 17:30,,
02/07/2023 18:00,,
02/07/2023 18:30,,
02/07/2023 19:00,,
02/07/2023 19:30,,
02/07/2023 20:00,,
02/07/2023 20:30,,
02/07/2023 21:00,,
02/07/2023 21:30,,
02/07/2023 22:00,,
02/07/2023 22:30,,
02/07/2023 23:00,,
02/07/2023 23:30,,
03/07/2023 00:00,,
03/07/2023 00:30,,
03/07/2023 01:00,,
03/07/2023 01:30,,
03/07/2023 02:00,,
03/07/2023 02:30,,
03/07/2023 03:00,,
03/07/2023 03:30,,
03/07/2023 04:00,,
03/07/2023 04:30,,
03/07/2023 05:00,,
03/07/2023 05:30,,
03/07/2023 06:00,,
03/07/2023 06:30,,
03/07/2023 07:00,,
03/07/2023 07:30,,
03/07/2023 08:00,,
03/07/2023 08:30,,
03/07/2023 09:00,,
03/07/2023 09:30,,
03/07/2023 10:00,,
03/07/2023 10:30,,
03/07/2023 11:00,,
03/07/2023 11:30,,
03/07/2023 12:00,,
03/07/2023 12:30,,
03/07/2023 13:00,,
03/07/2023 13:30,,
03/07/2023 14:00,,
03/07/2023 14:30,,
03/07/2023 15:00,,
03/07/2023 15:30,,
03/07/2023 16:00,,
03/07/2023 16:30,,
03/07/2023 17:00,,
03/07/2023 17:30,,
03/07/2023 18:00,,
03/07/2023 18:30,,
03/07/2023 19:00,,
03/07/2023 19:30,,
03/07/2023 20:00,,
03/07/2023 20:30,,
03/07/2023 21:00,,
03/07/2023 21:30,,
03/07/2023 22:00,,
03/07/2023 22:30,,
03/07/2023 23:00,,
03/07/2023 23:30,,
04/07/2023 00:00,,
04/07/2023 00:30,,
04/07/2023 01:00,,
04/07/2023 01:30,,
04/07/2023 02:00,,
04/07/2023 02:30,,
04/07/2023 03:00,,
04/07/2023 03:30,,
04/07/2023 04:00,,
04/07/2023 04:30,,
04/07/2023 05:00,,
04/07/2023 05:30,,
04/07/2023 06:00,,
04/07/2023 06:30,,
04/07/2023 07:00,,
04/07/2023 07:30,,
04/07/2023 08:00,,
04/07/2023 08:30,,
04/07/2023 09:00,,
04/07/2023 09:30,,
04/07/2023 10:00,,
04/07/2023 10:30,,
04/07/2023 11:00,,
04/07/2023 11:30,,
04/07/2023 12:00,,
04/07/2023 12:30,,
04/07/2023 13:00,,
04/07/2023 13:30,,
04/07/2023 14:00,,
04/07/2023 14:30,,
04/07/2023 15:00,,
04/07/2023 15:30,,
04/07/2023 16:00,,
04/07/2023 16:30,,
04/07/2023 17:00,,
04/07/2023 17:30,,
04/07/2023 18:00,,
04/07/2023 18:30,,
04/07/2023 19:00,,
04/07/2023 19:30,,
04/07/2023 20:00,,
04/07/2023 20:30,,
04/07/2023 21:00,,
04/07/2023 21:30,,
04/07/2023 22:00,,
04/07/2023 22:30,,
04/07/2023 23:00,,
04/07/2023 23:30,,
05/07/2023 00:00,,
05/07/2023 00:30,,
05/07/2023 01:00,,
05/07/2023 01:30,,
05/07/2023 02:00,,
05/07/2023 02:30,,
05/07/2023 03:00,,
05/07/2023 03:30,,
05/07/2023 04:00,,
05/07/2023 04:30,,
05/07/2023 05:00,,
05/07/2023 05:30,,
05/07/2023 06:00,,
05/07/2023 06:30,,
05/07/2023 07:00,,
05/07/2023 07:30,,
05/07/2023 08:00,,
05/07/2023 08:30,,
05/07/2023 09:00,,
05/07/2023 09:30,,
05/07/2023 10:00,,
05/07/2023 10:30,,
05/07/2023 11:00,,
05/07/2023 11:30,,
05/07/2023 12:00,,
05/07/2023 12:30,,
05/07/2023 13:00,,
05/07/2023 13:30,,
05/07/2023 14:00,,
05/07/2023 14:30,,
05/07/2023 15:00,,
05/07/2023 15:30,,
05/07/2023 16:00,,
05/07/2023 16:30,,
05/07/2023 17:00,,
05/07/2023 17:30,,
05/07/2023 18:00,,
05/07/2023 18:30,,
05/07/2023 19:00,,
05/07/2023 19:30,,
05/07/2023 20:00,,
05/07/2023 20:30,,
05/07/2023 21:00,,
05/07/2023 21:30,,
05/07/2023 22:00,,
05/07/2023 22:30,,
05/07/2023 23:00,,
05/07/2023 23:30,,
06/07/2023 00:00,,
06/07/2023 00:30,,
06/07/2023 01:00,,
06/07/2023 01:30,,
06/07/2023 02:00,,
06/07/2023 02:30,,
06/07/2023 03:00,,
06/07/2023 03:30,,
06/07/2023 04:00,,
06/07/2023 04:30,,
06/07/2023 05:00,,
06/07/2023 05:30,,
06/07/2023 06:00,,
06/07/2023 06:30,,
06/07/2023 07:00,,
06/07/2023 07:30,,
06/07/2023 08:00,,
06/07/2023 08:30,,
06/07/2023 09:00,,
06/07/2023 09:30,,
06/07/2023 10:00,,
06/07/2023 10:30,,
06/07/2023 11:00,,
06/07/2023 11:30,,
06/07/2023 12:00,,
06/07/2023 12:30,,
06/07/2023 13:00,,
06/07/2023 13:30,,
06/07/2023 14:00,,
06/07/2023 14:30,,
06/07/2023 15:00,,
06/07/2023 15:30,,
06/07/2023 16:00,,
06/07/2023 16:30,,
06/07/2023 17:00,,
06/07/2023 17:30,,
06/07/2023 18:00,,
06/07/2023 18:30,,
06/07/2023 19:00,,
06/07/2023 19:30,,
06/07/2023 20:00,,
06/07/2023 20:30,,
06/07/2023 21:00,,
06/07/2023 21:30,,
06/07/2023 22:00,,
06/07/2023 22:30,,
06/07/2023 23:00,,
06/07/2023 23:30,,
07/07/2023 00:00,,
07/07/2023 00:30,,
07/07/2023 01:00,,
07/07/2023 01:30,,
07/07/2023 02:00,,
07/07/2023 02:30,,
07/07/2023 03:00,,
07/07/2023 03:30,,
07/07/2023 04:00,,
07/07/2023 04:30,,
07/07/2023 05:00,,
07/07/2023 05:30,,
07/07/2023 06:00,,
07/07/2023 06:30,,
07/07/2023 07:00,,
07/07/2023 07:30,,
07/07/2023 08:00,,
07/07/2023 08:30,,
07/07/2023 09:00,,
07/07/2023 09:30,,
07/07/2023 10:00,,
07/07/2023 10:30,,
07/07/2023 11:00,,
07/07/2023 11:30,,
07/07/2023 12:00,,
07/07/2023 12:30,,
07/07/2023 13:00,,
07/07/2023 13:30,,
07/07/2023 14:00,,
07/07/2023 14:30,,
07/07/2023 15:00,,
07/07/2023 15:30,,
07/07/2023 16:00,,
07/07/2023 16:30,,
07/07/2023 17:00,,
07/07/2023 17:30,,
07/07/2023 18:00,,
07/07/2023 18:30,,
07/07/2023 19:00,,
07/07/2023 19:30,,
07/07/2023 20:00,,
07/07/2023 20:30,,
07/07/2023 21:00,,
07/07/2023 21:30,,
07/07/2023 22:00,,
07/07/2023 22:30,,
07/07/2023 23:00,,
07/07/2023 23:30,,
08/07/2023 00:00,,
08/07/2023 00:30,,
08/07/2023 01:00,,
08/07/2023 01:30,,
08/07/2023 02:00,,
08/07/2023 02:30,,
08/07/2023 03:00,,
08/07/2023 03:30,,
08/07/2023 04:00,,
08/07/2023 04:30,,
08/07/2023 05:00,,
08/07/2023 05:30,,
08/07/2023 06:00,,
08/07/2023 06:30,,
08/07/2023 07:00,,
08/07/2023 07:30,,
08/07/2023 08:00,,
08/07/2023 08:30,,
08/07/2023 09:00,,
08/07/2023 09:30,,
08/07/2023 10:00,,
08/07/2023 10:30,,
08/07/2023 11:00,,
08/07/2023 11:30,,
08/07/2023 12:00,,
08/07/2023 12:30,,
08/07/2023 13:00,,
08/07/2023 13:30,,
08/07/2023 14:00,,
08/07/2023 14:30,,
08/07/2023 15:00,,
08/07/2023 15:30,,
08/07/2023 16:00,,
08/07/2023 16:30,,
08/07/2023 17:00,,
08/07/2023 17:30,,
08/07/2023 18:00,,
08/07/2023 18:30,,
08/07/2023 19:00,,
08/07/2023 19:30,,
08/07/2023 20:00,,
08/07/2023 20:30,,
08/07/2023 21:00,,
08/07/2023 21:30,,
08/07/2023 22:00,,
08/07/2023 22:30,,
08/07/2023 23:00,,
08/07/2023 23:30,,
09/07/2023 00:00,,
09/07/2023 00:30,,
09/07/2023 01:00,,
09/07/2023 01:30,,
09/07/2023 02:00,,
09/07/2023 02:30,,
09/07/2023 03:00,,
09/07/2023 03:30,,
09/07/2023 04:00,,
09/07/2023 04:30,,
09/07/2023 05:00,,
09/07/2023 05:30,,
09/07/2023 06:00,,
09/07/2023 06:30,,
09/07/2023 07:00,,
09/07/2023 07:30,,
09/07/2023 08:00,,
09/07/2023 08:30,,
09/07/2023 09:00,,
09/07/2023 09:30,,
09/07/2023 10:00,,
09/07/2023 10:30,,
09/07/2023 11:00,,
09/07/2023 11:30,,
09/07/2023 12:00,,
09/07/2023 12:30,,
09/07/2023 13:00,,
09/07/2023 13:30,,
09/07/2023 14:00,,
09/07/2023 14:30,,
09/07/2023 15:00,,
09/07/2023 15:30,,
09/07/2023 16:00,,
09/07/2023 16:30,,
09/07/2023 17:00,,
09/07/2023 17:30,,
09/07/2023 18:00,,
09/07/2023 18:30,,
09/07/2023 19:00,,
09/07/2023 19:30,,
09/07/2023 20:00,,
09/07/2023 20:30,,
09/07/2023 21:00,,
09/07/2023 21:30,,
09/07/2023 22:00,,
09/07/2023 22:30,,
09/07/2023 23:00,,
09/07/2023 23:30,,
10/07/2023 00:00,,
10/07/2023 00:30,,
10/07/2023 01:00,,
10/07/2023 01:30,,
10/07/2023 02:00,,
10/07/2023 02:30,,
10/07/2023 03:00,,
10/07/2023 03:30,,
10/07/2023 04:00,,
10/07/2023 04:30,,
10/07/2023 05:00,,
10/07/2023 05:30,,
10/07/2023 06:00,,
10/07/2023 06:30,,
10/07/2023 07:00,,
10/07/2023 07:30,,
10/07/2023 08:00,,
10/07/2023 08:30,,
10/07/2023 09:00,,
10/07/2023 09:30,,
10/07/2023 10:00,,
10/07/2023 10:30,,
10/07/2023 11:00,,
10/07/2023 11:30,,
10/07/2023 12:00,,
10/07/2023 12:30,,
10/07/2023 13:00,,
10/07/2023 13:30,,
10/07/2023 14:00,,
10/07/2023 14:30,,
10/07/2023 15:00,,
10/07/2023 15:30,,
10/07/2023 16:00,,
10/07/2023 16:30,,
10/07/2023 17:00,,
10/07/2023 17:30,,
10/07/2023 18:00,,
10/07/2023 18:30,,
10/07/2023 19:00,,
10/07/2023 19:30,,
10/07/2023 20:00,,
10/07/2023 20:30,,
10/07/2023 21:00,,
10/07/2023 21:30,,
10/07/2023 22:00,,
10/07/2023 22:30,,
10/07/2023 23:00,,
10/07/2023 23:30,,
11/07/2023 00:00,,
11/07/2023 00:30,,
11/07/2023 01:00,,
11/07/2023 01:30,,
11/07/2023 02:00,,
11/07/2023 02:30,,
11/07/2023 03:00,,
11/07/2023 03:30,,
11/07/2023 04:00,,
11/07/2023 04:30,,
11/07/2023 05:00,,
11/07/2023 05:30,,
11/07/2023 06:00,,
11/07/2023 06:30,,
11/07/2023 07:00,,
11/07/2023 07:30,,
11/07/2023 08:00,,
11/07/2023 08:30,,
11/07/2023 09:00,,
11/07/2023 09:30,,
11/07/2023 10:00,,
11/07/2023 10:30,,
11/07/2023 11:00,,
11/07/2023 11:30,,
11/07/2023 12:00,,
11/07/2023 12:30,,
11/07/2023 13:00,,
11/07/2023 13:30,,
11/07/2023 14:00,,
11/07/2023 14:30,,
11/07/2023 15:00,,
11/07/2023 15:30,,
11/07/2023 16:00,,
11/07/2023 16:30,,
11/07/2023 17:00,,
11/07/2023 17:30,,
11/07/2023 18:00,,
11/07/2023 18:30,,
11/07/2023 19:00,,
11/07/2023 19:30,,
11/07/2023 20:00,,
11/07/2023 20:30,,
11/07/2023 21:00,,
11/07/2023 21:30,,
11/07/2023 22:00,,
11/07/2023 22:30,,
11/07/2023 23:00,,
11/07/2023 23:30,,
12/07/2023 00:00,211.492,
12/07/2023 00:30,215.55,
12/07/2023 01:00,259.192,
12/07/2023 01:30,272.832,
12/07/2023 02:00,323.652,
12/07/2023 02:30,349.852,
12/07/2023 03:00,367.212,
12/07/2023 03:30,359.032,
12/07/2023 04:00,326.132,
12/07/2023 04:30,253.39,
12/07/2023 05:00,194.252,
12/07/2023 05:30,220.292,
12/07/2023 06:00,226.372,
12/07/2023 06:30,311.392,
12/07/2023 07:00,270.432,
12/07/2023 07:30,242.052,
12/07/2023 08:00,249.09,
12/07/2023 08:30,251.532,
12/07/2023 09:00,228.852,
12/07/2023 09:30,244.332,
12/07/2023 10:00,290.572,
12/07/2023 10:30,297.01,
12/07/2023 11:00,371.75,
12/07/2023 11:30,364.85,
12/07/2023 12:00,353.112,
12/07/2023 12:30,294.352,
12/07/2023 13:00,251.172,
12/07/2023 13:30,252.872,
12/07/2023 14:00,273.472,
12/07/2023 14:30,358.61,
12/07/2023 15:00,308.212,
12/07/2023 15:30,318.152,
12/07/2023 16:00,175.732,
12/07/2023 16:30,52.732,
12/07/2023 17:00,16.352,
12/07/2023 17:30,11.612,
12/07/2023 18:00,20.57,
12/07/2023 18:30,49.172,
12/07/2023 19:00,102.392,
12/07/2023 19:30,152.292,
12/07/2023 20:00,164.032,
12/07/2023 20:30,263.052,
12/07/2023 21:00,340.132,
12/07/2023 21:30,371.73,
12/07/2023 22:00,353.792,
12/07/2023 22:30,309.752,
12/07/2023 23:00,355.212,
12/07/2023 23:30,391.772,
13/07/2023 00:00,384.472,
13/07/2023 00:30,354.692,
13/07/2023 01:00,357.59,
13/07/2023 01:30,369.872,
13/07/2023 02:00,339.572,
13/07/2023 02:30,341.012,
13/07/2023 03:00,334.152,
13/07/2023 03:30,310.712,
13/07/2023 04:00,309.252,
13/07/2023 04:30,312.73,
13/07/2023 05:00,280.752,
13/07/2023 05:30,269.172,
13/07/2023 06:00,281.572,
13/07/2023 06:30,234.492,
13/07/2023 07:00,211.092,
13/07/2023 07:30,205.132,
13/07/2023 08:00,166.87,
13/07/2023 08:30,164.772,
13/07/2023 09:00,116.232,
13/07/2023 09:30,68.312,
13/07/2023 10:00,54.332,
13/07/2023 10:30,64.432,
13/07/2023 11:00,47.392,
13/07/2023 11:30,34.49,
13/07/2023 12:00,27.372,
13/07/2023 12:30,25.932,
13/07/2023 13:00,1.57,
13/07/2023 13:30,,
13/07/2023 14:00,,
13/07/2023 14:30,7.23,
13/07/2023 15:00,18.592,
13/07/2023 15:30,31.652,
13/07/2023 16:00,37.472,
13/07/2023 16:30,33.492,
13/07/2023 17:00,62.512,
13/07/2023 17:30,122.912,
13/07/2023 18:00,227.21,
13/07/2023 18:30,209.692,
13/07/2023 19:00,203.052,
13/07/2023 19:30,271.672,
13/07/2023 20:00,281.312,
13/07/2023 20:30,273.792,
13/07/2023 21:00,200.89,
13/07/2023 21:30,153.652,
13/07/2023 22:00,96.192,
13/07/2023 22:30,57.012,
13/07/2023 23:00,76.312,
13/07/2023 23:30,97.152,
14/07/2023 00:00,120.952,
14/07/2023 00:30,66.01,
14/07/2023 01:00,30.452,
14/07/2023 01:30,27.772,
14/07/2023 02:00,34.792,
14/07/2023 02:30,50.872,
14/07/2023 03:00,27.952,
14/07/2023 03:30,,
14/07/2023 04:00,,
14/07/2023 04:30,,
14/07/2023 05:00,,
14/07/2023 05:30,,
14/07/2023 06:00,,
14/07/2023 06:30,,
14/07/2023 07:00,4.412,
14/07/2023 07:30,6.99,
14/07/2023 08:00,24.352,
14/07/2023 08:30,42.072,
14/07/2023 09:00,64.412,
14/07/2023 09:30,80.472,
14/07/2023 10:00,106.052,
14/07/2023 10:30,124.352,
14/07/2023 11:00,84.91,
14/07/2023 11:30,75.552,
14/07/2023 12:00,62.332,
14/07/2023 12:30,87.392,
14/07/2023 13:00,135.932,
14/07/2023 13:30,212.592,
14/07/2023 14:00,273.532,
14/07/2023 14:30,273.13,
14/07/2023 15:00,275.672,
14/07/2023 15:30,348.852,
14/07/2023 16:00,392.812,
14/07/2023 16:30,394.532,
14/07/2023 17:00,405.032,
14/07/2023 17:30,406.112,
14/07/2023 18:00,408.79,
14/07/2023 18:30,411.612,
14/07/2023 19:00,411.412,
14/07/2023 19:30,411.472,
14/07/2023 20:00,411.272,
14/07/2023 20:30,411.452,
14/07/2023 21:00,411.572,
14/07/2023 21:30,411.29,
14/07/2023 22:00,411.432,
14/07/2023 22:30,411.352,
14/07/2023 23:00,411.392,
14/07/2023 23:30,410.412,
15/07/2023 00:00,411.352,
15/07/2023 00:30,403.652,
15/07/2023 01:00,403.59,
15/07/2023 01:30,410.052,
15/07/2023 02:00,397.172,
15/07/2023 02:30,374.452,
15/07/2023 03:00,404.092,
15/07/2023 03:30,408.172,
15/07/2023 04:00,407.292,
15/07/2023 04:30,409.712,
15/07/2023 05:00,410.01,
15/07/2023 05:30,409.812,
15/07/2023 06:00,409.872,
15/07/2023 06:30,409.952,
15/07/2023 07:00,410.032,
15/07/2023 07:30,409.792,
15/07/2023 08:00,407.472,
15/07/2023 08:30,405.83,
15/07/2023 09:00,405.852,
15/07/2023 09:30,405.932,
15/07/2023 10:00,405.732,
15/07/2023 10:30,406.092,
15/07/2023 11:00,405.532,
15/07/2023 11:30,403.952,
15/07/2023 12:00,398.81,
15/07/2023 12:30,397.652,
15/07/2023 13:00,409.832,
15/07/2023 13:30,408.892,
15/07/2023 14:00,409.812,
15/07/2023 14:30,410.052,
15/07/2023 15:00,409.952,
15/07/2023 15:30,409.91,
15/07/2023 16:00,410.052,
15/07/2023 16:30,410.032,
15/07/2023 17:00,410.032,
15/07/2023 17:30,410.052,
15/07/2023 18:00,410.032,
15/07/2023 18:30,410.032,
15/07/2023 19:00,409.93,
15/07/2023 19:30,410.172,
15/07/2023 20:00,409.972,
15/07/2023 20:30,409.972,
15/07/2023 21:00,410.032,
15/07/2023 21:30,409.932,
15/07/2023 22:00,409.952,
15/07/2023 22:30,232.75,
15/07/2023 23:00,188.092,
15/07/2023 23:30,360.612,
16/07/2023 00:00,73.75,
16/07/2023 00:30,,
16/07/2023 01:00,,
16/07/2023 01:30,,
16/07/2023 02:00,,
16/07/2023 02:30,,
16/07/2023 03:00,,
16/07/2023 03:30,,
16/07/2023 04:00,,
16/07/2023 04:30,,
16/07/2023 05:00,,
16/07/2023 05:30,,
16/07/2023 06:00,,
16/07/2023 06:30,,
16/07/2023 07:00,,
16/07/2023 07:30,,
16/07/2023 08:00,,
16/07/2023 08:30,,
16/07/2023 09:00,,
16/07/2023 09:30,,
16/07/2023 10:00,,
16/07/2023 10:30,,
16/07/2023 11:00,,
16/07/2023 11:30,,
16/07/2023 12:00,,
16/07/2023 12:30,,
16/07/2023 13:00,,
16/07/2023 13:30,,
16/07/2023 14:00,,
16/07/2023 14:30,,
16/07/2023 15:00,,
16/07/2023 15:30,,
16/07/2023 16:00,193.934,
16/07/2023 16:30,348.31,
16/07/2023 17:00,363.612,
16/07/2023 17:30,366.172,
16/07/2023 18:00,239.152,
16/07/2023 18:30,239.792,
16/07/2023 19:00,147.452,
16/07/2023 19:30,204.672,
16/07/2023 20:00,298.15,
16/07/2023 20:30,238.172,
16/07/2023 21:00,240.352,
16/07/2023 21:30,153.552,
16/07/2023 22:00,106.652,
16/07/2023 22:30,194.732,
16/07/2023 23:00,336.492,
16/07/2023 23:30,373.83,
17/07/2023 00:00,373.152,
17/07/2023 00:30,380.552,
17/07/2023 01:00,406.812,
17/07/2023 01:30,411.172,
17/07/2023 02:00,411.052,
17/07/2023 02:30,411.392,
17/07/2023 03:00,411.232,
17/07/2023 03:30,409.45,
17/07/2023 04:00,406.012,
17/07/2023 04:30,405.472,
17/07/2023 05:00,402.172,
17/07/2023 05:30,390.652,
17/07/2023 06:00,386.352,
17/07/2023 06:30,349.812,
17/07/2023 07:00,313.11,
17/07/2023 07:30,245.092,
17/07/2023 08:00,228.272,
17/07/2023 08:30,263.172,
17/07/2023 09:00,238.312,
17/07/2023 09:30,258.092,
17/07/2023 10:00,236.932,
17/07/2023 10:30,173.85,
17/07/2023 11:00,143.712,
17/07/2023 11:30,111.932,
17/07/2023 12:00,106.752,
17/07/2023 12:30,132.492,
17/07/2023 13:00,164.752,
17/07/2023 13:30,89.098,
17/07/2023 14:00,,
17/07/2023 14:30,,
17/07/2023 15:00,,
17/07/2023 15:30,19.322,
17/07/2023 16:00,12.972,
17/07/2023 16:30,3.872,
17/07/2023 17:00,6.772,
17/07/2023 17:30,28.472,
17/07/2023 18:00,27.452,
17/07/2023 18:30,48.652,
17/07/2023 19:00,74.252,
17/07/2023 19:30,96.252,
17/07/2023 20:00,105.412,
17/07/2023 20:30,96.17,
17/07/2023 21:00,78.792,
17/07/2023 21:30,46.772,
17/07/2023 22:00,64.532,
17/07/2023 22:30,90.472,
17/07/2023 23:00,137.212,
17/07/2023 23:30,179.312,
18/07/2023 00:00,148.17,
18/07/2023 00:30,90.852,
18/07/2023 01:00,73.072,
18/07/2023 01:30,69.812,
18/07/2023 02:00,77.332,
18/07/2023 02:30,46.852,
18/07/2023 03:00,32.932,
18/07/2023 03:30,22.63,
18/07/2023 04:00,0.002,
18/07/2023 04:30,,
18/07/2023 05:00,,
18/07/2023 05:30,,
18/07/2023 06:00,,
18/07/2023 06:30,,
18/07/2023 07:00,,
18/07/2023 07:30,,
18/07/2023 08:00,,
18/07/2023 08:30,,
18/07/2023 09:00,,
18/07/2023 09:30,,
18/07/2023 10:00,,
18/07/2023 10:30,,
18/07/2023 11:00,0.476,
18/07/2023 11:30,,
18/07/2023 12:00,,
18/07/2023 12:30,,
18/07/2023 13:00,,
18/07/2023 13:30,9.972,
18/07/2023 14:00,29.35,
18/07/2023 14:30,53.252,
18/07/2023 15:00,42.072,
18/07/2023 15:30,21.912,
18/07/2023 16:00,6.192,
18/07/2023 16:30,8.328,
18/07/2023 17:00,69.292,
18/07/2023 17:30,48.93,
18/07/2023 18:00,4.166,
18/07/2023 18:30,,
18/07/2023 19:00,,
18/07/2023 19:30,,
18/07/2023 20:00,,
18/07/2023 20:30,,
18/07/2023 21:00,,
18/07/2023 21:30,,
18/07/2023 22:00,,
18/07/2023 22:30,,
18/07/2023 23:00,,
18/07/2023 23:30,,
19/07/2023 00:00,,
19/07/2023 00:30,,
19/07/2023 01:00,,
19/07/2023 01:30,,
19/07/2023 02:00,,
19/07/2023 02:30,,
19/07/2023 03:00,,
19/07/2023 03:30,,
19/07/2023 04:00,,
19/07/2023 04:30,,
19/07/2023 05:00,15.672,
19/07/2023 05:30,36.652,
19/07/2023 06:00,24.072,
19/07/2023 06:30,12.352,
19/07/2023 07:00,10.652,
19/07/2023 07:30,1.226,
19/07/2023 08:00,,
19/07/2023 08:30,,
19/07/2023 09:00,,
19/07/2023 09:30,,
19/07/2023 10:00,,
19/07/2023 10:30,,
19/07/2023 11:00,18.332,
19/07/2023 11:30,31.19,
19/07/2023 12:00,43.372,
19/07/2023 12:30,41.732,
19/07/2023 13:00,21.012,
19/07/2023 13:30,10.472,
19/07/2023 14:00,7.03,
19/07/2023 14:30,,
19/07/2023 15:00,,
19/07/2023 15:30,,
19/07/2023 16:00,,
19/07/2023 16:30,,
19/07/2023 17:00,,
19/07/2023 17:30,,
19/07/2023 18:00,,
19/07/2023 18:30,2.498,
19/07/2023 19:00,,
19/07/2023 19:30,,
19/07/2023 20:00,,
19/07/2023 20:30,,
19/07/2023 21:00,,
19/07/2023 21:30,,
19/07/2023 22:00,,
19/07/2023 22:30,,
19/07/2023 23:00,,
19/07/2023 23:30,,
20/07/2023 00:00,,
20/07/2023 00:30,,
20/07/2023 01:00,,
20/07/2023 01:30,,
20/07/2023 02:00,,
20/07/2023 02:30,,
20/07/2023 03:00,,
20/07/2023 03:30,,
20/07/2023 04:00,,
20/07/2023 04:30,,
20/07/2023 05:00,,
20/07/2023 05:30,,
20/07/2023 06:00,,
20/07/2023 06:30,,
20/07/2023 07:00,,
20/07/2023 07:30,,
20/07/2023 08:00,,
20/07/2023 08:30,,
20/07/2023 09:00,,
20/07/2023 09:30,0.678,
20/07/2023 10:00,11.372,
20/07/2023 10:30,10.832,
20/07/2023 11:00,8.752,
20/07/2023 11:30,5.512,
20/07/2023 12:00,,
20/07/2023 12:30,,
20/07/2023 13:00,,
20/07/2023 13:30,,
20/07/2023 14:00,,
20/07/2023 14:30,,
20/07/2023 15:00,,
20/07/2023 15:30,,
20/07/2023 16:00,,
20/07/2023 16:30,,
20/07/2023 17:00,,
20/07/2023 17:30,,
20/07/2023 18:00,,
20/07/2023 18:30,,
20/07/2023 19:00,,
20/07/2023 19:30,0.786,
20/07/2023 20:00,14.17,
20/07/2023 20:30,22.992,
20/07/2023 21:00,37.872,
20/07/2023 21:30,67.712,
20/07/2023 22:00,83.972,
20/07/2023 22:30,87.492,
20/07/2023 23:00,112.592,
20/07/2023 23:30,157.61,
21/07/2023 00:00,154.912,
21/07/2023 00:30,129.792,
21/07/2023 01:00,116.332,
21/07/2023 01:30,101.892,
21/07/2023 02:00,101.852,
21/07/2023 02:30,87.452,
21/07/2023 03:00,81.75,
21/07/2023 03:30,68.912,
21/07/2023 04:00,72.492,
21/07/2023 04:30,79.132,
21/07/2023 05:00,80.912,
21/07/2023 05:30,118.152,
21/07/2023 06:00,112.932,
21/07/2023 06:30,149.412,
21/07/2023 07:00,166.19,
21/07/2023 07:30,179.492,
21/07/2023 08:00,186.512,
21/07/2023 08:30,185.232,
21/07/2023 09:00,188.352,
21/07/2023 09:30,152.432,
21/07/2023 10:00,130.332,
21/07/2023 10:30,121.11,
21/07/2023 11:00,99.272,
21/07/2023 11:30,73.992,
21/07/2023 12:00,44.512,
21/07/2023 12:30,17.232,
21/07/2023 13:00,,
21/07/2023 13:30,,
21/07/2023 14:00,,
21/07/2023 14:30,,
21/07/2023 15:00,8.338,
21/07/2023 15:30,,
21/07/2023 16:00,,
21/07/2023 16:30,,
21/07/2023 17:00,,
21/07/2023 17:30,,
21/07/2023 18:00,,
21/07/2023 18:30,,
21/07/2023 19:00,,
21/07/2023 19:30,,
21/07/2023 20:00,,
21/07/2023 20:30,,
21/07/2023 21:00,0.142,
21/07/2023 21:30,13.23,
21/07/2023 22:00,20.652,
21/07/2023 22:30,24.892,
21/07/2023 23:00,45.652,
21/07/2023 23:30,51.792,
22/07/2023 00:00,59.172,
22/07/2023 00:30,88.112,
22/07/2023 01:00,93.232,
22/07/2023 01:30,85.35,
22/07/2023 02:00,58.112,
22/07/2023 02:30,61.452,
22/07/2023 03:00,83.632,
22/07/2023 03:30,59.112,
22/07/2023 04:00,17.932,
22/07/2023 04:30,,
22/07/2023 05:00,0.996,
22/07/2023 05:30,20.25,
22/07/2023 06:00,41.372,
22/07/2023 06:30,60.912,
22/07/2023 07:00,103.452,
22/07/2023 07:30,75.352,
22/07/2023 08:00,110.812,
22/07/2023 08:30,98.972,
22/07/2023 09:00,134.45,
22/07/2023 09:30,179.812,
22/07/2023 10:00,240.552,
22/07/2023 10:30,237.032,
22/07/2023 11:00,262.372,
22/07/2023 11:30,361.532,
22/07/2023 12:00,386.632,
22/07/2023 12:30,398.012,62.798
22/07/2023 13:00,394.55,210.096
22/07/2023 13:30,386.752,355.076
22/07/2023 14:00,389.752,389.896
22/07/2023 14:30,383.792,387.076
22/07/2023 15:00,369.392,383.316
22/07/2023 15:30,398.472,389.736
22/07/2023 16:00,400.252,390.076
22/07/2023 16:30,398.51,390.556
22/07/2023 17:00,395.412,388.756
22/07/2023 17:30,378.212,375.336
22/07/2023 18:00,353.752,374.696
22/07/2023 18:30,340.512,331.976
22/07/2023 19:00,333.452,322.356
22/07/2023 19:30,377.692,341.716
22/07/2023 20:00,392.532,343.316
22/07/2023 20:30,381.95,318.676
22/07/2023 21:00,388.192,347.116
22/07/2023 21:30,394.532,357.256
22/07/2023 22:00,392.032,351.056
22/07/2023 22:30,394.732,351.916
22/07/2023 23:00,394.352,344.636
22/07/2023 23:30,146.512,146.256
23/07/2023 00:00,248.892,244.836
23/07/2023 00:30,362.79,336.956
23/07/2023 01:00,379.152,345.916
23/07/2023 01:30,340.892,349.756
23/07/2023 02:00,319.892,353.016
23/07/2023 02:30,320.452,357.156
23/07/2023 03:00,330.172,334.356
23/07/2023 03:30,398.112,386.756
23/07/2023 04:00,400.23,390.096
23/07/2023 04:30,400.092,391.156
23/07/2023 05:00,399.392,387.756
23/07/2023 05:30,211.252,212.696
23/07/2023 06:00,295.912,149.416
23/07/2023 06:30,392.112,302.176
23/07/2023 07:00,383.752,378.116
23/07/2023 07:30,363.05,358.236
23/07/2023 08:00,368.212,357.836
23/07/2023 08:30,348.452,353.216
23/07/2023 09:00,346.512,337.196
23/07/2023 09:30,358.552,343.216
23/07/2023 10:00,371.792,376.936
23/07/2023 10:30,375.212,350.436
23/07/2023 11:00,327.09,310.776
23/07/2023 11:30,337.932,339.696
23/07/2023 12:00,384.792,361.176
23/07/2023 12:30,360.892,286.036
23/07/2023 13:00,334.552,332.196
23/07/2023 13:30,317.152,280.736
23/07/2023 14:00,224.912,251.756
23/07/2023 14:30,220.07,244.776
23/07/2023 15:00,185.932,245.616
23/07/2023 15:30,150.572,214.276
23/07/2023 16:00,112.712,105.496
23/07/2023 16:30,70.652,84.176
23/07/2023 17:00,47.692,52.354
23/07/2023 17:30,17.57,49.074
23/07/2023 18:00,29.812,32.254
23/07/2023 18:30,33.512,34.434
23/07/2023 19:00,24.052,72.996
23/07/2023 19:30,22.312,67.296
23/07/2023 20:00,22.192,40.176
23/07/2023 20:30,22.612,37.556
23/07/2023 21:00,16.17,40.076
23/07/2023 21:30,11.792,29.976
23/07/2023 22:00,27.172,105.616
23/07/2023 22:30,121.632,259.836
23/07/2023 23:00,229.472,314.296
23/07/2023 23:30,212.652,286.456
24/07/2023 00:00,99.452,149.496
24/07/2023 00:30,53.57,60.876
24/07/2023 01:00,49.892,49.896
24/07/2023 01:30,49.812,49.836
24/07/2023 02:00,49.632,49.716
24/07/2023 02:30,229.072,134.436
24/07/2023 03:00,347.972,254.356
24/07/2023 03:30,272.552,204.096
24/07/2023 04:00,199.85,144.196
24/07/2023 04:30,197.912,125.816
24/07/2023 05:00,139.712,86.496
24/07/2023 05:30,140.272,77.056
24/07/2023 06:00,112.372,73.716
24/07/2023 06:30,140.352,161.196
24/07/2023 07:00,159.032,133.096
24/07/2023 07:30,127.41,85.056
24/07/2023 08:00,103.692,74.296
24/07/2023 08:30,75.972,64.116
24/07/2023 09:00,66.472,54.536
24/07/2023 09:30,82.172,167.296
24/07/2023 10:00,148.732,177.016
24/07/2023 10:30,149.552,194.676
24/07/2023 11:00,169.73,161.856
24/07/2023 11:30,162.272,125.936
24/07/2023 12:00,127.112,111.636
24/07/2023 12:30,104.532,114.036
24/07/2023 13:00,108.932,170.156
24/07/2023 13:30,157.272,231.456
24/07/2023 14:00,192.012,305.276
24/07/2023 14:30,228.11,278.216
24/07/2023 15:00,272.452,139.596
24/07/2023 15:30,82.772,60.796
24/07/2023 16:00,68.752,151.696
24/07/2023 16:30,143.072,157.496
24/07/2023 17:00,190.992,194.616
24/07/2023 17:30,247.712,242.116
24/07/2023 18:00,222.89,191.376
24/07/2023 18:30,176.892,149.036
24/07/2023 19:00,154.632,144.116
24/07/2023 19:30,161.392,128.316
24/07/2023 20:00,143.592,113.376
24/07/2023 20:30,134.952,115.416
24/07/2023 21:00,104.512,68.656
24/07/2023 21:30,29.07,18.076
24/07/2023 22:00,27.452,30.176
24/07/2023 22:30,28.012,21.196
24/07/2023 23:00,19.712,12.876
24/07/2023 23:30,12.252,7.036
25/07/2023 00:00,5.772,1.712
25/07/2023 00:30,0.588,0.176
25/07/2023 01:00,,
25/07/2023 01:30,,
25/07/2023 02:00,,
25/07/2023 02:30,,
25/07/2023 03:00,1.302,
25/07/2023 03:30,,
25/07/2023 04:00,1.014,4.686
25/07/2023 04:30,10.472,21.136
25/07/2023 05:00,15.97,30.936
25/07/2023 05:30,39.092,45.176
25/07/2023 06:00,51.192,55.056
25/07/2023 06:30,58.232,61.916
25/07/2023 07:00,55.152,61.176
25/07/2023 07:30,67.612,67.536
25/07/2023 08:00,69.932,62.916
25/07/2023 08:30,56.912,59.756
25/07/2023 09:00,41.81,43.936
25/07/2023 09:30,48.852,54.576
25/07/2023 10:00,43.512,38.636
25/07/2023 10:30,29.192,22.236
25/07/2023 11:00,19.532,18.476
25/07/2023 11:30,15.952,19.276
25/07/2023 12:00,11.892,1.232
25/07/2023 12:30,,
25/07/2023 13:00,,
25/07/2023 13:30,,
25/07/2023 14:00,,
25/07/2023 14:30,,
25/07/2023 15:00,,
25/07/2023 15:30,,
25/07/2023 16:00,,
25/07/2023 16:30,,
25/07/2023 17:00,,
25/07/2023 17:30,,
25/07/2023 18:00,,
25/07/2023 18:30,,
25/07/2023 19:00,,
25/07/2023 19:30,,
25/07/2023 20:00,0.48,
25/07/2023 20:30,7.632,
25/07/2023 21:00,0.15,
25/07/2023 21:30,,
25/07/2023 22:00,3.852,14.102
25/07/2023 22:30,45.832,70.276
25/07/2023 23:00,113.15,120.676
25/07/2023 23:30,113.232,73.196
26/07/2023 00:00,77.272,87.216
26/07/2023 00:30,79.992,121.436
26/07/2023 01:00,117.272,111.756
26/07/2023 01:30,117.012,135.496
26/07/2023 02:00,125.072,131.976
26/07/2023 02:30,119.85,150.116
26/07/2023 03:00,127.112,159.616
26/07/2023 03:30,119.472,155.036
26/07/2023 04:00,119.492,150.516
26/07/2023 04:30,112.092,138.736
26/07/2023 05:00,96.692,138.336
26/07/2023 05:30,92.152,122.296
26/07/2023 06:00,79.132,105.196
26/07/2023 06:30,96.732,110.636
26/07/2023 07:00,80.09,88.336
26/07/2023 07:30,51.592,60.276
26/07/2023 08:00,45.932,46.396
26/07/2023 08:30,22.712,21.536
26/07/2023 09:00,18.672,23.696
26/07/2023 09:30,40.752,42.436
26/07/2023 10:00,34.252,29.476
26/07/2023 10:30,28.19,26.596
26/07/2023 11:00,24.63,20.376
26/07/2023 11:30,22.492,14.856
26/07/2023 12:00,27.55,20.336
26/07/2023 12:30,34.03,35.156
26/07/2023 13:00,38.25,41.236
26/07/2023 13:30,70.71,69.996
26/07/2023 14:00,100.19,101.736
26/07/2023 14:30,142.19,163.976
26/07/2023 15:00,161.49,167.196
26/07/2023 15:30,123.77,135.616
26/07/2023 16:00,109.11,139.436
26/07/2023 16:30,125.91,171.496
26/07/2023 17:00,138.47,189.776
26/07/2023 17:30,125.832,188.336
26/07/2023 18:00,136.432,162.456
26/07/2023 18:30,110.592,131.596
26/07/2023 19:00,82.112,82.016
26/07/2023 19:30,70.452,86.036
26/07/2023 20:00,187.532,252.956
26/07/2023 20:30,279.49,271.956
26/07/2023 21:00,254.112,270.796
26/07/2023 21:30,236.012,242.476
26/07/2023 22:00,149.072,117.636
26/07/2023 22:30,72.732,118.856
26/07/2023 23:00,98.852,154.736
26/07/2023 23:30,128.792,155.196
27/07/2023 00:00,172.13,155.056
27/07/2023 00:30,218.632,191.436
27/07/2023 01:00,224.672,212.216
27/07/2023 01:30,229.212,188.656
27/07/2023 02:00,203.032,150.016
27/07/2023 02:30,185.812,149.356
27/07/2023 03:00,180.412,182.076
27/07/2023 03:30,154.892,196.996
27/07/2023 04:00,112.05,153.616
27/07/2023 04:30,100.052,105.376
27/07/2023 05:00,111.912,87.496
27/07/2023 05:30,114.532,106.456
27/07/2023 06:00,111.872,99.376
27/07/2023 06:30,119.012,97.456
27/07/2023 07:00,105.932,107.796
27/07/2023 07:30,118.41,121.196
27/07/2023 08:00,90.35,87.496
27/07/2023 08:30,108.35,86.316
27/07/2023 09:00,114.21,79.516
27/07/2023 09:30,112.49,73.196
27/07/2023 10:00,91.29,62.756
27/07/2023 10:30,59.05,42.176
27/07/2023 11:00,42.27,26.356
27/07/2023 11:30,26.27,16.156
27/07/2023 12:00,13.47,6.296
27/07/2023 12:30,7.45,5.716
27/07/2023 13:00,6.91,3.476
27/07/2023 13:30,0.658,0.508
27/07/2023 14:00,2.624,1.496
27/07/2023 14:30,4.85,7.336
27/07/2023 15:00,14.71,21.856
27/07/2023 15:30,28.05,53.496
27/07/2023 16:00,51.812,69.116
27/07/2023 16:30,32.39,38.156
27/07/2023 17:00,40.97,57.656
27/07/2023 17:30,56.43,69.636
27/07/2023 18:00,83.452,165.316
27/07/2023 18:30,113.99,169.976
27/07/2023 19:00,110.41,114.396
27/07/2023 19:30,105.81,155.036
27/07/2023 20:00,132.048,261.436
27/07/2023 20:30,187.552,303.316
27/07/2023 21:00,183.23,280.816
27/07/2023 21:30,161.31,251.136
27/07/2023 22:00,173.63,260.456
27/07/2023 22:30,163.99,237.736
27/07/2023 23:00,156.67,217.036
27/07/2023 23:30,132.452,175.736
28/07/2023 00:00,91.29,155.396
28/07/2023 00:30,63.11,117.896
28/07/2023 01:00,54.09,92.016
28/07/2023 01:30,43.57,83.076
28/07/2023 02:00,43.73,71.316
28/07/2023 02:30,58.87,89.736
28/07/2023 03:00,63.83,107.896
28/07/2023 03:30,40.69,84.356
28/07/2023 04:00,34.69,89.816
28/07/2023 04:30,30.79,79.696
28/07/2023 05:00,31.992,83.056
28/07/2023 05:30,22.43,59.916
28/07/2023 06:00,15.43,48.596
28/07/2023 06:30,30.47,49.336
28/07/2023 07:00,16.19,33.456
28/07/2023 07:30,8.25,17.116
28/07/2023 08:00,4.85,6.836
28/07/2023 08:30,5.21,4.396
28/07/2023 09:00,4.888,5.716
28/07/2023 09:30,8.91,10.196
28/07/2023 10:00,4.586,6.216
28/07/2023 10:30,,
28/07/2023 11:00,9.928,10.036
28/07/2023 11:30,10.768,24.236
28/07/2023 12:00,9.568,31.196
28/07/2023 12:30,12.068,39.996
28/07/2023 13:00,14.648,40.676
28/07/2023 13:30,37.828,55.256
28/07/2023 14:00,67.548,84.156
28/07/2023 14:30,54.768,87.376
28/07/2023 15:00,45.668,87.936
28/07/2023 15:30,60.528,104.356
28/07/2023 16:00,82.65,74.296
28/07/2023 16:30,75.072,54.556
28/07/2023 17:00,89.812,81.336
28/07/2023 17:30,89.892,66.256
28/07/2023 18:00,66.352,54.736
28/07/2023 18:30,73.072,71.376
28/07/2023 19:00,65.59,81.736
28/07/2023 19:30,50.232,76.256
28/07/2023 20:00,52.072,79.776
28/07/2023 20:30,62.652,90.716
28/07/2023 21:00,78.652,110.536
28/07/2023 21:30,70.852,99.296
28/07/2023 22:00,58.23,78.976
28/07/2023 22:30,45.652,63.836
28/07/2023 23:00,100.032,81.996
28/07/2023 23:30,208.932,123.576
29/07/2023 00:00,277.932,187.636
29/07/2023 00:30,276.872,208.076
29/07/2023 01:00,290.39,203.516
29/07/2023 01:30,262.312,177.976
29/07/2023 02:00,163.872,76.116
29/07/2023 02:30,109.312,71.216
29/07/2023 03:00,103.632,114.356
29/07/2023 03:30,128.932,146.096
29/07/2023 04:00,155.092,179.216
29/07/2023 04:30,184.03,202.856
29/07/2023 05:00,188.232,156.396
29/07/2023 05:30,176.752,180.416
29/07/2023 06:00,245.492,249.116
29/07/2023 06:30,271.772,259.356
29/07/2023 07:00,200.872,179.816
29/07/2023 07:30,297.292,334.596
29/07/2023 08:00,294.03,277.916
29/07/2023 08:30,221.452,240.976
29/07/2023 09:00,164.532,205.136
29/07/2023 09:30,163.972,155.576
29/07/2023 10:00,188.672,138.696
29/07/2023 10:30,178.512,123.976
29/07/2023 11:00,185.532,122.076
29/07/2023 11:30,199.548,131.396
29/07/2023 12:00,185.608,131.576
29/07/2023 12:30,169.95,116.676
29/07/2023 13:00,121.09,67.134
29/07/2023 13:30,96.35,65.874
29/07/2023 14:00,193.288,112.574
29/07/2023 14:30,237.348,110.694
29/07/2023 15:00,58.59,44.334
29/07/2023 15:30,10.35,5.914
29/07/2023 16:00,15.992,10.434
29/07/2023 16:30,20.032,30.994
29/07/2023 17:00,55.212,127.336
29/07/2023 17:30,124.292,145.852
29/07/2023 18:00,162.19,156.972
29/07/2023 18:30,183.972,145.012
29/07/2023 19:00,186.052,174.472
29/07/2023 19:30,240.552,241.072
29/07/2023 20:00,280.112,251.552
29/07/2023 20:30,256.332,213.932
29/07/2023 21:00,259.53,241.296
29/07/2023 21:30,277.332,258.036
29/07/2023 22:00,310.532,326.016
29/07/2023 22:30,303.772,326.616
29/07/2023 23:00,286.912,256.916
29/07/2023 23:30,251.052,196.596
30/07/2023 00:00,232.31,150.256
30/07/2023 00:30,251.312,140.794
30/07/2023 01:00,264.452,225.076
30/07/2023 01:30,298.932,255.714
30/07/2023 02:00,323.712,256.974
30/07/2023 02:30,330.052,285.336
30/07/2023 03:00,294.152,302.534
30/07/2023 03:30,318.43,324.054
30/07/2023 04:00,296.772,355.036
30/07/2023 04:30,380.612,385.214
30/07/2023 05:00,365.93,377.476
30/07/2023 05:30,380.708,368.556
30/07/2023 06:00,370.748,362.174
30/07/2023 06:30,357.428,351.794
30/07/2023 07:00,379.988,346.614
30/07/2023 07:30,399.808,387.454
30/07/2023 08:00,403.152,381.834
30/07/2023 08:30,397.132,378.794
30/07/2023 09:00,395.812,374.934
30/07/2023 09:30,386.712,360.534
30/07/2023 10:00,359.292,357.132
30/07/2023 10:30,363.97,360.926
30/07/2023 11:00,315.832,350.308
30/07/2023 11:30,361.032,357.952
30/07/2023 12:00,205.932,236.972
30/07/2023 12:30,155.112,296.432
30/07/2023 13:00,255.752,281.872
30/07/2023 13:30,243.792,250.332
30/07/2023 14:00,315.91,343.952
30/07/2023 14:30,386.972,346.372
30/07/2023 15:00,380.732,345.372
30/07/2023 15:30,360.792,355.692
30/07/2023 16:00,380.212,354.112
30/07/2023 16:30,395.932,373.692
30/07/2023 17:00,354.052,344.192
30/07/2023 17:30,375.25,347.252
30/07/2023 18:00,391.132,363.332
30/07/2023 18:30,372.452,356.852
30/07/2023 19:00,358.352,310.332
30/07/2023 19:30,366.752,338.572
30/07/2023 20:00,383.832,377.992
30/07/2023 20:30,384.57,364.992
30/07/2023 21:00,317.072,305.432
30/07/2023 21:30,170.352,168.052
30/07/2023 22:00,121.372,112.012
30/07/2023 22:30,186.052,121.752
30/07/2023 23:00,255.432,99.812
30/07/2023 23:30,181.652,99.752
31/07/2023 00:00,181.712,99.812
31/07/2023 00:30,181.75,99.732
31/07/2023 01:00,181.692,99.832
31/07/2023 01:30,181.052,99.572
31/07/2023 02:00,253.872,181.852
31/07/2023 02:30,191.192,214.972
31/07/2023 03:00,245.032,267.372
31/07/2023 03:30,347.452,325.972
31/07/2023 04:00,323.832,309.912
31/07/2023 04:30,260.372,266.732
31/07/2023 05:00,343.032,326.372
31/07/2023 05:30,374.612,353.532
31/07/2023 06:00,366.992,337.072
31/07/2023 06:30,375.792,335.392
31/07/2023 07:00,308.85,249.528
31/07/2023 07:30,273.932,225.49
31/07/2023 08:00,305.312,239.424
31/07/2023 08:30,246.032,159.49
31/07/2023 09:00,221.572,174.97
31/07/2023 09:30,176.392,145.11
31/07/2023 10:00,247.39,198.848
31/07/2023 10:30,253.252,219.488
31/07/2023 11:00,304.112,259.23
31/07/2023 11:30,254.872,206.772
31/07/2023 12:00,247.812,246.452
31/07/2023 12:30,222.192,225.31
31/07/2023 13:00,292.332,284.574
31/07/2023 13:30,319.172,338.054
31/07/2023 14:00,324.312,324.074
31/07/2023 14:30,292.712,284.734
31/07/2023 15:00,298.032,266.794
31/07/2023 15:30,218.752,225.094
31/07/2023 16:00,199.052,209.574
31/07/2023 16:30,171.992,162.614
31/07/2023 17:00,150.83,152.394
31/07/2023 17:30,189.612,155.134
31/07/2023 18:00,230.152,171.874
31/07/2023 18:30,185.112,171.914
31/07/2023 19:00,177.552,171.874
31/07/2023 19:30,233.592,267.234
31/07/2023 20:00,266.832,262.454
31/07/2023 20:30,155.11,172.314
31/07/2023 21:00,153.412,154.594
31/07/2023 21:30,147.512,174.454
31/07/2023 22:00,139.232,180.014
31/07/2023 22:30,103.192,160.614
31/07/2023 23:00,198.672,207.894
31/07/2023 23:30,151.772,126.214
01/08/2023 00:00,171.772,308.974
01/08/2023 00:30,42.65,333.754
01/08/2023 01:00,42.892,341.254
01/08/2023 01:30,42.972,113.994
01/08/2023 02:00,42.832,59.814
01/08/2023 02:30,42.912,59.894
01/08/2023 03:00,42.932,59.834
01/08/2023 03:30,42.932,59.874
01/08/2023 04:00,42.912,59.854
01/08/2023 04:30,42.89,59.874
01/08/2023 05:00,42.952,59.874
01/08/2023 05:30,43.852,112.914
01/08/2023 06:00,256.172,302.594
01/08/2023 06:30,328.092,312.394
01/08/2023 07:00,370.372,369.774
01/08/2023 07:30,356.712,349.154
01/08/2023 08:00,350.032,357.154
01/08/2023 08:30,363.99,362.794
01/08/2023 09:00,296.892,331.394
01/08/2023 09:30,306.072,348.374
01/08/2023 10:00,328.67,356.814
01/08/2023 10:30,336.07,367.054
01/08/2023 11:00,333.81,316.534
01/08/2023 11:30,283.688,240.054
01/08/2023 12:00,237.588,210.934
01/08/2023 12:30,215.948,219.874
01/08/2023 13:00,183.488,221.074
01/08/2023 13:30,178.248,172.754
01/08/2023 14:00,177.448,161.894
01/08/2023 14:30,191.228,179.514
01/08/2023 15:00,227.168,205.014
01/08/2023 15:30,185.508,182.014
01/08/2023 16:00,121.868,135.474
01/08/2023 16:30,83.048,56.634
01/08/2023 17:00,48.968,37.472
01/08/2023 17:30,30.628,43.452
01/08/2023 18:00,29.25,53.852
01/08/2023 18:30,38.132,73.732
01/08/2023 19:00,37.73,71.072
01/08/2023 19:30,23.23,34.432
01/08/2023 20:00,7.652,17.914
01/08/2023 20:30,15.77,25.654
01/08/2023 21:00,15.632,16.854
01/08/2023 21:30,5.45,5.314
01/08/2023 22:00,1.654,4.998
01/08/2023 22:30,27.012,28.314
01/08/2023 23:00,16.672,24.634
01/08/2023 23:30,19.97,14.974
02/08/2023 00:00,60.112,35.614
02/08/2023 00:30,88.99,85.474
02/08/2023 01:00,88.33,94.234
02/08/2023 01:30,98.492,93.294
02/08/2023 02:00,161.17,114.354
02/08/2023 02:30,250.332,168.734
02/08/2023 03:00,264.45,181.234
02/08/2023 03:30,128.032,116.754
02/08/2023 04:00,145.27,127.754
02/08/2023 04:30,88.07,63.494
02/08/2023 05:00,52.032,43.274
02/08/2023 05:30,95.91,64.414
02/08/2023 06:00,112.772,88.634
02/08/2023 06:30,120.63,118.614
02/08/2023 07:00,66.71,92.054
02/08/2023 07:30,146.45,185.154
02/08/2023 08:00,298.47,270.534
02/08/2023 08:30,339.35,316.574
02/08/2023 09:00,327.07,300.294
02/08/2023 09:30,298.05,259.274
02/08/2023 10:00,286.33,247.114
02/08/2023 10:30,180.37,177.474
02/08/2023 11:00,72.95,66.734
02/08/2023 11:30,63.75,23.874
02/08/2023 12:00,85.87,37.974
02/08/2023 12:30,145.912,78.774
02/08/2023 13:00,183.13,110.074
02/08/2023 13:30,209.51,124.674
02/08/2023 14:00,199.13,98.794
02/08/2023 14:30,170.93,71.234
02/08/2023 15:00,95.07,41.894
02/08/2023 15:30,23.03,15.714
02/08/2023 16:00,0.444,1.26
02/08/2023 16:30,,
02/08/2023 17:00,,8.884
02/08/2023 17:30,10.95,55.112
02/08/2023 18:00,44.928,129.152
02/08/2023 18:30,148.708,246.612
02/08/2023 19:00,314.428,363.332
02/08/2023 19:30,383.588,387.812
02/08/2023 20:00,394.252,399.674
02/08/2023 20:30,393.59,403.094
02/08/2023 21:00,393.812,411.214
02/08/2023 21:30,394.19,411.014
02/08/2023 22:00,393.37,408.594
02/08/2023 22:30,394.19,411.134
02/08/2023 23:00,394.232,410.734
02/08/2023 23:30,393.99,411.254
03/08/2023 00:00,394.09,410.994
03/08/2023 00:30,394.17,411.334
03/08/2023 01:00,394.172,410.714
03/08/2023 01:30,394.092,411.234
03/08/2023 02:00,394.17,411.114
03/08/2023 02:30,394.15,411.214
03/08/2023 03:00,393.95,411.114
03/08/2023 03:30,394.13,408.414
03/08/2023 04:00,393.73,410.694
03/08/2023 04:30,393.992,406.714
03/08/2023 05:00,384.612,358.794
03/08/2023 05:30,371.712,400.894
03/08/2023 06:00,63.17,85.614
03/08/2023 06:30,60.99,129.712
03/08/2023 07:00,348.908,267.792
03/08/2023 07:30,376.13,399.952
03/08/2023 08:00,369.928,410.012
03/08/2023 08:30,370.59,403.172
03/08/2023 09:00,369.768,404.432
03/08/2023 09:30,360.89,401.652
03/08/2023 10:00,356.548,398.134
03/08/2023 10:30,365.43,381.374
03/08/2023 11:00,353.088,364.434
03/08/2023 11:30,301.05,310.994
03/08/2023 12:00,239.23,326.294
03/08/2023 12:30,279.91,267.194
03/08/2023 13:00,204.072,212.534
03/08/2023 13:30,126.49,149.214
03/08/2023 14:00,133.35,173.894
03/08/2023 14:30,141.972,193.474
03/08/2023 15:00,137.33,231.514
03/08/2023 15:30,170.672,280.894
03/08/2023 16:00,207.63,319.734
03/08/2023 16:30,260.13,267.634
03/08/2023 17:00,212.692,162.814
03/08/2023 17:30,117.39,144.512
03/08/2023 18:00,87.79,133.372
03/08/2023 18:30,108.852,126.632
03/08/2023 19:00,128.29,126.392
03/08/2023 19:30,129.992,124.232
03/08/2023 20:00,88.792,125.834
03/08/2023 20:30,97.77,152.674
03/08/2023 21:00,124.732,117.734
03/08/2023 21:30,89.17,111.614
03/08/2023 22:00,108.432,104.014
03/08/2023 22:30,97.01,88.614
03/08/2023 23:00,78.672,119.254
03/08/2023 23:30,81.352,138.274
04/08/2023 00:00,75.49,97.894
04/08/2023 00:30,46.75,66.074
04/08/2023 01:00,61.27,58.494
04/08/2023 01:30,44.372,47.634
04/08/2023 02:00,32.23,54.054
04/08/2023 02:30,44.312,74.754
04/08/2023 03:00,61.19,93.614
04/08/2023 03:30,78.25,109.314
04/08/2023 04:00,97.552,142.894
04/08/2023 04:30,158.43,149.074
04/08/2023 05:00,66.95,96.734
04/08/2023 05:30,78.33,99.094
04/08/2023 06:00,77.532,117.634
04/08/2023 06:30,90.65,134.454
04/08/2023 07:00,121.31,141.454
04/08/2023 07:30,112.97,138.794
04/08/2023 08:00,102.79,138.014
04/08/2023 08:30,81.212,92.274
04/08/2023 09:00,76.432,99.034
04/08/2023 09:30,67.452,93.134
04/08/2023 10:00,62.472,69.154
04/08/2023 10:30,58.73,58.574
04/08/2023 11:00,28.132,40.114
04/08/2023 11:30,21.832,33.434
04/08/2023 12:00,28.592,39.814
04/08/2023 12:30,39.03,46.274
04/08/2023 13:00,38.17,48.454
04/08/2023 13:30,43.292,39.734
04/08/2023 14:00,37.63,37.094
04/08/2023 14:30,32.11,35.634
04/08/2023 15:00,36.072,37.454
04/08/2023 15:30,27.368,18.934
04/08/2023 16:00,13.11,6.654
04/08/2023 16:30,13.488,7.534
04/08/2023 17:00,13.728,6.034
04/08/2023 17:30,7.146,5.854
04/08/2023 18:00,1.306,4.674
04/08/2023 18:30,6.092,2.728
04/08/2023 19:00,0.836,
04/08/2023 19:30,,
04/08/2023 20:00,,
04/08/2023 20:30,,
04/08/2023 21:00,,
04/08/2023 21:30,,
04/08/2023 22:00,,
04/08/2023 22:30,,
04/08/2023 23:00,,5.314
04/08/2023 23:30,0.37,3.074
05/08/2023 00:00,,
05/08/2023 00:30,6.882,3.418
05/08/2023 01:00,12.09,12.374
05/08/2023 01:30,18.23,20.854
05/08/2023 02:00,30.45,30.074
05/08/2023 02:30,46.732,44.154
05/08/2023 03:00,73.772,65.134
05/08/2023 03:30,88.23,74.834
05/08/2023 04:00,85.172,75.494
05/08/2023 04:30,62.95,84.114
05/08/2023 05:00,32.11,30.694
05/08/2023 05:30,47.492,52.254
05/08/2023 06:00,39.61,52.654
05/08/2023 06:30,48.352,46.474
05/08/2023 07:00,22.67,21.954
05/08/2023 07:30,53.132,48.314
05/08/2023 08:00,43.232,51.214
05/08/2023 08:30,19.91,25.534
05/08/2023 09:00,,
05/08/2023 09:30,,
05/08/2023 10:00,,
05/08/2023 10:30,,
05/08/2023 11:00,,
05/08/2023 11:30,,
05/08/2023 12:00,2.274,9.814
05/08/2023 12:30,13.032,17.954
05/08/2023 13:00,30.852,19.694
05/08/2023 13:30,45.03,24.494
05/08/2023 14:00,74.852,45.974
05/08/2023 14:30,70.072,54.094
05/08/2023 15:00,57.452,42.534
05/08/2023 15:30,42.97,30.374
05/08/2023 16:00,39.592,25.974
05/08/2023 16:30,30.35,27.274
05/08/2023 17:00,30.97,21.354
05/08/2023 17:30,17.432,8.114
05/08/2023 18:00,15.832,11.054
05/08/2023 18:30,16.09,18.334
05/08/2023 19:00,14.072,13.794
05/08/2023 19:30,10.292,22.374
05/08/2023 20:00,28.17,45.774
05/08/2023 20:30,31.652,115.474
05/08/2023 21:00,53.43,292.374
05/08/2023 21:30,132.052,268.654
05/08/2023 22:00,175.27,329.494
05/08/2023 22:30,350.952,402.214
05/08/2023 23:00,392.77,400.514
05/08/2023 23:30,234.412,346.354
06/08/2023 00:00,111.85,175.414
06/08/2023 00:30,105.992,58.654
06/08/2023 01:00,251.012,384.414
06/08/2023 01:30,306.972,402.914
06/08/2023 02:00,352.152,392.114
06/08/2023 02:30,128.77,131.074
06/08/2023 03:00,42.672,59.854
06/08/2023 03:30,42.632,42.734
06/08/2023 04:00,42.632,42.774
06/08/2023 04:30,42.652,42.734
06/08/2023 05:00,42.652,42.774
06/08/2023 05:30,42.65,42.754
06/08/2023 06:00,42.632,42.754
06/08/2023 06:30,42.652,42.774
06/08/2023 07:00,42.652,73.494
06/08/2023 07:30,42.632,149.394
06/08/2023 08:00,42.672,78.254
06/08/2023 08:30,252.292,183.554
06/08/2023 09:00,245.172,177.054
06/08/2023 09:30,287.19,268.214
06/08/2023 10:00,378.792,347.014
06/08/2023 10:30,273.69,280.054
06/08/2023 11:00,205.592,149.434
06/08/2023 11:30,290.832,145.914
06/08/2023 12:00,149.272,195.594
06/08/2023 12:30,335.91,384.334
06/08/2023 13:00,390.972,394.754
06/08/2023 13:30,375.89,390.614
06/08/2023 14:00,319.032,391.634
06/08/2023 14:30,342.57,394.854
06/08/2023 15:00,362.672,381.994
06/08/2023 15:30,359.07,398.814
06/08/2023 16:00,360.61,396.974
06/08/2023 16:30,352.712,386.594
06/08/2023 17:00,296.752,336.634
06/08/2023 17:30,248.13,327.414
06/08/2023 18:00,226.952,291.172
06/08/2023 18:30,220.352,295.872
06/08/2023 19:00,222.312,293.432
06/08/2023 19:30,209.05,275.432
06/08/2023 20:00,212.392,276.132
06/08/2023 20:30,209.23,246.772
06/08/2023 21:00,203.15,254.412
06/08/2023 21:30,222.252,253.334
06/08/2023 22:00,227.09,248.534
06/08/2023 22:30,228.612,246.534
06/08/2023 23:00,224.112,244.334
06/08/2023 23:30,201.252,226.674
07/08/2023 00:00,135.05,168.954
07/08/2023 00:30,102.792,99.534
07/08/2023 01:00,129.892,99.714
07/08/2023 01:30,166.392,126.014
07/08/2023 02:00,118.012,125.114
07/08/2023 02:30,102.812,93.474
07/08/2023 03:00,89.632,92.714
07/08/2023 03:30,81.27,80.194
07/08/2023 04:00,70.972,69.914
07/08/2023 04:30,68.092,62.694
07/08/2023 05:00,60.752,58.114
07/08/2023 05:30,49.972,50.754
07/08/2023 06:00,42.532,47.314
07/08/2023 06:30,37.792,46.234
07/08/2023 07:00,40.89,49.514
07/08/2023 07:30,41.752,44.134
07/08/2023 08:00,32.252,30.074
07/08/2023 08:30,17.192,21.614
07/08/2023 09:00,18.212,20.774
07/08/2023 09:30,12.972,19.174
07/08/2023 10:00,25.45,36.354
07/08/2023 10:30,34.312,36.334
07/08/2023 11:00,40.392,44.634
07/08/2023 11:30,41.11,30.694
07/08/2023 12:00,21.052,17.794
07/08/2023 12:30,7.63,5.382
07/08/2023 13:00,3.132,
07/08/2023 13:30,,
07/08/2023 14:00,,
07/08/2023 14:30,,
07/08/2023 15:00,,
07/08/2023 15:30,11.668,9.054
07/08/2023 16:00,19.068,42.194
07/08/2023 16:30,21.05,127.432
07/08/2023 17:00,36.11,158.212
07/08/2023 17:30,88.672,220.412
07/08/2023 18:00,157.532,259.432
07/08/2023 18:30,199.69,318.772
07/08/2023 19:00,260.092,337.594
07/08/2023 19:30,276.512,312.314
07/08/2023 20:00,246.192,280.654
07/08/2023 20:30,212.512,241.534
07/08/2023 21:00,220.95,257.794
07/08/2023 21:30,214.812,241.114
07/08/2023 22:00,201.372,243.294
07/08/2023 22:30,188.13,210.854
07/08/2023 23:00,176.832,229.254
07/08/2023 23:30,223.952,304.654
08/08/2023 00:00,260.832,300.054
08/08/2023 00:30,228.952,269.554
08/08/2023 01:00,238.832,278.954
08/08/2023 01:30,274.192,302.454
08/08/2023 02:00,282.912,331.914
08/08/2023 02:30,301.452,298.274
08/08/2023 03:00,259.812,255.434
08/08/2023 03:30,211.432,245.754
08/08/2023 04:00,223.932,312.194
08/08/2023 04:30,277.232,335.734
08/08/2023 05:00,263.192,328.694
08/08/2023 05:30,254.61,342.754
08/08/2023 06:00,264.032,321.614
08/08/2023 06:30,238.332,278.174
08/08/2023 07:00,223.912,254.034
08/08/2023 07:30,199.032,247.614
08/08/2023 08:00,188.252,245.854
08/08/2023 08:30,183.592,230.654
08/08/2023 09:00,158.97,190.514
08/08/2023 09:30,143.692,163.134
08/08/2023 10:00,138.072,152.814
08/08/2023 10:30,135.452,131.114
08/08/2023 11:00,100.052,110.574
08/08/2023 11:30,71.65,90.354
08/08/2023 12:00,59.972,75.274
08/08/2023 12:30,38.572,56.134
08/08/2023 13:00,17.332,24.732
08/08/2023 13:30,5.91,6.292
08/08/2023 14:00,,
08/08/2023 14:30,,
08/08/2023 15:00,,2.266
08/08/2023 15:30,,3.852
08/08/2023 16:00,,4.592
08/08/2023 16:30,2.708,5.472
08/08/2023 17:00,3.644,8.112
08/08/2023 17:30,0.688,3.472
08/08/2023 18:00,9.452,13.134
08/08/2023 18:30,23.85,19.334
08/08/2023 19:00,13.95,6.108
08/08/2023 19:30,0.562,
08/08/2023 20:00,11.032,7.694
08/08/2023 20:30,,
08/08/2023 21:00,,
08/08/2023 21:30,,
08/08/2023 22:00,,
08/08/2023 22:30,,
08/08/2023 23:00,,1.358
08/08/2023 23:30,7.812,30.514
09/08/2023 00:00,34.752,100.074
09/08/2023 00:30,88.352,164.894
09/08/2023 01:00,104.61,141.354
09/08/2023 01:30,124.512,139.694
09/08/2023 02:00,121.932,154.514
09/08/2023 02:30,147.372,197.994
09/08/2023 03:00,145.092,170.534
09/08/2023 03:30,145.672,158.974
09/08/2023 04:00,140.912,165.574
09/08/2023 04:30,127.49,164.874
09/08/2023 05:00,142.652,184.614
09/08/2023 05:30,138.372,177.754
09/08/2023 06:00,142.832,167.254
09/08/2023 06:30,132.37,147.914
09/08/2023 07:00,125.072,140.074
09/08/2023 07:30,106.63,131.394
09/08/2023 08:00,110.51,124.874
09/08/2023 08:30,100.372,111.114
09/08/2023 09:00,77.632,91.294
09/08/2023 09:30,62.992,80.154
09/08/2023 10:00,53.25,51.034
09/08/2023 10:30,42.072,35.314
09/08/2023 11:00,29.672,23.774
09/08/2023 11:30,12.49,3.514
09/08/2023 12:00,1.77,
09/08/2023 12:30,1.294,
09/08/2023 13:00,,
09/08/2023 13:30,,
09/08/2023 14:00,,
09/08/2023 14:30,,
09/08/2023 15:00,,
09/08/2023 15:30,,2.302
09/08/2023 16:00,,7.692
09/08/2023 16:30,0.014,7.432
09/08/2023 17:00,,2.152
09/08/2023 17:30,,0.58
09/08/2023 18:00,,
09/08/2023 18:30,,
09/08/2023 19:00,,2.232
09/08/2023 19:30,0.374,7.252
09/08/2023 20:00,,0.468
09/08/2023 20:30,8.606,1.114
09/08/2023 21:00,29.23,17.174
09/08/2023 21:30,30.19,17.854
09/08/2023 22:00,19.012,10.774
09/08/2023 22:30,9.71,5.894
09/08/2023 23:00,6.05,6.854
09/08/2023 23:30,6.75,14.314
10/08/2023 00:00,5.132,25.474
10/08/2023 00:30,4.652,23.574
10/08/2023 01:00,11.17,31.914
10/08/2023 01:30,10.052,28.254
10/08/2023 02:00,10.07,14.154
10/08/2023 02:30,3.25,7.334
10/08/2023 03:00,,5.074
10/08/2023 03:30,,5.054
10/08/2023 04:00,,5.494
10/08/2023 04:30,4.92,9.094
10/08/2023 05:00,3.432,7.334
10/08/2023 05:30,5.732,14.394
10/08/2023 06:00,20.432,33.614
10/08/2023 06:30,30.77,41.054
10/08/2023 07:00,30.17,23.934
10/08/2023 07:30,18.93,18.234
10/08/2023 08:00,10.552,12.014
10/08/2023 08:30,11.232,11.754
10/08/2023 09:00,10.13,13.554
10/08/2023 09:30,14.11,19.474
10/08/2023 10:00,10.892,18.814
10/08/2023 10:30,3.332,8.214
10/08/2023 11:00,3.618,5.614
10/08/2023 11:30,0.996,3.994
10/08/2023 12:00,2.992,7.434
10/08/2023 12:30,0.878,7.994
10/08/2023 13:00,1.166,11.474
10/08/2023 13:30,,
10/08/2023 14:00,,
10/08/2023 14:30,1.992,6.672
10/08/2023 15:00,26.85,15.472
10/08/2023 15:30,44.808,26.212
10/08/2023 16:00,54.668,34.172
10/08/2023 16:30,72.028,37.872
10/08/2023 17:00,130.088,63.952
10/08/2023 17:30,204.128,104.352
10/08/2023 18:00,244.268,181.792
10/08/2023 18:30,267.808,214.692
10/08/2023 19:00,267.748,209.212
10/08/2023 19:30,214.348,201.492
10/08/2023 20:00,265.808,237.152
10/08/2023 20:30,338.432,289.572
10/08/2023 21:00,373.372,297.454
10/08/2023 21:30,344.47,280.454
10/08/2023 22:00,302.372,273.034
10/08/2023 22:30,251.17,274.994
10/08/2023 23:00,225.71,288.074
10/08/2023 23:30,177.21,271.774
11/08/2023 00:00,166.632,258.974
11/08/2023 00:30,182.71,298.074
11/08/2023 01:00,196.872,296.114
11/08/2023 01:30,223.912,294.614
11/08/2023 02:00,193.61,273.654
11/08/2023 02:30,230.65,292.274
11/08/2023 03:00,236.172,274.494
11/08/2023 03:30,206.41,224.134
11/08/2023 04:00,220.97,209.034
11/08/2023 04:30,246.33,215.934
11/08/2023 05:00,238.11,205.714
11/08/2023 05:30,254.952,227.354
11/08/2023 06:00,279.372,267.514
11/08/2023 06:30,264.99,258.374
11/08/2023 07:00,240.172,279.194
11/08/2023 07:30,241.97,247.374
11/08/2023 08:00,157.232,172.534
11/08/2023 08:30,144.77,153.172
11/08/2023 09:00,158.13,150.752
11/08/2023 09:30,214.33,171.192
11/08/2023 10:00,215.688,171.992
11/08/2023 10:30,156.948,120.332
11/08/2023 11:00,165.408,127.852
11/08/2023 11:30,199.008,143.892
11/08/2023 12:00,235.968,129.632
11/08/2023 12:30,283.988,135.712
11/08/2023 13:00,315.708,149.012
11/08/2023 13:30,310.788,141.912
11/08/2023 14:00,283.328,91.372
11/08/2023 14:30,243.848,86.092
11/08/2023 15:00,221.888,103.912
11/08/2023 15:30,206.908,103.512
11/08/2023 16:00,198.01,84.052
11/08/2023 16:30,192.012,90.454
11/08/2023 17:00,233.072,119.294
11/08/2023 17:30,214.212,141.434
11/08/2023 18:00,168.832,184.334
11/08/2023 18:30,156.15,211.774
11/08/2023 19:00,198.992,288.494
11/08/2023 19:30,186.372,275.874
11/08/2023 20:00,159.432,186.214
11/08/2023 20:30,114.152,142.814
11/08/2023 21:00,122.25,151.614
11/08/2023 21:30,77.57,114.314
11/08/2023 22:00,68.912,132.454
11/08/2023 22:30,66.672,101.654
11/08/2023 23:00,71.27,109.754
11/08/2023 23:30,65.55,109.814
12/08/2023 00:00,50.67,94.974
12/08/2023 00:30,74.672,90.514
12/08/2023 01:00,91.89,97.354
12/08/2023 01:30,120.45,121.794
12/08/2023 02:00,122.81,125.434
12/08/2023 02:30,91.192,114.094
12/08/2023 03:00,88.492,112.694
12/08/2023 03:30,139.512,122.634
12/08/2023 04:00,176.01,179.514
12/08/2023 04:30,158.112,176.274
12/08/2023 05:00,165.072,167.214
12/08/2023 05:30,159.81,162.154
12/08/2023 06:00,121.092,132.954
12/08/2023 06:30,94.29,117.594
12/08/2023 07:00,93.552,107.214
12/08/2023 07:30,175.772,174.034
12/08/2023 08:00,190.312,169.354
12/08/2023 08:30,190.652,206.914
12/08/2023 09:00,289.068,262.554
12/08/2023 09:30,311.17,293.612
12/08/2023 10:00,277.028,251.952
12/08/2023 10:30,308.388,290.592
12/08/2023 11:00,304.788,325.412
12/08/2023 11:30,361.088,357.872
12/08/2023 12:00,366.528,370.712
12/08/2023 12:30,364.208,372.392
12/08/2023 13:00,357.948,376.272
12/08/2023 13:30,357.17,367.292
12/08/2023 14:00,365.23,380.152
12/08/2023 14:30,365.79,358.392
12/08/2023 15:00,330.992,310.272
12/08/2023 15:30,337.012,324.172
12/08/2023 16:00,308.252,332.112
12/08/2023 16:30,357.61,400.372
12/08/2023 17:00,368.45,399.494
12/08/2023 17:30,371.752,410.614
12/08/2023 18:00,374.07,365.034
12/08/2023 18:30,385.148,396.774
12/08/2023 19:00,384.928,410.994
12/08/2023 19:30,382.088,410.934
12/08/2023 20:00,390.688,403.214
12/08/2023 20:30,393.368,366.254
12/08/2023 21:00,403.128,398.954
12/08/2023 21:30,402.948,410.774
12/08/2023 22:00,403.128,395.074
12/08/2023 22:30,401.728,400.754
12/08/2023 23:00,397.068,398.674
12/08/2023 23:30,402.248,406.052
13/08/2023 00:00,382.928,397.432
13/08/2023 00:30,400.268,397.772
13/08/2023 01:00,397.71,399.712
13/08/2023 01:30,362.272,355.932
13/08/2023 02:00,362.49,349.492
13/08/2023 02:30,319.872,330.452
13/08/2023 03:00,300.832,305.272
13/08/2023 03:30,295.13,330.772
13/08/2023 04:00,316.872,369.914
13/08/2023 04:30,286.97,355.634
13/08/2023 05:00,46.55,326.494
13/08/2023 05:30,148.772,254.314
13/08/2023 06:00,149.17,149.474
13/08/2023 06:30,232.192,137.354
13/08/2023 07:00,258.57,42.754
13/08/2023 07:30,258.55,241.114
13/08/2023 08:00,333.89,350.894
13/08/2023 08:30,317.29,314.434
13/08/2023 09:00,310.59,284.494
13/08/2023 09:30,304.79,266.014
13/08/2023 10:00,285.97,273.954
13/08/2023 10:30,253.91,251.314
13/08/2023 11:00,217.728,199.794
13/08/2023 11:30,188.428,163.914
13/08/2023 12:00,147.248,137.174
13/08/2023 12:30,136.908,95.234
13/08/2023 13:00,172.808,91.392
13/08/2023 13:30,237.888,170.292
13/08/2023 14:00,214.328,268.852
13/08/2023 14:30,266.188,255.032
13/08/2023 15:00,197.608,103.192
13/08/2023 15:30,174.208,67.272
13/08/2023 16:00,283.53,107.612
13/08/2023 16:30,235.65,194.732
13/08/2023 17:00,179.65,200.354
13/08/2023 17:30,214.012,285.954
13/08/2023 18:00,284.03,309.074
13/08/2023 18:30,198.952,247.794
13/08/2023 19:00,185.75,188.434
13/08/2023 19:30,118.792,116.054
13/08/2023 20:00,63.49,73.914
13/08/2023 20:30,50.312,70.974
13/08/2023 21:00,60.872,60.494
13/08/2023 21:30,92.23,106.154
13/08/2023 22:00,100.752,159.894
13/08/2023 22:30,135.092,197.214
13/08/2023 23:00,132.07,169.054
13/08/2023 23:30,131.712,161.634
14/08/2023 00:00,139.17,169.974
14/08/2023 00:30,127.932,155.934
14/08/2023 01:00,109.61,132.034
14/08/2023 01:30,101.312,115.934
14/08/2023 02:00,82.55,86.254
14/08/2023 02:30,72.69,78.574
14/08/2023 03:00,57.492,75.574
14/08/2023 03:30,85.15,113.834
14/08/2023 04:00,113.292,155.494
14/08/2023 04:30,152.932,212.454
14/08/2023 05:00,189.55,267.334
14/08/2023 05:30,102.872,157.434
14/08/2023 06:00,109.69,150.854
14/08/2023 06:30,176.11,241.014
14/08/2023 07:00,184.752,226.454
14/08/2023 07:30,241.39,273.714
14/08/2023 08:00,235.772,291.194
14/08/2023 08:30,188.672,231.294
14/08/2023 09:00,137.61,213.474
14/08/2023 09:30,142.932,211.734
14/08/2023 10:00,145.43,195.374
14/08/2023 10:30,119.312,197.354
14/08/2023 11:00,97.15,162.894
14/08/2023 11:30,82.752,104.354
14/08/2023 12:00,154.77,111.714
14/08/2023 12:30,165.31,134.174
14/08/2023 13:00,129.032,111.554
14/08/2023 13:30,130.172,116.632
14/08/2023 14:00,147.592,117.872
14/08/2023 14:30,144.17,102.032
14/08/2023 15:00,150.468,120.952
14/08/2023 15:30,125.848,155.572
14/08/2023 16:00,122.748,134.152
14/08/2023 16:30,223.008,172.992
14/08/2023 17:00,301.508,326.712
14/08/2023 17:30,376.688,405.512
14/08/2023 18:00,384.808,410.974
14/08/2023 18:30,385.068,410.814
14/08/2023 19:00,393.69,410.954
14/08/2023 19:30,397.952,410.794
14/08/2023 20:00,403.45,410.954
14/08/2023 20:30,402.99,410.854
14/08/2023 21:00,403.03,410.674
14/08/2023 21:30,398.212,408.174
14/08/2023 22:00,400.41,409.314
14/08/2023 22:30,402.992,410.794
14/08/2023 23:00,400.232,410.854
14/08/2023 23:30,402.15,403.754
15/08/2023 00:00,402.73,408.654
15/08/2023 00:30,403.19,410.894
15/08/2023 01:00,403.01,409.892
15/08/2023 01:30,400.09,400.292
15/08/2023 02:00,377.188,365.092
15/08/2023 02:30,351.97,348.852
15/08/2023 03:00,300.33,357.692
15/08/2023 03:30,301.008,342.552
15/08/2023 04:00,270.328,296.312
15/08/2023 04:30,213.648,255.692
15/08/2023 05:00,188.55,231.674
15/08/2023 05:30,139.308,182.814
15/08/2023 06:00,125.63,156.814
15/08/2023 06:30,127.112,158.454
15/08/2023 07:00,120.61,135.594
15/08/2023 07:30,129.612,134.174
15/08/2023 08:00,124.21,128.634
15/08/2023 08:30,141.49,136.354
15/08/2023 09:00,122.51,112.334
15/08/2023 09:30,98.63,95.634
15/08/2023 10:00,86.71,87.334
15/08/2023 10:30,68.85,60.174
15/08/2023 11:00,48.49,33.874
15/08/2023 11:30,28.91,31.934
15/08/2023 12:00,9.15,22.314
15/08/2023 12:30,,6.814
15/08/2023 13:00,,0.282
15/08/2023 13:30,,
15/08/2023 14:00,,
15/08/2023 14:30,,
15/08/2023 15:00,,
15/08/2023 15:30,,
15/08/2023 16:00,,
15/08/2023 16:30,,
15/08/2023 17:00,,
15/08/2023 17:30,,
15/08/2023 18:00,0.016,
15/08/2023 18:30,14.87,2.606
15/08/2023 19:00,16.37,11.354
15/08/2023 19:30,15.292,3.408
15/08/2023 20:00,12.972,
15/08/2023 20:30,7.85,
15/08/2023 21:00,,
15/08/2023 21:30,,
15/08/2023 22:00,,
15/08/2023 22:30,1.368,
15/08/2023 23:00,3.052,
15/08/2023 23:30,,
16/08/2023 00:00,,2.802
16/08/2023 00:30,,3.034
16/08/2023 01:00,2.012,13.394
16/08/2023 01:30,14.99,16.814
16/08/2023 02:00,11.27,25.814
16/08/2023 02:30,10.13,27.474
16/08/2023 03:00,14.41,16.834
16/08/2023 03:30,10.31,13.214
16/08/2023 04:00,20.13,18.834
16/08/2023 04:30,10.09,15.454
16/08/2023 05:00,2.152,2.454
16/08/2023 05:30,4.39,
16/08/2023 06:00,0.722,0.23
16/08/2023 06:30,,
16/08/2023 07:00,,
16/08/2023 07:30,,
16/08/2023 08:00,,
16/08/2023 08:30,,
16/08/2023 09:00,,
16/08/2023 09:30,,
16/08/2023 10:00,,
16/08/2023 10:30,,
16/08/2023 11:00,,
16/08/2023 11:30,,
16/08/2023 12:00,,
16/08/2023 12:30,,
16/08/2023 13:00,0.262,
16/08/2023 13:30,6.052,
16/08/2023 14:00,10.512,6.874
16/08/2023 14:30,19.21,14.254
16/08/2023 15:00,30.192,24.272
16/08/2023 15:30,36.592,32.092
16/08/2023 16:00,36.53,38.472
16/08/2023 16:30,46.228,33.572
16/08/2023 17:00,48.788,42.652
16/08/2023 17:30,58.27,60.852
16/08/2023 18:00,85.408,72.974
16/08/2023 18:30,85.268,74.194
16/08/2023 19:00,78.568,66.234
16/08/2023 19:30,95.85,83.414
16/08/2023 20:00,89.752,83.094
16/08/2023 20:30,98.83,90.134
16/08/2023 21:00,121.19,97.354
16/08/2023 21:30,134.17,104.914
16/08/2023 22:00,130.93,113.314
16/08/2023 22:30,149.99,127.434
16/08/2023 23:00,145.85,133.714
16/08/2023 23:30,138.512,142.454
17/08/2023 00:00,149.652,140.094
17/08/2023 00:30,144.79,131.774
17/08/2023 01:00,157.09,138.474
17/08/2023 01:30,157.752,127.414
17/08/2023 02:00,134.03,114.974
17/08/2023 02:30,154.092,130.674
17/08/2023 03:00,171.89,132.254
17/08/2023 03:30,168.43,142.354
17/08/2023 04:00,160.172,132.354
17/08/2023 04:30,169.852,149.554
17/08/2023 05:00,153.87,144.234
17/08/2023 05:30,135.092,121.014
17/08/2023 06:00,134.392,114.114
17/08/2023 06:30,132.57,125.814
17/08/2023 07:00,139.092,129.374
17/08/2023 07:30,143.89,132.914
17/08/2023 08:00,131.652,130.194
17/08/2023 08:30,113.67,116.554
17/08/2023 09:00,119.43,105.874
17/08/2023 09:30,87.272,89.594
17/08/2023 10:00,142.83,106.494
17/08/2023 10:30,98.792,138.034
17/08/2023 11:00,73.67,65.714
17/08/2023 11:30,68.632,46.414
17/08/2023 12:00,85.612,56.934
17/08/2023 12:30,52.01,52.394
17/08/2023 13:00,62.232,43.714
17/08/2023 13:30,82.59,64.934
17/08/2023 14:00,108.572,82.294
17/08/2023 14:30,125.272,103.574
17/08/2023 15:00,126.45,117.154
17/08/2023 15:30,113.232,110.954
17/08/2023 16:00,131.07,106.714
17/08/2023 16:30,144.892,108.734
17/08/2023 17:00,136.232,100.634
17/08/2023 17:30,139.75,115.094
17/08/2023 18:00,150.572,118.954
17/08/2023 18:30,171.37,113.734
17/08/2023 19:00,219.072,157.034
17/08/2023 19:30,249.01,188.434
17/08/2023 20:00,213.23,191.994
17/08/2023 20:30,187.452,168.614
17/08/2023 21:00,174.49,153.754
17/08/2023 21:30,167.612,135.354
17/08/2023 22:00,222.012,161.714
17/08/2023 22:30,197.19,171.174
17/08/2023 23:00,158.432,141.834
17/08/2023 23:30,180.212,167.074
18/08/2023 00:00,207.01,179.294
18/08/2023 00:30,203.51,151.314
18/08/2023 01:00,193.59,148.034
18/08/2023 01:30,192.492,150.194
18/08/2023 02:00,197.61,162.994
18/08/2023 02:30,210.93,180.614
18/08/2023 03:00,257.55,194.234
18/08/2023 03:30,279.01,219.294
18/08/2023 04:00,244.732,226.614
18/08/2023 04:30,240.25,208.474
18/08/2023 05:00,240.67,226.134
18/08/2023 05:30,242.29,225.074
18/08/2023 06:00,207.95,190.634
18/08/2023 06:30,192.472,166.874
18/08/2023 07:00,220.572,188.634
18/08/2023 07:30,237.89,199.914
18/08/2023 08:00,269.372,190.614
18/08/2023 08:30,242.01,214.354
18/08/2023 09:00,231.832,184.974
18/08/2023 09:30,184.032,160.914
18/08/2023 10:00,274.05,276.754
18/08/2023 10:30,306.152,280.614
18/08/2023 11:00,169.028,173.554
18/08/2023 11:30,148.368,131.474
18/08/2023 12:00,189.728,163.714
18/08/2023 12:30,151.048,174.994
18/08/2023 13:00,184.688,189.514
18/08/2023 13:30,171.308,163.054
18/08/2023 14:00,149.928,146.174
18/08/2023 14:30,152.41,172.832
18/08/2023 15:00,125.492,155.012
18/08/2023 15:30,133.53,104.612
18/08/2023 16:00,111.23,149.272
18/08/2023 16:30,111.852,156.492
18/08/2023 17:00,119.972,119.572
18/08/2023 17:30,120.15,129.232
18/08/2023 18:00,128.65,125.654
18/08/2023 18:30,115.99,114.434
18/08/2023 19:00,160.192,142.574
18/08/2023 19:30,179.71,156.754
18/08/2023 20:00,187.19,171.774
18/08/2023 20:30,202.232,169.974
18/08/2023 21:00,185.21,159.654
18/08/2023 21:30,210.59,176.774
18/08/2023 22:00,226.39,189.694
18/08/2023 22:30,232.992,207.534
18/08/2023 23:00,224.992,224.374
18/08/2023 23:30,245.59,238.274
19/08/2023 00:00,261.63,256.734
19/08/2023 00:30,274.23,264.374
19/08/2023 01:00,322.07,290.654
19/08/2023 01:30,331.752,310.454
19/08/2023 02:00,308.41,342.454
19/08/2023 02:30,259.31,234.094
19/08/2023 03:00,247.252,244.634
19/08/2023 03:30,386.492,372.674
19/08/2023 04:00,351.21,397.154
19/08/2023 04:30,247.51,348.614
19/08/2023 05:00,244.05,292.374
19/08/2023 05:30,290.692,357.434
19/08/2023 06:00,289.35,385.414
19/08/2023 06:30,369.448,400.052
19/08/2023 07:00,279.87,377.032
19/08/2023 07:30,174.628,199.532
19/08/2023 08:00,174.708,199.572
19/08/2023 08:30,255.248,199.572
19/08/2023 09:00,346.448,318.932
19/08/2023 09:30,365.83,407.872
19/08/2023 10:00,369.168,409.052
19/08/2023 10:30,383.648,398.332
19/08/2023 11:00,384.248,408.052
19/08/2023 11:30,384.088,406.332
19/08/2023 12:00,383.792,410.212
19/08/2023 12:30,378.612,397.432
19/08/2023 13:00,367.352,365.512
19/08/2023 13:30,356.332,335.752
19/08/2023 14:00,346.61,295.632
19/08/2023 14:30,356.892,238.392
19/08/2023 15:00,280.292,202.572
19/08/2023 15:30,288.032,223.772
19/08/2023 16:00,308.048,246.712
19/08/2023 16:30,250.208,217.292
19/08/2023 17:00,201.708,159.532
19/08/2023 17:30,149.508,152.812
19/08/2023 18:00,190.308,209.392
19/08/2023 18:30,197.968,231.352
19/08/2023 19:00,187.808,199.332
19/08/2023 19:30,155.388,189.792
19/08/2023 20:00,129.948,195.474
19/08/2023 20:30,132.908,204.674
19/08/2023 21:00,159.068,204.574
19/08/2023 21:30,182.15,201.454
19/08/2023 22:00,246.53,237.674
19/08/2023 22:30,294.23,313.254
19/08/2023 23:00,288.492,324.374
19/08/2023 23:30,298.17,276.574
20/08/2023 00:00,266.532,288.094
20/08/2023 00:30,183.832,292.194
20/08/2023 01:00,175.332,260.734
20/08/2023 01:30,119.95,214.814
20/08/2023 02:00,100.33,148.734
20/08/2023 02:30,83.932,107.374
20/08/2023 03:00,110.27,135.754
20/08/2023 03:30,127.452,155.514
20/08/2023 04:00,143.632,150.014
20/08/2023 04:30,130.09,123.114
20/08/2023 05:00,94.232,95.134
20/08/2023 05:30,82.43,76.414
20/08/2023 06:00,61.83,72.754
20/08/2023 06:30,68.612,90.314
20/08/2023 07:00,66.29,
20/08/2023 07:30,77.87,
20/08/2023 08:00,64.332,
20/08/2023 08:30,70.032,
20/08/2023 09:00,69.832,
20/08/2023 09:30,68.35,
20/08/2023 10:00,56.632,
20/08/2023 10:30,87.472,
20/08/2023 11:00,82.872,
20/08/2023 11:30,71.15,
20/08/2023 12:00,115.23,
20/08/2023 12:30,152.032,
20/08/2023 13:00,168.612,
20/08/2023 13:30,180.73,
20/08/2023 14:00,218.448,
20/08/2023 14:30,226.808,
20/08/2023 15:00,216.188,
20/08/2023 15:30,198.628,
20/08/2023 16:00,119.408,
20/08/2023 16:30,43.008,
20/08/2023 17:00,102.648,
20/08/2023 17:30,126.728,
20/08/2023 18:00,79.168,
20/08/2023 18:30,68.45,
20/08/2023 19:00,62.432,
20/08/2023 19:30,51.55,
20/08/2023 20:00,38.11,
20/08/2023 20:30,31.052,
20/08/2023 21:00,33.172,
20/08/2023 21:30,40.45,
20/08/2023 22:00,34.31,
20/08/2023 22:30,73.072,
20/08/2023 23:00,178.272,
20/08/2023 23:30,215.27,
21/08/2023 00:00,255.49,
21/08/2023 00:30,248.632,
21/08/2023 01:00,204.21,
21/08/2023 01:30,171.67,
21/08/2023 02:00,176.792,
21/08/2023 02:30,227.85,
21/08/2023 03:00,219.792,
21/08/2023 03:30,206.79,
21/08/2023 04:00,193.87,
21/08/2023 04:30,188.61,
21/08/2023 05:00,188.85,
21/08/2023 05:30,184.432,
21/08/2023 06:00,195.37,
21/08/2023 06:30,190.71,
21/08/2023 07:00,192.61,
21/08/2023 07:30,190.69,
21/08/2023 08:00,161.85,
21/08/2023 08:30,175.65,
21/08/2023 09:00,171.57,
21/08/2023 09:30,143.41,
21/08/2023 10:00,140.69,
21/08/2023 10:30,128.99,
21/08/2023 11:00,119.65,
21/08/2023 11:30,107.512,
21/08/2023 12:00,136.55,
21/08/2023 12:30,197.95,
21/08/2023 13:00,276.068,
21/08/2023 13:30,321.428,
21/08/2023 14:00,326.888,
21/08/2023 14:30,350.908,
21/08/2023 15:00,372.948,
21/08/2023 15:30,374.448,
21/08/2023 16:00,369.388,
21/08/2023 16:30,329.568,
21/08/2023 17:00,284.168,
21/08/2023 17:30,220.768,
21/08/2023 18:00,200.188,
21/08/2023 18:30,217.908,
21/08/2023 19:00,208.688,
21/08/2023 19:30,250.89,
21/08/2023 20:00,290.35,
21/08/2023 20:30,336.832,
21/08/2023 21:00,378.752,
21/08/2023 21:30,389.012,
21/08/2023 22:00,397.33,
21/08/2023 22:30,390.93,
21/08/2023 23:00,378.052,
21/08/2023 23:30,351.052,
22/08/2023 00:00,297.85,
22/08/2023 00:30,291.412,
22/08/2023 01:00,337.37,
22/08/2023 01:30,325.472,
22/08/2023 02:00,297.99,
22/08/2023 02:30,287.89,
22/08/2023 03:00,309.828,
22/08/2023 03:30,319.408,
22/08/2023 04:00,284.308,
22/08/2023 04:30,291.688,
22/08/2023 05:00,259.388,
22/08/2023 05:30,270.048,
22/08/2023 06:00,296.728,
22/08/2023 06:30,328.208,
22/08/2023 07:00,369.37,
22/08/2023 07:30,371.572,
22/08/2023 08:00,352.77,
22/08/2023 08:30,356.952,
22/08/2023 09:00,336.17,
22/08/2023 09:30,354.59,
22/08/2023 10:00,329.31,
22/08/2023 10:30,256.87,
22/08/2023 11:00,174.21,
22/08/2023 11:30,135.15,
22/08/2023 12:00,120.17,
22/08/2023 12:30,110.49,
22/08/2023 13:00,104.308,
22/08/2023 13:30,116.428,
22/08/2023 14:00,124.768,
22/08/2023 14:30,145.568,
22/08/2023 15:00,139.968,
22/08/2023 15:30,120.688,
22/08/2023 16:00,147.088,
22/08/2023 16:30,242.068,
22/08/2023 17:00,255.028,
22/08/2023 17:30,278.77,
22/08/2023 18:00,260.412,
22/08/2023 18:30,244.29,
22/08/2023 19:00,255.61,
22/08/2023 19:30,291.57,
22/08/2023 20:00,191.732,
22/08/2023 20:30,157.112,
22/08/2023 21:00,178.712,
22/08/2023 21:30,228.85,
22/08/2023 22:00,274.712,
22/08/2023 22:30,294.812,
22/08/2023 23:00,301.99,
22/08/2023 23:30,242.69,
23/08/2023 00:00,232.292,
23/08/2023 00:30,165.05,
23/08/2023 01:00,111.55,
23/08/2023 01:30,130.41,
23/08/2023 02:00,122.53,
23/08/2023 02:30,118.09,
23/08/2023 03:00,105.812,
23/08/2023 03:30,96.55,
23/08/2023 04:00,95.952,
23/08/2023 04:30,95.27,
23/08/2023 05:00,90.79,
23/08/2023 05:30,45.172,
23/08/2023 06:00,36.052,
23/08/2023 06:30,33.63,
23/08/2023 07:00,16.272,
23/08/2023 07:30,12.87,
23/08/2023 08:00,31.77,
23/08/2023 08:30,22.372,
23/08/2023 09:00,3.804,
23/08/2023 09:30,5.63,
23/08/2023 10:00,,
23/08/2023 10:30,,
23/08/2023 11:00,2.73,
23/08/2023 11:30,,
23/08/2023 12:00,5.052,
23/08/2023 12:30,2.896,
23/08/2023 13:00,1.35,
23/08/2023 13:30,,
23/08/2023 14:00,,
23/08/2023 14:30,,
23/08/2023 15:00,,
23/08/2023 15:30,,
23/08/2023 16:00,,
23/08/2023 16:30,,
23/08/2023 17:00,6.11,
23/08/2023 17:30,36.528,
23/08/2023 18:00,135.452,
23/08/2023 18:30,176.57,
23/08/2023 19:00,172.352,
23/08/2023 19:30,188.87,
23/08/2023 20:00,220.79,
23/08/2023 20:30,275.512,
23/08/2023 21:00,262.112,
23/08/2023 21:30,232.292,
23/08/2023 22:00,301.21,
23/08/2023 22:30,367.792,
23/08/2023 23:00,386.032,
23/08/2023 23:30,390.692,
24/08/2023 00:00,350.732,
24/08/2023 00:30,281.232,
24/08/2023 01:00,262.692,
24/08/2023 01:30,250.712,
24/08/2023 02:00,263.572,
24/08/2023 02:30,299.89,
24/08/2023 03:00,319.032,
24/08/2023 03:30,301.29,
24/08/2023 04:00,273.772,
24/08/2023 04:30,225.012,
24/08/2023 05:00,245.29,
24/08/2023 05:30,232.052,
24/08/2023 06:00,214.53,
24/08/2023 06:30,170.528,
24/08/2023 07:00,153.81,
24/08/2023 07:30,133.608,
24/08/2023 08:00,80.31,
24/08/2023 08:30,54.59,
24/08/2023 09:00,25.55,
24/08/2023 09:30,16.53,
24/08/2023 10:00,9.318,
24/08/2023 10:30,,
24/08/2023 11:00,,
24/08/2023 11:30,,
24/08/2023 12:00,,
24/08/2023 12:30,,
24/08/2023 13:00,,
24/08/2023 13:30,,
24/08/2023 14:00,,
24/08/2023 14:30,,
24/08/2023 15:00,,
24/08/2023 15:30,,
24/08/2023 16:00,6.464,
24/08/2023 16:30,4.578,
24/08/2023 17:00,,
24/08/2023 17:30,,
24/08/2023 18:00,,
24/08/2023 18:30,1.988,
24/08/2023 19:00,14.548,
24/08/2023 19:30,0.556,
24/08/2023 20:00,,
24/08/2023 20:30,,
24/08/2023 21:00,,
24/08/2023 21:30,,
24/08/2023 22:00,4.552,
24/08/2023 22:30,46.032,
24/08/2023 23:00,123.632,
24/08/2023 23:30,209.912,
25/08/2023 00:00,241.752,
25/08/2023 00:30,222.732,
25/08/2023 01:00,160.272,
25/08/2023 01:30,150.37,
25/08/2023 02:00,139.43,
25/08/2023 02:30,123.872,
25/08/2023 03:00,134.43,
25/08/2023 03:30,126.512,
25/08/2023 04:00,124.01,
25/08/2023 04:30,112.912,
25/08/2023 05:00,80.032,
25/08/2023 05:30,58.372,
25/08/2023 06:00,71.35,
25/08/2023 06:30,71.812,
25/08/2023 07:00,4.574,
25/08/2023 07:30,,
25/08/2023 08:00,,
25/08/2023 08:30,,
25/08/2023 09:00,,
25/08/2023 09:30,,
25/08/2023 10:00,,
25/08/2023 10:30,,
25/08/2023 11:00,,
25/08/2023 11:30,,
25/08/2023 12:00,,
25/08/2023 12:30,,
25/08/2023 13:00,,
25/08/2023 13:30,,
25/08/2023 14:00,,
25/08/2023 14:30,,
25/08/2023 15:00,,
25/08/2023 15:30,,
25/08/2023 16:00,,
25/08/2023 16:30,,
25/08/2023 17:00,,
25/08/2023 17:30,,10.754
25/08/2023 18:00,,35.434
25/08/2023 18:30,,44.374
25/08/2023 19:00,,61.334
25/08/2023 19:30,,125.694
25/08/2023 20:00,,129.754
25/08/2023 20:30,,56.074
25/08/2023 21:00,,4.654
25/08/2023 21:30,,9.654
25/08/2023 22:00,,43.314
25/08/2023 22:30,,52.074
25/08/2023 23:00,,30.294
25/08/2023 23:30,,20.414
26/08/2023 00:00,,29.634
26/08/2023 00:30,,48.394
26/08/2023 01:00,,51.094
26/08/2023 01:30,,36.094
26/08/2023 02:00,,37.734
26/08/2023 02:30,,37.294
26/08/2023 03:00,,31.954
26/08/2023 03:30,,22.714
26/08/2023 04:00,,22.494
26/08/2023 04:30,,23.834
26/08/2023 05:00,,16.494
26/08/2023 05:30,,18.594
26/08/2023 06:00,,14.014
26/08/2023 06:30,,8.234
26/08/2023 07:00,,13.654
26/08/2023 07:30,,19.214
26/08/2023 08:00,,20.554
26/08/2023 08:30,,11.234
26/08/2023 09:00,,22.494
26/08/2023 09:30,,60.674
26/08/2023 10:00,,64.134
26/08/2023 10:30,,68.534
26/08/2023 11:00,,42.514
26/08/2023 11:30,,34.814
26/08/2023 12:00,,42.854
26/08/2023 12:30,,22.474
26/08/2023 13:00,,27.394
26/08/2023 13:30,,50.954
26/08/2023 14:00,,52.694
26/08/2023 14:30,,31.434
26/08/2023 15:00,,45.574
26/08/2023 15:30,,23.094
26/08/2023 16:00,,30.094
26/08/2023 16:30,,25.574
26/08/2023 17:00,,35.314
26/08/2023 17:30,,42.554
26/08/2023 18:00,,55.654
26/08/2023 18:30,,25.334
26/08/2023 19:00,,5.466
26/08/2023 19:30,,
26/08/2023 20:00,,
26/08/2023 20:30,,
26/08/2023 21:00,,
26/08/2023 21:30,,
26/08/2023 22:00,,
26/08/2023 22:30,,
26/08/2023 23:00,,
26/08/2023 23:30,,
27/08/2023 00:00,,
27/08/2023 00:30,,
27/08/2023 01:00,,
27/08/2023 01:30,,
27/08/2023 02:00,,31.154
27/08/2023 02:30,,53.614
27/08/2023 03:00,,54.834
27/08/2023 03:30,,31.114
27/08/2023 04:00,,51.674
27/08/2023 04:30,,80.014
27/08/2023 05:00,,139.854
27/08/2023 05:30,,141.094
27/08/2023 06:00,,103.234
27/08/2023 06:30,,73.574
27/08/2023 07:00,,60.154
27/08/2023 07:30,,48.394
27/08/2023 08:00,,49.914
27/08/2023 08:30,,66.914
27/08/2023 09:00,,74.274
27/08/2023 09:30,,70.214
27/08/2023 10:00,,48.454
27/08/2023 10:30,,77.314
27/08/2023 11:00,,98.034
27/08/2023 11:30,,117.274
27/08/2023 12:00,,107.754
27/08/2023 12:30,,59.094
27/08/2023 13:00,,35.114
27/08/2023 13:30,,23.374
27/08/2023 14:00,,1.558
27/08/2023 14:30,,
27/08/2023 15:00,,
27/08/2023 15:30,,
27/08/2023 16:00,,
27/08/2023 16:30,,
27/08/2023 17:00,,
27/08/2023 17:30,,
27/08/2023 18:00,,
27/08/2023 18:30,,7.738
27/08/2023 19:00,,3.904
27/08/2023 19:30,,
27/08/2023 20:00,,12.074
27/08/2023 20:30,,14.834
27/08/2023 21:00,,41.614
27/08/2023 21:30,,74.034
27/08/2023 22:00,,60.654
27/08/2023 22:30,,50.494
27/08/2023 23:00,,47.834
27/08/2023 23:30,,54.854
28/08/2023 00:00,,49.834
28/08/2023 00:30,,22.414
28/08/2023 01:00,,25.274
28/08/2023 01:30,,35.014
28/08/2023 02:00,,29.634
28/08/2023 02:30,,44.394
28/08/2023 03:00,,30.594
28/08/2023 03:30,,30.934
28/08/2023 04:00,,44.674
28/08/2023 04:30,,40.254
28/08/2023 05:00,,31.074
28/08/2023 05:30,,55.934
28/08/2023 06:00,,77.534
28/08/2023 06:30,,53.994
28/08/2023 07:00,,33.414
28/08/2023 07:30,,17.614
28/08/2023 08:00,,14.894
28/08/2023 08:30,,13.694
28/08/2023 09:00,,10.314
28/08/2023 09:30,,20.074
28/08/2023 10:00,,10.434
28/08/2023 10:30,,8.614
28/08/2023 11:00,,0.93
28/08/2023 11:30,,
28/08/2023 12:00,,
28/08/2023 12:30,,1.068
28/08/2023 13:00,,3.364
28/08/2023 13:30,,
28/08/2023 14:00,,
28/08/2023 14:30,,
28/08/2023 15:00,,
28/08/2023 15:30,,
28/08/2023 16:00,,
28/08/2023 16:30,,
28/08/2023 17:00,,
28/08/2023 17:30,,
28/08/2023 18:00,,
28/08/2023 18:30,,
28/08/2023 19:00,,
28/08/2023 19:30,,
28/08/2023 20:00,,
28/08/2023 20:30,,
28/08/2023 21:00,,
28/08/2023 21:30,,
28/08/2023 22:00,,0.574
28/08/2023 22:30,,
28/08/2023 23:00,,
28/08/2023 23:30,,6.754
29/08/2023 00:00,,15.134
29/08/2023 00:30,,19.674
29/08/2023 01:00,,24.294
29/08/2023 01:30,,19.394
29/08/2023 02:00,,30.414
29/08/2023 02:30,,54.934
29/08/2023 03:00,,95.734
29/08/2023 03:30,,101.534
29/08/2023 04:00,,88.154
29/08/2023 04:30,,62.974
29/08/2023 05:00,,63.574
29/08/2023 05:30,,57.854
29/08/2023 06:00,,38.554
29/08/2023 06:30,,26.314
29/08/2023 07:00,,27.734
29/08/2023 07:30,,18.494
29/08/2023 08:00,,4.154
29/08/2023 08:30,,6.384
29/08/2023 09:00,,12.002
29/08/2023 09:30,,50.174
29/08/2023 10:00,,41.614
29/08/2023 10:30,,63.974
29/08/2023 11:00,,98.834
29/08/2023 11:30,,105.134
29/08/2023 12:00,,89.894
29/08/2023 12:30,,110.234
29/08/2023 13:00,,123.834
29/08/2023 13:30,,94.474
29/08/2023 14:00,,121.294
29/08/2023 14:30,,145.274
29/08/2023 15:00,,112.894
29/08/2023 15:30,,156.014
29/08/2023 16:00,,154.454
29/08/2023 16:30,,212.274
29/08/2023 17:00,,228.454
29/08/2023 17:30,,215.774
29/08/2023 18:00,,316.074
29/08/2023 18:30,,346.474
29/08/2023 19:00,,315.994
29/08/2023 19:30,,253.834
29/08/2023 20:00,,183.834
29/08/2023 20:30,,194.734
29/08/2023 21:00,,225.234
29/08/2023 21:30,,264.474
29/08/2023 22:00,,234.774
29/08/2023 22:30,,237.494
29/08/2023 23:00,,280.174
29/08/2023 23:30,,319.134
30/08/2023 00:00,,286.754
30/08/2023 00:30,,270.654
30/08/2023 01:00,,265.594
30/08/2023 01:30,,253.734
30/08/2023 02:00,,296.854
30/08/2023 02:30,,259.574
30/08/2023 03:00,,295.874
30/08/2023 03:30,,303.994
30/08/2023 04:00,,246.294
30/08/2023 04:30,,245.654
30/08/2023 05:00,,241.014
30/08/2023 05:30,,242.634
30/08/2023 06:00,,275.714
30/08/2023 06:30,,282.314
30/08/2023 07:00,,292.894
30/08/2023 07:30,,282.814
30/08/2023 08:00,,266.254
30/08/2023 08:30,,210.374
30/08/2023 09:00,,163.374
30/08/2023 09:30,,135.334
30/08/2023 10:00,,107.334
30/08/2023 10:30,,118.914
30/08/2023 11:00,,128.294
30/08/2023 11:30,,116.874
30/08/2023 12:00,,104.234
30/08/2023 12:30,,90.254
30/08/2023 13:00,,71.914
30/08/2023 13:30,,72.494
30/08/2023 14:00,,51.252
30/08/2023 14:30,,52.132
30/08/2023 15:00,,57.392
30/08/2023 15:30,,95.432
30/08/2023 16:00,,129.032
30/08/2023 16:30,,147.812
30/08/2023 17:00,,144.712
30/08/2023 17:30,,205.274
30/08/2023 18:00,,246.814
30/08/2023 18:30,,273.314
30/08/2023 19:00,,314.874
30/08/2023 19:30,,363.354
30/08/2023 20:00,,388.274
30/08/2023 20:30,,403.774
30/08/2023 21:00,,392.194
30/08/2023 21:30,,388.454
30/08/2023 22:00,,328.254
30/08/2023 22:30,,268.714
30/08/2023 23:00,,230.954
30/08/2023 23:30,,251.714
31/08/2023 00:00,,238.894
31/08/2023 00:30,,220.454
31/08/2023 01:00,,190.554
31/08/2023 01:30,,124.274
31/08/2023 02:00,,79.334
31/08/2023 02:30,,66.014
31/08/2023 03:00,,82.074
31/08/2023 03:30,,80.214
31/08/2023 04:00,,70.214
31/08/2023 04:30,,77.494
31/08/2023 05:00,,73.474
31/08/2023 05:30,,33.314
31/08/2023 06:00,,17.974
31/08/2023 06:30,,14.414
31/08/2023 07:00,,4.036
31/08/2023 07:30,,
31/08/2023 08:00,,
31/08/2023 08:30,,6.766
31/08/2023 09:00,,12.474
31/08/2023 09:30,,
31/08/2023 10:00,,
31/08/2023 10:30,,
31/08/2023 11:00,,
31/08/2023 11:30,,
31/08/2023 12:00,,
31/08/2023 12:30,,
31/08/2023 13:00,,
31/08/2023 13:30,,
31/08/2023 14:00,,
31/08/2023 14:30,,
31/08/2023 15:00,,
31/08/2023 15:30,,
31/08/2023 16:00,,
31/08/2023 16:30,,
31/08/2023 17:00,,1.294
31/08/2023 17:30,,38.892
31/08/2023 18:00,,69.912
31/08/2023 18:30,,85.534
31/08/2023 19:00,,95.914
31/08/2023 19:30,,125.294
31/08/2023 20:00,,152.194
31/08/2023 20:30,,165.934
31/08/2023 21:00,,139.914
31/08/2023 21:30,,149.854
31/08/2023 22:00,,140.294
31/08/2023 22:30,,70.894
31/08/2023 23:00,,32.354
31/08/2023 23:30,,30.734
01/09/2023 00:00,,21.294
01/09/2023 00:30,,14.234
01/09/2023 01:00,,0.168
01/09/2023 01:30,,0.546
01/09/2023 02:00,,15.754
01/09/2023 02:30,,33.614
01/09/2023 03:00,,17.334
01/09/2023 03:30,,15.654
01/09/2023 04:00,,16.654
01/09/2023 04:30,,19.094
01/09/2023 05:00,,20.134
01/09/2023 05:30,,40.054
01/09/2023 06:00,,45.234
01/09/2023 06:30,,47.494
01/09/2023 07:00,,52.674
01/09/2023 07:30,,76.934
01/09/2023 08:00,,99.054
01/09/2023 08:30,,91.754
01/09/2023 09:00,,65.494
01/09/2023 09:30,,68.194
01/09/2023 10:00,,60.294
01/09/2023 10:30,,46.274
01/09/2023 11:00,,50.814
01/09/2023 11:30,,57.074
01/09/2023 12:00,,88.934
01/09/2023 12:30,,88.474
01/09/2023 13:00,,70.694
01/09/2023 13:30,,99.254
01/09/2023 14:00,,128.294
01/09/2023 14:30,,155.034
01/09/2023 15:00,,139.814
01/09/2023 15:30,,115.594
01/09/2023 16:00,,116.654
01/09/2023 16:30,,109.854
01/09/2023 17:00,,97.874
01/09/2023 17:30,,103.174
01/09/2023 18:00,,97.494
01/09/2023 18:30,,90.934
01/09/2023 19:00,,109.134
01/09/2023 19:30,,123.674
01/09/2023 20:00,,107.614
01/09/2023 20:30,,93.874
01/09/2023 21:00,,83.494
01/09/2023 21:30,,102.014
01/09/2023 22:00,,122.354
01/09/2023 22:30,,124.614
01/09/2023 23:00,,103.794
01/09/2023 23:30,,111.534
02/09/2023 00:00,,147.374
02/09/2023 00:30,,166.514
02/09/2023 01:00,,163.994
02/09/2023 01:30,,144.874
02/09/2023 02:00,,126.314
02/09/2023 02:30,,107.214
02/09/2023 03:00,,94.854
02/09/2023 03:30,,93.054
02/09/2023 04:00,,81.014
02/09/2023 04:30,,59.834
02/09/2023 05:00,,44.834
02/09/2023 05:30,,24.634
02/09/2023 06:00,,21.014
02/09/2023 06:30,,9.734
02/09/2023 07:00,,2.338
02/09/2023 07:30,,
02/09/2023 08:00,,19.504
02/09/2023 08:30,,45.454
02/09/2023 09:00,,64.794
02/09/2023 09:30,,70.934
02/09/2023 10:00,,34.934
02/09/2023 10:30,,15.014
02/09/2023 11:00,,16.474
02/09/2023 11:30,,25.234
02/09/2023 12:00,,33.754
02/09/2023 12:30,,34.594
02/09/2023 13:00,,30.272
02/09/2023 13:30,,6.778
02/09/2023 14:00,,
02/09/2023 14:30,,
02/09/2023 15:00,,
02/09/2023 15:30,,
02/09/2023 16:00,,
02/09/2023 16:30,,
02/09/2023 17:00,,
02/09/2023 17:30,,
02/09/2023 18:00,,
02/09/2023 18:30,,
02/09/2023 19:00,,
02/09/2023 19:30,,
02/09/2023 20:00,,
02/09/2023 20:30,,
02/09/2023 21:00,,
02/09/2023 21:30,,20.934
02/09/2023 22:00,,31.394
02/09/2023 22:30,,23.234
02/09/2023 23:00,,34.354
02/09/2023 23:30,,43.254
03/09/2023 00:00,,44.674
03/09/2023 00:30,,29.754
03/09/2023 01:00,,34.814
03/09/2023 01:30,,47.494
03/09/2023 02:00,,82.134
03/09/2023 02:30,,66.154
03/09/2023 03:00,,60.894
03/09/2023 03:30,,78.854
03/09/2023 04:00,,96.694
03/09/2023 04:30,,82.214
03/09/2023 05:00,,80.454
03/09/2023 05:30,,87.194
03/09/2023 06:00,,83.474
03/09/2023 06:30,,71.314
03/09/2023 07:00,,92.294
03/09/2023 07:30,,85.994
03/09/2023 08:00,,84.074
03/09/2023 08:30,,89.574
03/09/2023 09:00,,87.874
03/09/2023 09:30,,89.314
03/09/2023 10:00,,92.774
03/09/2023 10:30,,58.554
03/09/2023 11:00,,32.314
03/09/2023 11:30,,23.114
03/09/2023 12:00,,23.354
03/09/2023 12:30,,38.874
03/09/2023 13:00,,38.354
03/09/2023 13:30,,47.354
03/09/2023 14:00,,63.134
03/09/2023 14:30,,96.654
03/09/2023 15:00,,115.054
03/09/2023 15:30,,130.934
03/09/2023 16:00,,143.032
03/09/2023 16:30,,117.332
03/09/2023 17:00,,112.212
03/09/2023 17:30,,129.132
03/09/2023 18:00,,142.472
03/09/2023 18:30,,166.732
03/09/2023 19:00,,147.812
03/09/2023 19:30,,125.952
03/09/2023 20:00,,111.794
03/09/2023 20:30,,126.334
03/09/2023 21:00,,148.214
03/09/2023 21:30,,170.274
03/09/2023 22:00,,185.634
03/09/2023 22:30,,189.334
03/09/2023 23:00,,195.914
03/09/2023 23:30,,227.254
04/09/2023 00:00,,241.814
04/09/2023 00:30,,176.634
04/09/2023 01:00,,129.714
04/09/2023 01:30,,99.034
04/09/2023 02:00,,82.374
04/09/2023 02:30,,57.114
04/09/2023 03:00,,31.294
04/09/2023 03:30,,25.854
04/09/2023 04:00,,27.914
04/09/2023 04:30,,10.694
04/09/2023 05:00,,
04/09/2023 05:30,,0.888
04/09/2023 06:00,,
04/09/2023 06:30,,
04/09/2023 07:00,,
04/09/2023 07:30,,
04/09/2023 08:00,,
04/09/2023 08:30,,3.514
04/09/2023 09:00,,1.5
04/09/2023 09:30,,
04/09/2023 10:00,,
04/09/2023 10:30,,
04/09/2023 11:00,,
04/09/2023 11:30,,0.142
04/09/2023 12:00,,3.934
04/09/2023 12:30,,9.972
04/09/2023 13:00,,24.512
04/09/2023 13:30,,24.332
04/09/2023 14:00,,39.572
04/09/2023 14:30,,88.472
04/09/2023 15:00,,125.152
04/09/2023 15:30,,168.112
04/09/2023 16:00,,194.672
04/09/2023 16:30,,214.552
04/09/2023 17:00,,233.232
04/09/2023 17:30,,219.272
04/09/2023 18:00,,189.194
04/09/2023 18:30,,161.974
04/09/2023 19:00,,142.874
04/09/2023 19:30,,107.574
04/09/2023 20:00,,72.954
04/09/2023 20:30,,41.094
04/09/2023 21:00,,48.594
04/09/2023 21:30,,60.894
04/09/2023 22:00,,47.974
04/09/2023 22:30,,47.214
04/09/2023 23:00,,36.374
04/09/2023 23:30,,49.854
05/09/2023 00:00,,54.894
05/09/2023 00:30,,52.994
05/09/2023 01:00,,61.174
05/09/2023 01:30,,47.354
05/09/2023 02:00,,12.394
05/09/2023 02:30,,5.314
05/09/2023 03:00,,
05/09/2023 03:30,,
05/09/2023 04:00,,5.474
05/09/2023 04:30,,6.094
05/09/2023 05:00,,7.714
05/09/2023 05:30,,29.594
05/09/2023 06:00,,69.014
05/09/2023 06:30,,79.534
05/09/2023 07:00,,41.654
05/09/2023 07:30,,50.974
05/09/2023 08:00,,52.854
05/09/2023 08:30,,50.514
05/09/2023 09:00,,80.094
05/09/2023 09:30,,101.254
05/09/2023 10:00,,142.014
05/09/2023 10:30,,172.454
05/09/2023 11:00,,174.574
05/09/2023 11:30,,180.074
05/09/2023 12:00,,135.314
05/09/2023 12:30,,179.814
05/09/2023 13:00,,240.714
05/09/2023 13:30,,259.354
05/09/2023 14:00,,293.114
05/09/2023 14:30,,289.092
05/09/2023 15:00,,250.672
05/09/2023 15:30,214.112,219.652
05/09/2023 16:00,201.012,160.032
05/09/2023 16:30,207.03,159.152
05/09/2023 17:00,193.968,134.752
05/09/2023 17:30,145.37,110.052
05/09/2023 18:00,138.688,108.252
05/09/2023 18:30,135.09,109.852
05/09/2023 19:00,122.468,81.354
05/09/2023 19:30,98.27,62.794
05/09/2023 20:00,100.15,65.874
05/09/2023 20:30,101.732,69.674
05/09/2023 21:00,86.032,60.074
05/09/2023 21:30,90.012,66.934
05/09/2023 22:00,98.51,72.074
05/09/2023 22:30,80.552,53.594
05/09/2023 23:00,63.492,42.354
05/09/2023 23:30,69.392,52.174
06/09/2023 00:00,77.332,54.534
06/09/2023 00:30,69.972,48.494
06/09/2023 01:00,62.472,41.294
06/09/2023 01:30,49.27,38.094
06/09/2023 02:00,33.232,27.514
06/09/2023 02:30,19.912,13.154
06/09/2023 03:00,14.092,1.834
06/09/2023 03:30,11.692,1.11
06/09/2023 04:00,1.294,
06/09/2023 04:30,,
06/09/2023 05:00,,
06/09/2023 05:30,,
06/09/2023 06:00,,
06/09/2023 06:30,,
06/09/2023 07:00,,
06/09/2023 07:30,,
06/09/2023 08:00,,
06/09/2023 08:30,,
06/09/2023 09:00,2.572,
06/09/2023 09:30,4.732,4.588
06/09/2023 10:00,2.654,9.694
06/09/2023 10:30,0.562,9.194
06/09/2023 11:00,4.152,5.174
06/09/2023 11:30,0.568,1.944
06/09/2023 12:00,,
06/09/2023 12:30,,
06/09/2023 13:00,,
06/09/2023 13:30,,
06/09/2023 14:00,,
06/09/2023 14:30,,
06/09/2023 15:00,,
06/09/2023 15:30,,
06/09/2023 16:00,,
06/09/2023 16:30,,
06/09/2023 17:00,,
06/09/2023 17:30,,
06/09/2023 18:00,,
06/09/2023 18:30,,
06/09/2023 19:00,,
06/09/2023 19:30,,
06/09/2023 20:00,,
06/09/2023 20:30,,
06/09/2023 21:00,,
06/09/2023 21:30,,2.314
06/09/2023 22:00,1.214,3.954
06/09/2023 22:30,6.852,1.154
06/09/2023 23:00,0.12,
06/09/2023 23:30,,
07/09/2023 00:00,,
07/09/2023 00:30,,
07/09/2023 01:00,4.55,
07/09/2023 01:30,0.474,
07/09/2023 02:00,,
07/09/2023 02:30,,
07/09/2023 03:00,,
07/09/2023 03:30,,
07/09/2023 04:00,,
07/09/2023 04:30,,
07/09/2023 05:00,1.778,5.694
07/09/2023 05:30,2.852,6.474
07/09/2023 06:00,7.292,4.114
07/09/2023 06:30,23.052,14.014
07/09/2023 07:00,32.792,28.254
07/09/2023 07:30,40.412,43.814
07/09/2023 08:00,32.51,32.694
07/09/2023 08:30,25.892,24.054
07/09/2023 09:00,35.912,20.894
07/09/2023 09:30,39.092,16.394
07/09/2023 10:00,44.512,25.094
07/09/2023 10:30,60.972,38.654
07/09/2023 11:00,51.05,34.334
07/09/2023 11:30,26.672,33.974
07/09/2023 12:00,16.452,25.914
07/09/2023 12:30,22.752,17.254
07/09/2023 13:00,31.972,16.634
07/09/2023 13:30,29.052,20.174
07/09/2023 14:00,24.772,16.832
07/09/2023 14:30,23.012,13.272
07/09/2023 15:00,27.49,19.352
07/09/2023 15:30,22.052,21.172
07/09/2023 16:00,17.47,16.272
07/09/2023 16:30,20.268,9.732
07/09/2023 17:00,32.508,19.452
07/09/2023 17:30,43.85,40.112
07/09/2023 18:00,58.71,65.792
07/09/2023 18:30,64.808,82.572
07/09/2023 19:00,92.49,99.874
07/09/2023 19:30,109.97,89.274
07/09/2023 20:00,96.352,73.294
07/09/2023 20:30,91.272,68.814
07/09/2023 21:00,89.152,60.914
07/09/2023 21:30,69.05,54.114
07/09/2023 22:00,48.212,32.474
07/09/2023 22:30,23.972,19.234
07/09/2023 23:00,5.532,4.514
07/09/2023 23:30,3.176,1.536
08/09/2023 00:00,,
08/09/2023 00:30,,
08/09/2023 01:00,,
08/09/2023 01:30,,
08/09/2023 02:00,,
08/09/2023 02:30,,
08/09/2023 03:00,,
08/09/2023 03:30,,
08/09/2023 04:00,,
08/09/2023 04:30,,
08/09/2023 05:00,,
08/09/2023 05:30,,
08/09/2023 06:00,,
08/09/2023 06:30,,
08/09/2023 07:00,,
08/09/2023 07:30,,
08/09/2023 08:00,,
08/09/2023 08:30,,
08/09/2023 09:00,,
08/09/2023 09:30,,
08/09/2023 10:00,,
08/09/2023 10:30,,
08/09/2023 11:00,,
08/09/2023 11:30,,
08/09/2023 12:00,,
08/09/2023 12:30,,
08/09/2023 13:00,,
08/09/2023 13:30,,
08/09/2023 14:00,,
08/09/2023 14:30,,
08/09/2023 15:00,,
08/09/2023 15:30,,
08/09/2023 16:00,,
08/09/2023 16:30,,
08/09/2023 17:00,,
08/09/2023 17:30,,
08/09/2023 18:00,,
08/09/2023 18:30,,
08/09/2023 19:00,,
08/09/2023 19:30,,
08/09/2023 20:00,,
08/09/2023 20:30,,
08/09/2023 21:00,,
08/09/2023 21:30,,
08/09/2023 22:00,,
08/09/2023 22:30,,
08/09/2023 23:00,,
08/09/2023 23:30,,0.776
09/09/2023 00:00,,
09/09/2023 00:30,,
09/09/2023 01:00,,
09/09/2023 01:30,,
09/09/2023 02:00,,
09/09/2023 02:30,,
09/09/2023 03:00,3.202,4.332
09/09/2023 03:30,8.252,9.034
09/09/2023 04:00,4.804,5.894
09/09/2023 04:30,,
09/09/2023 05:00,,
09/09/2023 05:30,,
09/09/2023 06:00,,
09/09/2023 06:30,,
09/09/2023 07:00,,
09/09/2023 07:30,,
09/09/2023 08:00,,
09/09/2023 08:30,,
09/09/2023 09:00,,
09/09/2023 09:30,,
09/09/2023 10:00,,
09/09/2023 10:30,,
09/09/2023 11:00,,
09/09/2023 11:30,,
09/09/2023 12:00,,
09/09/2023 12:30,,
09/09/2023 13:00,,
09/09/2023 13:30,,
09/09/2023 14:00,,
09/09/2023 14:30,,
09/09/2023 15:00,,0.992
09/09/2023 15:30,,2.872
09/09/2023 16:00,0.216,6.012
09/09/2023 16:30,8.928,9.112
09/09/2023 17:00,28.128,26.452
09/09/2023 17:30,38.628,35.652
09/09/2023 18:00,33.75,34.572
09/09/2023 18:30,34.19,44.552
09/09/2023 19:00,39.472,52.212
09/09/2023 19:30,41.252,53.992
09/09/2023 20:00,32.51,49.472
09/09/2023 20:30,44.792,64.092
09/09/2023 21:00,58.87,84.274
09/09/2023 21:30,63.392,70.814
09/09/2023 22:00,97.712,60.894
09/09/2023 22:30,92.552,53.134
09/09/2023 23:00,59.512,54.474
09/09/2023 23:30,38.612,37.654
10/09/2023 00:00,34.21,17.654
10/09/2023 00:30,17.692,13.374
10/09/2023 01:00,15.032,19.334
10/09/2023 01:30,25.632,22.914
10/09/2023 02:00,23.452,18.614
10/09/2023 02:30,15.51,9.914
10/09/2023 03:00,12.59,3.026
10/09/2023 03:30,0.388,
10/09/2023 04:00,,
10/09/2023 04:30,,
10/09/2023 05:00,4.472,
10/09/2023 05:30,2.692,0.328
10/09/2023 06:00,11.51,2.948
10/09/2023 06:30,4.586,
10/09/2023 07:00,,
10/09/2023 07:30,,
10/09/2023 08:00,,
10/09/2023 08:30,,
10/09/2023 09:00,,
10/09/2023 09:30,,
10/09/2023 10:00,,
10/09/2023 10:30,,
10/09/2023 11:00,,
10/09/2023 11:30,,
10/09/2023 12:00,,
10/09/2023 12:30,4.01,2.972
10/09/2023 13:00,7.428,12.992
10/09/2023 13:30,19.968,27.232
10/09/2023 14:00,27.85,24.832
10/09/2023 14:30,45.072,28.372
10/09/2023 15:00,60.732,37.872
10/09/2023 15:30,81.65,62.872
10/09/2023 16:00,86.45,71.372
10/09/2023 16:30,67.992,59.532
10/09/2023 17:00,24.872,25.532
10/09/2023 17:30,,
10/09/2023 18:00,,3.458
10/09/2023 18:30,90.682,200.254
10/09/2023 19:00,144.532,53.354
10/09/2023 19:30,18.774,0.214
10/09/2023 20:00,,0.276
10/09/2023 20:30,11.642,55.334
10/09/2023 21:00,51.132,111.094
10/09/2023 21:30,88.532,184.274
10/09/2023 22:00,108.472,228.334
10/09/2023 22:30,119.532,208.254
10/09/2023 23:00,113.372,187.634
10/09/2023 23:30,107.73,176.054
11/09/2023 00:00,110.872,184.634
11/09/2023 00:30,110.632,222.294
11/09/2023 01:00,175.092,259.054
11/09/2023 01:30,294.192,305.874
11/09/2023 02:00,303.012,267.314
11/09/2023 02:30,290.81,232.334
11/09/2023 03:00,217.812,200.694
11/09/2023 03:30,150.712,174.234
11/09/2023 04:00,137.652,168.934
11/09/2023 04:30,130.892,159.214
11/09/2023 05:00,131.89,165.614
11/09/2023 05:30,177.712,206.434
11/09/2023 06:00,225.892,214.894
11/09/2023 06:30,258.49,259.974
11/09/2023 07:00,279.588,262.774
11/09/2023 07:30,279.57,261.232
11/09/2023 08:00,247.088,249.212
11/09/2023 08:30,211.908,222.372
11/09/2023 09:00,201.51,190.332
11/09/2023 09:30,189.048,173.152
11/09/2023 10:00,149.768,137.732
11/09/2023 10:30,123.268,104.532
11/09/2023 11:00,99.868,82.032
11/09/2023 11:30,104.408,95.592
11/09/2023 12:00,120.83,96.992
11/09/2023 12:30,98.23,62.554
11/09/2023 13:00,87.304,43.934
11/09/2023 13:30,62.666,26.234
11/09/2023 14:00,42.208,27.254
11/09/2023 14:30,36.748,28.834
11/09/2023 15:00,36.948,17.154
11/09/2023 15:30,69.77,58.354
11/09/2023 16:00,68.352,78.634
11/09/2023 16:30,72.352,89.774
11/09/2023 17:00,61.072,103.454
11/09/2023 17:30,52.79,85.354
11/09/2023 18:00,25.292,37.514
11/09/2023 18:30,34.092,35.814
11/09/2023 19:00,49.672,16.574
11/09/2023 19:30,40.992,24.754
11/09/2023 20:00,54.272,50.334
11/09/2023 20:30,33.512,40.254
11/09/2023 21:00,9.77,20.474
11/09/2023 21:30,1.418,12.014
11/09/2023 22:00,,11.234
11/09/2023 22:30,8.872,29.234
11/09/2023 23:00,25.192,47.834
11/09/2023 23:30,54.432,71.354
12/09/2023 00:00,59.17,33.334
12/09/2023 00:30,30.112,15.234
12/09/2023 01:00,21.652,17.374
12/09/2023 01:30,25.792,22.554
12/09/2023 02:00,19.172,16.454
12/09/2023 02:30,13.712,0.428
12/09/2023 03:00,4.67,0.3
12/09/2023 03:30,10.492,13.934
12/09/2023 04:00,22.712,36.914
12/09/2023 04:30,34.892,37.914
12/09/2023 05:00,39.012,42.294
12/09/2023 05:30,27.532,22.334
12/09/2023 06:00,24.09,25.034
12/09/2023 06:30,33.632,34.894
12/09/2023 07:00,44.012,27.294
12/09/2023 07:30,39.212,23.474
12/09/2023 08:00,32.412,28.514
12/09/2023 08:30,25.172,28.474
12/09/2023 09:00,18.032,16.554
12/09/2023 09:30,7.11,6.054
12/09/2023 10:00,8.192,10.054
12/09/2023 10:30,5.012,5.294
12/09/2023 11:00,5.472,7.994
12/09/2023 11:30,9.912,15.034
12/09/2023 12:00,25.692,33.734
12/09/2023 12:30,52.29,63.494
12/09/2023 13:00,71.032,72.234
12/09/2023 13:30,81.952,83.554
12/09/2023 14:00,102.452,117.214
12/09/2023 14:30,154.112,153.954
12/09/2023 15:00,173.232,184.014
12/09/2023 15:30,232.232,300.534
12/09/2023 16:00,308.69,316.954
12/09/2023 16:30,357.592,337.354
12/09/2023 17:00,362.952,353.214
12/09/2023 17:30,368.832,388.074
12/09/2023 18:00,370.812,386.334
12/09/2023 18:30,373.352,400.534
12/09/2023 19:00,380.952,393.814
12/09/2023 19:30,384.77,393.954
12/09/2023 20:00,384.552,393.874
12/09/2023 20:30,384.872,394.354
12/09/2023 21:00,384.512,403.094
12/09/2023 21:30,384.832,399.794
12/09/2023 22:00,378.612,383.114
12/09/2023 22:30,381.392,396.214
12/09/2023 23:00,384.57,406.974
12/09/2023 23:30,391.352,410.154
13/09/2023 00:00,393.772,407.274
13/09/2023 00:30,387.192,349.874
13/09/2023 01:00,379.072,343.914
13/09/2023 01:30,369.112,301.594
13/09/2023 02:00,354.272,270.674
13/09/2023 02:30,280.212,190.954
13/09/2023 03:00,189.67,144.514
13/09/2023 03:30,177.332,148.434
13/09/2023 04:00,184.272,166.674
13/09/2023 04:30,140.872,126.674
13/09/2023 05:00,144.072,130.194
13/09/2023 05:30,225.732,214.574
13/09/2023 06:00,305.292,272.594
13/09/2023 06:30,313.59,324.454
13/09/2023 07:00,300.432,289.834
13/09/2023 07:30,244.832,233.614
13/09/2023 08:00,190.792,179.094
13/09/2023 08:30,161.652,153.774
13/09/2023 09:00,149.892,147.254
13/09/2023 09:30,131.05,117.174
13/09/2023 10:00,120.65,95.554
13/09/2023 10:30,106.788,83.234
13/09/2023 11:00,90.55,67.792
13/09/2023 11:30,80.23,67.772
13/09/2023 12:00,53.75,42.852
13/09/2023 12:30,42.99,33.732
13/09/2023 13:00,32.37,23.852
13/09/2023 13:30,23.21,16.052
13/09/2023 14:00,8.312,2.354
13/09/2023 14:30,,
13/09/2023 15:00,,
13/09/2023 15:30,,
13/09/2023 16:00,,
13/09/2023 16:30,,
13/09/2023 17:00,,
13/09/2023 17:30,,
13/09/2023 18:00,,
13/09/2023 18:30,,
13/09/2023 19:00,,
13/09/2023 19:30,,
13/09/2023 20:00,,
13/09/2023 20:30,,
13/09/2023 21:00,1.094,8.774
13/09/2023 21:30,9.29,17.914
13/09/2023 22:00,18.072,31.554
13/09/2023 22:30,29.092,43.594
13/09/2023 23:00,46.272,61.574
13/09/2023 23:30,61.932,75.774
14/09/2023 00:00,99.532,103.434
14/09/2023 00:30,130.252,146.994
14/09/2023 01:00,160.95,185.494
14/09/2023 01:30,173.952,209.634
14/09/2023 02:00,171.752,214.414
14/09/2023 02:30,193.732,265.834
14/09/2023 03:00,262.272,345.114
14/09/2023 03:30,311.672,354.754
14/09/2023 04:00,292.712,274.654
14/09/2023 04:30,249.53,224.554
14/09/2023 05:00,225.552,226.094
14/09/2023 05:30,217.112,213.574
14/09/2023 06:00,207.252,202.754
14/09/2023 06:30,168.204,160.734
14/09/2023 07:00,,138.294
14/09/2023 07:30,,132.874
14/09/2023 08:00,,132.534
14/09/2023 08:30,0.002,146.414
14/09/2023 09:00,,150.694
14/09/2023 09:30,,129.054
14/09/2023 10:00,,110.474
14/09/2023 10:30,,109.514
14/09/2023 11:00,,99.014
14/09/2023 11:30,,94.334
14/09/2023 12:00,,115.374
14/09/2023 12:30,,168.114
14/09/2023 13:00,,167.194
14/09/2023 13:30,,137.934
14/09/2023 14:00,,143.854
14/09/2023 14:30,,159.054
14/09/2023 15:00,,139.494
14/09/2023 15:30,,96.054
14/09/2023 16:00,,79.454
14/09/2023 16:30,,55.574
14/09/2023 17:00,,28.094
14/09/2023 17:30,,20.034
14/09/2023 18:00,,9.094
14/09/2023 18:30,,1.924
14/09/2023 19:00,,
14/09/2023 19:30,,
14/09/2023 20:00,,
14/09/2023 20:30,,
14/09/2023 21:00,,
14/09/2023 21:30,,
14/09/2023 22:00,,3.094
14/09/2023 22:30,,13.814
14/09/2023 23:00,,0.428
14/09/2023 23:30,,
15/09/2023 00:00,,
15/09/2023 00:30,,5.65
15/09/2023 01:00,,32.454
15/09/2023 01:30,,57.374
15/09/2023 02:00,,42.094
15/09/2023 02:30,,49.774
15/09/2023 03:00,,36.674
15/09/2023 03:30,,39.014
15/09/2023 04:00,,51.894
15/09/2023 04:30,,75.054
15/09/2023 05:00,,72.834
15/09/2023 05:30,,99.554
15/09/2023 06:00,,105.534
15/09/2023 06:30,,93.834
15/09/2023 07:00,,74.734
15/09/2023 07:30,,46.034
15/09/2023 08:00,,36.434
15/09/2023 08:30,,31.014
15/09/2023 09:00,,25.394
15/09/2023 09:30,,21.834
15/09/2023 10:00,,32.894
15/09/2023 10:30,,31.494
15/09/2023 11:00,,29.432
15/09/2023 11:30,,28.332
15/09/2023 12:00,,23.372
15/09/2023 12:30,,11.312
15/09/2023 13:00,,2.382
15/09/2023 13:30,,1.608
15/09/2023 14:00,,5.272
15/09/2023 14:30,,12.072
15/09/2023 15:00,,18.592
15/09/2023 15:30,,36.252
15/09/2023 16:00,,66.454
15/09/2023 16:30,,62.814
15/09/2023 17:00,,90.294
15/09/2023 17:30,,134.654
15/09/2023 18:00,,123.396
15/09/2023 18:30,,
15/09/2023 19:00,,
15/09/2023 19:30,,
15/09/2023 20:00,,
15/09/2023 20:30,,
15/09/2023 21:00,,
15/09/2023 21:30,,27.666
15/09/2023 22:00,,46.836
15/09/2023 22:30,,90.416
15/09/2023 23:00,,135.316
15/09/2023 23:30,,141.136
16/09/2023 00:00,,136.236
16/09/2023 00:30,,111.556
16/09/2023 01:00,,77.436
16/09/2023 01:30,,58.216
16/09/2023 02:00,,59.616
16/09/2023 02:30,,54.876
16/09/2023 03:00,,49.396
16/09/2023 03:30,,45.396
16/09/2023 04:00,,30.236
16/09/2023 04:30,,24.116
16/09/2023 05:00,,31.176
16/09/2023 05:30,,24.776
16/09/2023 06:00,,36.056
16/09/2023 06:30,,47.616
16/09/2023 07:00,,40.056
16/09/2023 07:30,,34.996
16/09/2023 08:00,,38.896
16/09/2023 08:30,,41.556
16/09/2023 09:00,,27.456
16/09/2023 09:30,,26.854
16/09/2023 10:00,,39.874
16/09/2023 10:30,,31.654
16/09/2023 11:00,,23.834
16/09/2023 11:30,,23.834
16/09/2023 12:00,,27.134
16/09/2023 12:30,,33.032
16/09/2023 13:00,,28.952
16/09/2023 13:30,,23.072
16/09/2023 14:00,,37.072
16/09/2023 14:30,,37.632
16/09/2023 15:00,,28.572
16/09/2023 15:30,,37.492
16/09/2023 16:00,,59.852
16/09/2023 16:30,,81.472
16/09/2023 17:00,,102.034
16/09/2023 17:30,,96.634
16/09/2023 18:00,,107.994
16/09/2023 18:30,,129.534
16/09/2023 19:00,,157.414
16/09/2023 19:30,,184.074
16/09/2023 20:00,,215.374
16/09/2023 20:30,,176.634
16/09/2023 21:00,,126.334
16/09/2023 21:30,,110.474
16/09/2023 22:00,,90.914
16/09/2023 22:30,,82.614
16/09/2023 23:00,,97.394
16/09/2023 23:30,,125.434
17/09/2023 00:00,,
17/09/2023 00:30,,
17/09/2023 01:00,,
17/09/2023 01:30,,
17/09/2023 02:00,,
17/09/2023 02:30,,
17/09/2023 03:00,,
17/09/2023 03:30,,
17/09/2023 04:00,,
17/09/2023 04:30,,
17/09/2023 05:00,,
17/09/2023 05:30,,
17/09/2023 06:00,,
17/09/2023 06:30,,
17/09/2023 07:00,,
17/09/2023 07:30,,
17/09/2023 08:00,,
17/09/2023 08:30,,
17/09/2023 09:00,,
17/09/2023 09:30,,
17/09/2023 10:00,,
17/09/2023 10:30,,
17/09/2023 11:00,,
17/09/2023 11:30,,
17/09/2023 12:00,,
17/09/2023 12:30,,
17/09/2023 13:00,,
17/09/2023 13:30,,
17/09/2023 14:00,,
17/09/2023 14:30,,
17/09/2023 15:00,,
17/09/2023 15:30,,
17/09/2023 16:00,,
17/09/2023 16:30,,
17/09/2023 17:00,,
17/09/2023 17:30,,
17/09/2023 18:00,,
17/09/2023 18:30,,
17/09/2023 19:00,,
17/09/2023 19:30,,
17/09/2023 20:00,,
17/09/2023 20:30,,
17/09/2023 21:00,,
17/09/2023 21:30,,
17/09/2023 22:00,,
17/09/2023 22:30,,
17/09/2023 23:00,,
17/09/2023 23:30,,
18/09/2023 00:00,,58.274
18/09/2023 00:30,,31.374
18/09/2023 01:00,,31.334
18/09/2023 01:30,,59.794
18/09/2023 02:00,,50.474
18/09/2023 02:30,,173.594
18/09/2023 03:00,,174.934
18/09/2023 03:30,,51.514
18/09/2023 04:00,,43.274
18/09/2023 04:30,,20.594
18/09/2023 05:00,,1.408
18/09/2023 05:30,,
18/09/2023 06:00,,55.156
18/09/2023 06:30,,140.074
18/09/2023 07:00,,228.194
18/09/2023 07:30,,292.534
18/09/2023 08:00,,289.914
18/09/2023 08:30,,198.374
18/09/2023 09:00,,276.814
18/09/2023 09:30,,337.214
18/09/2023 10:00,,322.034
18/09/2023 10:30,,349.154
18/09/2023 11:00,,358.174
18/09/2023 11:30,,354.234
18/09/2023 12:00,,359.232
18/09/2023 12:30,,359.232
18/09/2023 13:00,,359.652
18/09/2023 13:30,,359.212
18/09/2023 14:00,,359.392
18/09/2023 14:30,,359.452
18/09/2023 15:00,,359.372
18/09/2023 15:30,,319.592
18/09/2023 16:00,,270.392
18/09/2023 16:30,,357.714
18/09/2023 17:00,,359.294
18/09/2023 17:30,,359.434
18/09/2023 18:00,,359.294
18/09/2023 18:30,,359.494
18/09/2023 19:00,,359.254
18/09/2023 19:30,,359.396
18/09/2023 20:00,,359.434
18/09/2023 20:30,,359.394
18/09/2023 21:00,,359.234
18/09/2023 21:30,,359.534
18/09/2023 22:00,,359.254
18/09/2023 22:30,,359.354
18/09/2023 23:00,,359.354
18/09/2023 23:30,,359.374
19/09/2023 00:00,,359.334
19/09/2023 00:30,,359.354
19/09/2023 01:00,,359.294
19/09/2023 01:30,,359.074
19/09/2023 02:00,,359.254
19/09/2023 02:30,,359.094
19/09/2023 03:00,,359.154
19/09/2023 03:30,,359.254
19/09/2023 04:00,,358.974
19/09/2023 04:30,,359.034
19/09/2023 05:00,,359.254
19/09/2023 05:30,,359.314
19/09/2023 06:00,,359.434
19/09/2023 06:30,,359.274
19/09/2023 07:00,,359.474
19/09/2023 07:30,,359.334
19/09/2023 08:00,,359.234
19/09/2023 08:30,,359.274
19/09/2023 09:00,,359.514
19/09/2023 09:30,,359.254
19/09/2023 10:00,,359.434
19/09/2023 10:30,,359.334
19/09/2023 11:00,,359.374
19/09/2023 11:30,,359.254
19/09/2023 12:00,,359.334
19/09/2023 12:30,,359.492
19/09/2023 13:00,,359.452
19/09/2023 13:30,,359.272
19/09/2023 14:00,,359.452
19/09/2023 14:30,,359.112
19/09/2023 15:00,,359.532
19/09/2023 15:30,,359.372
19/09/2023 16:00,,359.292
19/09/2023 16:30,,359.292
19/09/2023 17:00,,359.492
19/09/2023 17:30,,359.232
19/09/2023 18:00,,359.392
19/09/2023 18:30,,359.312
19/09/2023 19:00,,359.474
19/09/2023 19:30,,359.194
19/09/2023 20:00,,359.434
19/09/2023 20:30,,359.174
19/09/2023 21:00,,359.454
19/09/2023 21:30,,359.374
19/09/2023 22:00,,359.374
19/09/2023 22:30,,359.254
19/09/2023 23:00,,64.986
19/09/2023 23:30,,
20/09/2023 00:00,,
20/09/2023 00:30,,
20/09/2023 01:00,,
20/09/2023 01:30,,
20/09/2023 02:00,,
20/09/2023 02:30,,
20/09/2023 03:00,,
20/09/2023 03:30,,
20/09/2023 04:00,,
20/09/2023 04:30,,27.334
20/09/2023 05:00,,95.534
20/09/2023 05:30,,42.914
20/09/2023 06:00,,42.934
20/09/2023 06:30,,52.414
20/09/2023 07:00,,256.494
20/09/2023 07:30,,359.194
20/09/2023 08:00,,359.394
20/09/2023 08:30,,359.374
20/09/2023 09:00,,359.274
20/09/2023 09:30,,359.294
20/09/2023 10:00,,359.314
20/09/2023 10:30,,359.334
20/09/2023 11:00,,359.394
20/09/2023 11:30,,359.292
20/09/2023 12:00,,359.352
20/09/2023 12:30,,359.412
20/09/2023 13:00,,359.152
20/09/2023 13:30,,359.492
20/09/2023 14:00,,359.332
20/09/2023 14:30,,359.252
20/09/2023 15:00,,359.332
20/09/2023 15:30,,359.372
20/09/2023 16:00,,359.334
20/09/2023 16:30,,359.294
20/09/2023 17:00,,359.334
20/09/2023 17:30,,359.474
20/09/2023 18:00,,359.314
20/09/2023 18:30,,359.354
20/09/2023 19:00,,359.434
20/09/2023 19:30,,335.754
20/09/2023 20:00,,255.974
20/09/2023 20:30,,129.194
20/09/2023 21:00,,220.674
20/09/2023 21:30,,161.914
20/09/2023 22:00,,82.714
20/09/2023 22:30,,163.254
20/09/2023 23:00,,131.614
20/09/2023 23:30,,150.074
21/09/2023 00:00,,146.794
21/09/2023 00:30,,225.754
21/09/2023 01:00,,276.574
21/09/2023 01:30,,328.174
21/09/2023 02:00,,343.074
21/09/2023 02:30,,359.394
21/09/2023 03:00,,186.554
21/09/2023 03:30,,149.754
21/09/2023 04:00,,151.714
21/09/2023 04:30,,325.734
21/09/2023 05:00,,358.174
21/09/2023 05:30,,351.734
21/09/2023 06:00,,321.014
21/09/2023 06:30,,306.274
21/09/2023 07:00,,306.194
21/09/2023 07:30,,274.434
21/09/2023 08:00,,275.254
21/09/2023 08:30,,220.874
21/09/2023 09:00,,210.714
21/09/2023 09:30,,178.954
21/09/2023 10:00,,104.034
21/09/2023 10:30,,58.736
21/09/2023 11:00,,70.094
21/09/2023 11:30,,61.874
21/09/2023 12:00,,74.116
21/09/2023 12:30,,87.454
21/09/2023 13:00,,117.594
21/09/2023 13:30,,111.896
21/09/2023 14:00,,130.994
21/09/2023 14:30,,136.714
21/09/2023 15:00,,93.436
21/09/2023 15:30,,70.594
21/09/2023 16:00,,67.276
21/09/2023 16:30,,69.516
21/09/2023 17:00,,91.814
21/09/2023 17:30,,99.876
21/09/2023 18:00,,84.074
21/09/2023 18:30,,108.854
21/09/2023 19:00,,118.114
21/09/2023 19:30,,119.374
21/09/2023 20:00,,231.214
21/09/2023 20:30,,62.814
21/09/2023 21:00,,18.734
21/09/2023 21:30,,28.314
21/09/2023 22:00,,77.254
21/09/2023 22:30,,91.834
21/09/2023 23:00,,80.854
21/09/2023 23:30,,71.114
22/09/2023 00:00,,42.514
22/09/2023 00:30,,43.394
22/09/2023 01:00,,36.534
22/09/2023 01:30,,24.354
22/09/2023 02:00,,10.174
22/09/2023 02:30,,10.654
22/09/2023 03:00,,20.374
22/09/2023 03:30,,46.334
22/09/2023 04:00,,77.274
22/09/2023 04:30,,52.974
22/09/2023 05:00,,48.794
22/09/2023 05:30,,102.534
22/09/2023 06:00,,118.234
22/09/2023 06:30,,100.934
22/09/2023 07:00,,109.554
22/09/2023 07:30,,109.014
22/09/2023 08:00,,87.834
22/09/2023 08:30,,95.914
22/09/2023 09:00,,63.554
22/09/2023 09:30,,37.154
22/09/2023 10:00,,26.614
22/09/2023 10:30,,36.574
22/09/2023 11:00,,37.934
22/09/2023 11:30,,45.654
22/09/2023 12:00,,68.694
22/09/2023 12:30,,105.212
22/09/2023 13:00,,115.774
22/09/2023 13:30,,116.014
22/09/2023 14:00,,82.914
22/09/2023 14:30,,67.374
22/09/2023 15:00,,65.754
22/09/2023 15:30,,102.474
22/09/2023 16:00,,143.574
22/09/2023 16:30,,63.854
22/09/2023 17:00,,51.814
22/09/2023 17:30,,93.214
22/09/2023 18:00,,154.214
22/09/2023 18:30,,177.314
22/09/2023 19:00,,176.974
22/09/2023 19:30,,156.874
22/09/2023 20:00,,137.374
22/09/2023 20:30,,150.034
22/09/2023 21:00,,147.014
22/09/2023 21:30,,153.574
22/09/2023 22:00,,115.494
22/09/2023 22:30,,129.734
22/09/2023 23:00,,150.654
22/09/2023 23:30,,182.974
23/09/2023 00:00,,159.854
23/09/2023 00:30,,171.454
23/09/2023 01:00,,168.174
23/09/2023 01:30,,159.494
23/09/2023 02:00,,154.814
23/09/2023 02:30,,172.574
23/09/2023 03:00,,179.494
23/09/2023 03:30,,196.874
23/09/2023 04:00,,211.954
23/09/2023 04:30,,206.474
23/09/2023 05:00,,194.194
23/09/2023 05:30,,201.054
23/09/2023 06:00,,196.054
23/09/2023 06:30,,201.334
23/09/2023 07:00,,148.994
23/09/2023 07:30,,118.774
23/09/2023 08:00,,86.014
23/09/2023 08:30,,75.314
23/09/2023 09:00,,39.294
23/09/2023 09:30,,
23/09/2023 10:00,,
23/09/2023 10:30,,8.674
23/09/2023 11:00,,15.094
23/09/2023 11:30,,0.864
23/09/2023 12:00,,
23/09/2023 12:30,,
23/09/2023 13:00,,
23/09/2023 13:30,,
23/09/2023 14:00,,
23/09/2023 14:30,,
23/09/2023 15:00,,
23/09/2023 15:30,,
23/09/2023 16:00,,10.292
23/09/2023 16:30,,30.752
23/09/2023 17:00,,33.512
23/09/2023 17:30,,59.352
23/09/2023 18:00,,97.994
23/09/2023 18:30,,97.294
23/09/2023 19:00,,130.974
23/09/2023 19:30,,100.954
23/09/2023 20:00,,131.734
23/09/2023 20:30,,173.694
23/09/2023 21:00,,284.154
23/09/2023 21:30,,359.314
23/09/2023 22:00,,359.374
23/09/2023 22:30,,340.234
23/09/2023 23:00,,350.054
23/09/2023 23:30,,76.456
24/09/2023 00:00,,54.674
24/09/2023 00:30,,52.094
24/09/2023 01:00,,149.714
24/09/2023 01:30,,121.894
24/09/2023 02:00,,311.654
24/09/2023 02:30,,329.754
24/09/2023 03:00,,292.434
24/09/2023 03:30,,189.314
24/09/2023 04:00,,252.594
24/09/2023 04:30,,279.374
24/09/2023 05:00,,279.494
24/09/2023 05:30,,91.174
24/09/2023 06:00,,109.554
24/09/2023 06:30,,218.834
24/09/2023 07:00,,42.954
24/09/2023 07:30,,42.974
24/09/2023 08:00,,91.214
24/09/2023 08:30,,158.074
24/09/2023 09:00,,172.694
24/09/2023 09:30,,172.574
24/09/2023 10:00,,172.754
24/09/2023 10:30,,383.514
24/09/2023 11:00,,401.834
24/09/2023 11:30,,396.614
24/09/2023 12:00,,396.174
24/09/2023 12:30,,397.754
24/09/2023 13:00,,403.792
24/09/2023 13:30,,411.272
24/09/2023 14:00,,411.292
24/09/2023 14:30,,411.352
24/09/2023 15:00,,411.272
24/09/2023 15:30,,411.212
24/09/2023 16:00,,411.252
24/09/2023 16:30,,411.092
24/09/2023 17:00,326.514,411.252
24/09/2023 17:30,389.292,411.392
24/09/2023 18:00,395.592,411.072
24/09/2023 18:30,396.012,411.432
24/09/2023 19:00,401.51,411.072
24/09/2023 19:30,402.03,411.292
24/09/2023 20:00,401.848,411.152
24/09/2023 20:30,401.81,411.032
24/09/2023 21:00,402.07,411.512
24/09/2023 21:30,401.728,411.072
24/09/2023 22:00,401.89,411.112
24/09/2023 22:30,399.25,411.152
24/09/2023 23:00,401.748,411.332
24/09/2023 23:30,401.928,411.192
25/09/2023 00:00,401.828,411.332
25/09/2023 00:30,401.788,411.072
25/09/2023 01:00,401.87,411.212
25/09/2023 01:30,401.81,411.292
25/09/2023 02:00,401.83,410.874
25/09/2023 02:30,382.152,398.594
25/09/2023 03:00,185.112,236.394
25/09/2023 03:30,244.91,319.874
25/09/2023 04:00,260.23,397.134
25/09/2023 04:30,350.692,401.234
25/09/2023 05:00,362.69,363.854
25/09/2023 05:30,384.072,383.234
25/09/2023 06:00,373.652,401.614
25/09/2023 06:30,334.572,380.114
25/09/2023 07:00,329.912,367.474
25/09/2023 07:30,290.712,361.514
25/09/2023 08:00,256.15,362.294
25/09/2023 08:30,269.01,368.672
25/09/2023 09:00,266.41,364.592
25/09/2023 09:30,246.39,295.312
25/09/2023 10:00,230.39,278.012
25/09/2023 10:30,234.31,255.172
25/09/2023 11:00,223.05,238.492
25/09/2023 11:30,206.268,202.412
25/09/2023 12:00,180.53,172.352
25/09/2023 12:30,167.25,161.192
25/09/2023 13:00,175.748,195.512
25/09/2023 13:30,183.25,197.192
25/09/2023 14:00,187.23,186.972
25/09/2023 14:30,175.21,175.012
25/09/2023 15:00,184.312,161.412
25/09/2023 15:30,123.69,109.812
25/09/2023 16:00,111.892,102.214
25/09/2023 16:30,113.912,129.194
25/09/2023 17:00,112.612,118.154
25/09/2023 17:30,131.192,110.154
25/09/2023 18:00,106.752,96.434
25/09/2023 18:30,109.51,114.714
25/09/2023 19:00,86.812,112.874
25/09/2023 19:30,60.952,87.494
25/09/2023 20:00,60.232,76.074
25/09/2023 20:30,47.192,57.734
25/09/2023 21:00,42.552,63.534
25/09/2023 21:30,54.192,68.054
25/09/2023 22:00,65.432,76.874
25/09/2023 22:30,51.912,68.354
25/09/2023 23:00,38.312,52.514
25/09/2023 23:30,22.772,35.934
26/09/2023 00:00,20.592,34.114
26/09/2023 00:30,14.092,28.134
26/09/2023 01:00,16.312,17.474
26/09/2023 01:30,52.09,91.954
26/09/2023 02:00,24.292,49.234
26/09/2023 02:30,35.812,62.154
26/09/2023 03:00,41.892,57.434
26/09/2023 03:30,35.73,63.174
26/09/2023 04:00,47.852,69.774
26/09/2023 04:30,43.912,46.114
26/09/2023 05:00,41.85,59.814
26/09/2023 05:30,49.052,71.694
26/09/2023 06:00,58.732,94.774
26/09/2023 06:30,55.192,90.554
26/09/2023 07:00,68.872,99.414
26/09/2023 07:30,84.332,102.034
26/09/2023 08:00,76.992,75.214
26/09/2023 08:30,75.59,63.634
26/09/2023 09:00,72.712,69.854
26/09/2023 09:30,91.63,101.094
26/09/2023 10:00,166.59,103.334
26/09/2023 10:30,280.352,175.354
26/09/2023 11:00,341.392,323.654
26/09/2023 11:30,367.432,337.554
26/09/2023 12:00,373.572,368.374
26/09/2023 12:30,363.59,377.974
26/09/2023 13:00,365.508,397.774
26/09/2023 13:30,352.608,321.954
26/09/2023 14:00,144.908,147.532
26/09/2023 14:30,188.388,173.432
26/09/2023 15:00,279.148,224.052
26/09/2023 15:30,239.888,208.012
26/09/2023 16:00,297.288,221.692
26/09/2023 16:30,301.268,281.952
26/09/2023 17:00,212.068,276.032
26/09/2023 17:30,193.568,262.992
26/09/2023 18:00,187.748,252.772
26/09/2023 18:30,218.17,266.512
26/09/2023 19:00,277.388,288.352
26/09/2023 19:30,272.97,288.752
26/09/2023 20:00,281.412,308.134
26/09/2023 20:30,318.732,381.354
26/09/2023 21:00,243.932,352.434
26/09/2023 21:30,225.772,306.874
26/09/2023 22:00,274.332,322.434
26/09/2023 22:30,279.49,313.914
26/09/2023 23:00,218.972,291.574
26/09/2023 23:30,167.51,202.214
27/09/2023 00:00,123.712,128.534
27/09/2023 00:30,77.312,84.694
27/09/2023 01:00,67.45,68.414
27/09/2023 01:30,86.21,115.194
27/09/2023 02:00,73.89,101.614
27/09/2023 02:30,54.332,87.534
27/09/2023 03:00,40.272,69.914
27/09/2023 03:30,33.612,53.114
27/09/2023 04:00,15.092,26.814
27/09/2023 04:30,32.25,32.934
27/09/2023 05:00,0.29,1.08
27/09/2023 05:30,2.776,1.174
27/09/2023 06:00,5.286,8.574
27/09/2023 06:30,1.492,4.416
27/09/2023 07:00,7.17,9.594
27/09/2023 07:30,8.77,9.514
27/09/2023 08:00,5.39,5.494
27/09/2023 08:30,14.77,16.334
27/09/2023 09:00,38.472,27.934
27/09/2023 09:30,63.13,63.774
27/09/2023 10:00,71.912,83.594
27/09/2023 10:30,101.39,98.174
27/09/2023 11:00,101.19,95.674
27/09/2023 11:30,91.832,132.014
27/09/2023 12:00,109.912,129.274
27/09/2023 12:30,112.752,171.134
27/09/2023 13:00,118.11,153.034
27/09/2023 13:30,148.27,161.234
27/09/2023 14:00,227.028,230.232
27/09/2023 14:30,326.808,320.252
27/09/2023 15:00,357.128,387.472
27/09/2023 15:30,361.448,398.972
27/09/2023 16:00,385.248,399.112
27/09/2023 16:30,383.608,398.932
27/09/2023 17:00,383.028,398.132
27/09/2023 17:30,379.268,398.392
27/09/2023 18:00,386.47,398.932
27/09/2023 18:30,388.11,399.032
27/09/2023 19:00,390.952,398.874
27/09/2023 19:30,393.972,399.134
27/09/2023 20:00,393.95,399.074
27/09/2023 20:30,396.072,398.914
27/09/2023 21:00,403.292,399.114
27/09/2023 21:30,403.472,399.214
27/09/2023 22:00,403.232,398.994
27/09/2023 22:30,402.372,399.074
27/09/2023 23:00,401.33,399.114
27/09/2023 23:30,403.19,398.934
28/09/2023 00:00,403.368,399.114
28/09/2023 00:30,403.248,398.994
28/09/2023 01:00,403.448,399.312
28/09/2023 01:30,403.008,399.412
28/09/2023 02:00,403.528,399.072
28/09/2023 02:30,403.248,399.452
28/09/2023 03:00,403.228,399.212
28/09/2023 03:30,403.408,399.312
28/09/2023 04:00,403.13,399.332
28/09/2023 04:30,399.27,399.412
28/09/2023 05:00,350.908,386.732
28/09/2023 05:30,386.448,358.312
28/09/2023 06:00,386.508,391.272
28/09/2023 06:30,359.808,374.334
28/09/2023 07:00,392.15,393.054
28/09/2023 07:30,394.788,398.174
28/09/2023 08:00,394.81,399.414
28/09/2023 08:30,394.05,399.414
28/09/2023 09:00,391.41,399.434
28/09/2023 09:30,384.37,399.334
28/09/2023 10:00,374.07,399.454
28/09/2023 10:30,364.87,397.854
28/09/2023 11:00,367.41,399.514
28/09/2023 11:30,352.97,388.994
28/09/2023 12:00,334.67,338.014
28/09/2023 12:30,305.45,322.694
28/09/2023 13:00,335.93,387.494
28/09/2023 13:30,320.27,338.952
28/09/2023 14:00,267.81,231.332
28/09/2023 14:30,228.65,241.072
28/09/2023 15:00,295.25,296.932
28/09/2023 15:30,268.348,269.892
28/09/2023 16:00,191.288,206.632
28/09/2023 16:30,188.948,176.952
28/09/2023 17:00,179.768,192.732
28/09/2023 17:30,190.008,247.094
28/09/2023 18:00,153.088,207.854
28/09/2023 18:30,116.97,140.594
28/09/2023 19:00,97.63,126.834
28/09/2023 19:30,114.95,146.794
28/09/2023 20:00,107.79,158.614
28/09/2023 20:30,99.71,178.494
28/09/2023 21:00,145.512,208.654
28/09/2023 21:30,225.29,316.074
28/09/2023 22:00,259.07,377.494
28/09/2023 22:30,297.41,394.694
28/09/2023 23:00,353.97,398.874
28/09/2023 23:30,302.392,351.894
29/09/2023 00:00,181.23,194.474
29/09/2023 00:30,44.07,93.654
29/09/2023 01:00,,11.44
29/09/2023 01:30,,
29/09/2023 02:00,,
29/09/2023 02:30,2.696,
29/09/2023 03:00,23.67,3.838
29/09/2023 03:30,17.67,5.27
29/09/2023 04:00,17.05,2.746
29/09/2023 04:30,2.712,
29/09/2023 05:00,1.872,1.66
29/09/2023 05:30,8.592,15.154
29/09/2023 06:00,21.37,50.374
29/09/2023 06:30,73.03,109.614
29/09/2023 07:00,147.772,189.094
29/09/2023 07:30,167.99,274.274
29/09/2023 08:00,206.33,320.254
29/09/2023 08:30,217.23,234.894
29/09/2023 09:00,199.61,239.794
29/09/2023 09:30,199.252,232.394
29/09/2023 10:00,169.332,176.634
29/09/2023 10:30,135.33,149.474
29/09/2023 11:00,159.33,166.194
29/09/2023 11:30,192.27,174.354
29/09/2023 12:00,219.75,200.634
29/09/2023 12:30,230.41,234.494
29/09/2023 13:00,276.47,279.594
29/09/2023 13:30,312.908,330.354
29/09/2023 14:00,343.448,309.794
29/09/2023 14:30,367.008,286.432
29/09/2023 15:00,331.668,284.092
29/09/2023 15:30,319.848,299.672
29/09/2023 16:00,290.288,276.312
29/09/2023 16:30,304.548,260.892
29/09/2023 17:00,234.428,222.872
29/09/2023 17:30,179.868,199.952
29/09/2023 18:00,175.93,248.352
29/09/2023 18:30,210.208,249.972
29/09/2023 19:00,258.25,287.194
29/09/2023 19:30,232.212,242.014
29/09/2023 20:00,173.95,269.474
29/09/2023 20:30,173.872,259.034
29/09/2023 21:00,164.01,199.034
29/09/2023 21:30,186.412,239.554
29/09/2023 22:00,171.052,219.434
29/09/2023 22:30,200.49,203.934
29/09/2023 23:00,162.812,214.014
29/09/2023 23:30,120.312,156.254
30/09/2023 00:00,93.07,145.734
30/09/2023 00:30,76.192,144.094
30/09/2023 01:00,57.012,143.274
30/09/2023 01:30,36.71,102.974
30/09/2023 02:00,43.81,93.094
30/09/2023 02:30,31.632,67.354
30/09/2023 03:00,28.932,44.114
30/09/2023 03:30,34.95,29.254
30/09/2023 04:00,43.392,37.394
30/09/2023 04:30,41.97,27.394
30/09/2023 05:00,14.992,10.634
30/09/2023 05:30,8.23,7.154
30/09/2023 06:00,21.652,21.514
30/09/2023 06:30,27.732,26.054
30/09/2023 07:00,20.092,18.874
30/09/2023 07:30,23.63,23.894
30/09/2023 08:00,13.37,11.574
30/09/2023 08:30,14.012,19.374
30/09/2023 09:00,2.882,10.074
30/09/2023 09:30,,
30/09/2023 10:00,,
30/09/2023 10:30,,
30/09/2023 11:00,,
30/09/2023 11:30,2.198,2.47
30/09/2023 12:00,10.692,14.074
30/09/2023 12:30,16.972,19.614
30/09/2023 13:00,17.172,27.014
30/09/2023 13:30,18.95,33.974
30/09/2023 14:00,20.252,35.096
30/09/2023 14:30,13.752,36.254
30/09/2023 15:00,15.07,39.996
30/09/2023 15:30,9.352,49.114
30/09/2023 16:00,10.67,51.014
30/09/2023 16:30,7.69,40.294
30/09/2023 17:00,5.672,48.414
30/09/2023 17:30,2.454,42.594
30/09/2023 18:00,37.19,47.394
30/09/2023 18:30,1.848,7.74
30/09/2023 19:00,,1.942
30/09/2023 19:30,9.372,12.934
30/09/2023 20:00,29.972,37.334
30/09/2023 20:30,58.552,76.414
30/09/2023 21:00,68.29,100.354
30/09/2023 21:30,83.452,126.094
30/09/2023 22:00,118.47,164.754
30/09/2023 22:30,195.51,218.174
30/09/2023 23:00,262.31,299.954
30/09/2023 23:30,301.61,362.254
01/10/2023 00:00,333.21,397.854
01/10/2023 00:30,363.49,398.974
01/10/2023 01:00,390.57,394.994
01/10/2023 01:30,399.992,399.194
01/10/2023 02:00,400.15,398.934
01/10/2023 02:30,344.99,399.114
01/10/2023 03:00,,399.234
01/10/2023 03:30,,399.054
01/10/2023 04:00,,399.034
01/10/2023 04:30,196.666,398.994
01/10/2023 05:00,394.83,398.894
01/10/2023 05:30,394.29,399.134
01/10/2023 06:00,394.588,398.454
01/10/2023 06:30,364.85,323.872
01/10/2023 07:00,333.468,273.732
01/10/2023 07:30,346.608,298.812
01/10/2023 08:00,366.348,310.332
01/10/2023 08:30,373.288,330.012
01/10/2023 09:00,356.37,327.612
01/10/2023 09:30,351.748,322.812
01/10/2023 10:00,345.328,318.332
01/10/2023 10:30,327.048,304.792
01/10/2023 11:00,351.168,319.692
01/10/2023 11:30,347.288,338.772
01/10/2023 12:00,327.548,306.132
01/10/2023 12:30,311.27,312.832
01/10/2023 13:00,310.93,297.294
01/10/2023 13:30,331.172,304.954
01/10/2023 14:00,333.672,320.314
01/10/2023 14:30,326.252,305.194
01/10/2023 15:00,292.85,276.954
01/10/2023 15:30,274.352,237.774
01/10/2023 16:00,249.052,221.934
01/10/2023 16:30,192.352,229.994
01/10/2023 17:00,162.932,211.734
01/10/2023 17:30,115.232,137.914
01/10/2023 18:00,86.612,105.894
01/10/2023 18:30,89.132,96.154
01/10/2023 19:00,85.35,92.314
01/10/2023 19:30,88.472,95.314
01/10/2023 20:00,74.412,91.334
01/10/2023 20:30,88.63,78.394
01/10/2023 21:00,67.228,69.094
01/10/2023 21:30,51.148,45.074
01/10/2023 22:00,46.93,33.474
01/10/2023 22:30,72.75,47.772
01/10/2023 23:00,150.008,132.212
01/10/2023 23:30,175.81,180.892
02/10/2023 00:00,144.868,80.272
02/10/2023 00:30,94.17,32.912
02/10/2023 01:00,49.572,33.172
02/10/2023 01:30,42.692,54.592
02/10/2023 02:00,38.332,36.514
02/10/2023 02:30,33.172,10.38
02/10/2023 03:00,10.19,0.392
02/10/2023 03:30,22.612,15.454
02/10/2023 04:00,11.812,9.254
02/10/2023 04:30,28.992,18.274
02/10/2023 05:00,21.392,17.574
02/10/2023 05:30,23.652,19.934
02/10/2023 06:00,20.312,25.614
02/10/2023 06:30,21.652,28.754
02/10/2023 07:00,14.97,26.694
02/10/2023 07:30,9.312,14.454
02/10/2023 08:00,8.832,15.734
02/10/2023 08:30,12.532,26.894
02/10/2023 09:00,20.032,19.554
02/10/2023 09:30,11.672,17.314
02/10/2023 10:00,3.092,5.634
02/10/2023 10:30,3.372,8.474
02/10/2023 11:00,4.33,13.716
02/10/2023 11:30,8.972,16.016
02/10/2023 12:00,7.052,14.396
02/10/2023 12:30,4.244,7.3
02/10/2023 13:00,,
02/10/2023 13:30,,
02/10/2023 14:00,,
02/10/2023 14:30,,
02/10/2023 15:00,,
02/10/2023 15:30,,
02/10/2023 16:00,,
02/10/2023 16:30,,
02/10/2023 17:00,,
02/10/2023 17:30,,
02/10/2023 18:00,3.502,1.29
02/10/2023 18:30,32.748,29.114
02/10/2023 19:00,48.51,31.894
02/10/2023 19:30,43.052,37.694
02/10/2023 20:00,59.272,43.654
02/10/2023 20:30,56.552,45.654
02/10/2023 21:00,101.092,67.654
02/10/2023 21:30,36.972,50.314
02/10/2023 22:00,81.732,90.974
02/10/2023 22:30,234.81,209.054
02/10/2023 23:00,330.39,287.734
02/10/2023 23:30,234.072,225.974
03/10/2023 00:00,42.932,42.954
03/10/2023 00:30,42.95,42.974
03/10/2023 01:00,42.91,42.934
03/10/2023 01:30,42.932,42.954
03/10/2023 02:00,42.932,42.974
03/10/2023 02:30,42.952,42.934
03/10/2023 03:00,42.93,42.954
03/10/2023 03:30,42.932,200.014
03/10/2023 04:00,173.632,211.234
03/10/2023 04:30,123.472,141.674
03/10/2023 05:00,115.352,140.814
03/10/2023 05:30,128.172,117.394
03/10/2023 06:00,132.872,170.734
03/10/2023 06:30,157.79,172.554
03/10/2023 07:00,135.37,152.674
03/10/2023 07:30,159.252,188.194
03/10/2023 08:00,202.43,165.254
03/10/2023 08:30,198.552,194.274
03/10/2023 09:00,274.872,311.914
03/10/2023 09:30,365.732,368.394
03/10/2023 10:00,371.132,353.794
03/10/2023 10:30,366.032,340.734
03/10/2023 11:00,356.77,352.914
03/10/2023 11:30,352.332,356.214
03/10/2023 12:00,374.952,362.674
03/10/2023 12:30,377.672,375.334
03/10/2023 13:00,368.37,371.294
03/10/2023 13:30,388.392,388.614
03/10/2023 14:00,396.412,398.614
03/10/2023 14:30,390.692,398.456
03/10/2023 15:00,395.37,397.134
03/10/2023 15:30,397.452,394.654
03/10/2023 16:00,396.91,397.574
03/10/2023 16:30,394.67,362.152
03/10/2023 17:00,392.43,381.512
03/10/2023 17:30,395.75,393.052
03/10/2023 18:00,398.59,382.172
03/10/2023 18:30,399.17,389.512
03/10/2023 19:00,397.648,374.332
03/10/2023 19:30,389.11,377.412
03/10/2023 20:00,389.81,365.052
03/10/2023 20:30,398.91,364.452
03/10/2023 21:00,397.03,379.754
03/10/2023 21:30,365.75,348.534
03/10/2023 22:00,358.93,354.774
03/10/2023 22:30,329.572,326.574
03/10/2023 23:00,316.952,290.254
03/10/2023 23:30,257.75,214.474
04/10/2023 00:00,345.712,341.254
04/10/2023 00:30,367.652,367.014
04/10/2023 01:00,336.85,328.214
04/10/2023 01:30,354.892,337.414
04/10/2023 02:00,350.352,370.854
04/10/2023 02:30,358.47,377.394
04/10/2023 03:00,295.352,351.034
04/10/2023 03:30,280.852,309.534
04/10/2023 04:00,217.152,247.134
04/10/2023 04:30,247.75,351.714
04/10/2023 05:00,313.872,378.154
04/10/2023 05:30,245.492,316.554
04/10/2023 06:00,268.17,329.994
04/10/2023 06:30,313.37,375.114
04/10/2023 07:00,366.272,395.474
04/10/2023 07:30,332.812,380.834
04/10/2023 08:00,364.892,379.574
04/10/2023 08:30,345.872,371.254
04/10/2023 09:00,372.23,384.594
04/10/2023 09:30,369.228,389.234
04/10/2023 10:00,390.008,380.414
04/10/2023 10:30,397.888,396.752
04/10/2023 11:00,399.548,399.312
04/10/2023 11:30,399.05,399.452
04/10/2023 12:00,389.59,391.892
04/10/2023 12:30,382.37,379.912
04/10/2023 13:00,382.252,394.172
04/10/2023 13:30,387.132,393.732
04/10/2023 14:00,390.172,397.432
04/10/2023 14:30,394.55,399.292
04/10/2023 15:00,376.83,393.672
04/10/2023 15:30,380.632,392.352
04/10/2023 16:00,389.392,399.392
04/10/2023 16:30,397.472,398.794
04/10/2023 17:00,399.252,399.314
04/10/2023 17:30,396.352,399.534
04/10/2023 18:00,371.992,391.074
04/10/2023 18:30,391.912,390.654
04/10/2023 19:00,383.972,399.494
04/10/2023 19:30,394.532,399.374
04/10/2023 20:00,387.932,397.034
04/10/2023 20:30,393.912,394.794
04/10/2023 21:00,382.152,390.314
04/10/2023 21:30,398.392,399.274
04/10/2023 22:00,399.932,399.334
04/10/2023 22:30,399.632,399.494
04/10/2023 23:00,399.952,399.394
04/10/2023 23:30,399.752,399.374
05/10/2023 00:00,399.912,399.314
05/10/2023 00:30,399.052,399.334
05/10/2023 01:00,399.132,399.334
05/10/2023 01:30,399.312,399.274
05/10/2023 02:00,398.91,399.154
05/10/2023 02:30,395.712,399.334
05/10/2023 03:00,395.092,398.294
05/10/2023 03:30,383.772,389.812
05/10/2023 04:00,343.252,359.414
05/10/2023 04:30,277.272,262.774
05/10/2023 05:00,241.892,235.892
05/10/2023 05:30,240.352,268.032
05/10/2023 06:00,250.09,254.952
05/10/2023 06:30,225.012,227.054
05/10/2023 07:00,223.152,254.274
05/10/2023 07:30,249.712,257.834
05/10/2023 08:00,247.012,244.114
05/10/2023 08:30,237.732,223.594
05/10/2023 09:00,211.572,200.074
05/10/2023 09:30,186.632,195.934
05/10/2023 10:00,208.97,171.574
05/10/2023 10:30,177.192,140.154
05/10/2023 11:00,167.472,146.294
05/10/2023 11:30,154.452,141.734
05/10/2023 12:00,145.852,124.214
05/10/2023 12:30,115.692,95.974
05/10/2023 13:00,129.35,104.094
05/10/2023 13:30,158.712,113.534
05/10/2023 14:00,157.63,133.174
05/10/2023 14:30,137.752,132.374
05/10/2023 15:00,178.112,143.714
05/10/2023 15:30,220.31,153.934
05/10/2023 16:00,202.332,184.434
05/10/2023 16:30,270.932,271.454
05/10/2023 17:00,360.792,361.374
05/10/2023 17:30,280.17,341.094
05/10/2023 18:00,322.49,372.154
05/10/2023 18:30,387.032,391.754
05/10/2023 19:00,387.332,394.494
05/10/2023 19:30,395.852,399.394
05/10/2023 20:00,399.572,399.234
05/10/2023 20:30,399.472,399.354
05/10/2023 21:00,401.712,399.294
05/10/2023 21:30,402.392,399.172
05/10/2023 22:00,402.89,399.332
05/10/2023 22:30,402.852,399.332
05/10/2023 23:00,392.072,389.452
05/10/2023 23:30,402.872,399.532
06/10/2023 00:00,402.632,399.212
06/10/2023 00:30,402.112,399.212
06/10/2023 01:00,400.972,399.612
06/10/2023 01:30,400.632,399.532
06/10/2023 02:00,401.81,399.212
06/10/2023 02:30,402.932,399.292
06/10/2023 03:00,402.852,399.334
06/10/2023 03:30,402.692,399.374
06/10/2023 04:00,402.872,399.354
06/10/2023 04:30,402.872,399.314
06/10/2023 05:00,402.872,399.314
06/10/2023 05:30,402.512,399.154
06/10/2023 06:00,393.452,399.374
06/10/2023 06:30,388.43,399.234
06/10/2023 07:00,294.352,293.094
06/10/2023 07:30,393.412,399.434
06/10/2023 08:00,387.352,399.154
06/10/2023 08:30,387.212,399.374
06/10/2023 09:00,385.392,399.254
06/10/2023 09:30,385.472,399.414
06/10/2023 10:00,378.952,399.194
06/10/2023 10:30,379.61,399.314
06/10/2023 11:00,382.012,399.372
06/10/2023 11:30,382.112,399.092
06/10/2023 12:00,377.452,399.372
06/10/2023 12:30,376.892,399.372
06/10/2023 13:00,376.592,399.212
06/10/2023 13:30,376.792,399.352
06/10/2023 14:00,377.77,399.272
06/10/2023 14:30,378.312,399.092
06/10/2023 15:00,377.672,399.492
06/10/2023 15:30,381.992,399.252
06/10/2023 16:00,381.972,399.232
06/10/2023 16:30,381.832,399.252
06/10/2023 17:00,388.032,399.572
06/10/2023 17:30,391.11,399.172
06/10/2023 18:00,391.152,399.292
06/10/2023 18:30,391.112,399.152
06/10/2023 19:00,391.212,399.472
06/10/2023 19:30,393.772,399.212
06/10/2023 20:00,394.312,399.192
06/10/2023 20:30,399.392,399.292
06/10/2023 21:00,399.55,399.212
06/10/2023 21:30,399.172,399.232
06/10/2023 22:00,399.392,399.332
06/10/2023 22:30,399.132,399.292
06/10/2023 23:00,405.232,399.352
06/10/2023 23:30,366.452,398.714
07/10/2023 00:00,211.892,392.914
07/10/2023 00:30,45.372,399.294
07/10/2023 01:00,257.81,399.094
07/10/2023 01:30,402.932,399.334
07/10/2023 02:00,407.312,398.974
07/10/2023 02:30,406.532,399.154
07/10/2023 03:00,408.132,399.214
07/10/2023 03:30,408.412,399.014
07/10/2023 04:00,408.672,399.054
07/10/2023 04:30,405.61,399.314
07/10/2023 05:00,398.112,399.254
07/10/2023 05:30,390.552,386.994
07/10/2023 06:00,254.832,319.574
07/10/2023 06:30,396.352,382.612
07/10/2023 07:00,381.992,354.312
07/10/2023 07:30,350.472,344.752
07/10/2023 08:00,357.352,286.252
07/10/2023 08:30,349.75,261.992
07/10/2023 09:00,380.912,302.932
07/10/2023 09:30,369.172,318.072
07/10/2023 10:00,342.012,282.692
07/10/2023 10:30,240.312,232.952
07/10/2023 11:00,276.372,253.992
07/10/2023 11:30,248.79,220.412
07/10/2023 12:00,252.732,208.514
07/10/2023 12:30,196.19,159.834
07/10/2023 13:00,222.512,191.674
07/10/2023 13:30,255.772,247.354
07/10/2023 14:00,333.712,295.114
07/10/2023 14:30,355.552,291.594
07/10/2023 15:00,354.752,339.874
07/10/2023 15:30,220.132,263.174
07/10/2023 16:00,218.23,283.034
07/10/2023 16:30,312.232,359.494
07/10/2023 17:00,323.312,367.754
07/10/2023 17:30,306.152,310.314
07/10/2023 18:00,235.412,278.274
07/10/2023 18:30,191.252,184.254
07/10/2023 19:00,137.232,107.254
07/10/2023 19:30,80.612,69.054
07/10/2023 20:00,77.59,64.672
07/10/2023 20:30,47.532,44.672
07/10/2023 21:00,42.672,61.412
07/10/2023 21:30,46.312,48.132
07/10/2023 22:00,26.432,33.052
07/10/2023 22:30,44.392,56.232
07/10/2023 23:00,25.212,27.152
07/10/2023 23:30,6.93,8.134
08/10/2023 00:00,2.164,
08/10/2023 00:30,0.9,2.366
08/10/2023 01:00,6.142,8.334
08/10/2023 01:30,37.872,32.974
08/10/2023 02:00,120.892,80.694
08/10/2023 02:30,145.492,115.074
08/10/2023 03:00,134.372,118.014
08/10/2023 03:30,180.052,158.234
08/10/2023 04:00,169.212,136.974
08/10/2023 04:30,197.672,160.014
08/10/2023 05:00,197.332,164.054
08/10/2023 05:30,165.752,141.754
08/10/2023 06:00,140.732,114.234
08/10/2023 06:30,130.27,111.894
08/10/2023 07:00,159.312,151.254
08/10/2023 07:30,170.552,131.974
08/10/2023 08:00,181.652,122.254
08/10/2023 08:30,156.892,107.074
08/10/2023 09:00,114.852,101.434
08/10/2023 09:30,79.972,80.234
08/10/2023 10:00,50.092,47.934
08/10/2023 10:30,76.55,62.014
08/10/2023 11:00,89.212,96.754
08/10/2023 11:30,118.352,103.194
08/10/2023 12:00,115.172,103.354
08/10/2023 12:30,87.392,55.534
08/10/2023 13:00,64.452,53.334
08/10/2023 13:30,60.732,51.074
08/10/2023 14:00,58.63,52.374
08/10/2023 14:30,75.012,76.734
08/10/2023 15:00,92.232,71.454
08/10/2023 15:30,63.772,62.174
08/10/2023 16:00,62.272,81.894
08/10/2023 16:30,70.872,75.094
08/10/2023 17:00,71.132,76.574
08/10/2023 17:30,104.37,132.494
08/10/2023 18:00,131.832,143.954
08/10/2023 18:30,116.632,127.634
08/10/2023 19:00,138.452,142.614
08/10/2023 19:30,143.032,175.294
08/10/2023 20:00,172.372,188.354
08/10/2023 20:30,233.592,211.714
08/10/2023 21:00,248.012,203.894
08/10/2023 21:30,228.85,189.714
08/10/2023 22:00,220.732,194.514
08/10/2023 22:30,212.072,221.494
08/10/2023 23:00,238.432,225.014
08/10/2023 23:30,250.332,261.212
09/10/2023 00:00,255.432,294.032
09/10/2023 00:30,223.852,264.352
09/10/2023 01:00,223.972,212.972
09/10/2023 01:30,227.77,156.192
09/10/2023 02:00,150.832,127.412
09/10/2023 02:30,139.612,133.712
09/10/2023 03:00,159.832,133.854
09/10/2023 03:30,143.552,128.574
09/10/2023 04:00,125.212,138.934
09/10/2023 04:30,130.472,125.054
09/10/2023 05:00,101.73,120.714
09/10/2023 05:30,111.892,158.434
09/10/2023 06:00,164.752,236.134
09/10/2023 06:30,178.132,263.394
09/10/2023 07:00,212.472,273.854
09/10/2023 07:30,239.592,237.034
09/10/2023 08:00,169.992,202.214
09/10/2023 08:30,177.67,228.294
09/10/2023 09:00,121.692,176.054
09/10/2023 09:30,123.292,201.014
09/10/2023 10:00,129.352,185.074
09/10/2023 10:30,84.292,129.974
09/10/2023 11:00,57.652,71.954
09/10/2023 11:30,43.212,45.194
09/10/2023 12:00,36.032,49.856
09/10/2023 12:30,34.05,54.174
09/10/2023 13:00,26.992,44.676
09/10/2023 13:30,20.192,43.574
09/10/2023 14:00,10.212,28.834
09/10/2023 14:30,0.552,12.212
09/10/2023 15:00,,
09/10/2023 15:30,,
09/10/2023 16:00,,
09/10/2023 16:30,,
09/10/2023 17:00,,
09/10/2023 17:30,,
09/10/2023 18:00,,
09/10/2023 18:30,2.93,5.572
09/10/2023 19:00,11.29,14.074
09/10/2023 19:30,29.632,33.434
09/10/2023 20:00,50.432,65.614
09/10/2023 20:30,81.412,84.874
09/10/2023 21:00,84.092,102.374
09/10/2023 21:30,93.332,115.094
09/10/2023 22:00,126.712,124.974
09/10/2023 22:30,134.63,141.014
09/10/2023 23:00,122.272,186.654
09/10/2023 23:30,157.712,212.994
10/10/2023 00:00,172.112,188.654
10/10/2023 00:30,144.312,146.674
10/10/2023 01:00,128.852,117.334
10/10/2023 01:30,136.252,101.954
10/10/2023 02:00,107.492,77.674
10/10/2023 02:30,112.91,99.714
10/10/2023 03:00,100.952,85.514
10/10/2023 03:30,83.552,76.554
10/10/2023 04:00,112.212,96.494
10/10/2023 04:30,111.672,95.674
10/10/2023 05:00,81.552,75.194
10/10/2023 05:30,67.292,73.234
10/10/2023 06:00,74.19,83.574
10/10/2023 06:30,72.552,80.554
10/10/2023 07:00,62.132,80.214
10/10/2023 07:30,65.192,68.274
10/10/2023 08:00,27.692,26.074
10/10/2023 08:30,14.852,12.834
10/10/2023 09:00,54.272,38.494
10/10/2023 09:30,55.53,62.234
10/10/2023 10:00,94.612,105.294
10/10/2023 10:30,146.512,178.014
10/10/2023 11:00,143.192,151.774
10/10/2023 11:30,104.172,115.674
10/10/2023 12:00,126.612,113.994
10/10/2023 12:30,177.232,114.794
10/10/2023 13:00,196.41,156.454
10/10/2023 13:30,227.57,189.614
10/10/2023 14:00,267.232,208.914
10/10/2023 14:30,295.332,252.834
10/10/2023 15:00,332.95,316.414
10/10/2023 15:30,375.312,356.514
10/10/2023 16:00,378.112,363.774
10/10/2023 16:30,359.17,354.714
10/10/2023 17:00,390.25,366.552
10/10/2023 17:30,393.192,387.752
10/10/2023 18:00,390.092,398.652
10/10/2023 18:30,379.732,399.412
10/10/2023 19:00,399.212,399.292
10/10/2023 19:30,399.472,399.372
10/10/2023 20:00,399.29,399.312
10/10/2023 20:30,399.452,399.252
10/10/2023 21:00,399.332,399.432
10/10/2023 21:30,399.332,399.212
10/10/2023 22:00,399.652,399.214
10/10/2023 22:30,399.192,399.454
10/10/2023 23:00,399.532,399.214
10/10/2023 23:30,399.332,399.474
11/10/2023 00:00,399.67,399.354
11/10/2023 00:30,390.472,362.694
11/10/2023 01:00,299.532,204.394
11/10/2023 01:30,299.592,199.714
11/10/2023 02:00,395.852,381.074
11/10/2023 02:30,399.332,399.314
11/10/2023 03:00,399.392,393.314
11/10/2023 03:30,399.43,359.974
11/10/2023 04:00,240.012,309.134
11/10/2023 04:30,365.312,333.014
11/10/2023 05:00,398.772,383.814
11/10/2023 05:30,378.912,389.714
11/10/2023 06:00,395.932,399.034
11/10/2023 06:30,399.632,399.252
11/10/2023 07:00,399.872,399.392
11/10/2023 07:30,398.29,399.332
11/10/2023 08:00,398.152,399.252
11/10/2023 08:30,392.552,399.212
11/10/2023 09:00,388.872,399.192
11/10/2023 09:30,388.312,399.372
11/10/2023 10:00,384.452,396.692
11/10/2023 10:30,374.812,382.992
11/10/2023 11:00,358.91,354.432
11/10/2023 11:30,332.452,360.092
11/10/2023 12:00,328.732,378.234
11/10/2023 12:30,330.332,351.974
11/10/2023 13:00,282.53,208.394
11/10/2023 13:30,142.69,28.294
11/10/2023 14:00,10.93,1.216
11/10/2023 14:30,6.99,
11/10/2023 15:00,,
11/10/2023 15:30,,
11/10/2023 16:00,,
11/10/2023 16:30,7.532,
11/10/2023 17:00,1.396,2.052
11/10/2023 17:30,7.126,41.234
11/10/2023 18:00,49.312,46.454
11/10/2023 18:30,73.49,56.474
11/10/2023 19:00,41.612,52.034
11/10/2023 19:30,49.152,75.594
11/10/2023 20:00,53.312,61.914
11/10/2023 20:30,28.312,35.594
11/10/2023 21:00,34.632,64.934
11/10/2023 21:30,32.672,46.674
11/10/2023 22:00,29.95,47.974
11/10/2023 22:30,51.112,73.694
11/10/2023 23:00,71.032,109.334
11/10/2023 23:30,84.372,96.974
12/10/2023 00:00,58.592,63.574
12/10/2023 00:30,49.932,54.674
12/10/2023 01:00,21.232,18.514
12/10/2023 01:30,6.524,8.714
12/10/2023 02:00,14.15,17.634
12/10/2023 02:30,3.238,3.126
12/10/2023 03:00,0.162,0.262
12/10/2023 03:30,,0.344
12/10/2023 04:00,1.006,0.76
12/10/2023 04:30,6.032,6.554
12/10/2023 05:00,1.438,5.354
12/10/2023 05:30,,
12/10/2023 06:00,,
12/10/2023 06:30,,
12/10/2023 07:00,,
12/10/2023 07:30,,
12/10/2023 08:00,,
12/10/2023 08:30,,
12/10/2023 09:00,,
12/10/2023 09:30,,
12/10/2023 10:00,,
12/10/2023 10:30,,
12/10/2023 11:00,,
12/10/2023 11:30,,
12/10/2023 12:00,,
12/10/2023 12:30,,
12/10/2023 13:00,,
12/10/2023 13:30,,
12/10/2023 14:00,,
12/10/2023 14:30,,
12/10/2023 15:00,,
12/10/2023 15:30,,
12/10/2023 16:00,,
12/10/2023 16:30,,
12/10/2023 17:00,,0.22
12/10/2023 17:30,,1.624
12/10/2023 18:00,,
12/10/2023 18:30,,2.662
12/10/2023 19:00,,7.274
12/10/2023 19:30,,7.874
12/10/2023 20:00,5.972,14.674
12/10/2023 20:30,13.232,25.314
12/10/2023 21:00,24.992,31.514
12/10/2023 21:30,45.13,61.214
12/10/2023 22:00,73.832,88.954
12/10/2023 22:30,88.532,112.494
12/10/2023 23:00,91.312,93.914
12/10/2023 23:30,84.792,79.814
13/10/2023 00:00,132.172,96.574
13/10/2023 00:30,140.892,113.854
13/10/2023 01:00,112.432,123.754
13/10/2023 01:30,109.89,146.874
13/10/2023 02:00,74.652,91.954
13/10/2023 02:30,67.472,97.394
13/10/2023 03:00,79.052,102.354
13/10/2023 03:30,157.972,119.474
13/10/2023 04:00,207.572,163.354
13/10/2023 04:30,134.392,183.174
13/10/2023 05:00,110.392,174.254
13/10/2023 05:30,294.39,265.414
13/10/2023 06:00,384.732,360.494
13/10/2023 06:30,396.332,387.134
13/10/2023 07:00,317.932,325.194
13/10/2023 07:30,217.092,189.994
13/10/2023 08:00,98.632,134.594
13/10/2023 08:30,46.912,72.814
13/10/2023 09:00,52.572,75.554
13/10/2023 09:30,80.39,94.774
13/10/2023 10:00,110.992,131.534
13/10/2023 10:30,161.972,206.514
13/10/2023 11:00,173.132,175.814
13/10/2023 11:30,112.492,114.034
13/10/2023 12:00,136.652,148.554
13/10/2023 12:30,119.232,176.474
13/10/2023 13:00,142.012,201.694
13/10/2023 13:30,91.372,131.874
13/10/2023 14:00,87.33,148.814
13/10/2023 14:30,92.652,126.614
13/10/2023 15:00,89.872,134.954
13/10/2023 15:30,99.372,140.374
13/10/2023 16:00,211.772,368.754
13/10/2023 16:30,364.732,384.934
13/10/2023 17:00,251.492,239.154
13/10/2023 17:30,190.472,154.914
13/10/2023 18:00,158.612,240.754
13/10/2023 18:30,273.552,356.794
13/10/2023 19:00,319.192,337.974
13/10/2023 19:30,302.912,345.214
13/10/2023 20:00,354.052,381.154
13/10/2023 20:30,369.452,390.414
13/10/2023 21:00,389.392,391.514
13/10/2023 21:30,397.032,399.014
13/10/2023 22:00,398.212,399.214
13/10/2023 22:30,398.03,399.214
13/10/2023 23:00,107.952,108.054
13/10/2023 23:30,42.712,42.774
14/10/2023 00:00,42.692,42.794
14/10/2023 00:30,42.692,42.794
14/10/2023 01:00,42.712,42.794
14/10/2023 01:30,42.952,42.974
14/10/2023 02:00,42.952,42.934
14/10/2023 02:30,42.952,42.994
14/10/2023 03:00,42.952,42.914
14/10/2023 03:30,42.972,42.974
14/10/2023 04:00,42.97,42.934
14/10/2023 04:30,42.932,42.974
14/10/2023 05:00,42.972,42.954
14/10/2023 05:30,87.392,86.454
14/10/2023 06:00,399.592,399.054
14/10/2023 06:30,397.772,399.094
14/10/2023 07:00,399.512,398.894
14/10/2023 07:30,399.432,399.354
14/10/2023 08:00,399.212,399.274
14/10/2023 08:30,399.572,399.254
14/10/2023 09:00,399.432,399.334
14/10/2023 09:30,399.65,399.554
14/10/2023 10:00,399.49,399.374
14/10/2023 10:30,394.032,398.034
14/10/2023 11:00,386.512,384.854
14/10/2023 11:30,383.352,396.614
14/10/2023 12:00,374.452,375.174
14/10/2023 12:30,348.192,335.994
14/10/2023 13:00,311.632,321.194
14/10/2023 13:30,312.892,295.034
14/10/2023 14:00,267.11,281.674
14/10/2023 14:30,280.152,327.814
14/10/2023 15:00,331.692,357.314
14/10/2023 15:30,322.472,364.834
14/10/2023 16:00,347.532,362.914
14/10/2023 16:30,305.712,328.834
14/10/2023 17:00,399.532,399.454
14/10/2023 17:30,399.652,398.554
14/10/2023 18:00,373.212,379.294
14/10/2023 18:30,349.67,390.334
14/10/2023 19:00,367.632,382.934
14/10/2023 19:30,368.932,385.774
14/10/2023 20:00,376.872,381.834
14/10/2023 20:30,358.392,362.674
14/10/2023 21:00,368.972,381.694
14/10/2023 21:30,326.372,383.094
14/10/2023 22:00,328.452,382.694
14/10/2023 22:30,330.452,379.374
14/10/2023 23:00,347.332,382.054
14/10/2023 23:30,342.752,382.014
15/10/2023 00:00,356.012,391.614
15/10/2023 00:30,347.23,385.954
15/10/2023 01:00,368.972,390.854
15/10/2023 01:30,340.892,386.014
15/10/2023 02:00,386.172,396.354
15/10/2023 02:30,384.512,397.634
15/10/2023 03:00,397.612,399.274
15/10/2023 03:30,397.012,399.214
15/10/2023 04:00,395.252,399.374
15/10/2023 04:30,394.872,399.154
15/10/2023 05:00,370.532,392.214
15/10/2023 05:30,359.552,399.094
15/10/2023 06:00,376.772,371.734
15/10/2023 06:30,397.832,399.194
15/10/2023 07:00,386.79,398.894
15/10/2023 07:30,390.17,397.394
15/10/2023 08:00,298.632,299.854
15/10/2023 08:30,360.992,299.274
15/10/2023 09:00,313.292,319.954
15/10/2023 09:30,262.172,274.674
15/10/2023 10:00,196.972,129.514
15/10/2023 10:30,149.152,49.734
15/10/2023 11:00,149.152,49.714
15/10/2023 11:30,149.112,78.674
15/10/2023 12:00,149.192,235.614
15/10/2023 12:30,262.272,239.614
15/10/2023 13:00,224.13,186.994
15/10/2023 13:30,173.912,154.614
15/10/2023 14:00,144.432,129.394
15/10/2023 14:30,107.812,100.734
15/10/2023 15:00,97.972,93.654
15/10/2023 15:30,86.512,86.714
15/10/2023 16:00,79.192,74.314
15/10/2023 16:30,69.132,65.234
15/10/2023 17:00,55.572,54.754
15/10/2023 17:30,49.33,39.354
15/10/2023 18:00,38.812,37.374
15/10/2023 18:30,29.272,47.614
15/10/2023 19:00,45.072,55.054
15/10/2023 19:30,43.892,33.734
15/10/2023 20:00,19.012,10.614
15/10/2023 20:30,18.312,3.714
15/10/2023 21:00,9.272,
15/10/2023 21:30,2.332,0.126
15/10/2023 22:00,5.892,16.934
15/10/2023 22:30,12.432,38.054
15/10/2023 23:00,29.392,32.894
15/10/2023 23:30,22.712,22.514
16/10/2023 00:00,16.01,16.954
16/10/2023 00:30,6.792,13.354
16/10/2023 01:00,5.512,12.094
16/10/2023 01:30,2.992,5.834
16/10/2023 02:00,0.198,
16/10/2023 02:30,,
16/10/2023 03:00,,
16/10/2023 03:30,,
16/10/2023 04:00,,
16/10/2023 04:30,,
16/10/2023 05:00,,
16/10/2023 05:30,,
16/10/2023 06:00,,
16/10/2023 06:30,,
16/10/2023 07:00,,
16/10/2023 07:30,,
16/10/2023 08:00,,
16/10/2023 08:30,,
16/10/2023 09:00,,
16/10/2023 09:30,,
16/10/2023 10:00,,
16/10/2023 10:30,,
16/10/2023 11:00,,
16/10/2023 11:30,,
16/10/2023 12:00,,
16/10/2023 12:30,,
16/10/2023 13:00,,
16/10/2023 13:30,,
16/10/2023 14:00,,
16/10/2023 14:30,,
16/10/2023 15:00,,
16/10/2023 15:30,,
16/10/2023 16:00,,
16/10/2023 16:30,,
16/10/2023 17:00,,
16/10/2023 17:30,,
16/10/2023 18:00,,
16/10/2023 18:30,0.728,
16/10/2023 19:00,6.192,2.698
16/10/2023 19:30,7.032,1.894
16/10/2023 20:00,11.492,3.914
16/10/2023 20:30,15.452,6.934
16/10/2023 21:00,12.352,7.694
16/10/2023 21:30,10.292,7.914
16/10/2023 22:00,11.752,8.714
16/10/2023 22:30,17.112,16.494
16/10/2023 23:00,31.552,25.014
16/10/2023 23:30,30.392,34.994
17/10/2023 00:00,35.93,19.454
17/10/2023 00:30,35.392,32.374
17/10/2023 01:00,35.792,32.214
17/10/2023 01:30,41.832,28.314
17/10/2023 02:00,35.692,29.594
17/10/2023 02:30,44.212,21.254
17/10/2023 03:00,90.892,21.194
17/10/2023 03:30,129.172,38.354
17/10/2023 04:00,81.352,42.794
17/10/2023 04:30,37.092,36.954
17/10/2023 05:00,41.332,42.414
17/10/2023 05:30,102.29,43.034
17/10/2023 06:00,117.292,68.934
17/10/2023 06:30,121.192,108.314
17/10/2023 07:00,113.032,99.774
17/10/2023 07:30,118.492,91.094
17/10/2023 08:00,111.432,95.974
17/10/2023 08:30,133.772,95.614
17/10/2023 09:00,149.012,112.294
17/10/2023 09:30,157.612,122.434
17/10/2023 10:00,146.972,125.054
17/10/2023 10:30,165.192,125.414
17/10/2023 11:00,203.872,165.914
17/10/2023 11:30,257.512,211.494
17/10/2023 12:00,248.812,179.134
17/10/2023 12:30,312.752,271.074
17/10/2023 13:00,248.752,199.414
17/10/2023 13:30,250.692,202.054
17/10/2023 14:00,332.752,308.354
17/10/2023 14:30,345.592,294.054
17/10/2023 15:00,356.572,326.634
17/10/2023 15:30,371.852,348.074
17/10/2023 16:00,379.592,357.274
17/10/2023 16:30,389.592,370.754
17/10/2023 17:00,385.852,382.334
17/10/2023 17:30,381.392,380.494
17/10/2023 18:00,387.952,393.674
17/10/2023 18:30,387.752,393.634
17/10/2023 19:00,391.432,399.114
17/10/2023 19:30,391.992,399.114
17/10/2023 20:00,391.91,399.314
17/10/2023 20:30,392.192,398.874
17/10/2023 21:00,391.852,399.054
17/10/2023 21:30,391.872,399.174
17/10/2023 22:00,390.952,399.094
17/10/2023 22:30,389.852,399.214
17/10/2023 23:00,389.552,399.174
17/10/2023 23:30,390.212,398.214
18/10/2023 00:00,390.412,397.034
18/10/2023 00:30,377.77,371.374
18/10/2023 01:00,376.492,381.854
18/10/2023 01:30,373.672,376.454
18/10/2023 02:00,379.292,378.994
18/10/2023 02:30,378.272,398.094
18/10/2023 03:00,385.532,399.014
18/10/2023 03:30,384.892,397.634
18/10/2023 04:00,384.972,399.554
18/10/2023 04:30,386.552,399.314
18/10/2023 05:00,386.612,399.294
18/10/2023 05:30,386.672,399.214
18/10/2023 06:00,386.532,399.494
18/10/2023 06:30,386.712,399.174
18/10/2023 07:00,386.532,399.374
18/10/2023 07:30,386.732,399.274
18/10/2023 08:00,386.632,399.394
18/10/2023 08:30,386.612,399.194
18/10/2023 09:00,386.412,399.334
18/10/2023 09:30,386.85,399.114
18/10/2023 10:00,386.452,399.392
18/10/2023 10:30,386.572,399.272
18/10/2023 11:00,386.672,399.252
18/10/2023 11:30,386.412,399.292
18/10/2023 12:00,384.372,399.272
18/10/2023 12:30,380.712,399.352
18/10/2023 13:00,386.592,399.312
18/10/2023 13:30,386.632,399.252
18/10/2023 14:00,386.53,399.272
18/10/2023 14:30,386.452,399.352
18/10/2023 15:00,386.732,407.372
18/10/2023 15:30,389.512,410.872
18/10/2023 16:00,390.672,411.272
18/10/2023 16:30,390.452,411.172
18/10/2023 17:00,390.612,411.454
18/10/2023 17:30,390.612,411.354
18/10/2023 18:00,390.752,411.154
18/10/2023 18:30,387.232,411.334
18/10/2023 19:00,390.352,411.394
18/10/2023 19:30,390.712,411.214
18/10/2023 20:00,390.652,411.374
18/10/2023 20:30,390.652,411.374
18/10/2023 21:00,390.552,411.374
18/10/2023 21:30,390.712,411.314
18/10/2023 22:00,390.412,411.194
18/10/2023 22:30,390.772,411.354
18/10/2023 23:00,387.672,411.314
18/10/2023 23:30,388.19,411.194
19/10/2023 00:00,389.472,411.614
19/10/2023 00:30,388.472,411.074
19/10/2023 01:00,388.532,411.494
19/10/2023 01:30,388.152,410.994
19/10/2023 02:00,379.632,410.514
19/10/2023 02:30,384.152,411.274
19/10/2023 03:00,387.392,411.234
19/10/2023 03:30,385.652,411.314
19/10/2023 04:00,384.95,410.534
19/10/2023 04:30,384.312,411.352
19/10/2023 05:00,384.732,407.112
19/10/2023 05:30,382.432,402.412
19/10/2023 06:00,380.452,363.472
19/10/2023 06:30,293.712,340.412
19/10/2023 07:00,298.312,332.752
19/10/2023 07:30,282.072,335.092
19/10/2023 08:00,245.012,296.492
19/10/2023 08:30,270.51,241.792
19/10/2023 09:00,223.712,239.392
19/10/2023 09:30,243.392,240.472
19/10/2023 10:00,257.312,286.852
19/10/2023 10:30,293.512,331.132
19/10/2023 11:00,294.952,323.514
19/10/2023 11:30,306.832,306.934
19/10/2023 12:00,292.652,292.374
19/10/2023 12:30,275.372,275.634
19/10/2023 13:00,252.85,287.694
19/10/2023 13:30,210.552,276.394
19/10/2023 14:00,219.632,233.354
19/10/2023 14:30,284.452,221.934
19/10/2023 15:00,350.372,278.974
19/10/2023 15:30,326.772,257.334
19/10/2023 16:00,328.172,310.414
19/10/2023 16:30,353.532,292.354
19/10/2023 17:00,352.51,297.514
19/10/2023 17:30,335.83,296.014
19/10/2023 18:00,325.992,292.574
19/10/2023 18:30,326.392,301.254
19/10/2023 19:00,301.012,286.334
19/10/2023 19:30,298.232,261.734
19/10/2023 20:00,290.212,242.234
19/10/2023 20:30,289.512,254.932
19/10/2023 21:00,275.052,238.672
19/10/2023 21:30,266.09,244.932
19/10/2023 22:00,202.352,189.452
19/10/2023 22:30,164.992,150.692
19/10/2023 23:00,178.472,157.572
19/10/2023 23:30,234.892,233.952
20/10/2023 00:00,337.692,307.192
20/10/2023 00:30,375.192,341.572
20/10/2023 01:00,390.592,409.694
20/10/2023 01:30,390.75,411.054
20/10/2023 02:00,387.79,406.854
20/10/2023 02:30,385.292,409.074
20/10/2023 03:00,382.812,410.854
20/10/2023 03:30,390.332,410.974
20/10/2023 04:00,386.892,410.874
20/10/2023 04:30,388.792,411.114
20/10/2023 05:00,390.672,411.094
20/10/2023 05:30,383.812,411.014
20/10/2023 06:00,381.892,411.074
20/10/2023 06:30,381.15,411.094
20/10/2023 07:00,380.472,411.154
20/10/2023 07:30,383.852,410.034
20/10/2023 08:00,381.612,409.734
20/10/2023 08:30,377.152,411.054
20/10/2023 09:00,381.432,410.934
20/10/2023 09:30,377.072,410.414
20/10/2023 10:00,381.012,410.994
20/10/2023 10:30,382.792,411.054
20/10/2023 11:00,379.412,411.254
20/10/2023 11:30,382.612,410.954
20/10/2023 12:00,371.65,411.054
20/10/2023 12:30,383.672,411.054
20/10/2023 13:00,387.292,411.134
20/10/2023 13:30,384.052,411.054
20/10/2023 14:00,382.912,411.214
20/10/2023 14:30,387.092,409.794
20/10/2023 15:00,388.812,411.114
20/10/2023 15:30,388.992,411.074
20/10/2023 16:00,389.192,410.954
20/10/2023 16:30,389.27,411.254
20/10/2023 17:00,389.032,410.594
20/10/2023 17:30,389.092,409.314
20/10/2023 18:00,384.392,403.094
20/10/2023 18:30,352.592,370.594
20/10/2023 19:00,262.912,253.834
20/10/2023 19:30,164.132,155.494
20/10/2023 20:00,99.832,82.094
20/10/2023 20:30,73.072,44.834
20/10/2023 21:00,53.97,27.294
20/10/2023 21:30,23.192,10.214
20/10/2023 22:00,2.776,
20/10/2023 22:30,,
20/10/2023 23:00,,
20/10/2023 23:30,,
21/10/2023 00:00,0.214,
21/10/2023 00:30,7.342,1.132
21/10/2023 01:00,24.272,11.154
21/10/2023 01:30,36.59,24.734
21/10/2023 02:00,54.272,40.794
21/10/2023 02:30,63.912,52.234
21/10/2023 03:00,72.352,69.914
21/10/2023 03:30,85.212,84.454
21/10/2023 04:00,85.912,84.254
21/10/2023 04:30,74.512,90.414
21/10/2023 05:00,66.472,75.674
21/10/2023 05:30,51.372,56.034
21/10/2023 06:00,36.052,48.074
21/10/2023 06:30,39.27,41.034
21/10/2023 07:00,37.712,32.054
21/10/2023 07:30,21.612,16.394
21/10/2023 08:00,23.452,14.514
21/10/2023 08:30,17.912,12.134
21/10/2023 09:00,4.852,6.354
21/10/2023 09:30,2.572,0.556
21/10/2023 10:00,,
21/10/2023 10:30,,
21/10/2023 11:00,,
21/10/2023 11:30,,
21/10/2023 12:00,,
21/10/2023 12:30,,
21/10/2023 13:00,,
21/10/2023 13:30,,
21/10/2023 14:00,,
21/10/2023 14:30,,0.686
21/10/2023 15:00,,
21/10/2023 15:30,,
21/10/2023 16:00,,
21/10/2023 16:30,5.292,
21/10/2023 17:00,14.292,7.094
21/10/2023 17:30,36.192,37.074
21/10/2023 18:00,49.032,68.394
21/10/2023 18:30,50.372,78.114
21/10/2023 19:00,85.572,107.454
21/10/2023 19:30,111.092,119.674
21/10/2023 20:00,121.01,98.114
21/10/2023 20:30,98.492,90.694
21/10/2023 21:00,90.192,89.794
21/10/2023 21:30,76.432,88.734
21/10/2023 22:00,81.592,82.374
21/10/2023 22:30,80.972,99.154
21/10/2023 23:00,104.252,111.614
21/10/2023 23:30,120.032,156.694
22/10/2023 00:00,164.592,216.994
22/10/2023 00:30,163.432,228.574
22/10/2023 01:00,192.432,210.494
22/10/2023 01:30,149.09,226.754
22/10/2023 02:00,248.012,311.274
22/10/2023 02:30,257.252,281.814
22/10/2023 03:00,204.272,247.274
22/10/2023 03:30,232.352,262.994
22/10/2023 04:00,222.452,225.154
22/10/2023 04:30,207.312,202.234
22/10/2023 05:00,179.412,192.354
22/10/2023 05:30,120.272,161.694
22/10/2023 06:00,143.192,157.934
22/10/2023 06:30,175.972,175.034
22/10/2023 07:00,135.252,166.534
22/10/2023 07:30,150.432,167.074
22/10/2023 08:00,125.552,148.214
22/10/2023 08:30,138.39,174.994
22/10/2023 09:00,144.752,182.414
22/10/2023 09:30,132.032,141.614
22/10/2023 10:00,135.232,157.714
22/10/2023 10:30,159.592,172.714
22/10/2023 11:00,155.792,148.614
22/10/2023 11:30,126.632,135.274
22/10/2023 12:00,135.712,138.394
22/10/2023 12:30,136.072,116.934
22/10/2023 13:00,126.972,121.214
22/10/2023 13:30,114.97,105.974
22/10/2023 14:00,86.272,79.334
22/10/2023 14:30,85.412,80.954
22/10/2023 15:00,84.072,85.334
22/10/2023 15:30,61.892,66.074
22/10/2023 16:00,62.912,65.374
22/10/2023 16:30,56.692,62.854
22/10/2023 17:00,40.632,43.774
22/10/2023 17:30,49.83,50.814
22/10/2023 18:00,66.532,71.914
22/10/2023 18:30,76.072,81.514
22/10/2023 19:00,58.292,50.774
22/10/2023 19:30,40.712,42.194
22/10/2023 20:00,19.092,27.614
22/10/2023 20:30,5.172,11.034
22/10/2023 21:00,7.352,8.754
22/10/2023 21:30,9.612,19.934
22/10/2023 22:00,2.326,6.658
22/10/2023 22:30,,
22/10/2023 23:00,,
22/10/2023 23:30,1.09,
23/10/2023 00:00,6.112,
23/10/2023 00:30,10.312,2.32
23/10/2023 01:00,19.432,13.574
23/10/2023 01:30,13.872,18.074
23/10/2023 02:00,7.932,21.334
23/10/2023 02:30,5.852,16.894
23/10/2023 03:00,12.432,25.054
23/10/2023 03:30,7.03,16.114
23/10/2023 04:00,,8.194
23/10/2023 04:30,,
23/10/2023 05:00,,
23/10/2023 05:30,,
23/10/2023 06:00,,0.532
23/10/2023 06:30,,0.062
23/10/2023 07:00,,
23/10/2023 07:30,5.066,6.514
23/10/2023 08:00,13.55,10.554
23/10/2023 08:30,3.212,2.794
23/10/2023 09:00,2.172,4.594
23/10/2023 09:30,4.772,5.174
23/10/2023 10:00,6.07,6.794
23/10/2023 10:30,10.852,8.434
23/10/2023 11:00,13.672,10.654
23/10/2023 11:30,10.212,6.994
23/10/2023 12:00,8.532,7.374
23/10/2023 12:30,8.292,8.254
23/10/2023 13:00,26.452,13.194
23/10/2023 13:30,48.912,39.234
23/10/2023 14:00,62.252,55.034
23/10/2023 14:30,65.85,60.474
23/10/2023 15:00,75.432,64.694
23/10/2023 15:30,78.492,73.114
23/10/2023 16:00,84.592,68.834
23/10/2023 16:30,125.192,95.174
23/10/2023 17:00,145.192,125.814
23/10/2023 17:30,136.032,148.654
23/10/2023 18:00,140.372,133.574
23/10/2023 18:30,155.132,137.574
23/10/2023 19:00,162.21,149.594
23/10/2023 19:30,157.652,151.074
23/10/2023 20:00,213.232,182.194
23/10/2023 20:30,183.152,185.234
23/10/2023 21:00,196.512,173.534
23/10/2023 21:30,187.912,178.994
23/10/2023 22:00,181.092,163.914
23/10/2023 22:30,199.252,158.174
23/10/2023 23:00,207.272,164.494
23/10/2023 23:30,234.69,174.354
24/10/2023 00:00,221.412,173.034
24/10/2023 00:30,232.932,174.194
24/10/2023 01:00,213.032,212.054
24/10/2023 01:30,152.332,150.694
24/10/2023 02:00,174.752,128.734
24/10/2023 02:30,191.932,147.254
24/10/2023 03:00,221.812,167.634
24/10/2023 03:30,201.152,159.254
24/10/2023 04:00,209.07,167.874
24/10/2023 04:30,199.012,169.934
24/10/2023 05:00,218.512,219.814
24/10/2023 05:30,211.312,213.354
24/10/2023 06:00,195.252,187.414
24/10/2023 06:30,180.672,166.554
24/10/2023 07:00,215.252,150.394
24/10/2023 07:30,147.692,111.914
24/10/2023 08:00,104.152,103.074
24/10/2023 08:30,78.85,89.374
24/10/2023 09:00,93.692,73.014
24/10/2023 09:30,34.592,49.934
24/10/2023 10:00,72.172,45.894
24/10/2023 10:30,73.892,75.214
24/10/2023 11:00,74.712,57.674
24/10/2023 11:30,75.012,46.574
24/10/2023 12:00,50.87,38.514
24/10/2023 12:30,26.872,23.394
24/10/2023 13:00,7.418,6.166
24/10/2023 13:30,,1.042
24/10/2023 14:00,1.35,3.634
24/10/2023 14:30,5.812,7.534
24/10/2023 15:00,6.692,16.274
24/10/2023 15:30,7.752,18.014
24/10/2023 16:00,17.372,19.534
24/10/2023 16:30,17.172,21.354
24/10/2023 17:00,16.392,45.254
24/10/2023 17:30,52.79,74.054
24/10/2023 18:00,47.772,60.694
24/10/2023 18:30,53.212,92.854
24/10/2023 19:00,71.332,112.574
24/10/2023 19:30,82.652,96.494
24/10/2023 20:00,86.332,114.274
24/10/2023 20:30,100.392,97.594
24/10/2023 21:00,79.532,103.754
24/10/2023 21:30,74.752,91.454
24/10/2023 22:00,65.69,83.074
24/10/2023 22:30,74.092,102.474
24/10/2023 23:00,72.832,112.194
24/10/2023 23:30,79.472,105.554
25/10/2023 00:00,79.572,88.534
25/10/2023 00:30,59.092,71.514
25/10/2023 01:00,49.112,50.434
25/10/2023 01:30,37.992,51.074
25/10/2023 02:00,29.632,47.274
25/10/2023 02:30,25.152,46.274
25/10/2023 03:00,20.252,39.794
25/10/2023 03:30,23.472,31.034
25/10/2023 04:00,30.53,39.414
25/10/2023 04:30,33.132,48.574
25/10/2023 05:00,24.072,33.554
25/10/2023 05:30,18.952,34.714
25/10/2023 06:00,17.612,38.894
25/10/2023 06:30,17.112,45.394
25/10/2023 07:00,15.112,38.394
25/10/2023 07:30,19.292,34.294
25/10/2023 08:00,24.052,51.114
25/10/2023 08:30,17.372,33.794
25/10/2023 09:00,17.892,28.834
25/10/2023 09:30,19.012,33.234
25/10/2023 10:00,19.75,35.534
25/10/2023 10:30,20.072,30.032
25/10/2023 11:00,22.252,34.494
25/10/2023 11:30,23.672,43.254
25/10/2023 12:00,24.312,41.332
25/10/2023 12:30,37.332,58.434
25/10/2023 13:00,44.692,57.414
25/10/2023 13:30,35.932,42.934
25/10/2023 14:00,23.932,25.774
25/10/2023 14:30,41.59,42.774
25/10/2023 15:00,40.652,44.074
25/10/2023 15:30,30.272,48.854
25/10/2023 16:00,33.892,35.274
25/10/2023 16:30,25.132,25.234
25/10/2023 17:00,20.352,23.074
25/10/2023 17:30,24.652,35.394
25/10/2023 18:00,42.492,68.434
25/10/2023 18:30,68.172,93.434
25/10/2023 19:00,53.21,62.434
25/10/2023 19:30,48.672,59.214
25/10/2023 20:00,44.872,55.394
25/10/2023 20:30,43.112,52.954
25/10/2023 21:00,38.192,50.874
25/10/2023 21:30,34.032,56.454
25/10/2023 22:00,38.392,56.054
25/10/2023 22:30,59.372,80.014
25/10/2023 23:00,100.892,93.254
25/10/2023 23:30,75.49,80.334
26/10/2023 00:00,75.292,83.554
26/10/2023 00:30,65.892,61.094
26/10/2023 01:00,45.932,44.594
26/10/2023 01:30,49.312,55.234
26/10/2023 02:00,24.092,24.694
26/10/2023 02:30,20.072,29.534
26/10/2023 03:00,11.272,20.174
26/10/2023 03:30,16.192,21.274
26/10/2023 04:00,30.372,29.614
26/10/2023 04:30,29.752,39.234
26/10/2023 05:00,42.372,37.094
26/10/2023 05:30,44.87,47.334
26/10/2023 06:00,57.212,68.814
26/10/2023 06:30,72.972,101.994
26/10/2023 07:00,115.532,112.174
26/10/2023 07:30,116.932,102.594
26/10/2023 08:00,91.772,98.954
26/10/2023 08:30,111.612,110.974
26/10/2023 09:00,121.352,126.854
26/10/2023 09:30,126.492,134.234
26/10/2023 10:00,151.35,164.194
26/10/2023 10:30,173.932,164.374
26/10/2023 11:00,292.632,217.334
26/10/2023 11:30,265.892,281.854
26/10/2023 12:00,271.272,245.114
26/10/2023 12:30,279.472,328.314
26/10/2023 13:00,240.532,221.694
26/10/2023 13:30,258.812,217.834
26/10/2023 14:00,286.612,268.934
26/10/2023 14:30,314.99,327.874
26/10/2023 15:00,278.892,321.594
26/10/2023 15:30,229.052,297.534
26/10/2023 16:00,225.172,300.254
26/10/2023 16:30,222.692,277.454
26/10/2023 17:00,261.552,206.974
26/10/2023 17:30,225.712,185.034
26/10/2023 18:00,225.532,217.114
26/10/2023 18:30,191.852,213.194
26/10/2023 19:00,174.612,128.154
26/10/2023 19:30,83.93,94.034
26/10/2023 20:00,42.772,35.434
26/10/2023 20:30,8.882,0.424
26/10/2023 21:00,3.396,
26/10/2023 21:30,13.132,3.694
26/10/2023 22:00,13.152,11.814
26/10/2023 22:30,15.292,15.334
26/10/2023 23:00,18.272,16.934
26/10/2023 23:30,17.392,18.774
27/10/2023 00:00,16.552,9.574
27/10/2023 00:30,5.912,3.774
27/10/2023 01:00,,0.326
27/10/2023 01:30,,
27/10/2023 02:00,,
27/10/2023 02:30,,
27/10/2023 03:00,,
27/10/2023 03:30,,
27/10/2023 04:00,,
27/10/2023 04:30,,
27/10/2023 05:00,,
27/10/2023 05:30,4.776,0.274
27/10/2023 06:00,9.312,11.634
27/10/2023 06:30,7.132,8.154
27/10/2023 07:00,20.752,10.254
27/10/2023 07:30,28.83,22.294
27/10/2023 08:00,29.892,24.874
27/10/2023 08:30,28.392,20.154
27/10/2023 09:00,40.492,23.014
27/10/2023 09:30,36.312,29.114
27/10/2023 10:00,34.612,17.774
27/10/2023 10:30,22.032,22.854
27/10/2023 11:00,12.072,14.494
27/10/2023 11:30,11.012,3.034
27/10/2023 12:00,42.712,9.034
27/10/2023 12:30,45.628,38.494
27/10/2023 13:00,29.63,35.634
27/10/2023 13:30,2.838,7.568
27/10/2023 14:00,,
27/10/2023 14:30,,
27/10/2023 15:00,,
27/10/2023 15:30,,
27/10/2023 16:00,,
27/10/2023 16:30,,1.036
27/10/2023 17:00,5.308,10.674
27/10/2023 17:30,1.182,
27/10/2023 18:00,,
27/10/2023 18:30,0.682,2.598
27/10/2023 19:00,3.012,3.418
27/10/2023 19:30,0.032,4.974
27/10/2023 20:00,5.06,8.234
27/10/2023 20:30,6.718,10.288
27/10/2023 21:00,,
27/10/2023 21:30,,
27/10/2023 22:00,,
27/10/2023 22:30,17.09,8.994
27/10/2023 23:00,30.37,29.914
27/10/2023 23:30,20.93,27.234
28/10/2023 00:00,21.11,28.274
28/10/2023 00:30,22.53,32.294
28/10/2023 01:00,24.41,39.674
28/10/2023 01:30,31.55,47.674
28/10/2023 02:00,7.45,18.794
28/10/2023 02:30,13.39,18.494
28/10/2023 03:00,36.21,25.654
28/10/2023 03:30,37.69,27.574
28/10/2023 04:00,20.05,17.954
28/10/2023 04:30,36.788,11.094
28/10/2023 05:00,34.87,10.734
28/10/2023 05:30,26.09,1.218
28/10/2023 06:00,20.27,0.498
28/10/2023 06:30,12.87,4.294
28/10/2023 07:00,9.71,8.754
28/10/2023 07:30,16.39,20.234
28/10/2023 08:00,16.55,26.194
28/10/2023 08:30,14.11,28.094
28/10/2023 09:00,21.95,26.854
28/10/2023 09:30,24.23,24.254
28/10/2023 10:00,17.83,19.614
28/10/2023 10:30,14.85,15.314
28/10/2023 11:00,15.49,21.114
28/10/2023 11:30,20.49,31.994
28/10/2023 12:00,21.55,44.414
28/10/2023 12:30,22.33,50.854
28/10/2023 13:00,17.13,35.274
28/10/2023 13:30,24.41,42.414
28/10/2023 14:00,49.57,76.974
28/10/2023 14:30,32.31,47.034
28/10/2023 15:00,5.068,17.634
28/10/2023 15:30,4.71,16.394
28/10/2023 16:00,15.31,35.874
28/10/2023 16:30,32.13,44.974
28/10/2023 17:00,39.43,43.574
28/10/2023 17:30,72.13,60.634
28/10/2023 18:00,104.01,88.694
28/10/2023 18:30,153.39,131.254
28/10/2023 19:00,139.99,146.414
28/10/2023 19:30,165.49,178.534
28/10/2023 20:00,159.97,201.634
28/10/2023 20:30,179.01,189.674
28/10/2023 21:00,231.148,210.554
28/10/2023 21:30,242.668,252.094
28/10/2023 22:00,208.848,223.134
28/10/2023 22:30,187.948,198.614
28/10/2023 23:00,264.988,218.274
28/10/2023 23:30,368.266,320.574
29/10/2023 00:00,359.448,349.334
29/10/2023 00:30,290.888,264.634
29/10/2023 01:00,56.648,56.554
29/10/2023 01:30,69.148,70.434
29/10/2023 02:00,61.208,47.334
29/10/2023 02:30,43.908,10.394
29/10/2023 03:00,41.768,34.674
29/10/2023 03:30,42.648,42.774
29/10/2023 04:00,42.628,42.734
29/10/2023 04:30,42.69,42.794
29/10/2023 05:00,42.67,42.754
29/10/2023 05:30,42.65,42.774
29/10/2023 06:00,42.69,42.794
29/10/2023 06:30,42.71,42.794
29/10/2023 07:00,42.69,42.794
29/10/2023 07:30,42.63,42.774
29/10/2023 08:00,42.69,42.774
29/10/2023 08:30,44.35,73.454
29/10/2023 09:00,361.648,407.994
29/10/2023 09:30,395.45,409.634
29/10/2023 10:00,394.75,407.694
29/10/2023 10:30,376.03,398.994
29/10/2023 11:00,333.97,345.074
29/10/2023 11:30,328.45,316.034
29/10/2023 12:00,330.07,313.674
29/10/2023 12:30,376.77,329.394
29/10/2023 13:00,389.71,394.374
29/10/2023 13:30,309.048,351.634
29/10/2023 14:00,225.548,263.174
29/10/2023 14:30,189.39,193.314
29/10/2023 15:00,221.57,176.694
29/10/2023 15:30,299.99,304.374
29/10/2023 16:00,345.988,387.614
29/10/2023 16:30,346.628,384.274
29/10/2023 17:00,352.188,361.554
29/10/2023 17:30,309.108,314.114
29/10/2023 18:00,314.266,300.814
29/10/2023 18:30,350.228,368.334
29/10/2023 19:00,355.708,394.594
29/10/2023 19:30,359.608,385.834
29/10/2023 20:00,361.408,393.754
29/10/2023 20:30,351.51,377.374
29/10/2023 21:00,364.05,369.654
29/10/2023 21:30,380.15,402.314
29/10/2023 22:00,379.91,402.974
29/10/2023 22:30,375.09,402.894
29/10/2023 23:00,374.228,399.434
29/10/2023 23:30,380.53,402.594
30/10/2023 00:00,338.63,375.894
30/10/2023 00:30,361.37,384.054
30/10/2023 01:00,328.87,359.234
30/10/2023 01:30,346.01,353.154
30/10/2023 02:00,328.008,343.534
30/10/2023 02:30,275.288,297.314
30/10/2023 03:00,272.888,293.554
30/10/2023 03:30,259.906,279.994
30/10/2023 04:00,203.448,226.754
30/10/2023 04:30,180.508,191.414
30/10/2023 05:00,164.508,158.874
30/10/2023 05:30,173.088,154.594
30/10/2023 06:00,149.088,135.074
30/10/2023 06:30,89.61,93.834
30/10/2023 07:00,76.01,63.754
30/10/2023 07:30,84.69,39.234
30/10/2023 08:00,83.49,51.014
30/10/2023 08:30,72.61,51.034
30/10/2023 09:00,52.93,38.654
30/10/2023 09:30,39.81,18.054
30/10/2023 10:00,15.23,0.11
30/10/2023 10:30,2.344,
30/10/2023 11:00,,
30/10/2023 11:30,,
30/10/2023 12:00,,
30/10/2023 12:30,,
30/10/2023 13:00,,
30/10/2023 13:30,,
30/10/2023 14:00,,
30/10/2023 14:30,,
30/10/2023 15:00,,
30/10/2023 15:30,,
30/10/2023 16:00,,
30/10/2023 16:30,,10.922
30/10/2023 17:00,8.37,49.554
30/10/2023 17:30,28.29,68.494
30/10/2023 18:00,50.11,59.954
30/10/2023 18:30,56.79,65.754
30/10/2023 19:00,55.97,58.874
30/10/2023 19:30,49.71,48.334
30/10/2023 20:00,48.39,52.834
30/10/2023 20:30,54.21,58.654
30/10/2023 21:00,48.848,43.734
30/10/2023 21:30,36.89,40.554
30/10/2023 22:00,36.59,34.434
30/10/2023 22:30,27.53,29.694
30/10/2023 23:00,19.83,15.114
30/10/2023 23:30,6.67,8.134
31/10/2023 00:00,,2.35
31/10/2023 00:30,0.178,1.264
31/10/2023 01:00,4.39,3.562
31/10/2023 01:30,13.75,11.494
31/10/2023 02:00,7.53,1.13
31/10/2023 02:30,0.616,
31/10/2023 03:00,,0.51
31/10/2023 03:30,,
31/10/2023 04:00,,
31/10/2023 04:30,,
31/10/2023 05:00,,
31/10/2023 05:30,0.482,1.464
31/10/2023 06:00,0.164,3.594
31/10/2023 06:30,12.23,7.794
31/10/2023 07:00,16.25,11.014
31/10/2023 07:30,18.49,21.794
31/10/2023 08:00,19.85,27.254
31/10/2023 08:30,37.79,39.554
31/10/2023 09:00,47.31,35.814
31/10/2023 09:30,69.45,44.034
31/10/2023 10:00,74.57,52.334
31/10/2023 10:30,73.77,73.074
31/10/2023 11:00,84.73,79.674
31/10/2023 11:30,90.85,71.114
31/10/2023 12:00,83.85,71.574
31/10/2023 12:30,57.428,71.714
31/10/2023 13:00,40.29,42.454
31/10/2023 13:30,46.71,49.854
31/10/2023 14:00,52.39,55.874
31/10/2023 14:30,39.93,28.334
31/10/2023 15:00,39.29,25.594
31/10/2023 15:30,14.53,16.254
31/10/2023 16:00,7.53,20.594
31/10/2023 16:30,6.01,15.174
31/10/2023 17:00,17.168,10.994
31/10/2023 17:30,17.15,3.854
31/10/2023 18:00,18.25,1.744
31/10/2023 18:30,20.13,1.18
31/10/2023 19:00,3.23,
31/10/2023 19:30,5.49,2.136
31/10/2023 20:00,1.89,0.542
31/10/2023 20:30,,1.036
31/10/2023 21:00,3.328,9.414
31/10/2023 21:30,1.054,1.01
31/10/2023 22:00,0.632,2.702
31/10/2023 22:30,12.53,14.714
31/10/2023 23:00,12.99,18.674
31/10/2023 23:30,7.99,8.054
01/11/2023 00:00,18.99,9.394
01/11/2023 00:30,30.89,21.554
01/11/2023 01:00,38.61,28.434
01/11/2023 01:30,49.93,41.834
01/11/2023 02:00,61.35,54.414
01/11/2023 02:30,62.33,67.714
01/11/2023 03:00,60.528,77.334
01/11/2023 03:30,75.57,86.714
01/11/2023 04:00,123.23,128.614
01/11/2023 04:30,181.23,142.154
01/11/2023 05:00,196.87,182.274
01/11/2023 05:30,255.07,217.374
01/11/2023 06:00,322.91,263.694
01/11/2023 06:30,323.79,310.594
01/11/2023 07:00,369.09,376.554
01/11/2023 07:30,371.128,397.374
01/11/2023 08:00,389.388,401.674
01/11/2023 08:30,391.706,403.194
01/11/2023 09:00,392.288,402.814
01/11/2023 09:30,393.288,403.134
01/11/2023 10:00,388.968,402.834
01/11/2023 10:30,392.148,401.934
01/11/2023 11:00,389.668,391.574
01/11/2023 11:30,391.488,402.554
01/11/2023 12:00,385.148,402.554
01/11/2023 12:30,388.248,392.534
01/11/2023 13:00,384.988,398.634
01/11/2023 13:30,383.688,402.814
01/11/2023 14:00,385.908,402.894
01/11/2023 14:30,390.108,402.534
01/11/2023 15:00,386.408,402.574
01/11/2023 15:30,390.288,399.774
01/11/2023 16:00,393.168,402.674
01/11/2023 16:30,393.23,398.434
01/11/2023 17:00,392.81,391.634
01/11/2023 17:30,394.71,401.874
01/11/2023 18:00,391.33,402.414
01/11/2023 18:30,389.47,401.794
01/11/2023 19:00,393.07,399.034
01/11/2023 19:30,388.93,382.734
01/11/2023 20:00,377.29,386.134
01/11/2023 20:30,364.49,394.994
01/11/2023 21:00,326.928,367.214
01/11/2023 21:30,314.648,341.054
01/11/2023 22:00,323.748,336.854
01/11/2023 22:30,326.048,299.494
01/11/2023 23:00,317.888,275.734
01/11/2023 23:30,271.168,228.774
02/11/2023 00:00,294.928,324.374
02/11/2023 00:30,352.268,354.334
02/11/2023 01:00,372.848,396.694
02/11/2023 01:30,381.668,402.254
02/11/2023 02:00,386.108,403.074
02/11/2023 02:30,382.35,402.854
02/11/2023 03:00,377.29,402.914
02/11/2023 03:30,377.31,402.934
02/11/2023 04:00,377.15,402.954
02/11/2023 04:30,377.37,402.874
02/11/2023 05:00,377.35,402.914
02/11/2023 05:30,377.45,402.954
02/11/2023 06:00,374.91,397.272
02/11/2023 06:30,280.01,395.332
02/11/2023 07:00,269.67,240.792
02/11/2023 07:30,371.728,384.892
02/11/2023 08:00,245.33,312.232
02/11/2023 08:30,283.228,208.512
02/11/2023 09:00,275.828,245.412
02/11/2023 09:30,323.488,194.554
02/11/2023 10:00,349.268,342.874
02/11/2023 10:30,215.908,301.454
02/11/2023 11:00,103.248,114.354
02/11/2023 11:30,169.748,65.234
02/11/2023 12:00,132.508,91.394
02/11/2023 12:30,84.45,62.434
02/11/2023 13:00,63.71,36.754
02/11/2023 13:30,46.03,20.934
02/11/2023 14:00,44.59,24.874
02/11/2023 14:30,50.15,29.594
02/11/2023 15:00,53.21,40.134
02/11/2023 15:30,56.49,53.994
02/11/2023 16:00,59.47,83.654
02/11/2023 16:30,58.33,119.434
02/11/2023 17:00,92.19,148.394
02/11/2023 17:30,187.17,311.154
02/11/2023 18:00,341.15,387.414
02/11/2023 18:30,341.69,392.214
02/11/2023 19:00,373.37,397.934
02/11/2023 19:30,366.43,379.254
02/11/2023 20:00,362.59,395.954
02/11/2023 20:30,375.728,402.914
02/11/2023 21:00,385.71,403.074
02/11/2023 21:30,386.09,402.854
02/11/2023 22:00,385.69,403.094
02/11/2023 22:30,385.83,402.914
02/11/2023 23:00,385.75,402.894
02/11/2023 23:30,386.01,402.814
03/11/2023 00:00,385.91,403.094
03/11/2023 00:30,385.81,402.774
03/11/2023 01:00,386.09,403.014
03/11/2023 01:30,385.95,402.914
03/11/2023 02:00,385.75,402.934
03/11/2023 02:30,385.95,402.854
03/11/2023 03:00,386.11,402.894
03/11/2023 03:30,385.91,402.914
03/11/2023 04:00,385.87,402.874
03/11/2023 04:30,386.05,402.834
03/11/2023 05:00,386.07,403.194
03/11/2023 05:30,381.35,402.874
03/11/2023 06:00,386.07,401.714
03/11/2023 06:30,386.09,401.074
03/11/2023 07:00,386.09,401.794
03/11/2023 07:30,385.95,398.634
03/11/2023 08:00,386.25,402.514
03/11/2023 08:30,385.97,402.854
03/11/2023 09:00,386.15,402.954
03/11/2023 09:30,386.05,402.754
03/11/2023 10:00,388.27,402.914
03/11/2023 10:30,389.31,403.074
03/11/2023 11:00,389.548,402.974
03/11/2023 11:30,389.33,402.774
03/11/2023 12:00,388.75,402.794
03/11/2023 12:30,387.87,402.754
03/11/2023 13:00,387.53,402.234
03/11/2023 13:30,385.75,402.654
03/11/2023 14:00,374.41,401.714
03/11/2023 14:30,377.89,399.534
03/11/2023 15:00,356.35,392.432
03/11/2023 15:30,352.75,377.492
03/11/2023 16:00,354.63,348.772
03/11/2023 16:30,362.71,352.212
03/11/2023 17:00,380.41,386.832
03/11/2023 17:30,383.55,382.632
03/11/2023 18:00,382.25,382.312
03/11/2023 18:30,355.53,349.054
03/11/2023 19:00,350.97,355.534
03/11/2023 19:30,349.89,356.974
03/11/2023 20:00,318.15,324.114
03/11/2023 20:30,317.77,313.614
03/11/2023 21:00,339.03,330.414
03/11/2023 21:30,323.31,301.274
03/11/2023 22:00,283.75,290.754
03/11/2023 22:30,279.23,251.334
03/11/2023 23:00,290.97,288.254
03/11/2023 23:30,363.19,337.374
04/11/2023 00:00,372.93,366.914
04/11/2023 00:30,337.93,350.614
04/11/2023 01:00,291.55,319.954
04/11/2023 01:30,214.49,256.454
04/11/2023 02:00,187.89,205.894
04/11/2023 02:30,134.17,131.774
04/11/2023 03:00,121.49,131.134
04/11/2023 03:30,130.01,149.754
04/11/2023 04:00,117.53,129.414
04/11/2023 04:30,125.29,141.754
04/11/2023 05:00,103.93,109.114
04/11/2023 05:30,105.39,143.454
04/11/2023 06:00,120.31,151.514
04/11/2023 06:30,104.79,125.234
04/11/2023 07:00,55.408,78.574
04/11/2023 07:30,20.47,26.334
04/11/2023 08:00,34.79,25.394
04/11/2023 08:30,41.43,49.734
04/11/2023 09:00,111.11,122.454
04/11/2023 09:30,159.63,190.074
04/11/2023 10:00,273.09,266.694
04/11/2023 10:30,263.81,307.534
04/11/2023 11:00,252.39,242.114
04/11/2023 11:30,208.428,266.214
04/11/2023 12:00,192.81,169.234
04/11/2023 12:30,255.51,232.334
04/11/2023 13:00,348.61,250.094
04/11/2023 13:30,355.79,323.734
04/11/2023 14:00,386.49,389.574
04/11/2023 14:30,389.19,400.474
04/11/2023 15:00,389.328,402.954
04/11/2023 15:30,389.31,400.894
04/11/2023 16:00,388.31,397.954
04/11/2023 16:30,204.75,351.894
04/11/2023 17:00,177.47,138.874
04/11/2023 17:30,199.37,207.574
04/11/2023 18:00,173.87,212.214
04/11/2023 18:30,134.89,181.214
04/11/2023 19:00,159.73,167.674
04/11/2023 19:30,234.49,244.474
04/11/2023 20:00,250.188,261.474
04/11/2023 20:30,312.69,330.154
04/11/2023 21:00,341.23,345.654
04/11/2023 21:30,280.55,318.534
04/11/2023 22:00,230.91,283.474
04/11/2023 22:30,205.31,317.894
04/11/2023 23:00,194.69,285.934
04/11/2023 23:30,191.71,239.754
05/11/2023 00:00,219.59,227.054
05/11/2023 00:30,242.788,210.274
05/11/2023 01:00,205.69,164.654
05/11/2023 01:30,139.13,109.114
05/11/2023 02:00,92.25,77.614
05/11/2023 02:30,82.53,62.214
05/11/2023 03:00,99.73,60.734
05/11/2023 03:30,94.67,65.534
05/11/2023 04:00,97.89,105.934
05/11/2023 04:30,109.21,101.894
05/11/2023 05:00,90.49,107.274
05/11/2023 05:30,137.49,228.354
05/11/2023 06:00,241.07,308.134
05/11/2023 06:30,320.57,338.714
05/11/2023 07:00,291.03,271.774
05/11/2023 07:30,278.81,319.794
05/11/2023 08:00,371.91,387.854
05/11/2023 08:30,400.73,389.094
05/11/2023 09:00,402.23,388.674
05/11/2023 09:30,379.47,389.014
05/11/2023 10:00,404.368,389.294
05/11/2023 10:30,404.21,389.034
05/11/2023 11:00,399.69,377.774
05/11/2023 11:30,396.95,380.234
05/11/2023 12:00,394.91,381.694
05/11/2023 12:30,401.47,387.334
05/11/2023 13:00,399.27,387.174
05/11/2023 13:30,395.83,385.354
05/11/2023 14:00,367.59,373.194
05/11/2023 14:30,337.27,347.514
05/11/2023 15:00,303.33,306.754
05/11/2023 15:30,261.61,258.114
05/11/2023 16:00,268.05,243.474
05/11/2023 16:30,239.29,200.094
05/11/2023 17:00,207.91,174.094
05/11/2023 17:30,212.63,190.494
05/11/2023 18:00,228.47,219.774
05/11/2023 18:30,195.01,203.474
05/11/2023 19:00,189.73,176.094
05/11/2023 19:30,181.65,145.454
05/11/2023 20:00,170.89,138.054
05/11/2023 20:30,179.428,179.014
05/11/2023 21:00,214.89,194.074
05/11/2023 21:30,190.03,197.494
05/11/2023 22:00,159.33,155.374
05/11/2023 22:30,178.35,183.914
05/11/2023 23:00,281.79,240.414
05/11/2023 23:30,253.23,225.174
06/11/2023 00:00,216.47,213.694
06/11/2023 00:30,252.43,257.014
06/11/2023 01:00,254.87,253.754
06/11/2023 01:30,251.91,236.794
06/11/2023 02:00,240.37,252.874
06/11/2023 02:30,249.71,256.614
06/11/2023 03:00,224.13,198.454
06/11/2023 03:30,237.99,212.214
06/11/2023 04:00,227.01,222.994
06/11/2023 04:30,258.57,252.094
06/11/2023 05:00,258.39,284.014
06/11/2023 05:30,256.79,232.494
06/11/2023 06:00,188.53,179.514
06/11/2023 06:30,179.21,190.474
06/11/2023 07:00,191.928,191.014
06/11/2023 07:30,235.03,257.134
06/11/2023 08:00,258.37,261.454
06/11/2023 08:30,271.25,251.534
06/11/2023 09:00,270.41,241.654
06/11/2023 09:30,288.15,230.894
06/11/2023 10:00,277.13,220.494
06/11/2023 10:30,282.51,215.714
06/11/2023 11:00,283.77,226.054
06/11/2023 11:30,297.41,267.574
06/11/2023 12:00,297.49,293.274
06/11/2023 12:30,315.35,330.614
06/11/2023 13:00,336.51,344.054
06/11/2023 13:30,358.37,365.314
06/11/2023 14:00,368.89,366.894
06/11/2023 14:30,378.87,380.874
06/11/2023 15:00,359.39,351.394
06/11/2023 15:30,355.17,348.354
06/11/2023 16:00,370.33,373.214
06/11/2023 16:30,392.67,383.294
06/11/2023 17:00,403.85,400.194
06/11/2023 17:30,387.79,387.214
06/11/2023 18:00,348.288,298.194
06/11/2023 18:30,398.99,384.914
06/11/2023 19:00,399.79,396.914
06/11/2023 19:30,396.59,392.294
06/11/2023 20:00,390.45,380.314
06/11/2023 20:30,359.49,351.814
06/11/2023 21:00,383.17,382.234
06/11/2023 21:30,386.13,373.294
06/11/2023 22:00,354.67,336.274
06/11/2023 22:30,342.29,339.854
06/11/2023 23:00,305.748,305.494
06/11/2023 23:30,320.11,308.394
07/11/2023 00:00,318.03,233.834
07/11/2023 00:30,327.79,304.314
07/11/2023 01:00,330.11,340.754
07/11/2023 01:30,380.07,371.754
07/11/2023 02:00,359.63,346.734
07/11/2023 02:30,309.15,310.994
07/11/2023 03:00,299.59,300.634
07/11/2023 03:30,316.17,328.254
07/11/2023 04:00,332.35,333.034
07/11/2023 04:30,333.27,312.154
07/11/2023 05:00,334.73,312.134
07/11/2023 05:30,358.31,345.454
07/11/2023 06:00,369.75,356.514
07/11/2023 06:30,372.27,326.654
07/11/2023 07:00,373.35,358.414
07/11/2023 07:30,390.05,371.554
07/11/2023 08:00,391.09,359.414
07/11/2023 08:30,382.95,355.574
07/11/2023 09:00,352.93,316.154
07/11/2023 09:30,319.49,284.434
07/11/2023 10:00,314.93,289.034
07/11/2023 10:30,297.15,274.934
07/11/2023 11:00,268.03,311.854
07/11/2023 11:30,326.13,283.494
07/11/2023 12:00,335.83,272.354
07/11/2023 12:30,301.73,268.494
07/11/2023 13:00,259.648,267.634
07/11/2023 13:30,323.11,315.754
07/11/2023 14:00,334.11,260.494
07/11/2023 14:30,252.25,247.594
07/11/2023 15:00,311.69,300.074
07/11/2023 15:30,269.13,253.314
07/11/2023 16:00,212.83,194.374
07/11/2023 16:30,317.89,285.454
07/11/2023 17:00,348.51,333.934
07/11/2023 17:30,366.87,349.774
07/11/2023 18:00,359.59,362.574
07/11/2023 18:30,358.39,326.514
07/11/2023 19:00,363.57,325.914
07/11/2023 19:30,339.05,326.554
07/11/2023 20:00,328.39,319.134
07/11/2023 20:30,363.768,343.214
07/11/2023 21:00,341.07,339.234
07/11/2023 21:30,319.15,330.454
07/11/2023 22:00,338.81,335.774
07/11/2023 22:30,296.95,292.374
07/11/2023 23:00,273.37,302.354
07/11/2023 23:30,304.13,338.514
08/11/2023 00:00,318.19,340.234
08/11/2023 00:30,359.69,344.894
08/11/2023 01:00,305.95,252.894
08/11/2023 01:30,266.588,251.534
08/11/2023 02:00,335.87,318.874
08/11/2023 02:30,283.39,273.254
08/11/2023 03:00,265.53,265.454
08/11/2023 03:30,195.71,213.094
08/11/2023 04:00,253.73,300.294
08/11/2023 04:30,264.19,332.254
08/11/2023 05:00,265.15,305.594
08/11/2023 05:30,238.89,239.914
08/11/2023 06:00,273.57,315.214
08/11/2023 06:30,280.19,365.254
08/11/2023 07:00,356.548,402.434
08/11/2023 07:30,389.45,410.954
08/11/2023 08:00,396.41,411.314
08/11/2023 08:30,396.87,411.494
08/11/2023 09:00,402.85,411.214
08/11/2023 09:30,404.25,408.734
08/11/2023 10:00,403.81,411.254
08/11/2023 10:30,404.73,411.354
08/11/2023 11:00,404.51,411.334
08/11/2023 11:30,404.37,411.414
08/11/2023 12:00,404.85,411.354
08/11/2023 12:30,404.57,411.354
08/11/2023 13:00,404.69,411.294
08/11/2023 13:30,397.97,388.894
08/11/2023 14:00,331.25,337.674
08/11/2023 14:30,321.03,376.614
08/11/2023 15:00,284.408,323.114
08/11/2023 15:30,233.35,293.954
08/11/2023 16:00,218.39,221.694
08/11/2023 16:30,204.97,221.634
08/11/2023 17:00,180.63,214.214
08/11/2023 17:30,200.57,208.094
08/11/2023 18:00,217.01,199.074
08/11/2023 18:30,205.81,217.634
08/11/2023 19:00,159.53,161.834
08/11/2023 19:30,127.87,155.734
08/11/2023 20:00,138.088,155.194
08/11/2023 20:30,141.45,127.614
08/11/2023 21:00,128.49,120.574
08/11/2023 21:30,113.47,114.714
08/11/2023 22:00,102.23,112.214
08/11/2023 22:30,95.09,105.574
08/11/2023 23:00,104.83,106.014
08/11/2023 23:30,110.87,107.834
09/11/2023 00:00,107.03,154.654
09/11/2023 00:30,121.49,159.294
09/11/2023 01:00,140.67,154.494
09/11/2023 01:30,156.648,174.154
09/11/2023 02:00,140.77,162.554
09/11/2023 02:30,153.47,190.874
09/11/2023 03:00,179.61,249.994
09/11/2023 03:30,226.65,328.734
09/11/2023 04:00,247.11,311.034
09/11/2023 04:30,255.35,301.274
09/11/2023 05:00,299.39,364.994
09/11/2023 05:30,274.83,307.494
09/11/2023 06:00,267.95,290.434
09/11/2023 06:30,242.31,262.074
09/11/2023 07:00,281.208,295.394
09/11/2023 07:30,275.87,272.134
09/11/2023 08:00,320.35,325.714
09/11/2023 08:30,305.79,306.074
09/11/2023 09:00,299.35,326.434
09/11/2023 09:30,315.148,339.334
09/11/2023 10:00,284.43,275.034
09/11/2023 10:30,312.61,298.734
09/11/2023 11:00,320.27,316.774
09/11/2023 11:30,276.746,280.574
09/11/2023 12:00,289.286,286.334
09/11/2023 12:30,238.528,170.694
09/11/2023 13:00,250.126,195.274
09/11/2023 13:30,240.008,235.354
09/11/2023 14:00,247.328,242.934
09/11/2023 14:30,252.808,223.174
09/11/2023 15:00,290.768,241.474
09/11/2023 15:30,283.068,248.234
09/11/2023 16:00,269.408,267.034
09/11/2023 16:30,292.228,282.614
09/11/2023 17:00,287.788,272.294
09/11/2023 17:30,337.848,349.514
09/11/2023 18:00,310.608,344.814
09/11/2023 18:30,372.668,408.034
09/11/2023 19:00,374.688,399.134
09/11/2023 19:30,390.488,405.154
09/11/2023 20:00,387.008,406.274
09/11/2023 20:30,356.348,368.414
09/11/2023 21:00,334.628,344.454
09/11/2023 21:30,276.728,300.514
09/11/2023 22:00,275.31,302.654
09/11/2023 22:30,282.11,299.394
09/11/2023 23:00,341.01,336.594
09/11/2023 23:30,343.47,329.834
10/11/2023 00:00,345.61,298.554
10/11/2023 00:30,340.77,309.554
10/11/2023 01:00,336.11,311.034
10/11/2023 01:30,348.39,331.114
10/11/2023 02:00,335.85,336.034
10/11/2023 02:30,345.43,314.714
10/11/2023 03:00,317.508,272.714
10/11/2023 03:30,271.35,237.894
10/11/2023 04:00,224.23,205.974
10/11/2023 04:30,192.29,178.534
10/11/2023 05:00,151.57,158.794
10/11/2023 05:30,119.93,116.014
10/11/2023 06:00,87.03,101.654
10/11/2023 06:30,59.81,83.394
10/11/2023 07:00,38.69,46.314
10/11/2023 07:30,17.99,29.134
10/11/2023 08:00,14.848,26.254
10/11/2023 08:30,15.07,22.154
10/11/2023 09:00,19.51,25.954
10/11/2023 09:30,27.11,37.112
10/11/2023 10:00,41.35,70.274
10/11/2023 10:30,64.31,81.394
10/11/2023 11:00,61.51,94.914
10/11/2023 11:30,105.73,116.454
10/11/2023 12:00,123.41,110.854
10/11/2023 12:30,110.69,110.794
10/11/2023 13:00,97.51,171.754
10/11/2023 13:30,186.468,250.794
10/11/2023 14:00,178.61,232.474
10/11/2023 14:30,177.25,333.034
10/11/2023 15:00,267.97,387.294
10/11/2023 15:30,303.07,320.014
10/11/2023 16:00,257.25,348.774
10/11/2023 16:30,302.49,365.134
10/11/2023 17:00,338.53,342.574
10/11/2023 17:30,343.468,285.514
10/11/2023 18:00,278.07,258.614
10/11/2023 18:30,254.61,253.334
10/11/2023 19:00,220.03,210.314
10/11/2023 19:30,187.39,235.234
10/11/2023 20:00,190.09,194.014
10/11/2023 20:30,153.07,167.154
10/11/2023 21:00,143.19,160.254
10/11/2023 21:30,149.21,174.854
10/11/2023 22:00,136.89,136.774
10/11/2023 22:30,115.83,123.174
10/11/2023 23:00,102.77,109.354
10/11/2023 23:30,85.948,94.014
11/11/2023 00:00,107.85,124.914
11/11/2023 00:30,114.47,116.494
11/11/2023 01:00,116.21,151.474
11/11/2023 01:30,146.71,199.934
11/11/2023 02:00,179.07,192.334
11/11/2023 02:30,176.51,220.154
11/11/2023 03:00,178.97,203.814
11/11/2023 03:30,185.93,214.254
11/11/2023 04:00,204.57,213.774
11/11/2023 04:30,197.99,200.534
11/11/2023 05:00,181.71,216.414
11/11/2023 05:30,183.188,210.934
11/11/2023 06:00,188.95,242.194
11/11/2023 06:30,209.97,253.874
11/11/2023 07:00,201.31,260.234
11/11/2023 07:30,209.49,327.994
11/11/2023 08:00,254.15,365.794
11/11/2023 08:30,311.55,381.214
11/11/2023 09:00,297.23,375.494
11/11/2023 09:30,221.51,292.774
11/11/2023 10:00,254.81,316.174
11/11/2023 10:30,265.01,289.074
11/11/2023 11:00,203.51,289.814
11/11/2023 11:30,169.308,243.354
11/11/2023 12:00,146.45,230.394
11/11/2023 12:30,136.41,200.794
11/11/2023 13:00,130.25,198.034
11/11/2023 13:30,102.57,139.494
11/11/2023 14:00,89.43,99.594
11/11/2023 14:30,59.71,95.294
11/11/2023 15:00,64.91,149.934
11/11/2023 15:30,94.528,85.674
11/11/2023 16:00,51.37,73.314
11/11/2023 16:30,62.85,93.734
11/11/2023 17:00,59.49,94.274
11/11/2023 17:30,43.11,62.794
11/11/2023 18:00,28.27,41.454
11/11/2023 18:30,22.13,27.854
11/11/2023 19:00,11.69,23.154
11/11/2023 19:30,10.79,28.794
11/11/2023 20:00,5.57,24.894
11/11/2023 20:30,8.668,13.374
11/11/2023 21:00,7.91,12.214
11/11/2023 21:30,4.208,5.526
11/11/2023 22:00,,
11/11/2023 22:30,,
11/11/2023 23:00,,
11/11/2023 23:30,,
12/11/2023 00:00,,
12/11/2023 00:30,,
12/11/2023 01:00,,
12/11/2023 01:30,,
12/11/2023 02:00,,
12/11/2023 02:30,,
12/11/2023 03:00,,
12/11/2023 03:30,,
12/11/2023 04:00,,
12/11/2023 04:30,,
12/11/2023 05:00,,
12/11/2023 05:30,,
12/11/2023 06:00,,
12/11/2023 06:30,,
12/11/2023 07:00,,
12/11/2023 07:30,,
12/11/2023 08:00,,6.474
12/11/2023 08:30,,0.516
12/11/2023 09:00,,
12/11/2023 09:30,2.31,
12/11/2023 10:00,2.85,2.434
12/11/2023 10:30,4.23,6.354
12/11/2023 11:00,8.59,11.414
12/11/2023 11:30,10.97,18.774
12/11/2023 12:00,14.99,22.354
12/11/2023 12:30,17.81,28.654
12/11/2023 13:00,21.51,24.494
12/11/2023 13:30,25.11,29.574
12/11/2023 14:00,29.61,33.094
12/11/2023 14:30,40.17,48.034
12/11/2023 15:00,61.908,67.674
12/11/2023 15:30,74.57,84.834
12/11/2023 16:00,86.99,91.214
12/11/2023 16:30,106.67,100.534
12/11/2023 17:00,87.09,108.434
12/11/2023 17:30,110.63,126.474
12/11/2023 18:00,119.31,107.494
12/11/2023 18:30,120.75,116.594
12/11/2023 19:00,153.87,163.534
12/11/2023 19:30,200.11,196.654
12/11/2023 20:00,232.77,249.234
12/11/2023 20:30,267.368,290.314
12/11/2023 21:00,266.19,247.074
12/11/2023 21:30,273.91,263.354
12/11/2023 22:00,274.89,254.294
12/11/2023 22:30,237.97,228.674
12/11/2023 23:00,190.83,211.234
12/11/2023 23:30,141.69,181.114
13/11/2023 00:00,148.95,188.434
13/11/2023 00:30,118.05,145.454
13/11/2023 01:00,109.15,146.114
13/11/2023 01:30,106.51,130.554
13/11/2023 02:00,86.608,116.274
13/11/2023 02:30,110.87,158.214
13/11/2023 03:00,107.13,151.754
13/11/2023 03:30,61.41,95.514
13/11/2023 04:00,94.77,128.274
13/11/2023 04:30,129.89,162.814
13/11/2023 05:00,161.23,231.774
13/11/2023 05:30,175.21,184.674
13/11/2023 06:00,278.63,239.954
13/11/2023 06:30,358.39,305.894
13/11/2023 07:00,408.888,406.154
13/11/2023 07:30,410.63,411.294
13/11/2023 08:00,411.25,411.334
13/11/2023 08:30,411.47,411.314
13/11/2023 09:00,411.21,411.174
13/11/2023 09:30,410.49,409.614
13/11/2023 10:00,407.21,410.694
13/11/2023 10:30,403.71,411.254
13/11/2023 11:00,405.91,411.394
13/11/2023 11:30,409.77,411.334
13/11/2023 12:00,408.67,411.114
13/11/2023 12:30,411.07,411.314
13/11/2023 13:00,411.21,411.474
13/11/2023 13:30,403.83,411.314
13/11/2023 14:00,410.95,411.414
13/11/2023 14:30,410.95,411.114
13/11/2023 15:00,411.25,411.434
13/11/2023 15:30,411.03,411.194
13/11/2023 16:00,410.93,411.394
13/11/2023 16:30,409.85,411.174
13/11/2023 17:00,402.17,411.494
13/11/2023 17:30,399.53,411.094
13/11/2023 18:00,400.55,411.434
13/11/2023 18:30,401.29,411.274
13/11/2023 19:00,401.47,411.374
13/11/2023 19:30,400.41,411.254
13/11/2023 20:00,400.788,411.154
13/11/2023 20:30,401.01,411.474
13/11/2023 21:00,402.27,411.254
13/11/2023 21:30,401.91,411.254
13/11/2023 22:00,402.13,411.474
13/11/2023 22:30,402.21,410.614
13/11/2023 23:00,402.05,409.154
13/11/2023 23:30,402.148,411.434
14/11/2023 00:00,402.09,411.234
14/11/2023 00:30,402.13,408.294
14/11/2023 01:00,402.13,411.454
14/11/2023 01:30,225.59,217.414
14/11/2023 02:00,42.79,42.794
14/11/2023 02:30,42.65,42.794
14/11/2023 03:00,42.67,42.774
14/11/2023 03:30,42.65,42.774
14/11/2023 04:00,42.648,42.754
14/11/2023 04:30,42.65,42.794
14/11/2023 05:00,42.65,42.774
14/11/2023 05:30,42.65,42.794
14/11/2023 06:00,275.51,250.094
14/11/2023 06:30,392.77,411.014
14/11/2023 07:00,392.37,410.614
14/11/2023 07:30,390.09,382.634
14/11/2023 08:00,387.33,390.154
14/11/2023 08:30,392.45,409.734
14/11/2023 09:00,388.71,404.474
14/11/2023 09:30,359.37,365.534
14/11/2023 10:00,286.97,278.974
14/11/2023 10:30,262.37,257.574
14/11/2023 11:00,227.13,220.834
14/11/2023 11:30,180.33,184.894
14/11/2023 12:00,115.81,122.874
14/11/2023 12:30,90.63,112.014
14/11/2023 13:00,82.83,98.034
14/11/2023 13:30,70.07,94.934
14/11/2023 14:00,70.73,109.414
14/11/2023 14:30,67.37,117.794
14/11/2023 15:00,76.79,109.054
14/11/2023 15:30,73.27,87.074
14/11/2023 16:00,74.33,99.434
14/11/2023 16:30,89.79,151.274
14/11/2023 17:00,130.07,191.454
14/11/2023 17:30,213.69,225.094
14/11/2023 18:00,173.57,167.114
14/11/2023 18:30,236.25,230.454
14/11/2023 19:00,291.328,221.274
14/11/2023 19:30,233.25,225.234
14/11/2023 20:00,267.79,311.034
14/11/2023 20:30,284.79,319.414
14/11/2023 21:00,300.25,359.294
14/11/2023 21:30,352.23,359.274
14/11/2023 22:00,283.39,294.434
14/11/2023 22:30,296.15,265.694
14/11/2023 23:00,264.53,300.074
14/11/2023 23:30,330.61,336.094
15/11/2023 00:00,338.568,362.394
15/11/2023 00:30,375.91,391.134
15/11/2023 01:00,387.63,394.054
15/11/2023 01:30,394.31,404.094
15/11/2023 02:00,396.19,400.134
15/11/2023 02:30,400.99,410.334
15/11/2023 03:00,400.69,402.914
15/11/2023 03:30,401.37,398.114
15/11/2023 04:00,397.87,403.374
15/11/2023 04:30,397.39,409.994
15/11/2023 05:00,402.068,411.154
15/11/2023 05:30,400.91,408.654
15/11/2023 06:00,401.23,410.494
15/11/2023 06:30,402.09,411.194
15/11/2023 07:00,402.13,411.214
15/11/2023 07:30,402.27,411.274
15/11/2023 08:00,402.07,411.394
15/11/2023 08:30,402.25,411.294
15/11/2023 09:00,402.27,411.354
15/11/2023 09:30,402.11,411.314
15/11/2023 10:00,402.03,411.314
15/11/2023 10:30,402.148,411.254
15/11/2023 11:00,402.17,409.714
15/11/2023 11:30,401.77,407.714
15/11/2023 12:00,402.09,400.954
15/11/2023 12:30,401.89,404.054
15/11/2023 13:00,402.21,402.034
15/11/2023 13:30,402.11,408.974
15/11/2023 14:00,402.168,409.274
15/11/2023 14:30,402.27,407.314
15/11/2023 15:00,401.89,409.674
15/11/2023 15:30,402.25,411.394
15/11/2023 16:00,401.25,411.154
15/11/2023 16:30,393.47,389.414
15/11/2023 17:00,283.07,230.894
15/11/2023 17:30,165.29,187.654
15/11/2023 18:00,117.248,121.354
15/11/2023 18:30,89.51,109.374
15/11/2023 19:00,62.83,64.294
15/11/2023 19:30,34.11,24.954
15/11/2023 20:00,7.15,6.894
15/11/2023 20:30,6.55,0.358
15/11/2023 21:00,,
15/11/2023 21:30,,
15/11/2023 22:00,,
15/11/2023 22:30,,
15/11/2023 23:00,,
15/11/2023 23:30,,
16/11/2023 00:00,,
16/11/2023 00:30,,
16/11/2023 01:00,,
16/11/2023 01:30,,
16/11/2023 02:00,,
16/11/2023 02:30,,
16/11/2023 03:00,,0.17
16/11/2023 03:30,3.19,6.934
16/11/2023 04:00,5.828,10.834
16/11/2023 04:30,11.01,16.334
16/11/2023 05:00,23.11,24.334
16/11/2023 05:30,41.21,36.634
16/11/2023 06:00,41.97,44.354
16/11/2023 06:30,46.83,39.714
16/11/2023 07:00,59.27,45.194
16/11/2023 07:30,54.53,46.954
16/11/2023 08:00,62.67,61.154
16/11/2023 08:30,69.09,55.794
16/11/2023 09:00,61.028,58.434
16/11/2023 09:30,55.23,53.134
16/11/2023 10:00,59.47,48.934
16/11/2023 10:30,64.348,56.434
16/11/2023 11:00,59.31,54.094
16/11/2023 11:30,54.53,46.594
16/11/2023 12:00,53.25,42.894
16/11/2023 12:30,52.97,44.894
16/11/2023 13:00,40.928,36.714
16/11/2023 13:30,30.99,34.494
16/11/2023 14:00,30.69,31.474
16/11/2023 14:30,26.25,22.154
16/11/2023 15:00,16.57,13.534
16/11/2023 15:30,9.55,4.794
16/11/2023 16:00,,
16/11/2023 16:30,,
16/11/2023 17:00,,
16/11/2023 17:30,,
16/11/2023 18:00,,
16/11/2023 18:30,,
16/11/2023 19:00,,
16/11/2023 19:30,,
16/11/2023 20:00,,
16/11/2023 20:30,,
16/11/2023 21:00,,
16/11/2023 21:30,,
16/11/2023 22:00,,
16/11/2023 22:30,1.078,9.314
16/11/2023 23:00,15.59,29.794
16/11/2023 23:30,44.21,44.594
17/11/2023 00:00,44.33,57.034
17/11/2023 00:30,57.25,83.734
17/11/2023 01:00,101.83,111.154
17/11/2023 01:30,104.57,119.294
17/11/2023 02:00,105.49,78.194
17/11/2023 02:30,77.03,78.114
17/11/2023 03:00,97.75,101.574
17/11/2023 03:30,120.61,81.794
17/11/2023 04:00,36.008,27.834
17/11/2023 04:30,23.13,29.894
17/11/2023 05:00,28.35,30.494
17/11/2023 05:30,31.33,28.294
17/11/2023 06:00,23.63,18.014
17/11/2023 06:30,27.41,19.994
17/11/2023 07:00,10.47,8.034
17/11/2023 07:30,1.558,
17/11/2023 08:00,,
17/11/2023 08:30,,
17/11/2023 09:00,,
17/11/2023 09:30,,
17/11/2023 10:00,,
17/11/2023 10:30,,
17/11/2023 11:00,1.202,
17/11/2023 11:30,13.048,13.054
17/11/2023 12:00,13.09,4.374
17/11/2023 12:30,3.922,
17/11/2023 13:00,,
17/11/2023 13:30,1.45,2.998
17/11/2023 14:00,3.608,7.054
17/11/2023 14:30,2.944,3.192
17/11/2023 15:00,,
17/11/2023 15:30,,
17/11/2023 16:00,,0.398
17/11/2023 16:30,10.23,11.394
17/11/2023 17:00,14.57,16.074
17/11/2023 17:30,25.15,31.874
17/11/2023 18:00,41.21,57.134
17/11/2023 18:30,46.148,46.934
17/11/2023 19:00,35.77,40.974
17/11/2023 19:30,47.63,47.154
17/11/2023 20:00,41.21,39.114
17/11/2023 20:30,43.67,54.254
17/11/2023 21:00,36.19,38.394
17/11/2023 21:30,28.01,30.914
17/11/2023 22:00,37.13,51.794
17/11/2023 22:30,45.87,57.774
17/11/2023 23:00,66.99,79.334
17/11/2023 23:30,73.008,87.514
18/11/2023 00:00,56.29,66.994
18/11/2023 00:30,60.39,73.674
18/11/2023 01:00,112.91,100.854
18/11/2023 01:30,144.49,133.234
18/11/2023 02:00,176.69,165.434
18/11/2023 02:30,212.97,231.434
18/11/2023 03:00,166.37,203.394
18/11/2023 03:30,163.33,232.954
18/11/2023 04:00,238.93,307.994
18/11/2023 04:30,378.508,381.314
18/11/2023 05:00,409.65,410.694
18/11/2023 05:30,409.45,411.114
18/11/2023 06:00,409.77,411.174
18/11/2023 06:30,409.79,410.994
18/11/2023 07:00,409.99,411.354
18/11/2023 07:30,405.71,411.054
18/11/2023 08:00,409.95,411.014
18/11/2023 08:30,404.21,411.274
18/11/2023 09:00,402.73,407.894
18/11/2023 09:30,402.41,403.634
18/11/2023 10:00,401.11,401.974
18/11/2023 10:30,380.15,394.894
18/11/2023 11:00,395.15,402.234
18/11/2023 11:30,402.29,402.714
18/11/2023 12:00,398.81,402.234
18/11/2023 12:30,402.13,402.414
18/11/2023 13:00,404.73,399.174
18/11/2023 13:30,389.47,358.034
18/11/2023 14:00,394.23,377.334
18/11/2023 14:30,401.93,402.394
18/11/2023 15:00,401.45,396.954
18/11/2023 15:30,380.93,364.574
18/11/2023 16:00,336.808,378.874
18/11/2023 16:30,351.09,390.294
18/11/2023 17:00,395.57,406.174
18/11/2023 17:30,401.53,407.494
18/11/2023 18:00,400.51,356.034
18/11/2023 18:30,400.19,403.274
18/11/2023 19:00,400.09,410.994
18/11/2023 19:30,405.31,411.194
18/11/2023 20:00,405.21,411.094
18/11/2023 20:30,405.13,411.054
18/11/2023 21:00,404.87,410.954
18/11/2023 21:30,405.47,411.354
18/11/2023 22:00,405.43,410.974
18/11/2023 22:30,405.21,411.134
18/11/2023 23:00,405.49,411.074
18/11/2023 23:30,405.23,410.974
19/11/2023 00:00,405.25,411.114
19/11/2023 00:30,405.33,411.214
19/11/2023 01:00,405.57,411.234
19/11/2023 01:30,405.23,410.974
19/11/2023 02:00,405.43,411.154
19/11/2023 02:30,405.43,410.934
19/11/2023 03:00,405.27,411.114
19/11/2023 03:30,404.77,411.094
19/11/2023 04:00,395.89,411.054
19/11/2023 04:30,396.07,411.134
19/11/2023 05:00,396.07,411.114
19/11/2023 05:30,395.87,411.154
19/11/2023 06:00,395.95,411.154
19/11/2023 06:30,393.59,410.334
19/11/2023 07:00,74.43,86.894
19/11/2023 07:30,42.65,42.794
19/11/2023 08:00,42.71,42.794
19/11/2023 08:30,339.31,96.494
19/11/2023 09:00,396.31,403.254
19/11/2023 09:30,394.39,402.834
19/11/2023 10:00,396.33,402.854
19/11/2023 10:30,395.83,402.874
19/11/2023 11:00,396.11,402.734
19/11/2023 11:30,395.97,399.914
19/11/2023 12:00,396.19,402.674
19/11/2023 12:30,395.77,402.594
19/11/2023 13:00,395.868,402.594
19/11/2023 13:30,395.93,402.734
19/11/2023 14:00,396.09,402.134
19/11/2023 14:30,396.23,402.034
19/11/2023 15:00,395.91,400.034
19/11/2023 15:30,401.27,399.774
19/11/2023 16:00,400.85,378.254
19/11/2023 16:30,404.188,398.694
19/11/2023 17:00,405.49,402.594
19/11/2023 17:30,405.01,402.654
19/11/2023 18:00,405.37,409.394
19/11/2023 18:30,405.27,411.094
19/11/2023 19:00,405.27,411.434
19/11/2023 19:30,401.87,411.394
19/11/2023 20:00,401.65,411.374
19/11/2023 20:30,401.89,411.254
19/11/2023 21:00,401.97,411.354
19/11/2023 21:30,401.97,411.314
19/11/2023 22:00,401.99,408.712
19/11/2023 22:30,400.988,397.152
19/11/2023 23:00,393.45,395.112
19/11/2023 23:30,391.01,370.812
20/11/2023 00:00,373.37,381.812
20/11/2023 00:30,397.63,402.392
20/11/2023 01:00,379.41,395.312
20/11/2023 01:30,387.83,395.614
20/11/2023 02:00,389.87,386.214
20/11/2023 02:30,383.09,379.354
20/11/2023 03:00,386.43,383.894
20/11/2023 03:30,378.608,363.514
20/11/2023 04:00,363.85,364.174
20/11/2023 04:30,355.71,372.654
20/11/2023 05:00,376.45,352.454
20/11/2023 05:30,354.91,314.814
20/11/2023 06:00,310.67,297.494
20/11/2023 06:30,262.59,269.994
20/11/2023 07:00,236.07,250.274
20/11/2023 07:30,208.09,234.534
20/11/2023 08:00,210.928,214.674
20/11/2023 08:30,182.09,212.114
20/11/2023 09:00,145.37,193.974
20/11/2023 09:30,112.37,175.054
20/11/2023 10:00,130.97,188.434
20/11/2023 10:30,132.67,162.934
20/11/2023 11:00,123.09,135.594
20/11/2023 11:30,123.03,150.814
20/11/2023 12:00,126.25,124.574
20/11/2023 12:30,105.35,104.274
20/11/2023 13:00,78.93,94.534
20/11/2023 13:30,63.63,97.874
20/11/2023 14:00,66.95,113.494
20/11/2023 14:30,48.13,84.814
20/11/2023 15:00,34.99,64.354
20/11/2023 15:30,35.35,62.134
20/11/2023 16:00,48.55,65.254
20/11/2023 16:30,60.51,89.994
20/11/2023 17:00,61.13,102.914
20/11/2023 17:30,58.27,95.994
20/11/2023 18:00,62.05,103.954
20/11/2023 18:30,83.03,112.714
20/11/2023 19:00,126.75,191.094
20/11/2023 19:30,161.27,226.094
20/11/2023 20:00,196.63,224.514
20/11/2023 20:30,218.55,241.054
20/11/2023 21:00,235.43,343.274
20/11/2023 21:30,328.13,305.094
20/11/2023 22:00,300.168,327.274
20/11/2023 22:30,320.57,319.674
20/11/2023 23:00,294.87,295.334
20/11/2023 23:30,260.31,269.074
21/11/2023 00:00,221.37,233.874
21/11/2023 00:30,207.73,233.554
21/11/2023 01:00,232.508,217.334
21/11/2023 01:30,194.53,194.034
21/11/2023 02:00,191.21,262.434
21/11/2023 02:30,204.69,279.294
21/11/2023 03:00,167.75,276.874
21/11/2023 03:30,118.83,285.034
21/11/2023 04:00,139.95,289.274
21/11/2023 04:30,155.25,274.374
21/11/2023 05:00,130.248,195.574
21/11/2023 05:30,96.49,105.194
21/11/2023 06:00,101.43,86.554
21/11/2023 06:30,129.13,111.874
21/11/2023 07:00,259.51,294.534
21/11/2023 07:30,402.41,410.094
21/11/2023 08:00,402.99,410.854
21/11/2023 08:30,401.07,411.114
21/11/2023 09:00,405.408,410.374
21/11/2023 09:30,405.03,409.154
21/11/2023 10:00,399.99,404.354
21/11/2023 10:30,388.59,375.534
21/11/2023 11:00,392.01,398.434
21/11/2023 11:30,394.55,396.694
21/11/2023 12:00,374.83,370.714
21/11/2023 12:30,349.908,297.274
21/11/2023 13:00,323.49,295.274
21/11/2023 13:30,337.35,278.974
21/11/2023 14:00,278.75,264.674
21/11/2023 14:30,248.03,245.194
21/11/2023 15:00,239.89,215.354
21/11/2023 15:30,205.15,168.254
21/11/2023 16:00,208.93,189.614
21/11/2023 16:30,215.51,189.594
21/11/2023 17:00,167.53,155.134
21/11/2023 17:30,132.01,118.774
21/11/2023 18:00,96.49,93.254
21/11/2023 18:30,93.59,87.054
21/11/2023 19:00,63.03,45.594
21/11/2023 19:30,35.79,18.194
21/11/2023 20:00,16.77,18.254
21/11/2023 20:30,13.59,7.584
21/11/2023 21:00,11.348,
21/11/2023 21:30,,
21/11/2023 22:00,,
21/11/2023 22:30,,
21/11/2023 23:00,,
21/11/2023 23:30,,
22/11/2023 00:00,,3.754
22/11/2023 00:30,13.53,17.254
22/11/2023 01:00,27.55,18.894
22/11/2023 01:30,13.27,14.194
22/11/2023 02:00,19.628,28.034
22/11/2023 02:30,31.11,28.274
22/11/2023 03:00,29.91,50.474
22/11/2023 03:30,62.31,76.334
22/11/2023 04:00,96.45,121.394
22/11/2023 04:30,127.01,147.834
22/11/2023 05:00,179.15,182.894
22/11/2023 05:30,213.69,186.854
22/11/2023 06:00,203.13,217.034
22/11/2023 06:30,215.19,209.394
22/11/2023 07:00,225.85,229.294
22/11/2023 07:30,268.808,304.814
22/11/2023 08:00,284.21,298.754
22/11/2023 08:30,278.37,293.794
22/11/2023 09:00,254.55,260.934
22/11/2023 09:30,267.75,315.134
22/11/2023 10:00,315.07,350.994
22/11/2023 10:30,343.65,379.174
22/11/2023 11:00,362.61,390.254
22/11/2023 11:30,371.87,396.834
22/11/2023 12:00,371.79,398.034
22/11/2023 12:30,381.928,399.694
22/11/2023 13:00,383.35,398.694
22/11/2023 13:30,382.11,381.554
22/11/2023 14:00,378.81,361.434
22/11/2023 14:30,372.95,369.214
22/11/2023 15:00,358.63,374.714
22/11/2023 15:30,377.45,390.094
22/11/2023 16:00,384.23,397.974
22/11/2023 16:30,391.17,402.094
22/11/2023 17:00,398.83,399.154
22/11/2023 17:30,395.77,396.694
22/11/2023 18:00,401.31,402.394
22/11/2023 18:30,402.27,403.514
22/11/2023 19:00,404.63,411.174
22/11/2023 19:30,406.35,402.694
22/11/2023 20:00,406.37,403.094
22/11/2023 20:30,406.73,403.094
22/11/2023 21:00,405.91,402.374
22/11/2023 21:30,406.33,402.954
22/11/2023 22:00,406.35,402.894
22/11/2023 22:30,406.47,402.334
22/11/2023 23:00,405.65,401.734
22/11/2023 23:30,406.03,402.154
23/11/2023 00:00,406.77,402.574
23/11/2023 00:30,406.39,396.134
23/11/2023 01:00,405.75,400.674
23/11/2023 01:30,405.11,399.194
23/11/2023 02:00,405.85,346.174
23/11/2023 02:30,396.53,336.174
23/11/2023 03:00,361.51,372.454
23/11/2023 03:30,392.75,344.114
23/11/2023 04:00,387.39,334.454
23/11/2023 04:30,403.41,400.334
23/11/2023 05:00,402.95,392.934
23/11/2023 05:30,386.25,397.434
23/11/2023 06:00,396.53,403.134
23/11/2023 06:30,381.31,402.794
23/11/2023 07:00,398.63,397.714
23/11/2023 07:30,403.31,401.734
23/11/2023 08:00,410.27,403.214
23/11/2023 08:30,409.81,403.034
23/11/2023 09:00,409.988,402.914
23/11/2023 09:30,410.09,403.154
23/11/2023 10:00,409.73,403.334
23/11/2023 10:30,410.09,403.192
23/11/2023 11:00,409.75,403.252
23/11/2023 11:30,409.81,403.052
23/11/2023 12:00,410.13,402.692
23/11/2023 12:30,409.79,403.172
23/11/2023 13:00,410.13,403.392
23/11/2023 13:30,409.85,403.212
23/11/2023 14:00,410.09,401.152
23/11/2023 14:30,409.77,403.334
23/11/2023 15:00,409.97,403.054
23/11/2023 15:30,409.99,402.554
23/11/2023 16:00,409.89,400.754
23/11/2023 16:30,409.71,401.414
23/11/2023 17:00,409.71,399.014
23/11/2023 17:30,409.73,397.154
23/11/2023 18:00,409.95,403.414
23/11/2023 18:30,409.89,403.514
23/11/2023 19:00,410.01,403.174
23/11/2023 19:30,409.83,403.154
23/11/2023 20:00,410.008,403.554
23/11/2023 20:30,409.67,402.094
23/11/2023 21:00,408.67,400.634
23/11/2023 21:30,400.05,390.454
23/11/2023 22:00,409.57,397.654
23/11/2023 22:30,409.99,401.814
23/11/2023 23:00,410.01,403.314
23/11/2023 23:30,409.79,403.514
24/11/2023 00:00,410.37,403.174
24/11/2023 00:30,411.308,403.214
24/11/2023 01:00,411.35,403.454
24/11/2023 01:30,411.53,403.414
24/11/2023 02:00,410.97,403.054
24/11/2023 02:30,411.35,401.794
24/11/2023 03:00,411.41,403.274
24/11/2023 03:30,411.11,403.174
24/11/2023 04:00,411.53,403.214
24/11/2023 04:30,411.33,400.654
24/11/2023 05:00,411.29,403.334
24/11/2023 05:30,411.348,403.414
24/11/2023 06:00,407.71,398.834
24/11/2023 06:30,410.65,403.274
24/11/2023 07:00,411.29,402.794
24/11/2023 07:30,404.27,403.634
24/11/2023 08:00,401.45,403.314
24/11/2023 08:30,402.53,403.334
24/11/2023 09:00,402.53,403.434
24/11/2023 09:30,401.63,403.354
24/11/2023 10:00,402.51,403.314
24/11/2023 10:30,402.55,403.494
24/11/2023 11:00,402.33,403.234
24/11/2023 11:30,402.87,403.374
24/11/2023 12:00,402.43,403.294
24/11/2023 12:30,401.89,403.354
24/11/2023 13:00,401.61,403.374
24/11/2023 13:30,402.61,403.354
24/11/2023 14:00,402.53,402.594
24/11/2023 14:30,400.91,400.434
24/11/2023 15:00,401.79,403.274
24/11/2023 15:30,401.27,403.394
24/11/2023 16:00,401.43,402.814
24/11/2023 16:30,399.91,402.814
24/11/2023 17:00,402.67,403.514
24/11/2023 17:30,402.77,403.274
24/11/2023 18:00,402.59,403.334
24/11/2023 18:30,402.75,403.374
24/11/2023 19:00,402.69,403.294
24/11/2023 19:30,402.67,403.514
24/11/2023 20:00,402.45,403.514
24/11/2023 20:30,402.73,403.154
24/11/2023 21:00,402.57,403.434
24/11/2023 21:30,402.35,402.894
24/11/2023 22:00,402.53,400.514
24/11/2023 22:30,401.45,398.494
24/11/2023 23:00,399.99,395.774
24/11/2023 23:30,396.048,391.294
25/11/2023 00:00,371.57,399.294
25/11/2023 00:30,367.31,399.074
25/11/2023 01:00,388.25,402.894
25/11/2023 01:30,401.61,401.854
25/11/2023 02:00,400.93,402.874
25/11/2023 02:30,400.99,402.634
25/11/2023 03:00,402.35,403.374
25/11/2023 03:30,402.59,403.334
25/11/2023 04:00,401.73,403.434
25/11/2023 04:30,401.85,403.394
25/11/2023 05:00,402.31,400.974
25/11/2023 05:30,402.77,402.594
25/11/2023 06:00,402.668,403.194
25/11/2023 06:30,402.57,403.434
25/11/2023 07:00,402.51,403.474
25/11/2023 07:30,402.67,403.314
25/11/2023 08:00,402.79,403.274
25/11/2023 08:30,402.21,403.094
25/11/2023 09:00,391.39,400.894
25/11/2023 09:30,391.09,388.174
25/11/2023 10:00,386.09,378.414
25/11/2023 10:30,381.91,397.374
25/11/2023 11:00,380.09,399.174
25/11/2023 11:30,373.21,396.514
25/11/2023 12:00,294.23,381.774
25/11/2023 12:30,323.09,377.354
25/11/2023 13:00,272.03,345.554
25/11/2023 13:30,264.91,347.354
25/11/2023 14:00,295.67,365.514
25/11/2023 14:30,264.67,302.574
25/11/2023 15:00,281.61,279.114
25/11/2023 15:30,257.67,266.854
25/11/2023 16:00,248.09,225.674
25/11/2023 16:30,242.31,229.594
25/11/2023 17:00,199.47,183.154
25/11/2023 17:30,180.13,194.094
25/11/2023 18:00,157.57,205.174
25/11/2023 18:30,146.25,184.934
25/11/2023 19:00,112.428,179.594
25/11/2023 19:30,114.91,222.814
25/11/2023 20:00,156.49,214.994
25/11/2023 20:30,160.43,184.914
25/11/2023 21:00,143.71,157.354
25/11/2023 21:30,123.09,159.334
25/11/2023 22:00,113.15,165.774
25/11/2023 22:30,72.07,129.754
25/11/2023 23:00,58.75,99.974
25/11/2023 23:30,89.39,125.354
26/11/2023 00:00,105.07,92.934
26/11/2023 00:30,68.29,62.614
26/11/2023 01:00,37.71,50.374
26/11/2023 01:30,31.29,45.414
26/11/2023 02:00,31.15,39.774
26/11/2023 02:30,32.748,44.374
26/11/2023 03:00,40.09,38.934
26/11/2023 03:30,27.77,31.014
26/11/2023 04:00,32.05,31.294
26/11/2023 04:30,26.55,22.834
26/11/2023 05:00,18.39,23.914
26/11/2023 05:30,29.43,40.794
26/11/2023 06:00,36.83,37.394
26/11/2023 06:30,32.81,27.174
26/11/2023 07:00,21.47,19.674
26/11/2023 07:30,13.43,9.454
26/11/2023 08:00,7.03,3.254
26/11/2023 08:30,15.87,22.934
26/11/2023 09:00,39.61,30.874
26/11/2023 09:30,31.89,18.574
26/11/2023 10:00,33.568,28.954
26/11/2023 10:30,67.67,62.794
26/11/2023 11:00,90.89,77.814
26/11/2023 11:30,83.29,72.274
26/11/2023 12:00,56.11,61.134
26/11/2023 12:30,33.75,41.594
26/11/2023 13:00,34.01,40.714
26/11/2023 13:30,37.25,31.974
26/11/2023 14:00,25.35,24.594
26/11/2023 14:30,18.21,21.834
26/11/2023 15:00,38.05,29.934
26/11/2023 15:30,46.23,38.274
26/11/2023 16:00,36.77,35.314
26/11/2023 16:30,43.51,36.894
26/11/2023 17:00,39.45,33.434
26/11/2023 17:30,48.27,40.154
26/11/2023 18:00,40.69,39.114
26/11/2023 18:30,44.21,37.994
26/11/2023 19:00,46.45,34.574
26/11/2023 19:30,31.61,28.034
26/11/2023 20:00,28.17,31.274
26/11/2023 20:30,27.93,35.274
26/11/2023 21:00,14.73,15.354
26/11/2023 21:30,15.59,17.594
26/11/2023 22:00,13.25,12.994
26/11/2023 22:30,3.77,2.574
26/11/2023 23:00,,
26/11/2023 23:30,,
27/11/2023 00:00,,
27/11/2023 00:30,,
27/11/2023 01:00,,
27/11/2023 01:30,,
27/11/2023 02:00,,
27/11/2023 02:30,,
27/11/2023 03:00,,
27/11/2023 03:30,,
27/11/2023 04:00,,
27/11/2023 04:30,,
27/11/2023 05:00,,
27/11/2023 05:30,,
27/11/2023 06:00,,
27/11/2023 06:30,,
27/11/2023 07:00,,
27/11/2023 07:30,0.156,
27/11/2023 08:00,5.61,0.144
27/11/2023 08:30,16.05,8.814
27/11/2023 09:00,29.93,25.134
27/11/2023 09:30,38.93,30.034
27/11/2023 10:00,28.01,22.734
27/11/2023 10:30,29.01,18.014
27/11/2023 11:00,31.51,10.914
27/11/2023 11:30,38.91,12.794
27/11/2023 12:00,30.75,19.834
27/11/2023 12:30,29.948,21.834
27/11/2023 13:00,62.93,32.274
27/11/2023 13:30,132.07,79.394
27/11/2023 14:00,179.77,136.314
27/11/2023 14:30,216.15,169.594
27/11/2023 15:00,233.77,205.574
27/11/2023 15:30,246.91,215.774
27/11/2023 16:00,306.15,280.854
27/11/2023 16:30,375.97,336.634
27/11/2023 17:00,391.09,312.914
27/11/2023 17:30,373.09,279.214
27/11/2023 18:00,345.43,286.254
27/11/2023 18:30,215.59,227.874
27/11/2023 19:00,301.39,274.054
27/11/2023 19:30,281.49,224.354
27/11/2023 20:00,259.03,213.854
27/11/2023 20:30,333.81,286.194
27/11/2023 21:00,336.49,246.334
27/11/2023 21:30,386.37,322.874
27/11/2023 22:00,398.73,396.014
27/11/2023 22:30,386.21,380.754
27/11/2023 23:00,389.83,368.094
27/11/2023 23:30,382.65,368.934
28/11/2023 00:00,333.35,328.114
28/11/2023 00:30,381.59,357.954
28/11/2023 01:00,363.268,349.054
28/11/2023 01:30,293.13,309.594
28/11/2023 02:00,319.19,292.634
28/11/2023 02:30,210.51,199.674
28/11/2023 03:00,254.87,201.014
28/11/2023 03:30,246.27,192.814
28/11/2023 04:00,189.67,160.734
28/11/2023 04:30,120.75,98.314
28/11/2023 05:00,52.75,77.674
28/11/2023 05:30,35.17,51.214
28/11/2023 06:00,27.05,19.714
28/11/2023 06:30,69.15,65.254
28/11/2023 07:00,83.21,97.554
28/11/2023 07:30,19.65,4.108
28/11/2023 08:00,,
28/11/2023 08:30,,
28/11/2023 09:00,,
28/11/2023 09:30,,
28/11/2023 10:00,,0.48
28/11/2023 10:30,17.19,54.794
28/11/2023 11:00,52.31,87.074
28/11/2023 11:30,77.33,122.134
28/11/2023 12:00,158.53,202.514
28/11/2023 12:30,189.77,179.534
28/11/2023 13:00,163.25,173.294
28/11/2023 13:30,168.29,173.214
28/11/2023 14:00,198.128,236.694
28/11/2023 14:30,233.17,283.214
28/11/2023 15:00,271.09,304.354
28/11/2023 15:30,245.35,289.314
28/11/2023 16:00,207.69,224.934
28/11/2023 16:30,219.45,267.774
28/11/2023 17:00,270.51,285.134
28/11/2023 17:30,302.55,317.534
28/11/2023 18:00,261.43,305.894
28/11/2023 18:30,310.21,328.274
28/11/2023 19:00,333.37,368.314
28/11/2023 19:30,368.27,387.414
28/11/2023 20:00,368.37,382.754
28/11/2023 20:30,385.89,391.714
28/11/2023 21:00,387.388,390.334
28/11/2023 21:30,387.09,394.034
28/11/2023 22:00,394.91,409.814
28/11/2023 22:30,313.91,361.054
28/11/2023 23:00,331.61,374.254
28/11/2023 23:30,289.93,289.554
29/11/2023 00:00,311.63,319.554
29/11/2023 00:30,297.51,327.214
29/11/2023 01:00,243.39,247.634
29/11/2023 01:30,240.65,231.254
29/11/2023 02:00,192.43,192.934
29/11/2023 02:30,119.79,118.134
29/11/2023 03:00,178.83,99.314
29/11/2023 03:30,114.13,54.374
29/11/2023 04:00,51.53,23.694
29/11/2023 04:30,15.068,37.334
29/11/2023 05:00,15.11,25.314
29/11/2023 05:30,17.41,11.614
29/11/2023 06:00,26.85,13.034
29/11/2023 06:30,19.77,73.234
29/11/2023 07:00,32.45,32.074
29/11/2023 07:30,23.17,23.654
29/11/2023 08:00,16.83,5.994
29/11/2023 08:30,20.03,1.9
29/11/2023 09:00,14.21,0.614
29/11/2023 09:30,3.69,0.812
29/11/2023 10:00,1.13,1.062
29/11/2023 10:30,0.218,1.24
29/11/2023 11:00,7.03,6.594
29/11/2023 11:30,10.39,15.874
29/11/2023 12:00,23.068,33.654
29/11/2023 12:30,42.57,58.974
29/11/2023 13:00,52.89,60.534
29/11/2023 13:30,38.55,42.434
29/11/2023 14:00,24.03,30.974
29/11/2023 14:30,19.73,31.334
29/11/2023 15:00,28.25,38.554
29/11/2023 15:30,30.81,25.214
29/11/2023 16:00,41.63,40.094
29/11/2023 16:30,39.63,15.194
29/11/2023 17:00,19.25,19.914
29/11/2023 17:30,,17.734
29/11/2023 18:00,4.5,15.674
29/11/2023 18:30,15.37,30.354
29/11/2023 19:00,24.39,7.674
29/11/2023 19:30,12.248,3.874
29/11/2023 20:00,4.556,
29/11/2023 20:30,,
29/11/2023 21:00,15.37,24.054
29/11/2023 21:30,19.97,22.074
29/11/2023 22:00,30.15,25.714
29/11/2023 22:30,23.952,49.954
29/11/2023 23:00,51.892,89.174
29/11/2023 23:30,59.092,74.834
30/11/2023 00:00,42.032,36.354
30/11/2023 00:30,73.292,71.194
30/11/2023 01:00,103.332,96.254
30/11/2023 01:30,92.072,99.114
30/11/2023 02:00,92.652,89.594
30/11/2023 02:30,108.89,111.234
30/11/2023 03:00,102.772,120.954
30/11/2023 03:30,66.452,76.434
30/11/2023 04:00,114.65,105.454
30/11/2023 04:30,110.592,103.974
30/11/2023 05:00,115.052,127.094
30/11/2023 05:30,95.47,146.854
30/11/2023 06:00,95.572,103.294
30/11/2023 06:30,105.492,107.694
30/11/2023 07:00,79.21,80.894
30/11/2023 07:30,76.812,112.754
30/11/2023 08:00,87.372,152.954
30/11/2023 08:30,107.832,138.214
30/11/2023 09:00,72.892,104.374
30/11/2023 09:30,149.332,123.814
30/11/2023 10:00,256.15,240.634
30/11/2023 10:30,83.03,115.214
30/11/2023 11:00,127.492,141.614
30/11/2023 11:30,108.67,98.434
30/11/2023 12:00,87.13,66.794
30/11/2023 12:30,90.892,127.034
30/11/2023 13:00,156.312,173.474
30/11/2023 13:30,144.472,133.814
30/11/2023 14:00,147.952,150.014
30/11/2023 14:30,152.03,156.574
30/11/2023 15:00,122.952,137.194
30/11/2023 15:30,107.812,124.574
30/11/2023 16:00,170.192,162.814
30/11/2023 16:30,133.172,95.374
30/11/2023 17:00,139.552,107.534
30/11/2023 17:30,164.412,151.634
30/11/2023 18:00,187.492,162.234
30/11/2023 18:30,157.632,138.094
30/11/2023 19:00,116.672,104.334
30/11/2023 19:30,115.45,102.054
30/11/2023 20:00,106.752,102.574
30/11/2023 20:30,101.212,123.314
30/11/2023 21:00,99.852,77.754
30/11/2023 21:30,96.392,91.694
30/11/2023 22:00,76.55,65.854
30/11/2023 22:30,73.87,59.954
30/11/2023 23:00,116.09,117.874
30/11/2023 23:30,73.012,56.894
01/12/2023 00:00,95.432,78.934
01/12/2023 00:30,75.832,83.454
01/12/2023 01:00,68.192,55.734
01/12/2023 01:30,78.812,41.354
01/12/2023 02:00,74.512,57.134
01/12/2023 02:30,54.692,46.634
01/12/2023 03:00,49.872,35.094
01/12/2023 03:30,51.752,42.214
01/12/2023 04:00,69.372,78.114
01/12/2023 04:30,59.892,44.554
01/12/2023 05:00,55.05,41.854
01/12/2023 05:30,90.53,134.254
01/12/2023 06:00,147.512,151.034
01/12/2023 06:30,106.372,122.654
01/12/2023 07:00,52.072,54.474
01/12/2023 07:30,25.592,32.214
01/12/2023 08:00,79.932,45.634
01/12/2023 08:30,40.072,49.874
01/12/2023 09:00,37.812,37.114
01/12/2023 09:30,17.572,18.874
01/12/2023 10:00,12.092,23.454
01/12/2023 10:30,59.152,38.674
01/12/2023 11:00,60.492,56.954
01/12/2023 11:30,57.872,54.554
01/12/2023 12:00,273.812,220.034
01/12/2023 12:30,163.092,129.574
01/12/2023 13:00,26.332,39.414
01/12/2023 13:30,21.852,42.554
01/12/2023 14:00,44.552,33.794
01/12/2023 14:30,37.872,33.314
01/12/2023 15:00,18.692,31.754
01/12/2023 15:30,11.072,31.354
01/12/2023 16:00,50.412,45.814
01/12/2023 16:30,51.352,41.674
01/12/2023 17:00,72.712,25.974
01/12/2023 17:30,123.372,61.854
01/12/2023 18:00,31.392,39.534
01/12/2023 18:30,2.208,17.194
01/12/2023 19:00,7.172,4.614
01/12/2023 19:30,17.65,7.774
01/12/2023 20:00,13.352,8.754
01/12/2023 20:30,3.628,4.914
01/12/2023 21:00,,
01/12/2023 21:30,,
01/12/2023 22:00,,
01/12/2023 22:30,,
01/12/2023 23:00,,
01/12/2023 23:30,,
02/12/2023 00:00,,
02/12/2023 00:30,,
02/12/2023 01:00,,
02/12/2023 01:30,4.61,
02/12/2023 02:00,,
02/12/2023 02:30,,
02/12/2023 03:00,,
02/12/2023 03:30,,
02/12/2023 04:00,,
02/12/2023 04:30,,
02/12/2023 05:00,,
02/12/2023 05:30,,
02/12/2023 06:00,,2.112
02/12/2023 06:30,,6.254
02/12/2023 07:00,,19.894
02/12/2023 07:30,0.81,5.05
02/12/2023 08:00,0.208,
02/12/2023 08:30,0.634,
02/12/2023 09:00,,0.952
02/12/2023 09:30,3.712,10.094
02/12/2023 10:00,13.372,15.414
02/12/2023 10:30,10.972,5.834
02/12/2023 11:00,8.552,3.894
02/12/2023 11:30,7.232,3.534
02/12/2023 12:00,15.73,19.994
02/12/2023 12:30,27.852,18.234
02/12/2023 13:00,23.012,21.194
02/12/2023 13:30,24.05,21.854
02/12/2023 14:00,33.45,25.354
02/12/2023 14:30,29.132,27.234
02/12/2023 15:00,30.112,23.314
02/12/2023 15:30,23.672,34.974
02/12/2023 16:00,43.592,58.854
02/12/2023 16:30,52.132,67.354
02/12/2023 17:00,55.692,61.914
02/12/2023 17:30,54.332,62.534
02/12/2023 18:00,72.712,72.934
02/12/2023 18:30,77.212,89.054
02/12/2023 19:00,78.832,81.694
02/12/2023 19:30,72.932,89.454
02/12/2023 20:00,106.592,122.534
02/12/2023 20:30,104.132,128.574
02/12/2023 21:00,122.292,135.014
02/12/2023 21:30,119.972,162.694
02/12/2023 22:00,129.03,160.554
02/12/2023 22:30,109.45,140.594
02/12/2023 23:00,103.65,124.414
02/12/2023 23:30,85.492,114.434
03/12/2023 00:00,87.97,122.594
03/12/2023 00:30,91.01,105.954
03/12/2023 01:00,103.028,119.134
03/12/2023 01:30,114.968,177.514
03/12/2023 02:00,138.37,191.174
03/12/2023 02:30,123.17,149.654
03/12/2023 03:00,148.212,162.714
03/12/2023 03:30,165.31,148.434
03/12/2023 04:00,284.29,235.994
03/12/2023 04:30,370.332,266.914
03/12/2023 05:00,350.97,234.194
03/12/2023 05:30,346.57,278.394
03/12/2023 06:00,382.172,272.514
03/12/2023 06:30,321.31,331.774
03/12/2023 07:00,319.61,388.754
03/12/2023 07:30,386.37,409.134
03/12/2023 08:00,386.712,408.534
03/12/2023 08:30,391.152,409.534
03/12/2023 09:00,391.872,406.394
03/12/2023 09:30,392.152,411.014
03/12/2023 10:00,391.672,409.794
03/12/2023 10:30,382.992,381.194
03/12/2023 11:00,363.31,320.034
03/12/2023 11:30,314.93,282.674
03/12/2023 12:00,255.572,240.554
03/12/2023 12:30,196.512,162.374
03/12/2023 13:00,139.61,112.234
03/12/2023 13:30,114.792,92.554
03/12/2023 14:00,103.472,82.314
03/12/2023 14:30,84.73,55.674
03/12/2023 15:00,83.532,45.814
03/12/2023 15:30,72.772,39.374
03/12/2023 16:00,65.032,32.934
03/12/2023 16:30,60.552,30.394
03/12/2023 17:00,50.552,24.314
03/12/2023 17:30,43.072,17.454
03/12/2023 18:00,44.232,14.054
03/12/2023 18:30,46.652,15.354
03/12/2023 19:00,33.032,6.894
03/12/2023 19:30,13.632,11.854
03/12/2023 20:00,7.832,11.194
03/12/2023 20:30,4.37,5.814
03/12/2023 21:00,2.672,2.294
03/12/2023 21:30,3.392,
03/12/2023 22:00,6.372,
03/12/2023 22:30,17.072,2.834
03/12/2023 23:00,17.652,2.43
03/12/2023 23:30,33.032,16.974
04/12/2023 00:00,36.812,16.614
04/12/2023 00:30,42.252,11.894
04/12/2023 01:00,76.892,22.134
04/12/2023 01:30,144.312,57.594
04/12/2023 02:00,173.192,106.494
04/12/2023 02:30,253.592,145.314
04/12/2023 03:00,239.372,168.114
04/12/2023 03:30,285.612,212.194
04/12/2023 04:00,319.232,238.814
04/12/2023 04:30,296.272,255.834
04/12/2023 05:00,247.892,251.294
04/12/2023 05:30,266.832,236.414
04/12/2023 06:00,197.712,184.854
04/12/2023 06:30,119.212,130.094
04/12/2023 07:00,183.29,159.754
04/12/2023 07:30,276.852,230.874
04/12/2023 08:00,322.752,334.174
04/12/2023 08:30,342.71,383.994
04/12/2023 09:00,298.132,328.894
04/12/2023 09:30,236.292,270.274
04/12/2023 10:00,230.312,228.114
04/12/2023 10:30,270.032,192.834
04/12/2023 11:00,265.452,250.754
04/12/2023 11:30,237.77,227.054
04/12/2023 12:00,214.212,234.994
04/12/2023 12:30,158.292,186.034
04/12/2023 13:00,149.092,176.094
04/12/2023 13:30,183.112,185.954
04/12/2023 14:00,162.272,179.754
04/12/2023 14:30,159.332,145.294
04/12/2023 15:00,214.832,155.374
04/12/2023 15:30,185.172,154.134
04/12/2023 16:00,177.23,150.774
04/12/2023 16:30,207.112,199.574
04/12/2023 17:00,244.452,212.014
04/12/2023 17:30,275.112,245.474
04/12/2023 18:00,287.512,259.774
04/12/2023 18:30,291.572,283.374
04/12/2023 19:00,344.212,298.994
04/12/2023 19:30,360.772,349.414
04/12/2023 20:00,378.452,350.754
04/12/2023 20:30,383.112,349.854
04/12/2023 21:00,376.572,359.154
04/12/2023 21:30,382.112,349.414
04/12/2023 22:00,397.652,379.374
04/12/2023 22:30,401.632,382.374
04/12/2023 23:00,392.67,364.274
04/12/2023 23:30,393.092,373.014
05/12/2023 00:00,399.312,390.914
05/12/2023 00:30,398.792,395.594
05/12/2023 01:00,391.53,387.554
05/12/2023 01:30,394.412,393.834
05/12/2023 02:00,385.032,379.934
05/12/2023 02:30,380.832,362.334
05/12/2023 03:00,371.012,347.634
05/12/2023 03:30,342.932,301.434
05/12/2023 04:00,307.852,287.294
05/12/2023 04:30,308.072,226.274
05/12/2023 05:00,303.452,261.194
05/12/2023 05:30,343.092,354.974
05/12/2023 06:00,384.652,361.634
05/12/2023 06:30,370.39,385.794
05/12/2023 07:00,347.73,383.054
05/12/2023 07:30,347.37,341.794
05/12/2023 08:00,356.17,377.454
05/12/2023 08:30,379.01,376.774
05/12/2023 09:00,349.39,343.234
05/12/2023 09:30,360.11,336.794
05/12/2023 10:00,345.87,371.354
05/12/2023 10:30,378.192,396.794
05/12/2023 11:00,313.75,379.714
05/12/2023 11:30,368.75,357.274
05/12/2023 12:00,368.23,354.654
05/12/2023 12:30,308.53,326.734
05/12/2023 13:00,286.89,283.854
05/12/2023 13:30,260.23,255.214
05/12/2023 14:00,223.73,220.094
05/12/2023 14:30,194.49,199.474
05/12/2023 15:00,174.032,192.234
05/12/2023 15:30,156.552,198.034
05/12/2023 16:00,220.452,177.614
05/12/2023 16:30,225.91,153.414
05/12/2023 17:00,175.732,236.094
05/12/2023 17:30,213.31,223.374
05/12/2023 18:00,218.432,296.574
05/12/2023 18:30,281.452,334.834
05/12/2023 19:00,290.072,308.054
05/12/2023 19:30,309.452,288.094
05/12/2023 20:00,306.192,301.614
05/12/2023 20:30,264.73,247.674
05/12/2023 21:00,241.572,229.234
05/12/2023 21:30,240.812,246.834
05/12/2023 22:00,197.012,187.274
05/12/2023 22:30,172.912,222.294
05/12/2023 23:00,195.792,242.394
05/12/2023 23:30,170.652,204.374
06/12/2023 00:00,173.572,187.814
06/12/2023 00:30,158.432,177.934
06/12/2023 01:00,181.972,241.514
06/12/2023 01:30,170.812,189.394
06/12/2023 02:00,174.952,207.634
06/12/2023 02:30,155.692,132.474
06/12/2023 03:00,167.932,142.374
06/12/2023 03:30,155.07,168.354
06/12/2023 04:00,155.152,126.754
06/12/2023 04:30,115.472,136.534
06/12/2023 05:00,142.912,188.374
06/12/2023 05:30,92.73,119.254
06/12/2023 06:00,119.472,122.234
06/12/2023 06:30,81.15,58.194
06/12/2023 07:00,103.17,94.894
06/12/2023 07:30,68.772,50.074
06/12/2023 08:00,41.832,40.194
06/12/2023 08:30,30.812,45.294
06/12/2023 09:00,30.632,37.614
06/12/2023 09:30,42.312,32.494
06/12/2023 10:00,27.492,23.454
06/12/2023 10:30,13.152,10.834
06/12/2023 11:00,7.352,2.346
06/12/2023 11:30,,
06/12/2023 12:00,,
06/12/2023 12:30,,
06/12/2023 13:00,,
06/12/2023 13:30,,
06/12/2023 14:00,,
06/12/2023 14:30,,
06/12/2023 15:00,,
06/12/2023 15:30,,
06/12/2023 16:00,,
06/12/2023 16:30,,
06/12/2023 17:00,,
06/12/2023 17:30,,
06/12/2023 18:00,,
06/12/2023 18:30,,
06/12/2023 19:00,,1.98
06/12/2023 19:30,0.926,6.254
06/12/2023 20:00,7.472,15.794
06/12/2023 20:30,14.412,21.894
06/12/2023 21:00,23.412,36.674
06/12/2023 21:30,32.57,53.334
06/12/2023 22:00,52.51,74.634
06/12/2023 22:30,71.23,103.114
06/12/2023 23:00,88.17,116.994
06/12/2023 23:30,115.312,132.074
07/12/2023 00:00,136.192,155.534
07/12/2023 00:30,133.492,173.834
07/12/2023 01:00,125.77,170.514
07/12/2023 01:30,151.012,192.434
07/12/2023 02:00,229.51,253.734
07/12/2023 02:30,259.572,241.674
07/12/2023 03:00,199.19,247.574
07/12/2023 03:30,195.63,259.934
07/12/2023 04:00,220.49,286.354
07/12/2023 04:30,237.012,292.234
07/12/2023 05:00,257.85,317.834
07/12/2023 05:30,241.432,321.114
07/12/2023 06:00,269.812,333.754
07/12/2023 06:30,318.312,375.974
07/12/2023 07:00,291.412,362.354
07/12/2023 07:30,356.832,405.474
07/12/2023 08:00,391.132,411.214
07/12/2023 08:30,385.69,411.014
07/12/2023 09:00,393.532,411.074
07/12/2023 09:30,393.252,410.894
07/12/2023 10:00,388.432,410.354
07/12/2023 10:30,392.692,409.834
07/12/2023 11:00,396.652,410.494
07/12/2023 11:30,392.952,410.814
07/12/2023 12:00,392.512,411.134
07/12/2023 12:30,392.672,411.114
07/12/2023 13:00,392.592,410.934
07/12/2023 13:30,392.572,411.154
07/12/2023 14:00,392.752,410.994
07/12/2023 14:30,392.592,411.194
07/12/2023 15:00,392.532,411.174
07/12/2023 15:30,392.812,411.174
07/12/2023 16:00,392.412,411.074
07/12/2023 16:30,392.672,411.034
07/12/2023 17:00,392.812,411.034
07/12/2023 17:30,392.652,411.014
07/12/2023 18:00,392.552,411.194
07/12/2023 18:30,392.75,409.214
07/12/2023 19:00,392.432,410.874
07/12/2023 19:30,392.732,411.314
07/12/2023 20:00,392.77,411.094
07/12/2023 20:30,392.552,410.974
07/12/2023 21:00,392.652,411.154
07/12/2023 21:30,392.652,410.914
07/12/2023 22:00,392.792,410.954
07/12/2023 22:30,392.592,411.034
07/12/2023 23:00,392.532,411.054
07/12/2023 23:30,392.652,411.114
08/12/2023 00:00,392.432,408.974
08/12/2023 00:30,391.07,395.614
08/12/2023 01:00,382.832,367.814
08/12/2023 01:30,372.412,310.734
08/12/2023 02:00,284.552,247.834
08/12/2023 02:30,192.072,185.794
08/12/2023 03:00,132.69,154.514
08/12/2023 03:30,100.55,135.894
08/12/2023 04:00,134.452,143.794
08/12/2023 04:30,119.212,123.274
08/12/2023 05:00,100.21,110.074
08/12/2023 05:30,87.392,83.774
08/12/2023 06:00,69.612,71.994
08/12/2023 06:30,66.432,85.954
08/12/2023 07:00,58.412,84.054
08/12/2023 07:30,85.412,115.254
08/12/2023 08:00,119.212,127.494
08/12/2023 08:30,102.052,111.634
08/12/2023 09:00,86.152,110.554
08/12/2023 09:30,91.732,105.354
08/12/2023 10:00,94.572,135.114
08/12/2023 10:30,139.792,163.514
08/12/2023 11:00,142.852,153.214
08/12/2023 11:30,197.17,191.254
08/12/2023 12:00,209.012,217.394
08/12/2023 12:30,227.252,247.314
08/12/2023 13:00,267.67,261.314
08/12/2023 13:30,308.912,267.974
08/12/2023 14:00,310.452,295.374
08/12/2023 14:30,349.072,344.714
08/12/2023 15:00,370.752,382.254
08/12/2023 15:30,373.05,392.414
08/12/2023 16:00,375.812,396.234
08/12/2023 16:30,386.232,399.254
08/12/2023 17:00,383.13,400.834
08/12/2023 17:30,383.19,402.814
08/12/2023 18:00,383.31,405.794
08/12/2023 18:30,383.272,411.174
08/12/2023 19:00,383.27,410.974
08/12/2023 19:30,385.872,411.314
08/12/2023 20:00,392.012,411.274
08/12/2023 20:30,391.25,411.214
08/12/2023 21:00,397.932,401.234
08/12/2023 21:30,400.412,410.354
08/12/2023 22:00,400.772,411.154
08/12/2023 22:30,400.492,411.394
08/12/2023 23:00,400.61,411.134
08/12/2023 23:30,400.252,411.334
09/12/2023 00:00,395.472,403.154
09/12/2023 00:30,389.49,386.374
09/12/2023 01:00,392.61,393.034
09/12/2023 01:30,400.052,410.674
09/12/2023 02:00,400.49,410.934
09/12/2023 02:30,397.612,407.554
09/12/2023 03:00,369.95,381.754
09/12/2023 03:30,291.71,360.854
09/12/2023 04:00,318.092,386.954
09/12/2023 04:30,323.85,390.314
09/12/2023 05:00,289.19,374.694
09/12/2023 05:30,252.912,353.394
09/12/2023 06:00,288.05,375.014
09/12/2023 06:30,359.832,400.154
09/12/2023 07:00,377.932,409.094
09/12/2023 07:30,381.83,400.954
09/12/2023 08:00,397.97,402.474
09/12/2023 08:30,392.75,402.854
09/12/2023 09:00,392.472,403.034
09/12/2023 09:30,393.75,402.894
09/12/2023 10:00,398.512,409.394
09/12/2023 10:30,398.652,410.574
09/12/2023 11:00,400.492,411.094
09/12/2023 11:30,398.592,411.114
09/12/2023 12:00,392.03,411.154
09/12/2023 12:30,400.172,410.994
09/12/2023 13:00,400.232,410.774
09/12/2023 13:30,356.332,385.934
09/12/2023 14:00,354.672,376.154
09/12/2023 14:30,399.95,406.054
09/12/2023 15:00,400.692,411.254
09/12/2023 15:30,400.55,411.054
09/12/2023 16:00,400.612,410.494
09/12/2023 16:30,397.952,408.214
09/12/2023 17:00,399.172,410.914
09/12/2023 17:30,400.612,411.234
09/12/2023 18:00,400.63,411.034
09/12/2023 18:30,400.532,407.734
09/12/2023 19:00,400.572,410.914
09/12/2023 19:30,393.932,411.054
09/12/2023 20:00,395.712,411.174
09/12/2023 20:30,391.97,411.174
09/12/2023 21:00,387.772,411.134
09/12/2023 21:30,391.53,407.474
09/12/2023 22:00,390.372,409.134
09/12/2023 22:30,395.152,411.214
09/12/2023 23:00,387.692,410.974
09/12/2023 23:30,386.13,411.214
10/12/2023 00:00,385.752,411.194
10/12/2023 00:30,386.612,411.114
10/12/2023 01:00,380.932,411.154
10/12/2023 01:30,386.192,411.174
10/12/2023 02:00,389.87,411.034
10/12/2023 02:30,391.212,410.894
10/12/2023 03:00,389.352,411.294
10/12/2023 03:30,390.31,410.894
10/12/2023 04:00,391.492,411.094
10/12/2023 04:30,388.07,411.034
10/12/2023 05:00,390.232,411.274
10/12/2023 05:30,390.012,411.134
10/12/2023 06:00,391.212,411.054
10/12/2023 06:30,391.152,411.074
10/12/2023 07:00,391.092,411.114
10/12/2023 07:30,389.852,408.134
10/12/2023 08:00,374.492,406.094
10/12/2023 08:30,303.432,343.134
10/12/2023 09:00,263.692,266.194
10/12/2023 09:30,293.112,327.294
10/12/2023 10:00,377.672,397.194
10/12/2023 10:30,291.712,292.314
10/12/2023 11:00,134.652,151.634
10/12/2023 11:30,185.612,190.414
10/12/2023 12:00,176.17,196.854
10/12/2023 12:30,81.292,104.154
10/12/2023 13:00,143.732,230.654
10/12/2023 13:30,247.27,313.834
10/12/2023 14:00,236.812,291.514
10/12/2023 14:30,287.592,317.334
10/12/2023 15:00,328.592,337.534
10/12/2023 15:30,350.372,369.094
10/12/2023 16:00,348.212,331.194
10/12/2023 16:30,358.932,389.114
10/12/2023 17:00,335.252,397.254
10/12/2023 17:30,356.092,395.834
10/12/2023 18:00,390.432,402.594
10/12/2023 18:30,393.67,401.614
10/12/2023 19:00,400.512,402.334
10/12/2023 19:30,380.992,395.534
10/12/2023 20:00,398.53,402.174
10/12/2023 20:30,399.952,397.374
10/12/2023 21:00,399.572,399.674
10/12/2023 21:30,405.972,407.434
10/12/2023 22:00,409.432,411.074
10/12/2023 22:30,409.652,411.094
10/12/2023 23:00,409.732,411.094
10/12/2023 23:30,409.632,411.014
11/12/2023 00:00,409.752,411.134
11/12/2023 00:30,409.63,411.094
11/12/2023 01:00,407.39,411.094
11/12/2023 01:30,409.852,408.494
11/12/2023 02:00,398.972,393.014
11/12/2023 02:30,393.072,379.034
11/12/2023 03:00,405.57,396.754
11/12/2023 03:30,409.832,407.474
11/12/2023 04:00,409.712,407.214
11/12/2023 04:30,406.932,404.394
11/12/2023 05:00,395.972,383.234
11/12/2023 05:30,398.252,393.494
11/12/2023 06:00,396.132,397.274
11/12/2023 06:30,354.69,358.374
11/12/2023 07:00,248.572,314.954
11/12/2023 07:30,219.41,210.014
11/12/2023 08:00,215.808,199.514
11/12/2023 08:30,192.292,209.114
11/12/2023 09:00,197.83,189.514
11/12/2023 09:30,186.992,197.094
11/12/2023 10:00,195.752,211.034
11/12/2023 10:30,163.652,194.614
11/12/2023 11:00,203.552,201.334
11/12/2023 11:30,166.612,130.734
11/12/2023 12:00,139.432,139.154
11/12/2023 12:30,156.192,171.514
11/12/2023 13:00,174.452,203.434
11/12/2023 13:30,155.112,191.794
11/12/2023 14:00,120.95,158.954
11/12/2023 14:30,118.092,140.934
11/12/2023 15:00,117.252,121.074
11/12/2023 15:30,105.27,105.434
11/12/2023 16:00,80.052,83.554
11/12/2023 16:30,55.392,66.154
11/12/2023 17:00,41.952,42.074
11/12/2023 17:30,18.512,21.714
11/12/2023 18:00,21.152,26.814
11/12/2023 18:30,29.492,26.174
11/12/2023 19:00,30.872,19.334
11/12/2023 19:30,31.852,33.214
11/12/2023 20:00,18.05,21.834
11/12/2023 20:30,10.652,7.614
11/12/2023 21:00,,
11/12/2023 21:30,,
11/12/2023 22:00,,
11/12/2023 22:30,,
11/12/2023 23:00,,
11/12/2023 23:30,,
12/12/2023 00:00,,
12/12/2023 00:30,,0.502
12/12/2023 01:00,,2.894
12/12/2023 01:30,,3.854
12/12/2023 02:00,11.432,14.134
12/12/2023 02:30,23.09,37.114
12/12/2023 03:00,64.63,76.114
12/12/2023 03:30,109.272,120.354
12/12/2023 04:00,129.672,138.894
12/12/2023 04:30,175.332,177.974
12/12/2023 05:00,209.132,209.074
12/12/2023 05:30,298.212,276.934
12/12/2023 06:00,356.572,310.194
12/12/2023 06:30,355.132,297.754
12/12/2023 07:00,294.692,316.574
12/12/2023 07:30,199.172,210.654
12/12/2023 08:00,149.132,117.734
12/12/2023 08:30,147.452,65.534
12/12/2023 09:00,88.99,53.134
12/12/2023 09:30,57.49,63.854
12/12/2023 10:00,53.792,59.594
12/12/2023 10:30,35.97,47.994
12/12/2023 11:00,34.372,47.354
12/12/2023 11:30,31.872,38.274
12/12/2023 12:00,10.432,16.012
12/12/2023 12:30,1.912,8.014
12/12/2023 13:00,6.012,6.994
12/12/2023 13:30,13.592,7.374
12/12/2023 14:00,14.632,9.894
12/12/2023 14:30,10.81,10.734
12/12/2023 15:00,,
12/12/2023 15:30,,
12/12/2023 16:00,,
12/12/2023 16:30,,
12/12/2023 17:00,,
12/12/2023 17:30,,
12/12/2023 18:00,,
12/12/2023 18:30,,
12/12/2023 19:00,,0.354
12/12/2023 19:30,,
12/12/2023 20:00,,
12/12/2023 20:30,,
12/12/2023 21:00,,1.584
12/12/2023 21:30,,13.974
12/12/2023 22:00,,13.834
12/12/2023 22:30,,12.094
12/12/2023 23:00,2.192,10.914
12/12/2023 23:30,2.472,6.494
13/12/2023 00:00,1.09,0.318
13/12/2023 00:30,,
13/12/2023 01:00,,
13/12/2023 01:30,,0.388
13/12/2023 02:00,7.528,39.214
13/12/2023 02:30,37.808,105.894
13/12/2023 03:00,72.532,95.934
13/12/2023 03:30,79.99,100.254
13/12/2023 04:00,139.912,187.594
13/12/2023 04:30,191.692,214.594
13/12/2023 05:00,179.572,240.594
13/12/2023 05:30,218.832,306.934
13/12/2023 06:00,310.112,370.214
13/12/2023 06:30,354.192,398.034
13/12/2023 07:00,392.09,411.074
13/12/2023 07:30,393.352,411.174
13/12/2023 08:00,389.272,411.174
13/12/2023 08:30,318.49,410.234
13/12/2023 09:00,333.172,409.634
13/12/2023 09:30,398.392,411.034
13/12/2023 10:00,401.952,410.954
13/12/2023 10:30,401.292,411.074
13/12/2023 11:00,403.272,411.134
13/12/2023 11:30,401.732,409.694
13/12/2023 12:00,401.77,403.134
13/12/2023 12:30,401.912,410.314
13/12/2023 13:00,401.612,410.874
13/12/2023 13:30,401.872,411.014
13/12/2023 14:00,401.81,411.214
13/12/2023 14:30,401.732,410.994
13/12/2023 15:00,401.992,411.254
13/12/2023 15:30,401.752,410.914
13/12/2023 16:00,401.81,411.054
13/12/2023 16:30,400.97,410.954
13/12/2023 17:00,398.652,405.654
13/12/2023 17:30,388.872,390.214
13/12/2023 18:00,364.27,364.754
13/12/2023 18:30,342.472,352.014
13/12/2023 19:00,298.672,289.794
13/12/2023 19:30,239.632,250.954
13/12/2023 20:00,223.312,241.974
13/12/2023 20:30,186.75,187.094
13/12/2023 21:00,185.272,170.234
13/12/2023 21:30,156.792,167.454
13/12/2023 22:00,144.512,134.094
13/12/2023 22:30,104.092,96.534
13/12/2023 23:00,71.192,57.174
13/12/2023 23:30,43.812,35.614
14/12/2023 00:00,26.512,24.234
14/12/2023 00:30,18.69,20.854
14/12/2023 01:00,21.632,27.974
14/12/2023 01:30,31.012,38.374
14/12/2023 02:00,15.192,31.214
14/12/2023 02:30,16.192,32.294
14/12/2023 03:00,32.632,36.674
14/12/2023 03:30,18.492,24.434
14/12/2023 04:00,17.912,15.954
14/12/2023 04:30,16.812,25.374
14/12/2023 05:00,15.972,23.074
14/12/2023 05:30,26.512,19.674
14/12/2023 06:00,30.412,31.354
14/12/2023 06:30,35.132,35.534
14/12/2023 07:00,66.112,81.554
14/12/2023 07:30,109.172,131.274
14/12/2023 08:00,138.732,162.634
14/12/2023 08:30,137.872,119.594
14/12/2023 09:00,97.412,109.914
14/12/2023 09:30,107.072,138.574
14/12/2023 10:00,153.85,231.974
14/12/2023 10:30,170.032,279.874
14/12/2023 11:00,213.832,291.874
14/12/2023 11:30,230.472,316.914
14/12/2023 12:00,246.332,305.134
14/12/2023 12:30,303.272,276.814
14/12/2023 13:00,215.212,180.494
14/12/2023 13:30,176.892,160.974
14/12/2023 14:00,153.212,141.514
14/12/2023 14:30,103.012,105.054
14/12/2023 15:00,137.032,132.894
14/12/2023 15:30,102.192,129.954
14/12/2023 16:00,127.192,187.774
14/12/2023 16:30,145.95,208.834
14/12/2023 17:00,134.652,187.114
14/12/2023 17:30,117.852,181.754
14/12/2023 18:00,114.892,172.054
14/12/2023 18:30,115.27,179.914
14/12/2023 19:00,128.73,192.214
14/12/2023 19:30,134.232,190.474
14/12/2023 20:00,159.872,216.374
14/12/2023 20:30,162.212,220.514
14/12/2023 21:00,138.372,200.714
14/12/2023 21:30,107.012,216.214
14/12/2023 22:00,136.252,244.214
14/12/2023 22:30,154.872,258.054
14/12/2023 23:00,180.312,245.474
14/12/2023 23:30,169.392,245.614
15/12/2023 00:00,162.012,262.454
15/12/2023 00:30,160.052,263.914
15/12/2023 01:00,168.092,257.434
15/12/2023 01:30,179.332,282.494
15/12/2023 02:00,169.292,263.234
15/12/2023 02:30,183.312,301.034
15/12/2023 03:00,178.79,318.594
15/12/2023 03:30,189.492,285.134
15/12/2023 04:00,143.032,181.314
15/12/2023 04:30,165.812,189.874
15/12/2023 05:00,211.932,246.394
15/12/2023 05:30,181.812,269.954
15/12/2023 06:00,172.152,284.974
15/12/2023 06:30,226.592,294.314
15/12/2023 07:00,290.632,372.154
15/12/2023 07:30,290.572,333.774
15/12/2023 08:00,277.71,317.274
15/12/2023 08:30,307.512,361.714
15/12/2023 09:00,225.412,280.254
15/12/2023 09:30,204.712,266.514
15/12/2023 10:00,244.772,304.814
15/12/2023 10:30,250.57,283.394
15/12/2023 11:00,261.452,285.254
15/12/2023 11:30,262.692,288.594
15/12/2023 12:00,271.712,295.494
15/12/2023 12:30,288.212,297.654
15/12/2023 13:00,282.952,288.654
15/12/2023 13:30,276.352,268.714
15/12/2023 14:00,253.732,258.694
15/12/2023 14:30,241.372,247.534
15/12/2023 15:00,275.292,299.714
15/12/2023 15:30,330.692,310.814
15/12/2023 16:00,349.172,317.514
15/12/2023 16:30,373.332,357.834
15/12/2023 17:00,375.012,354.514
15/12/2023 17:30,388.17,382.514
15/12/2023 18:00,394.192,406.794
15/12/2023 18:30,399.072,411.174
15/12/2023 19:00,401.91,407.594
15/12/2023 19:30,382.61,402.594
15/12/2023 20:00,389.252,404.894
15/12/2023 20:30,379.692,392.794
15/12/2023 21:00,390.75,408.914
15/12/2023 21:30,400.312,404.294
15/12/2023 22:00,399.132,377.914
15/12/2023 22:30,401.152,365.734
15/12/2023 23:00,393.112,371.134
15/12/2023 23:30,368.512,366.214
16/12/2023 00:00,395.952,386.614
16/12/2023 00:30,384.69,397.054
16/12/2023 01:00,381.372,400.934
16/12/2023 01:30,394.468,395.874
16/12/2023 02:00,399.952,384.674
16/12/2023 02:30,403.672,408.254
16/12/2023 03:00,386.51,410.794
16/12/2023 03:30,373.772,405.074
16/12/2023 04:00,389.25,382.174
16/12/2023 04:30,372.092,378.434
16/12/2023 05:00,368.112,349.974
16/12/2023 05:30,348.212,325.694
16/12/2023 06:00,325.152,318.074
16/12/2023 06:30,288.172,333.934
16/12/2023 07:00,275.252,346.794
16/12/2023 07:30,367.852,363.654
16/12/2023 08:00,382.808,361.534
16/12/2023 08:30,347.892,268.334
16/12/2023 09:00,348.172,249.494
16/12/2023 09:30,313.212,330.874
16/12/2023 10:00,368.092,355.094
16/12/2023 10:30,322.792,347.834
16/12/2023 11:00,326.072,377.354
16/12/2023 11:30,343.952,399.594
16/12/2023 12:00,361.532,410.754
16/12/2023 12:30,372.312,411.374
16/12/2023 13:00,371.712,411.154
16/12/2023 13:30,365.01,411.354
16/12/2023 14:00,374.752,411.374
16/12/2023 14:30,374.572,411.194
16/12/2023 15:00,377.312,411.154
16/12/2023 15:30,383.41,411.494
16/12/2023 16:00,382.512,410.414
16/12/2023 16:30,385.092,397.674
16/12/2023 17:00,396.012,403.034
16/12/2023 17:30,393.31,409.594
16/12/2023 18:00,401.872,411.234
16/12/2023 18:30,407.332,411.394
16/12/2023 19:00,404.29,411.354
16/12/2023 19:30,405.672,411.154
16/12/2023 20:00,409.452,407.534
16/12/2023 20:30,407.612,411.194
16/12/2023 21:00,379.872,410.454
16/12/2023 21:30,370.672,406.454
16/12/2023 22:00,386.212,399.614
16/12/2023 22:30,393.192,386.894
16/12/2023 23:00,401.152,394.134
16/12/2023 23:30,380.112,382.194
17/12/2023 00:00,396.612,398.654
17/12/2023 00:30,409.41,409.294
17/12/2023 01:00,409.97,409.074
17/12/2023 01:30,409.792,408.834
17/12/2023 02:00,409.95,409.034
17/12/2023 02:30,410.092,408.974
17/12/2023 03:00,409.852,409.054
17/12/2023 03:30,409.492,407.674
17/12/2023 04:00,407.772,400.514
17/12/2023 04:30,408.93,405.454
17/12/2023 05:00,409.672,407.514
17/12/2023 05:30,410.15,408.234
17/12/2023 06:00,409.992,403.034
17/12/2023 06:30,409.972,403.034
17/12/2023 07:00,409.83,403.254
17/12/2023 07:30,409.792,403.034
17/12/2023 08:00,410.072,402.954
17/12/2023 08:30,409.712,403.174
17/12/2023 09:00,410.09,402.954
17/12/2023 09:30,409.812,402.074
17/12/2023 10:00,409.992,403.034
17/12/2023 10:30,409.892,402.934
17/12/2023 11:00,409.872,403.074
17/12/2023 11:30,410.112,402.994
17/12/2023 12:00,409.192,403.014
17/12/2023 12:30,409.91,402.154
17/12/2023 13:00,410.07,401.354
17/12/2023 13:30,410.032,402.554
17/12/2023 14:00,409.812,403.134
17/12/2023 14:30,410.032,403.114
17/12/2023 15:00,409.952,402.774
17/12/2023 15:30,409.872,403.294
17/12/2023 16:00,409.87,403.134
17/12/2023 16:30,410.052,410.614
17/12/2023 17:00,410.012,411.194
17/12/2023 17:30,409.97,411.174
17/12/2023 18:00,410.152,411.154
17/12/2023 18:30,409.772,410.974
17/12/2023 19:00,409.97,410.714
17/12/2023 19:30,409.952,409.914
17/12/2023 20:00,406.73,409.354
17/12/2023 20:30,409.55,410.994
17/12/2023 21:00,409.852,410.774
17/12/2023 21:30,408.27,410.474
17/12/2023 22:00,405.732,410.934
17/12/2023 22:30,405.972,410.974
17/12/2023 23:00,409.952,410.914
17/12/2023 23:30,410.132,411.194
18/12/2023 00:00,411.17,411.294
18/12/2023 00:30,411.432,411.214
18/12/2023 01:00,411.112,407.914
18/12/2023 01:30,410.89,404.934
18/12/2023 02:00,403.332,411.374
18/12/2023 02:30,402.292,411.314
18/12/2023 03:00,408.592,411.174
18/12/2023 03:30,405.492,411.454
18/12/2023 04:00,406.392,411.174
18/12/2023 04:30,411.212,411.454
18/12/2023 05:00,408.31,411.034
18/12/2023 05:30,411.312,411.314
18/12/2023 06:00,411.372,410.434
18/12/2023 06:30,411.472,406.814
18/12/2023 07:00,411.352,399.694
18/12/2023 07:30,411.312,394.854
18/12/2023 08:00,411.292,396.734
18/12/2023 08:30,411.292,397.874
18/12/2023 09:00,411.492,396.674
18/12/2023 09:30,411.33,394.614
18/12/2023 10:00,411.232,395.054
18/12/2023 10:30,411.39,393.394
18/12/2023 11:00,411.372,394.534
18/12/2023 11:30,411.292,394.634
18/12/2023 12:00,411.292,394.374
18/12/2023 12:30,410.272,394.554
18/12/2023 13:00,399.312,394.634
18/12/2023 13:30,402.792,393.794
18/12/2023 14:00,408.492,378.034
18/12/2023 14:30,410.432,388.594
18/12/2023 15:00,411.132,390.514
18/12/2023 15:30,411.532,390.154
18/12/2023 16:00,411.252,390.834
18/12/2023 16:30,411.27,399.634
18/12/2023 17:00,411.352,398.234
18/12/2023 17:30,411.112,394.954
18/12/2023 18:00,411.232,392.574
18/12/2023 18:30,411.21,392.654
18/12/2023 19:00,411.572,395.214
18/12/2023 19:30,411.092,394.654
18/12/2023 20:00,410.91,391.794
18/12/2023 20:30,408.712,385.434
18/12/2023 21:00,409.592,386.454
18/12/2023 21:30,407.492,390.114
18/12/2023 22:00,405.192,393.614
18/12/2023 22:30,409.672,394.854
18/12/2023 23:00,411.21,398.532
18/12/2023 23:30,411.232,398.932
19/12/2023 00:00,409.772,397.192
19/12/2023 00:30,393.432,357.352
19/12/2023 01:00,360.93,304.412
19/12/2023 01:30,306.052,256.672
19/12/2023 02:00,251.852,182.892
19/12/2023 02:30,198.792,128.934
19/12/2023 03:00,109.252,75.474
19/12/2023 03:30,60.492,71.714
19/12/2023 04:00,53.17,58.574
19/12/2023 04:30,31.152,28.074
19/12/2023 05:00,35.392,53.314
19/12/2023 05:30,72.732,86.014
19/12/2023 06:00,76.15,96.394
19/12/2023 06:30,127.892,161.494
19/12/2023 07:00,152.892,204.714
19/12/2023 07:30,156.712,211.554
19/12/2023 08:00,130.552,149.414
19/12/2023 08:30,150.23,178.874
19/12/2023 09:00,247.392,231.134
19/12/2023 09:30,243.252,264.534
19/12/2023 10:00,196.57,245.694
19/12/2023 10:30,173.152,236.614
19/12/2023 11:00,185.29,172.334
19/12/2023 11:30,113.75,103.594
19/12/2023 12:00,88.612,83.834
19/12/2023 12:30,91.632,98.034
19/12/2023 13:00,147.812,160.014
19/12/2023 13:30,180.432,199.814
19/12/2023 14:00,252.612,276.094
19/12/2023 14:30,263.652,295.314
19/12/2023 15:00,299.592,323.074
19/12/2023 15:30,351.172,340.514
19/12/2023 16:00,329.652,249.014
19/12/2023 16:30,241.092,197.554
19/12/2023 17:00,254.41,313.534
19/12/2023 17:30,327.832,391.534
19/12/2023 18:00,392.31,367.274
19/12/2023 18:30,379.21,370.654
19/12/2023 19:00,393.832,369.754
19/12/2023 19:30,409.132,377.174
19/12/2023 20:00,405.132,390.674
19/12/2023 20:30,402.172,387.934
19/12/2023 21:00,409.072,401.894
19/12/2023 21:30,409.852,403.714
19/12/2023 22:00,410.152,403.494
19/12/2023 22:30,409.772,403.514
19/12/2023 23:00,409.432,402.594
19/12/2023 23:30,408.692,402.814
20/12/2023 00:00,409.912,403.554
20/12/2023 00:30,410.052,402.494
20/12/2023 01:00,409.932,403.174
20/12/2023 01:30,410.112,403.634
20/12/2023 02:00,409.97,402.654
20/12/2023 02:30,409.932,402.254
20/12/2023 03:00,409.932,403.134
20/12/2023 03:30,410.092,403.634
20/12/2023 04:00,409.852,403.574
20/12/2023 04:30,409.972,403.594
20/12/2023 05:00,409.972,401.454
20/12/2023 05:30,409.452,400.154
20/12/2023 06:00,406.892,401.294
20/12/2023 06:30,405.79,402.934
20/12/2023 07:00,368.192,402.474
20/12/2023 07:30,392.312,403.394
20/12/2023 08:00,396.952,403.494
20/12/2023 08:30,403.292,403.554
20/12/2023 09:00,400.95,403.774
20/12/2023 09:30,403.892,400.774
20/12/2023 10:00,404.192,402.994
20/12/2023 10:30,385.852,396.754
20/12/2023 11:00,394.892,394.754
20/12/2023 11:30,403.392,402.954
20/12/2023 12:00,402.372,403.774
20/12/2023 12:30,403.272,403.594
20/12/2023 13:00,403.272,403.634
20/12/2023 13:30,403.532,403.694
20/12/2023 14:00,403.712,403.834
20/12/2023 14:30,404.232,403.634
20/12/2023 15:00,408.872,403.614
20/12/2023 15:30,409.99,401.874
20/12/2023 16:00,409.91,398.854
20/12/2023 16:30,409.912,395.914
20/12/2023 17:00,409.832,398.934
20/12/2023 17:30,409.59,397.834
20/12/2023 18:00,406.172,401.514
20/12/2023 18:30,409.972,403.014
20/12/2023 19:00,409.372,403.694
20/12/2023 19:30,409.932,403.614
20/12/2023 20:00,409.812,403.514
20/12/2023 20:30,410.192,403.894
20/12/2023 21:00,408.152,403.174
20/12/2023 21:30,409.89,403.734
20/12/2023 22:00,410.052,403.794
20/12/2023 22:30,409.952,403.614
20/12/2023 23:00,409.852,403.534
20/12/2023 23:30,410.052,403.574
21/12/2023 00:00,409.732,403.374
21/12/2023 00:30,409.932,402.214
21/12/2023 01:00,410.172,402.714
21/12/2023 01:30,409.872,403.714
21/12/2023 02:00,410.112,403.254
21/12/2023 02:30,408.752,403.594
21/12/2023 03:00,408.952,403.734
21/12/2023 03:30,409.85,403.534
21/12/2023 04:00,409.632,403.694
21/12/2023 04:30,409.412,403.794
21/12/2023 05:00,409.832,403.474
21/12/2023 05:30,409.852,403.674
21/12/2023 06:00,410.152,403.714
21/12/2023 06:30,409.932,403.614
21/12/2023 07:00,194.712,211.534
21/12/2023 07:30,345.692,403.154
21/12/2023 08:00,410.092,403.374
21/12/2023 08:30,407.532,403.714
21/12/2023 09:00,409.012,403.472
21/12/2023 09:30,409.412,398.492
21/12/2023 10:00,409.41,403.552
21/12/2023 10:30,408.552,402.452
21/12/2023 11:00,408.532,402.892
21/12/2023 11:30,407.312,402.932
21/12/2023 12:00,402.072,403.434
21/12/2023 12:30,406.992,401.414
21/12/2023 13:00,408.832,403.114
21/12/2023 13:30,408.352,403.414
21/12/2023 14:00,408.392,403.614
21/12/2023 14:30,408.65,403.514
21/12/2023 15:00,410.032,403.574
21/12/2023 15:30,409.952,403.654
21/12/2023 16:00,409.932,401.834
21/12/2023 16:30,410.092,397.534
21/12/2023 17:00,409.872,403.474
21/12/2023 17:30,409.832,403.494
21/12/2023 18:00,409.83,403.594
21/12/2023 18:30,410.152,403.434
21/12/2023 19:00,409.932,403.634
21/12/2023 19:30,409.81,403.834
21/12/2023 20:00,409.892,403.574
21/12/2023 20:30,410.032,403.674
21/12/2023 21:00,409.932,403.414
21/12/2023 21:30,410.052,403.754
21/12/2023 22:00,410.052,403.494
21/12/2023 22:30,409.892,396.654
21/12/2023 23:00,409.892,385.754
21/12/2023 23:30,409.972,284.714
22/12/2023 00:00,411.112,402.614
22/12/2023 00:30,409.91,402.814
22/12/2023 01:00,409.672,402.674
22/12/2023 01:30,409.712,402.754
22/12/2023 02:00,409.69,402.514
22/12/2023 02:30,410.072,402.694
22/12/2023 03:00,409.952,402.814
22/12/2023 03:30,410.092,402.414
22/12/2023 04:00,409.892,401.354
22/12/2023 04:30,409.952,402.534
22/12/2023 05:00,409.832,402.354
22/12/2023 05:30,409.752,402.254
22/12/2023 06:00,160.05,254.854
22/12/2023 06:30,262.19,392.134
22/12/2023 07:00,298.352,402.774
22/12/2023 07:30,298.532,402.694
22/12/2023 08:00,298.432,402.574
22/12/2023 08:30,298.372,402.774
22/12/2023 09:00,375.092,402.574
22/12/2023 09:30,409.992,402.594
22/12/2023 10:00,409.952,402.754
22/12/2023 10:30,409.892,402.714
22/12/2023 11:00,409.732,402.634
22/12/2023 11:30,409.812,402.754
22/12/2023 12:00,409.772,402.514
22/12/2023 12:30,410.112,402.574
22/12/2023 13:00,410.052,402.834
22/12/2023 13:30,408.452,402.554
22/12/2023 14:00,410.152,402.694
22/12/2023 14:30,406.77,402.754
22/12/2023 15:00,410.032,402.514
22/12/2023 15:30,409.872,402.834
22/12/2023 16:00,409.832,402.694
22/12/2023 16:30,410.01,402.434
22/12/2023 17:00,409.792,402.874
22/12/2023 17:30,410.072,402.434
22/12/2023 18:00,409.872,402.754
22/12/2023 18:30,410.192,402.754
22/12/2023 19:00,410.032,402.674
22/12/2023 19:30,409.992,402.674
22/12/2023 20:00,409.912,402.614
22/12/2023 20:30,409.972,402.554
22/12/2023 21:00,407.672,399.174
22/12/2023 21:30,379.772,329.794
22/12/2023 22:00,353.95,332.654
22/12/2023 22:30,408.412,373.834
22/12/2023 23:00,408.612,390.914
22/12/2023 23:30,410.092,394.334
23/12/2023 00:00,409.972,401.114
23/12/2023 00:30,411.312,402.734
23/12/2023 01:00,411.272,399.414
23/12/2023 01:30,411.412,402.674
23/12/2023 02:00,409.032,402.734
23/12/2023 02:30,411.352,402.694
23/12/2023 03:00,411.412,402.614
23/12/2023 03:30,411.552,402.772
23/12/2023 04:00,411.25,402.712
23/12/2023 04:30,411.012,402.752
23/12/2023 05:00,411.452,402.612
23/12/2023 05:30,410.812,402.632
23/12/2023 06:00,411.292,402.932
23/12/2023 06:30,411.352,402.574
23/12/2023 07:00,411.492,402.714
23/12/2023 07:30,411.392,402.634
23/12/2023 08:00,410.772,402.894
23/12/2023 08:30,411.052,402.674
23/12/2023 09:00,410.832,402.754
23/12/2023 09:30,411.192,402.594
23/12/2023 10:00,408.87,401.794
23/12/2023 10:30,410.912,401.794
23/12/2023 11:00,411.472,402.434
23/12/2023 11:30,410.592,400.454
23/12/2023 12:00,409.732,402.514
23/12/2023 12:30,411.232,402.714
23/12/2023 13:00,411.392,402.474
23/12/2023 13:30,411.552,402.754
23/12/2023 14:00,411.292,402.614
23/12/2023 14:30,411.352,402.494
23/12/2023 15:00,410.05,392.514
23/12/2023 15:30,405.292,388.734
23/12/2023 16:00,394.712,397.634
23/12/2023 16:30,411.312,402.614
23/12/2023 17:00,411.232,398.274
23/12/2023 17:30,411.392,400.114
23/12/2023 18:00,411.332,402.654
23/12/2023 18:30,411.352,402.794
23/12/2023 19:00,411.372,402.714
23/12/2023 19:30,411.312,402.794
23/12/2023 20:00,411.232,402.654
23/12/2023 20:30,411.45,402.574
23/12/2023 21:00,411.352,402.654
23/12/2023 21:30,411.472,402.874
23/12/2023 22:00,411.372,402.514
23/12/2023 22:30,411.352,402.434
23/12/2023 23:00,407.492,397.954
23/12/2023 23:30,402.392,397.154
24/12/2023 00:00,76.192,66.898
24/12/2023 00:30,,
24/12/2023 01:00,,
24/12/2023 01:30,,
24/12/2023 02:00,,
24/12/2023 02:30,,
24/12/2023 03:00,,
24/12/2023 03:30,,
24/12/2023 04:00,,
24/12/2023 04:30,,
24/12/2023 05:00,,
24/12/2023 05:30,,
24/12/2023 06:00,,
24/12/2023 06:30,,
24/12/2023 07:00,,
24/12/2023 07:30,,
24/12/2023 08:00,,
24/12/2023 08:30,,
24/12/2023 09:00,14.59,19.794
24/12/2023 09:30,177.072,182.554
24/12/2023 10:00,408.61,403.254
24/12/2023 10:30,409.85,403.054
24/12/2023 11:00,409.27,402.754
24/12/2023 11:30,409.31,398.154
24/12/2023 12:00,409.532,402.954
24/12/2023 12:30,409.932,402.654
24/12/2023 13:00,409.93,402.874
24/12/2023 13:30,408.492,402.534
24/12/2023 14:00,404.532,402.674
24/12/2023 14:30,409.832,402.754
24/12/2023 15:00,410.072,402.594
24/12/2023 15:30,409.95,402.694
24/12/2023 16:00,408.492,402.534
24/12/2023 16:30,409.192,402.674
24/12/2023 17:00,410.212,402.634
24/12/2023 17:30,409.892,402.754
24/12/2023 18:00,409.852,402.454
24/12/2023 18:30,409.85,402.514
24/12/2023 19:00,410.132,390.294
24/12/2023 19:30,409.752,398.154
24/12/2023 20:00,409.672,402.554
24/12/2023 20:30,409.972,402.614
24/12/2023 21:00,409.952,402.034
24/12/2023 21:30,409.912,402.714
24/12/2023 22:00,406.752,380.354
24/12/2023 22:30,400.352,378.994
24/12/2023 23:00,409.292,401.514
24/12/2023 23:30,409.332,397.914
25/12/2023 00:00,408.072,356.854
25/12/2023 00:30,397.01,312.614
25/12/2023 01:00,376.832,306.554
25/12/2023 01:30,366.112,334.414
25/12/2023 02:00,390.852,360.994
25/12/2023 02:30,391.892,340.534
25/12/2023 03:00,408.97,360.394
25/12/2023 03:30,410.572,354.974
25/12/2023 04:00,407.232,354.954
25/12/2023 04:30,411.392,402.014
25/12/2023 05:00,406.812,399.654
25/12/2023 05:30,398.15,386.874
25/12/2023 06:00,379.39,390.854
25/12/2023 06:30,402.412,400.674
25/12/2023 07:00,403.012,368.714
25/12/2023 07:30,325.012,308.354
25/12/2023 08:00,216.552,212.414
25/12/2023 08:30,298.612,330.194
25/12/2023 09:00,381.832,343.294
25/12/2023 09:30,373.812,344.194
25/12/2023 10:00,321.812,274.014
25/12/2023 10:30,308.59,306.974
25/12/2023 11:00,308.752,336.974
25/12/2023 11:30,330.912,344.274
25/12/2023 12:00,380.61,374.614
25/12/2023 12:30,357.512,312.254
25/12/2023 13:00,383.912,302.774
25/12/2023 13:30,407.832,338.654
25/12/2023 14:00,366.212,371.734
25/12/2023 14:30,386.492,385.714
25/12/2023 15:00,375.572,365.134
25/12/2023 15:30,372.692,367.454
25/12/2023 16:00,364.332,374.514
25/12/2023 16:30,391.512,388.514
25/12/2023 17:00,411.352,402.574
25/12/2023 17:30,411.192,402.794
25/12/2023 18:00,410.99,402.654
25/12/2023 18:30,410.972,402.534
25/12/2023 19:00,411.292,402.494
25/12/2023 19:30,411.412,402.394
25/12/2023 20:00,411.13,401.854
25/12/2023 20:30,411.47,402.554
25/12/2023 21:00,411.232,402.874
25/12/2023 21:30,411.152,402.594
25/12/2023 22:00,411.472,401.874
25/12/2023 22:30,411.352,400.334
25/12/2023 23:00,411.272,402.614
25/12/2023 23:30,411.512,402.734
26/12/2023 00:00,411.292,397.974
26/12/2023 00:30,405.612,387.094
26/12/2023 01:00,409.212,393.294
26/12/2023 01:30,409.932,400.674
26/12/2023 02:00,396.492,393.254
26/12/2023 02:30,366.552,377.574
26/12/2023 03:00,328.49,361.354
26/12/2023 03:30,309.972,330.814
26/12/2023 04:00,320.132,359.694
26/12/2023 04:30,402.852,381.874
26/12/2023 05:00,410.492,401.134
26/12/2023 05:30,411.212,394.094
26/12/2023 06:00,408.132,350.294
26/12/2023 06:30,392.212,364.794
26/12/2023 07:00,395.412,398.714
26/12/2023 07:30,407.512,402.774
26/12/2023 08:00,409.572,395.794
26/12/2023 08:30,400.112,377.554
26/12/2023 09:00,372.152,356.254
26/12/2023 09:30,235.792,220.914
26/12/2023 10:00,185.63,205.854
26/12/2023 10:30,207.292,262.014
26/12/2023 11:00,223.872,232.514
26/12/2023 11:30,188.472,181.914
26/12/2023 12:00,161.232,225.794
26/12/2023 12:30,148.952,170.614
26/12/2023 13:00,107.772,117.014
26/12/2023 13:30,90.112,87.394
26/12/2023 14:00,66.412,77.994
26/12/2023 14:30,69.012,62.174
26/12/2023 15:00,57.892,68.134
26/12/2023 15:30,36.452,71.114
26/12/2023 16:00,49.032,64.494
26/12/2023 16:30,45.632,43.574
26/12/2023 17:00,18.59,21.614
26/12/2023 17:30,3.612,5.934
26/12/2023 18:00,,
26/12/2023 18:30,,
26/12/2023 19:00,,
26/12/2023 19:30,,
26/12/2023 20:00,,
26/12/2023 20:30,,
26/12/2023 21:00,,
26/12/2023 21:30,,
26/12/2023 22:00,,
26/12/2023 22:30,,
26/12/2023 23:00,7.092,8.874
26/12/2023 23:30,22.37,21.354
27/12/2023 00:00,53.47,54.594
27/12/2023 00:30,70.072,71.294
27/12/2023 01:00,102.53,110.574
27/12/2023 01:30,114.012,138.154
27/12/2023 02:00,187.01,162.094
27/12/2023 02:30,242.812,263.074
27/12/2023 03:00,270.732,279.034
27/12/2023 03:30,301.57,312.994
27/12/2023 04:00,338.272,340.574
27/12/2023 04:30,257.95,331.814
27/12/2023 05:00,321.952,319.894
27/12/2023 05:30,376.772,397.354
27/12/2023 06:00,378.652,402.414
27/12/2023 06:30,378.51,402.774
27/12/2023 07:00,369.992,402.634
27/12/2023 07:30,371.252,402.694
27/12/2023 08:00,396.212,402.634
27/12/2023 08:30,399.692,402.654
27/12/2023 09:00,402.692,402.314
27/12/2023 09:30,402.372,402.754
27/12/2023 10:00,402.692,402.614
27/12/2023 10:30,402.692,402.614
27/12/2023 11:00,402.452,402.614
27/12/2023 11:30,402.772,402.594
27/12/2023 12:00,402.652,402.614
27/12/2023 12:30,402.752,402.594
27/12/2023 13:00,402.512,402.834
27/12/2023 13:30,402.652,402.854
27/12/2023 14:00,402.492,402.674
27/12/2023 14:30,402.632,402.734
27/12/2023 15:00,402.392,402.734
27/12/2023 15:30,402.552,402.654
27/12/2023 16:00,402.272,402.794
27/12/2023 16:30,402.832,398.274
27/12/2023 17:00,397.392,398.074
27/12/2023 17:30,400.15,402.834
27/12/2023 18:00,402.152,402.754
27/12/2023 18:30,399.752,402.534
27/12/2023 19:00,401.912,397.134
27/12/2023 19:30,402.712,400.814
27/12/2023 20:00,402.512,402.634
27/12/2023 20:30,402.532,402.494
27/12/2023 21:00,402.552,402.974
27/12/2023 21:30,402.652,402.634
27/12/2023 22:00,402.512,402.714
27/12/2023 22:30,402.732,402.814
27/12/2023 23:00,402.472,402.734
27/12/2023 23:30,401.572,402.614
28/12/2023 00:00,401.29,402.714
28/12/2023 00:30,400.172,382.674
28/12/2023 01:00,352.852,394.274
28/12/2023 01:30,370.09,402.654
28/12/2023 02:00,396.072,402.894
28/12/2023 02:30,394.792,402.634
28/12/2023 03:00,393.532,402.674
28/12/2023 03:30,395.412,402.774
28/12/2023 04:00,396.552,402.554
28/12/2023 04:30,397.052,399.094
28/12/2023 05:00,397.292,400.334
28/12/2023 05:30,397.252,402.854
28/12/2023 06:00,397.352,402.534
28/12/2023 06:30,397.27,402.774
28/12/2023 07:00,400.332,402.774
28/12/2023 07:30,402.692,402.774
28/12/2023 08:00,402.512,402.594
28/12/2023 08:30,401.192,402.814
28/12/2023 09:00,284.832,402.734
28/12/2023 09:30,402.552,402.714
28/12/2023 10:00,402.512,402.594
28/12/2023 10:30,329.732,402.754
28/12/2023 11:00,402.572,402.714
28/12/2023 11:30,402.652,399.814
28/12/2023 12:00,402.652,402.934
28/12/2023 12:30,402.652,402.494
28/12/2023 13:00,402.59,402.674
28/12/2023 13:30,402.692,402.894
28/12/2023 14:00,404.752,402.534
28/12/2023 14:30,408.872,402.854
28/12/2023 15:00,411.272,402.734
28/12/2023 15:30,411.432,402.694
28/12/2023 16:00,411.432,402.714
28/12/2023 16:30,410.912,402.674
28/12/2023 17:00,411.332,402.794
28/12/2023 17:30,410.332,402.654
28/12/2023 18:00,402.692,402.654
28/12/2023 18:30,402.612,402.754
28/12/2023 19:00,402.55,402.794
28/12/2023 19:30,410.25,402.574
28/12/2023 20:00,405.512,402.814
28/12/2023 20:30,402.472,402.614
28/12/2023 21:00,402.592,402.654
28/12/2023 21:30,402.552,402.814
28/12/2023 22:00,402.492,402.754
28/12/2023 22:30,402.672,402.634
28/12/2023 23:00,402.532,402.674
28/12/2023 23:30,402.512,402.774
29/12/2023 00:00,88.442,101.964
29/12/2023 00:30,,
29/12/2023 01:00,,
29/12/2023 01:30,,
29/12/2023 02:00,,
29/12/2023 02:30,,
29/12/2023 03:00,,
29/12/2023 03:30,,
29/12/2023 04:00,,
29/12/2023 04:30,,
29/12/2023 05:00,,
29/12/2023 05:30,54.358,55.66
29/12/2023 06:00,394.332,391.654
29/12/2023 06:30,397.452,402.854
29/12/2023 07:00,402.252,403.094
29/12/2023 07:30,402.532,402.954
29/12/2023 08:00,402.812,402.734
29/12/2023 08:30,402.412,402.834
29/12/2023 09:00,402.652,402.914
29/12/2023 09:30,402.752,402.694
29/12/2023 10:00,402.652,402.874
29/12/2023 10:30,402.412,402.814
29/12/2023 11:00,406.97,402.734
29/12/2023 11:30,408.512,402.934
29/12/2023 12:00,410.312,402.614
29/12/2023 12:30,411.032,402.754
29/12/2023 13:00,407.692,402.434
29/12/2023 13:30,409.252,398.194
29/12/2023 14:00,409.892,402.254
29/12/2023 14:30,410.892,402.514
29/12/2023 15:00,406.252,401.014
29/12/2023 15:30,400.912,402.054
29/12/2023 16:00,388.532,393.354
29/12/2023 16:30,405.252,401.374
29/12/2023 17:00,401.652,381.554
29/12/2023 17:30,396.292,385.194
29/12/2023 18:00,383.692,384.614
29/12/2023 18:30,393.392,377.634
29/12/2023 19:00,405.73,396.894
29/12/2023 19:30,406.312,402.634
29/12/2023 20:00,411.292,402.854
29/12/2023 20:30,411.332,402.614
29/12/2023 21:00,411.272,402.554
29/12/2023 21:30,410.812,402.794
29/12/2023 22:00,411.452,402.654
29/12/2023 22:30,411.412,402.714
29/12/2023 23:00,411.412,402.714
29/12/2023 23:30,411.172,402.594
30/12/2023 00:00,409.452,402.514
30/12/2023 00:30,409.832,402.774
30/12/2023 01:00,410.01,402.574
30/12/2023 01:30,409.952,402.234
30/12/2023 02:00,409.772,402.274
30/12/2023 02:30,410.092,402.634
30/12/2023 03:00,409.912,402.634
30/12/2023 03:30,409.792,402.214
30/12/2023 04:00,409.99,401.314
30/12/2023 04:30,409.87,401.594
30/12/2023 05:00,408.852,400.434
30/12/2023 05:30,388.992,385.014
30/12/2023 06:00,358.972,358.874
30/12/2023 06:30,344.512,306.514
30/12/2023 07:00,205.152,202.854
30/12/2023 07:30,160.632,159.494
30/12/2023 08:00,151.752,139.594
30/12/2023 08:30,106.332,112.954
30/12/2023 09:00,87.072,100.394
30/12/2023 09:30,93.312,123.274
30/12/2023 10:00,130.952,164.814
30/12/2023 10:30,69.332,96.994
30/12/2023 11:00,74.452,72.254
30/12/2023 11:30,114.472,157.634
30/12/2023 12:00,268.652,271.334
30/12/2023 12:30,343.012,357.434
30/12/2023 13:00,367.648,368.114
30/12/2023 13:30,403.172,400.174
30/12/2023 14:00,407.652,401.974
30/12/2023 14:30,409.492,402.914
30/12/2023 15:00,410.092,402.694
30/12/2023 15:30,409.792,402.954
30/12/2023 16:00,409.912,402.614
30/12/2023 16:30,409.912,402.934
30/12/2023 17:00,406.112,402.654
30/12/2023 17:30,404.912,400.894
30/12/2023 18:00,410.092,401.054
30/12/2023 18:30,410.01,402.074
30/12/2023 19:00,409.952,399.274
30/12/2023 19:30,409.972,402.854
30/12/2023 20:00,409.932,402.614
30/12/2023 20:30,409.752,402.874
30/12/2023 21:00,410.132,400.594
30/12/2023 21:30,409.872,401.734
30/12/2023 22:00,409.872,402.794
30/12/2023 22:30,409.952,402.654
30/12/2023 23:00,409.892,402.634
30/12/2023 23:30,409.972,402.934
31/12/2023 00:00,410.212,402.474
31/12/2023 00:30,409.872,402.894
31/12/2023 01:00,409.852,402.594
31/12/2023 01:30,410.052,402.594
31/12/2023 02:00,410.012,402.774
31/12/2023 02:30,409.252,402.834
31/12/2023 03:00,409.312,395.754
31/12/2023 03:30,407.972,384.254
31/12/2023 04:00,383.252,350.174
31/12/2023 04:30,298.032,262.394
31/12/2023 05:00,240.732,217.514
31/12/2023 05:30,202.312,165.154
31/12/2023 06:00,157.612,142.614
31/12/2023 06:30,81.77,94.254
31/12/2023 07:00,18.032,26.454
31/12/2023 07:30,2.05,5.654
31/12/2023 08:00,3.922,33.094
31/12/2023 08:30,96.672,87.754
31/12/2023 09:00,175.15,156.534
31/12/2023 09:30,122.112,67.834
31/12/2023 10:00,203.712,189.994
31/12/2023 10:30,297.732,259.234
31/12/2023 11:00,305.112,351.434
31/12/2023 11:30,350.572,384.974
31/12/2023 12:00,389.772,392.734
31/12/2023 12:30,400.552,392.854
31/12/2023 13:00,396.452,386.614
31/12/2023 13:30,380.188,382.254
31/12/2023 14:00,348.012,365.894
31/12/2023 14:30,378.952,360.374
31/12/2023 15:00,402.292,377.674
31/12/2023 15:30,409.672,383.654
31/12/2023 16:00,399.872,378.054
31/12/2023 16:30,385.412,368.514
31/12/2023 17:00,387.532,362.414
31/12/2023 17:30,390.392,366.454
31/12/2023 18:00,396.272,384.314
31/12/2023 18:30,409.332,401.374
31/12/2023 19:00,409.752,402.714
31/12/2023 19:30,410.032,402.434
31/12/2023 20:00,409.912,402.694
31/12/2023 20:30,409.95,402.394
31/12/2023 21:00,409.79,402.714
31/12/2023 21:30,409.832,402.634
31/12/2023 22:00,410.012,402.594
31/12/2023 22:30,171.632,156.534
31/12/2023 23:00,140.31,42.774
31/12/2023 23:30,198.252,161.894
